Game ID,Season,Week_x,Date_x,Time,Away Team,Home Team,Location,Away QB,Home QB,Away QB ID,Home QB ID,Away Team Weekly Rest,Home Team Weekly Rest,Weekly Away Rest Advantage,Weekly Home Rest Advantage,Away Cumulative Rest Advantage,Home Cumulative Rest Advantage,Actual Stadium,Actual Stadium Latitude,Actual Stadium Longitude,Actual Stadium TimeZone,International Game,Back to Back Away Games,Circa Week,NFL Week,Day of Week,Away Team Current Week Cumulative Rest Advantage,Home Team Current Week Cumulative Rest Advantage,Away Team Division,Away Stadium,Away Stadium Latitude,Away Stadium Longitude,Away Stadium TimeZone,Home Team Division,Home Stadium,Home Stadium Latitude,Home Stadium Longitude,Home Stadium TimeZone,Away Team Previous Opponent,Home Team Previous Opponent,Away Team Previous Location,Home Team Previous Location,Away Team Next Opponent,Home Team Next Opponent,Away Team Next Location,Home Team Next Location,Away Travel Distance,Home Travel Distance,Away Travel Advantage,Home Travel Advantage,Away Timezone Change,Home Timezone Change,Away Previous Game Actual Stadium TimeZone,Home Previous Game Actual Stadium TimeZone,Away Weekly Timezone Difference,Home Weekly Timezone Difference,Adjusted Away Timezone Change,Adjusted Home Timezone Change,Away Timezone Advantage,Home Timezone Advantage,Away Team Massey-Peabody Preseason Rank,Home Team Massey-Peabody Preseason Rank,Away Team Generic Sports Fan Preseason Rank,Home Team Generic Sports Fan Preseason Rank,Massey-Peabody Preseason Winner,Massey-Peabody Preseason Difference,Generic Sports Fan Preseason Winner,Generic Sports Fan Preseason Difference,Away Team MP + GSF Average Preseason Rank,Home Team MP + GSF Average Preseason Rank,MP + GSF Average Preseason Winner,MP + GSF Average Preseason Difference,Away NonLinear TZ,Home NonLinear TZ,Home Team 3 games in 10 days,Away Team 3 games in 10 days,Home Team 4 games in 17 days,Away Team 4 games in 17 days,Away Team Short Rest,Divisional Matchup?,Home Team Short Rest,Away Team Massey-Peabody Current Rank,Home Team Massey-Peabody Current Rank,Away Team Generic Sports Fan Current Rank,Home Team Generic Sports Fan Current Rank,Away Team Adjusted Massey-Peabody Preseason Rank,Home Team Adjusted Massey-Peabody Preseason Rank,Away Team Adjusted Generic Sports Fan Preseason Rank,Home Team Adjusted Generic Sports Fan Preseason Rank,Away Team Adjusted Massey-Peabody Current Rank,Home Team Adjusted Massey-Peabody Current Rank,Away Team Adjusted Generic Sports Fan Current Rank,Home Team Adjusted Generic Sports Fan Current Rank,Adjusted Massey-Peabody Preseason Winner,Adjusted Massey-Peabody Preseason Difference,Adjusted Generic Sports Fan Preseason Winner,Adjusted Generic Sports Fan Preseason Difference,Away Team Adjusted MP + GSF Average Preseason Rank,Home Team Adjusted MP + GSF Average Preseason Rank,Adjusted MP + GSF Average Preseason Winner,Adjusted MP + GSF Average Preseason Difference,Massey-Peabody Current Winner,Massey-Peabody Current Difference,Generic Sports Fan Current Winner,Generic Sports Fan Current Difference,Away Team MP + GSF Average Current Rank,Home Team MP + GSF Average Current Rank,MP + GSF Average Current Winner,MP + GSF Average Current Difference,Adjusted Massey-Peabody Current Winner,Adjusted Massey-Peabody Current Difference,Adjusted Generic Sports Fan Current Winner,Adjusted Generic Sports Fan Current Difference,Away Team Adjusted MP + GSF Average Current Rank,Home Team Adjusted MP + GSF Average Current Rank,Adjusted MP + GSF Average Current Winner,Adjusted MP + GSF Average Current Difference,Massey-Peabody Bayesian Same Winner Across All Metrics,Generic Sports Fan Bayesian Same Adjusted Winner Across All Metrics,Massey-Peabody Bayesian Same Current and Preseason Adjusted Winner,Generic Sports Fan Bayesian Current and Preseason Adjusted Winner,Massey-Peabody Bayesian Same Current and Adjusted Current Winner,Generic Sports Fan Bayesian Same Current and Adjusted Current Winner,Thursday Night Game,Masey-Peabody Home Team Winner?,Generic Sports Fan Home Team Winner?,Total Line,Home Team Sportsbook Moneyline,Away Team Sportsbook Moneyline,Sportsbook Favorite,Sportsbook Underdog,Home Team Sportsbook Spread,Away Team Sportsbook Spread,Massey-Peabody Home Team Moneyline,Massey-Peabody Away Team Moneyline,Generic Sports Fan Home Team Moneyline,Generic Sports Fan Away Team Moneyline,Massey-Peabody Home Team Spread,Massey-Peabody Away Team Spread,Generic Sports Fan Home Team Spread,Generic Sports Fan Away Team Spread,Away Team Sportsbook Implied Odds to Win,Home Team Sportsbook Implied Odds to Win,Away Team Massey-Peabody Implied Odds to Win,Home Team Massey-Peabody Implied Odds to Win,Away Team Generic Sports Fan Implied Odds to Win,Home Team Generic Sports Fan Implied Odds to Win,Away Team Sportsbook Fair Odds,Home Team Sportsbook Fair Odds,Away Team Massey-Peabody Fair Odds,Home Team Massey-Peabody Fair Odds,Away Team Generic Sports Fan Fair Odds,Home Team Generic Sports Fan Fair Odds,Away Team Fair Odds,Home Team Fair Odds,Away Team Expected Win Advantage,Home Team Expected Win Advantage,temp,wind,Matchup_ID,Week_y,Date_y,Matchup,Wind,Temperature,Precipitation,Sim_Weather_Source,Dome,Away_Starting_QB,Home_Starting_QB,Sim_Spread_Mean,Sim_Spread_Median,Sim_Spread_Std,Sim_Spread_Variance,Sim_Spread_Variance_Label,Sim_Spread_25th,Sim_Spread_75th,Sim_Total_Mean,Sim_Total_Median,Sim_Total_Std,Sim_Total_10th_Floor,Sim_Total_90th_Ceiling,Sim_Home_Win_Pct,Sim_Away_Win_Pct,Sim_Prob_Land_3,Sim_Prob_Land_7,Sim_Home_Cover_Prob,Sim_Away_Cover_Prob,Sim_Prob_Over,Sim_Prob_Under,Consensus Home Win Pct,Consensus Away Win Pct,Consensus Home Team Odds,Consensus Away Team Odds,Market Home Team Implied Odds,Market Away Team Implied Odds,Monte Carlo Home Team Spread,Monte Carlo Away Team Spread,Monte Carlo Total,Consensus Home Team Spread,Consensus Away Team Spread,GSF Spread Bet,GSF Spread Edge,Massey-Peabody Spread Bet,Massey-Peabody Spread Edge,Monte Carlo Spread Bet,Monte Carlo Spread Edge,Consensus Spread Bet,Consensus Spread Edge,GSF Moneyline Bet,GSF Moneyline Edge,Massey-Peabody Moneyline Bet,Massey-Peabody Moneyline Edge,Monte Carlo Moneyline Bet,Monte Carlo Moneyline Edge,Consensus Moneyline Bet,Consensus Moneyline Edge,Monte Carlo Total Bet,Monte Carlo Total Edge,MC ML Unit Wager,MC ML Unit to Win,MC ML Kelly Wager,MC ML Kelly To Win,MC Spread Unit Wager,MC Spread Unit to Win,MC Spread Kelly Wager,MC Spread Kelly To Win,MC Total Unit Wager,MC Total Unit to Win,MC Total Kelly Wager,MC Total Kelly To Win,MC Bet Direction,Home Team Offensive Pressure Allowed Rate,Away Team Offensive Pressure Allowed Rate,Home Team Defensive Pressure Generated Rate,Away Team Defensive Pressure Generated Rate,Home Team Zone Rate,Away Team Zone Rate,Home Team Man Rate,Away Team Man Rate,Home Team Offensive EPA vs Pressure,Away Team Offensive EPA vs Pressure,Home Team Offensive EPA vs Zone,Away Team Offensive EPA vs Zone,Home Team Offensive EPA vs Man,Away Team Offensive EPA vs Man,Week,Away Team Cumulative Win Percentage,Home Team Cumulative Win Percentage,Favorite,Underdog,Away Team Thanksgiving Favorite,Home Team Thanksgiving Favorite,Away Team Thanksgiving Underdog,Home Team Thanksgiving Underdog,Away Team Christmas Favorite,Home Team Christmas Favorite,Away Team Christmas Underdog,Home Team Christmas Underdog,Away Team Pre Thanksgiving,Home Team Pre Thanksgiving,Away Team Pre Christmas,Home Team Pre Christmas,Divisional Matchup Boolean,Away Team Star Rating,Home Team Star Rating,Away Team Public Pick %,Home Team Public Pick %,Total Remaining Entries at Start of Week,Home Team Expected Availability,Away Team Expected Availability,Home Pick %,Away Pick %,Expected Home Team Survivors,Expected Away Team Survivors,Expected Home Team Eliminations,Expected Away Team Eliminations,Home Splash Pick %,Away Splash Pick %,Home Expected Survival Rate,Home Expected Elimination Percent,Away Expected Survival Rate,Away Expected Elimination Percent,Expected Eliminated Entry Percent From Game,Expected Away Team Picks,Expected Home Team Picks,Home Predicted_Pick_Pct,Away Predicted_Pick_Pct,Avg Survivors,Avg Eliminations
2026_01_NE_SEA,2026,1,2026-09-09,20:20,New England Patriots,Seattle Seahawks,Home,,,,,0,0,0,0,0,0,Lumen Field,47.5952,-122.3316,America/Los_Angeles,False,False,1,1,Wednesday,0,0,AFC East,Gillette Stadium,42.0628,-71.2687,America/New_York,NFC West,Lumen Field,47.5952,-122.3316,America/Los_Angeles,Preseason,Preseason,Preseason,Preseason,Pittsburgh Steelers,Arizona Cardinals,Gillette Stadium,State Farm Stadium,2484,0,-2484,2484,3.0,0.0,None,None,,,3.0,0.0,3.0,0,-1.995,-0.13,-1.995,-0.13,Seattle Seahawks,1.8650000000000002,Seattle Seahawks,1.8650000000000002,-1.995,-0.13,Seattle Seahawks,1.8650000000000002,-0.22499999999999998,0,No,No,No,No,No,0,No,5.09,10.42,4.222,10.022,-1.9855,-0.10200000000000001,-1.9855,-0.10200000000000001,5.0995,10.448,4.2315000000000005,10.05,Seattle Seahawks,1.8835,Seattle Seahawks,1.8835,-1.9855,-0.10200000000000001,Seattle Seahawks,1.8835,Seattle Seahawks,5.33,Seattle Seahawks,5.8,4.656000000000001,10.221,Seattle Seahawks,5.5649999999999995,Seattle Seahawks,5.3485000000000005,Seattle Seahawks,5.8185,4.6655,10.249,Seattle Seahawks,5.583500000000001,Same,Same,Same,Same,Same,Same,False,Home Team,Home Team,44.333333333333336,-184.0,155.0,Seattle Seahawks,New England Patriots,-3.5,3.5,-244,195,-261,208,-5.3485000000000005,5.3485000000000005,-5.8185,5.8185,0.3922,0.6479,0.339,0.7093,0.3247,0.723,0.3771,0.6229,0.3234,0.6766,0.3099,0.6901,0.3771,0.6229,-0.1229,0.1229,,,0,1,2026-09-09,NE @ SEA,5.225,76.8,0.0,Live Forecast,False,D.Maye,S.Darnold,-4.56,-5.0,13.08,171.15,Medium,-13.0,5.0,46.27,46.0,13.240831800357297,30.0,64.0,0.64,0.3594,0.0978,0.0864,0.549,0.451,0.5288,0.4712,0.6574,0.3424,-192,+192,0.647887323943662,0.39215686274509803,-4.779999999999999,4.779999999999999,46.135000000000005,-5.315666666666667,5.315666666666667,Seattle Seahawks,2.3185000000000002,Seattle Seahawks,1.8485000000000005,Seattle Seahawks,1.2799999999999994,Seattle Seahawks,1.815666666666667,Seattle Seahawks,0.04221267605633805,Seattle Seahawks,0.028712676056337982,No Bet,0.0,Seattle Seahawks,0.009512676056337988,Over,1.8016666666666694,,0.0,0.0,0.0,110.00000000000001,100.0,132.25,120.23,110.00000000000001,100.0,26.2,23.82,No Bet,,,,,,,,,,,,,,,1,0.09374375,0.1306875,Seattle Seahawks,New England Patriots,0,0,0,0,0,0,0,1,0,0,0,1,0,4.5,4.5,,,24000.0,1.0,1.0,0.009351969825436762,0.0003943438659113843,139.80820810234943,3.568969724044392,84.63906770813287,5.89528305782883,0.022132340812912838,0.0018490627710895304,0.005825342004264559,0.003526627821172203,0.000148707071835183,0.0002456367940762013,0.0037722646152484043,9.464252781873222,224.4472758104823,,,7693.0,16307.0
2026_01_SF_LA,2026,1,2026-09-10,20:35,San Francisco 49ers,Los Angeles Rams,Neutral,,,,,0,0,0,0,0,0,Melbourne Cricket Ground,33.9535,-118.3395,America/Los_Angeles,True,False,1,1,Thursday,0,0,NFC West,Levi's Stadium,37.4031,-121.9702,America/Los_Angeles,NFC West,SoFi Stadium,33.9535,-118.3395,America/Los_Angeles,Preseason,Preseason,Preseason,Preseason,Miami Dolphins,New York Giants,Levi's Stadium,SoFi Stadium,313,0,-313,313,0.0,0.0,None,None,,,0.0,0.0,0.0,0,3.325,1.29,3.325,1.29,San Francisco 49ers,2.035,San Francisco 49ers,2.035,3.325,1.29,San Francisco 49ers,2.035,0.0,0,No,No,No,No,No,1,No,3.57,8.12,2.606,7.087,4.940435000000001,0.6220650000000001,4.940435000000001,0.6220650000000001,5.251285,7.386214999999999,4.286594999999999,6.353905,San Francisco 49ers,4.318370000000001,San Francisco 49ers,4.318370000000001,4.940435000000001,0.6220650000000001,San Francisco 49ers,4.318370000000001,Los Angeles Rams,4.549999999999999,Los Angeles Rams,4.481,3.088,7.6034999999999995,Los Angeles Rams,4.515499999999999,Los Angeles Rams,2.134929999999999,Los Angeles Rams,2.067310000000001,4.76894,6.87006,Los Angeles Rams,2.10112,Different,Different,Different,Different,Same,Same,True,Home Team,Home Team,48.22222222222222,-194.0,161.0,Los Angeles Rams,San Francisco 49ers,-3.5,3.5,-131,108,-131,108,-2.134929999999999,2.134929999999999,-2.067310000000001,2.067310000000001,0.3831,0.6599,0.4808,0.5671,0.4808,0.5671,0.3673,0.6327,0.4588,0.5412,0.4588,0.5412,0.3673,0.6327,-0.1327,0.1327,,,1,1,2026-09-10,SF @ LA,10.0,60.0,0.0,Historical Avg,False,B.Purdy,M.Stafford,-2.31,-3.0,13.26,175.81,Medium,-11.0,7.0,64.45,64.0,14.563358722611234,47.0,84.0,0.561,0.4388,0.1048,0.09,0.461,0.539,0.8706,0.1294,0.569,0.4309,-132,+132,0.6598639455782312,0.3831417624521073,-2.6550000000000002,2.6550000000000002,64.225,-2.285746666666667,2.285746666666667,San Francisco 49ers,1.4326899999999991,San Francisco 49ers,1.3650700000000011,San Francisco 49ers,0.8449999999999998,San Francisco 49ers,1.2142533333333332,San Francisco 49ers,0.07565823754789269,San Francisco 49ers,0.07565823754789269,San Francisco 49ers,0.05565823754789273,San Francisco 49ers,0.04775823754789271,Over,16.002777777777773,100.0,161.0,225.57,363.17,110.00000000000001,100.0,79.75,72.5,110.00000000000001,100.0,1820.65,1655.14,San Francisco 49ers,,,,,,,,,,,,,,,1,0.096,0.15159375,Los Angeles Rams,San Francisco 49ers,0,1,0,0,0,0,0,0,0,1,0,0,1,4.5,5.0,,,24000.0,1.0,1.0,0.01375885053581505,0.00034901959428583034,208.92539361624435,3.0766775275484517,121.28701924331682,5.299792735311477,0.026853805229402495,0.001584333784339636,0.008705224734010182,0.005053625801804868,0.0001281948969811855,0.00022082469730464485,0.005274450499109513,8.376470262859929,330.2124128595612,,,7693.0,16307.0
2026_01_CHI_CAR,2026,1,2026-09-13,13:00,Chicago Bears,Carolina Panthers,Home,,,,,0,0,0,0,0,0,Bank of America Stadium,35.2258,-80.8528,America/New_York,False,False,1,1,Sunday,0,0,NFC North,Soldier Field,41.8623,-87.6167,America/Chicago,NFC South,Bank of America Stadium,35.2258,-80.8528,America/New_York,Preseason,Preseason,Preseason,Preseason,Minnesota Vikings,Atlanta Falcons,Soldier Field,Mercedes-Benz Stadium,586,0,-586,586,-1.0,0.0,None,None,,,-1.0,0.0,-1.0,0,-1.575,-5.25,-1.575,-5.25,Chicago Bears,3.675,Chicago Bears,3.675,-1.575,-5.25,Chicago Bears,3.675,0.0,0,No,No,No,No,No,0,No,0.9,-3.79,1.647,-4.367,-1.8384999999999998,-6.8535,-1.8384999999999998,-6.8535,0.6365000000000001,-5.3934999999999995,1.3835000000000002,-5.9704999999999995,Chicago Bears,5.015000000000001,Chicago Bears,5.015000000000001,-1.8384999999999998,-6.8535,Chicago Bears,5.015000000000001,Chicago Bears,4.69,Chicago Bears,6.014,1.2735,-4.0785,Chicago Bears,5.352,Chicago Bears,6.029999999999999,Chicago Bears,7.353999999999999,1.0100000000000002,-5.6819999999999995,Chicago Bears,6.692,Same,Same,Same,Same,Same,Same,False,Away Team,Away Team,47.05555555555556,131.0,-156.0,Chicago Bears,Carolina Panthers,2.8333333333333335,-2.8333333333333335,208,-261,268,-346,6.029999999999999,-6.029999999999999,7.353999999999999,-7.353999999999999,0.6094,0.4329,0.723,0.3247,0.7758,0.2717,0.5847,0.4153,0.6901,0.3099,0.7406,0.2594,0.5847,0.4153,0.0847,-0.0847,,,2,1,2026-09-13,CHI @ CAR,3.6500000000000004,89.775,0.2,Live Forecast,False,C.Williams,B.Young,5.2,7.0,14.02,196.44,High,-6.0,15.0,47.83,47.0,13.380626744454645,31.0,65.0,0.35,0.6488,0.0734,0.0852,0.3836,0.6164,0.4878,0.5122,0.3336,0.666,+200,-199,0.4329004329004329,0.609375,6.1,-6.1,47.415,6.494666666666666,-6.494666666666666,Chicago Bears,4.520666666666665,Chicago Bears,3.196666666666666,Chicago Bears,3.266666666666666,Chicago Bears,3.661333333333333,Chicago Bears,0.13122500000000004,Chicago Bears,0.08072500000000005,Chicago Bears,0.03942500000000004,Chicago Bears,0.056625000000000036,Over,0.359444444444442,156.0,100.0,252.32,161.74,110.00000000000001,100.0,486.1,441.91,110.00000000000001,100.0,0.0,0.0,Chicago Bears,,,,,,,,,,,,,,,1,0.044937500000000005,-0.0859,Chicago Bears,Carolina Panthers,0,0,1,0,1,0,0,0,1,0,1,0,0,3.5,2.0,,,24000.0,1.0,1.0,0.0005508239863170426,0.005580951789474832,5.490172836419227,78.31638027134242,7.729602835189795,55.62646267605354,0.0021354798958269864,0.013323487494179921,0.00022875720151746778,0.0003220667847995748,0.003263182511305934,0.0023177692781688975,0.0026398360629684725,133.94284294739597,13.219775671609021,,,7693.0,16307.0
2026_01_TB_CIN,2026,1,2026-09-13,13:00,Tampa Bay Buccaneers,Cincinnati Bengals,Home,,,,,0,0,0,0,0,0,Paycor Stadium,39.0955,-84.5165,America/New_York,False,False,1,1,Sunday,0,0,NFC South,Raymond James Stadium,27.9759,-82.5033,America/New_York,AFC North,Paycor Stadium,39.0955,-84.5165,America/New_York,Preseason,Preseason,Preseason,Preseason,Cleveland Browns,Houston Texans,Raymond James Stadium,NRG Stadium,776,0,-776,776,0.0,0.0,None,None,,,0.0,0.0,0.0,0,1.025,1.31,1.025,1.31,Cincinnati Bengals,0.28500000000000014,Cincinnati Bengals,0.28500000000000014,1.025,1.31,Cincinnati Bengals,0.28500000000000014,0.0,0,No,No,No,No,No,0,No,-1.4,-0.04,-2.096,-0.609,2.8914999999999997,2.8985000000000003,2.8914999999999997,2.8985000000000003,0.46650000000000014,1.5485,-0.22950000000000004,0.9795,Cincinnati Bengals,0.007000000000000561,Cincinnati Bengals,0.007000000000000561,2.8914999999999997,2.8985000000000003,Cincinnati Bengals,0.007000000000000561,Cincinnati Bengals,1.3599999999999999,Cincinnati Bengals,1.487,-1.748,-0.3245,Cincinnati Bengals,1.4235,Cincinnati Bengals,1.0819999999999999,Cincinnati Bengals,1.209,0.11850000000000005,1.264,Cincinnati Bengals,1.1455,Same,Same,Same,Same,Same,Same,False,Home Team,Home Team,50.5,-208.0,173.0,Cincinnati Bengals,Tampa Bay Buccaneers,-3.7777777777777777,3.7777777777777777,-122,101,-122,101,-1.0819999999999999,1.0819999999999999,-1.209,1.209,0.3663,0.6753,0.4975,0.5495,0.4975,0.5495,0.3517,0.6483,0.4752,0.5248,0.4752,0.5248,0.3517,0.6483,-0.1483,0.1483,,,3,1,2026-09-13,TB @ CIN,8.0,72.0,0.0,Historical Avg,False,B.Mayfield,J.Burrow,-1.72,-3.0,13.96,194.79,Med-High,-11.0,8.0,55.62,55.0,13.615444836935058,39.0,73.0,0.5574,0.4414,0.0874,0.0816,0.4682,0.5318,0.6376,0.3624,0.5638,0.4359,-129,+129,0.6753246753246753,0.3663003663003663,-2.36,2.36,55.31,-1.5503333333333333,1.5503333333333333,Tampa Bay Buccaneers,2.5687777777777776,Tampa Bay Buccaneers,2.695777777777778,Tampa Bay Buccaneers,1.4177777777777778,Tampa Bay Buccaneers,2.227444444444444,Tampa Bay Buccaneers,0.10889963369963374,Tampa Bay Buccaneers,0.10889963369963374,Tampa Bay Buccaneers,0.07509963369963374,Tampa Bay Buccaneers,0.06959963369963373,Over,4.810000000000002,100.0,173.0,296.27,512.56,110.00000000000001,100.0,41.95,38.14,110.00000000000001,100.0,597.4,543.09,Tampa Bay Buccaneers,,,,,,,,,,,,,,,1,-0.005631249999999999,0.09125000000000001,Cincinnati Bengals,Tampa Bay Buccaneers,0,0,0,0,0,0,0,0,0,0,0,0,0,3.0,4.0,,,24000.0,1.0,1.0,0.04254448261360947,0.0001979302741789691,661.9581138816724,1.6706898582898426,359.10946884495485,3.0796367220054157,0.05524970748365327,0.0009428061331272827,0.027581588078403017,0.014962894535206453,6.961207742874344e-05,0.00012831819675022566,0.015091212731956679,4.750326580295258,1021.0675827266273,,,7693.0,16307.0
2026_01_NO_DET,2026,1,2026-09-13,13:00,New Orleans Saints,Detroit Lions,Home,,,,,0,0,0,0,0,0,Ford Field,42.3395,-83.045,America/Detroit,False,False,1,1,Sunday,0,0,NFC South,Caesars Superdome,29.9507,-90.0813,America/Chicago,NFC North,Ford Field,42.3395,-83.045,America/Detroit,Preseason,Preseason,Preseason,Preseason,Baltimore Ravens,Buffalo Bills,M&T Bank Stadium,Highmark Stadium,940,0,-940,940,-1.0,0.0,None,None,,,-1.0,0.0,-1.0,0,-6.145,4.305,-6.145,4.305,Detroit Lions,10.45,Detroit Lions,10.45,-6.145,4.305,Detroit Lions,10.45,0.0,0,No,No,No,No,No,0,No,-4.37,3.98,-4.865,3.658,-5.241,3.4709999999999996,-5.241,3.4709999999999996,-3.466,3.146,-3.9610000000000003,2.824,Detroit Lions,8.712,Detroit Lions,8.712,-5.241,3.4709999999999996,Detroit Lions,8.712,Detroit Lions,8.35,Detroit Lions,8.523,-4.6175,3.819,Detroit Lions,8.436499999999999,Detroit Lions,6.612,Detroit Lions,6.785,-3.7135000000000002,2.985,Detroit Lions,6.6985,Same,Same,Same,Same,Same,Same,False,Home Team,Home Team,49.888888888888886,-317.0,253.0,Detroit Lions,New Orleans Saints,-6.944444444444445,6.944444444444445,-282,224,-319,249,-6.612,6.612,-6.785,6.785,0.2833,0.7602,0.3086,0.7382,0.2865,0.7613,0.2715,0.7285,0.2948,0.7052,0.2734,0.7266,0.2715,0.7285,-0.2285,0.2285,,,4,1,2026-09-13,NO @ DET,0.0,70.0,0.0,Dome,True,T.Shough,J.Goff,-8.22,-8.0,13.66,186.54,Med-High,-18.0,2.0,51.71,51.0,14.127273338135497,34.0,71.0,0.7256,0.2732,0.0734,0.0822,0.572,0.428,0.5394,0.4606,0.7215,0.2782,-259,+259,0.7601918465227818,0.28328611898017,-8.11,8.11,51.355000000000004,-7.169,7.169,New Orleans Saints,0.1594444444444445,New Orleans Saints,0.33244444444444454,Detroit Lions,1.1655555555555548,Detroit Lions,0.22455555555555495,No Bet,0.0,New Orleans Saints,0.01151388101983003,No Bet,0.0,No Bet,0.0,Over,1.4661111111111182,,0.0,0.0,0.0,110.00000000000001,100.0,253.0,230.0,110.00000000000001,100.0,81.85,74.41,No Bet,,,,,,,,,,,,,,,1,-0.043,0.10386250000000002,Detroit Lions,New Orleans Saints,0,1,0,0,0,0,0,0,0,1,0,0,0,2.5,4.5,,,24000.0,1.0,1.0,0.10805080000242849,7.125529086150957e-05,1889.1601872424596,0.4642994752535964,704.059012815824,1.245827505422633,0.12096238339993785,0.0009905368648061258,0.07871500780176915,0.029335792200659336,1.934581146889985e-05,5.190947939260972e-05,0.029387701680051944,1.7101269806762296,2593.2192000582836,,,7693.0,16307.0
2026_01_BUF_HOU,2026,1,2026-09-13,13:00,Buffalo Bills,Houston Texans,Home,,,,,0,0,0,0,0,0,NRG Stadium,29.6847,-95.4093,America/Chicago,False,False,1,1,Sunday,0,0,AFC East,Highmark Stadium,42.7725,-78.7877,America/New_York,AFC South,NRG Stadium,29.6847,-95.4093,America/Chicago,Preseason,Preseason,Preseason,Preseason,Detroit Lions,Cincinnati Bengals,Highmark Stadium,NRG Stadium,1289,0,-1289,1289,1.0,0.0,None,None,,,1.0,0.0,1.0,0,4.795,0.035,4.795,0.035,Buffalo Bills,4.76,Buffalo Bills,4.76,4.795,0.035,Buffalo Bills,4.76,0.0,0,No,No,No,No,No,0,No,6.16,2.96,3.416,5.008,5.2725,-0.2085,5.2725,-0.2085,6.6375,2.7165,3.8935,4.7645,Buffalo Bills,5.481,Buffalo Bills,5.481,5.2725,-0.2085,Buffalo Bills,5.481,Buffalo Bills,3.2,Houston Texans,1.592,4.788,3.984,Buffalo Bills,0.8040000000000003,Buffalo Bills,3.9210000000000003,Houston Texans,0.871,5.2655,3.7405,Buffalo Bills,1.5250000000000004,Same,Different,Same,Different,Same,Same,False,Away Team,Home Team,44.5,-109.0,-111.0,Houston Texans,Buffalo Bills,-0.2222222222222222,0.2222222222222222,171,-211,-122,101,3.9210000000000003,-3.9210000000000003,-0.871,0.871,0.5261,0.5215,0.6785,0.369,0.4975,0.5495,0.5022,0.4978,0.6477,0.3523,0.4752,0.5248,0.5022,0.4978,0.0022,-0.0022,,,5,1,2026-09-13,BUF @ HOU,0.0,70.0,0.0,Dome,True,J.Allen,C.Stroud,4.98,6.0,14.13,199.79,High,-6.0,15.0,50.45,50.0,13.235514071109792,34.0,68.0,0.3626,0.6364,0.0724,0.0812,0.3626,0.6374,0.6584,0.3416,0.4344,0.5654,+130,-130,0.5215311004784688,0.5260663507109005,5.49,-5.49,50.225,2.846666666666667,-2.846666666666667,Houston Texans,0.6487777777777778,Buffalo Bills,4.143222222222223,Buffalo Bills,5.7122222222222225,Buffalo Bills,3.0688888888888894,Houston Texans,0.003268899521531199,Buffalo Bills,0.12163364928909959,Buffalo Bills,0.1103336492890995,Buffalo Bills,0.03933364928909955,Over,5.725000000000001,111.00000000000001,100.0,582.01,524.33,110.00000000000001,100.0,596.35,542.14,110.00000000000001,100.0,706.6,642.36,Buffalo Bills,,,,,,,,,,,,,,,1,0.1148375,0.06058125,Houston Texans,Buffalo Bills,1,0,0,0,1,0,0,1,1,0,1,1,0,4.5,4.0,,,24000.0,1.0,1.0,0.0017780891549652137,0.0011006349439346833,21.2431867522004,13.265732852255951,21.43095296696473,13.14950580217645,0.006161209942064576,0.005950248814008296,0.0008851327813416834,0.0008929563736235303,0.0005527388688439979,0.0005478960750906854,0.0014408524487142158,26.4152386544324,42.674139719165126,,,7693.0,16307.0
2026_01_BAL_IND,2026,1,2026-09-13,13:00,Baltimore Ravens,Indianapolis Colts,Home,,,,,0,0,0,0,0,0,Lucas Oil Stadium,39.7601,-86.1638,America/Indiana/Indianapolis,False,False,1,1,Sunday,0,0,AFC North,M&T Bank Stadium,39.2789,-76.6228,America/New_York,AFC South,Lucas Oil Stadium,39.7601,-86.1638,America/Indiana/Indianapolis,Preseason,Preseason,Preseason,Preseason,New Orleans Saints,Kansas City Chiefs,M&T Bank Stadium,GEHA Field at Arrowhead Stadium,509,0,-509,509,0.0,0.0,None,None,,,0.0,0.0,0.0,0,6.69,-2.265,6.69,-2.265,Baltimore Ravens,8.955,Baltimore Ravens,8.955,6.69,-2.265,Baltimore Ravens,8.955,0.0,0,No,No,No,No,No,0,No,5.1,0.93,2.881,0.288,6.5185,-2.9265,6.5185,-2.9265,4.9285,0.26850000000000007,2.7095,-0.3735,Baltimore Ravens,9.445,Baltimore Ravens,9.445,6.5185,-2.9265,Baltimore Ravens,9.445,Baltimore Ravens,4.17,Baltimore Ravens,2.593,3.9905,0.609,Baltimore Ravens,3.3815,Baltimore Ravens,4.659999999999999,Baltimore Ravens,3.0829999999999997,3.819,-0.05249999999999996,Baltimore Ravens,3.8714999999999997,Same,Same,Same,Same,Same,Same,False,Away Team,Away Team,47.833333333333336,148.0,-175.0,Baltimore Ravens,Indianapolis Colts,3.4444444444444446,-3.4444444444444446,181,-224,135,-164,4.659999999999999,-4.659999999999999,3.0829999999999997,-3.0829999999999997,0.6364,0.4032,0.6914,0.3559,0.6212,0.4255,0.6121,0.3879,0.6602,0.3398,0.5935,0.4065,0.6121,0.3879,0.1121,-0.1121,,,6,1,2026-09-13,BAL @ IND,0.0,70.0,0.0,Dome,True,L.Jackson,D.Jones,3.02,4.0,13.6,184.84,Med-High,-7.0,12.0,57.59,57.0,14.206378681389843,39.0,76.0,0.405,0.5944,0.0898,0.091,0.49,0.51,0.7404,0.2596,0.3848,0.6151,+160,-160,0.4032258064516129,0.6363636363636364,3.51,-3.51,57.295,3.7509999999999994,-3.7509999999999994,Indianapolis Colts,0.3614444444444449,Baltimore Ravens,1.2155555555555546,Baltimore Ravens,0.06555555555555515,Baltimore Ravens,0.3065555555555548,Indianapolis Colts,0.0032741935483870943,Baltimore Ravens,0.023836363636363656,Indianapolis Colts,0.0017741935483871485,No Bet,0.0,Over,9.461666666666666,100.0,148.0,7.43,11.0,110.00000000000001,100.0,0.0,0.0,110.00000000000001,100.0,1137.1,1033.73,Indianapolis Colts,,,,,,,,,,,,,,,1,0.1255875,-0.028175000000000006,Baltimore Ravens,Indianapolis Colts,0,0,0,0,0,0,0,0,0,0,0,0,0,4.5,2.5,,,24000.0,1.0,1.0,0.0003315843361169904,0.0060126180365282665,3.086917535514734,88.32776400381483,4.8711065312930355,55.97506887286355,0.0015089106478187032,0.01337300864468352,0.0001286215639797806,0.00020296277213720983,0.0036803235001589517,0.002332294536369315,0.0025352573085065245,144.3028328766784,7.95802406680777,,,7693.0,16307.0
2026_01_CLE_JAX,2026,1,2026-09-13,13:00,Cleveland Browns,Jacksonville Jaguars,Home,,,,,0,0,0,0,0,0,TIAA Bank Field,30.3239,-81.6554,America/New_York,False,False,1,1,Sunday,0,0,AFC North,FirstEnergy Stadium,41.5061,-81.6994,America/New_York,AFC South,TIAA Bank Field,30.3239,-81.6554,America/New_York,Preseason,Preseason,Preseason,Preseason,Tampa Bay Buccaneers,Denver Broncos,Raymond James Stadium,Empower Field at Mile High,772,0,-772,772,0.0,0.0,None,None,,,0.0,0.0,0.0,0,-4.705,-1.825,-4.705,-1.825,Jacksonville Jaguars,2.88,Jacksonville Jaguars,2.88,-4.705,-1.825,Jacksonville Jaguars,2.88,0.0,0,No,No,No,No,No,0,No,-6.94,5.41,-7.475,3.85,-4.8485000000000005,-2.682,-4.8485000000000005,-2.682,-7.083500000000001,4.553,-7.6185,2.9930000000000003,Jacksonville Jaguars,2.1665000000000005,Jacksonville Jaguars,2.1665000000000005,-4.8485000000000005,-2.682,Jacksonville Jaguars,2.1665000000000005,Jacksonville Jaguars,12.350000000000001,Jacksonville Jaguars,11.325,-7.2075,4.63,Jacksonville Jaguars,11.837499999999999,Jacksonville Jaguars,11.636500000000002,Jacksonville Jaguars,10.6115,-7.351000000000001,3.773,Jacksonville Jaguars,11.124,Same,Same,Same,Same,Same,Same,False,Home Team,Home Team,40.5,-413.0,318.0,Jacksonville Jaguars,Cleveland Browns,-8.277777777777779,8.277777777777779,-646,450,-538,389,-11.636500000000002,11.636500000000002,-10.6115,10.6115,0.2392,0.8051,0.1818,0.866,0.2045,0.8433,0.2291,0.7709,0.1735,0.8265,0.1952,0.8048,0.2291,0.7709,-0.2709,0.2709,,,7,1,2026-09-13,CLE @ JAX,6.174999999999999,91.675,0.0,Live Forecast,False,S.Sanders,T.Lawrence,-14.38,-15.0,13.48,181.84,Med-High,-23.0,-6.0,45.22,45.0,12.885988425399889,29.0,62.0,0.853,0.1466,0.0506,0.0524,0.69,0.31,0.615,0.385,0.8138,0.1861,-437,+437,0.8050682261208577,0.23923444976076555,-14.690000000000001,14.690000000000001,45.11,-12.312666666666667,12.312666666666667,Jacksonville Jaguars,2.333722222222221,Jacksonville Jaguars,3.358722222222223,Jacksonville Jaguars,6.412222222222223,Jacksonville Jaguars,4.034888888888888,No Bet,0.0,Jacksonville Jaguars,0.021431773879142302,Jacksonville Jaguars,0.04793177387914227,Jacksonville Jaguars,0.008731773879142257,Over,4.609999999999999,413.0,100.0,614.72,148.84,110.00000000000001,100.0,872.5,793.18,110.00000000000001,100.0,478.75,435.23,Jacksonville Jaguars,,,,,,,,,,,,,,,1,-0.11706874999999999,0.0036999999999999984,Jacksonville Jaguars,Cleveland Browns,0,0,0,0,0,0,0,0,0,0,0,0,0,1.5,3.0,,,24000.0,1.0,1.0,0.2673083489273901,0.00035493983754390237,4945.632148515,1.9516012027513927,1469.7682257423614,6.566954898302264,0.1929809203812718,0.0012620218696424343,0.206068006188125,0.06124034273926507,8.131671678130803e-05,0.00027362312076259433,0.061513965860027664,8.518556101053656,6415.400374257362,,,7693.0,16307.0
2026_01_ATL_PIT,2026,1,2026-09-13,13:00,Atlanta Falcons,Pittsburgh Steelers,Home,,,,,0,0,0,0,0,0,Acrisure Stadium,40.4468,-80.0158,America/New_York,False,False,1,1,Sunday,0,0,NFC South,Mercedes-Benz Stadium,33.7489,-84.388,America/New_York,AFC North,Acrisure Stadium,40.4468,-80.0158,America/New_York,Preseason,Preseason,Preseason,Preseason,Carolina Panthers,New England Patriots,Mercedes-Benz Stadium,Gillette Stadium,521,0,-521,521,0.0,0.0,None,None,,,0.0,0.0,0.0,0,-0.71,-0.565,-0.71,-0.565,Pittsburgh Steelers,0.14500000000000002,Pittsburgh Steelers,0.14500000000000002,-0.71,-0.565,Pittsburgh Steelers,0.14500000000000002,0.0,0,No,No,No,No,No,0,No,-0.79,0.59,-0.101,0.538,-0.016000000000000014,0.6440000000000001,-0.016000000000000014,0.6440000000000001,-0.09600000000000009,1.799,0.593,1.747,Pittsburgh Steelers,0.6600000000000001,Pittsburgh Steelers,0.6600000000000001,-0.016000000000000014,0.6440000000000001,Pittsburgh Steelers,0.6600000000000001,Pittsburgh Steelers,1.38,Pittsburgh Steelers,0.639,-0.4455,0.5640000000000001,Pittsburgh Steelers,1.0095,Pittsburgh Steelers,1.895,Pittsburgh Steelers,1.1540000000000001,0.24849999999999994,1.7730000000000001,Pittsburgh Steelers,1.5245000000000002,Same,Same,Same,Same,Same,Same,False,Home Team,Home Team,41.94444444444444,-182.0,153.0,Pittsburgh Steelers,Atlanta Falcons,-3.2777777777777777,3.2777777777777777,-131,108,-122,101,-1.895,1.895,-1.1540000000000001,1.1540000000000001,0.3953,0.6454,0.4808,0.5671,0.4975,0.5495,0.3798,0.6202,0.4588,0.5412,0.4752,0.5248,0.3798,0.6202,-0.1202,0.1202,,,8,1,2026-09-13,ATL @ PIT,10.0,70.0,0.0,Historical Avg,False,M.Penix,A.Rodgers,1.05,2.0,13.38,179.1,Medium,-8.0,10.0,45.64,45.0,12.878938785973423,29.0,63.0,0.4658,0.5336,0.0924,0.0878,0.386,0.614,0.614,0.386,0.538,0.4618,-116,+117,0.6453900709219859,0.3952569169960474,1.525,-1.525,45.32,-0.5080000000000001,0.5080000000000001,Atlanta Falcons,2.1237777777777778,Atlanta Falcons,1.3827777777777777,Atlanta Falcons,4.802777777777777,Atlanta Falcons,2.7697777777777777,Atlanta Falcons,0.07994308300395259,Atlanta Falcons,0.06354308300395256,Atlanta Falcons,0.13834308300395254,Atlanta Falcons,0.06654308300395256,Over,3.3755555555555574,100.0,153.0,571.91,875.02,110.00000000000001,100.0,473.5,430.45,110.00000000000001,100.0,473.5,430.45,Atlanta Falcons,,,,,,,,,,,,,,,1,-0.10363125000000001,-0.02598125,Pittsburgh Steelers,Atlanta Falcons,0,0,0,1,0,0,0,0,0,1,0,0,0,2.0,3.0,,,24000.0,1.0,1.0,0.019775136297059803,0.00033656338735698607,294.3489487544757,3.0678425884363993,180.25432237495951,5.009678708131267,0.024400283887175345,0.0016467898436392744,0.012264539531436488,0.007510596765623314,0.0001278267745181833,0.00020873661283880276,0.007719333378462117,8.077521296567665,474.60327112943526,,,7693.0,16307.0
2026_01_NYJ_TEN,2026,1,2026-09-13,13:00,New York Jets,Tennessee Titans,Home,,,,,0,0,0,0,0,0,Nissan Stadium,36.1664,-86.7716,America/Chicago,False,False,1,1,Sunday,0,0,AFC East,MetLife Stadium,40.8136,-74.0744,America/New_York,AFC South,Nissan Stadium,36.1664,-86.7716,America/Chicago,Preseason,Preseason,Preseason,Preseason,Green Bay Packers,Philadelphia Eagles,MetLife Stadium,Nissan Stadium,757,0,-757,757,1.0,0.0,None,None,,,1.0,0.0,1.0,0,-3.725,-4.36,-3.725,-4.36,New York Jets,0.6350000000000002,New York Jets,0.6350000000000002,-3.725,-4.36,New York Jets,0.6350000000000002,0.0,0,No,No,No,No,No,0,No,-9.26,-8.19,-6.95,-8.36,-4.542,-6.026,-4.542,-6.026,-10.077,-9.856,-7.767,-10.026,New York Jets,1.484,New York Jets,1.484,-4.542,-6.026,New York Jets,1.484,Tennessee Titans,1.0700000000000003,New York Jets,1.4099999999999993,-8.105,-8.274999999999999,New York Jets,0.16999999999999815,Tennessee Titans,0.22100000000000009,New York Jets,2.2589999999999995,-8.922,-9.940999999999999,New York Jets,1.0189999999999984,Different,Same,Different,Same,Same,Same,False,Home Team,Away Team,39.388888888888886,-127.0,106.0,Tennessee Titans,New York Jets,-1.0,1.0,-110,-110,117,-142,-0.22100000000000009,0.22100000000000009,2.2589999999999995,-2.2589999999999995,0.4854,0.5595,0.5238,0.5238,0.5868,0.4608,0.4646,0.5354,0.5,0.5,0.5601,0.4399,0.4646,0.5354,-0.0354,0.0354,,,9,1,2026-09-13,NYJ @ TEN,2.25,98.475,0.0,Live Forecast,False,G.Smith,C.Ward,1.51,3.0,12.91,166.57,Med-Low,-7.0,10.0,46.06,45.0,12.697996961149624,30.0,63.0,0.4446,0.554,0.1076,0.0844,0.4198,0.5554,0.6896,0.3104,0.48,0.5197,+108,-108,0.5594713656387665,0.4854368932038835,2.255,-2.255,45.53,1.4309999999999998,-1.4309999999999998,New York Jets,3.2589999999999995,New York Jets,0.7789999999999999,New York Jets,3.255,New York Jets,2.431,New York Jets,0.07466310679611654,New York Jets,0.014563106796116498,New York Jets,0.06856310679611655,New York Jets,0.03426310679611655,Over,6.141111111111115,100.0,106.0,333.11,353.1,110.00000000000001,100.0,165.85,150.77,110.00000000000001,100.0,870.4,791.27,New York Jets,,,,,,,,,,,,,,,1,-0.15635625,-0.12224999999999998,Tennessee Titans,New York Jets,0,0,0,0,0,0,0,0,0,0,0,0,0,1.0,1.5,,,24000.0,1.0,1.0,0.006554888269120208,0.0024993582945609855,84.22769230288702,27.868844727672816,73.08962615599796,32.11575434179084,0.011597082803212044,0.004599366219984703,0.0035094871792869593,0.0030454010898332486,0.001161201863653034,0.0013381564309079515,0.0043835575207412,59.984599069463655,157.31731845888498,,,7693.0,16307.0
2026_01_ARI_LAC,2026,1,2026-09-13,16:25,Arizona Cardinals,Los Angeles Chargers,Home,,,,,0,0,0,0,0,0,SoFi Stadium,33.9535,-118.3395,America/Los_Angeles,False,False,1,1,Sunday,0,0,NFC West,State Farm Stadium,33.5277,-112.262608,America/Denver,AFC West,SoFi Stadium,33.9535,-118.3395,America/Los_Angeles,Preseason,Preseason,Preseason,Preseason,Seattle Seahawks,Las Vegas Raiders,State Farm Stadium,SoFi Stadium,350,0,-350,350,1.0,0.0,None,None,,,1.0,0.0,1.0,0,0.075,0.935,0.075,0.935,Los Angeles Chargers,0.8600000000000001,Los Angeles Chargers,0.8600000000000001,0.075,0.935,Los Angeles Chargers,0.8600000000000001,0.0,0,No,No,No,No,No,0,No,-4.4,1.12,-3.837,0.527,1.0675,0.9255000000000001,1.0675,0.9255000000000001,-3.4075,1.1105,-2.8445,0.5175000000000001,Arizona Cardinals,0.1419999999999998,Arizona Cardinals,0.1419999999999998,1.0675,0.9255000000000001,Arizona Cardinals,0.1419999999999998,Los Angeles Chargers,5.5200000000000005,Los Angeles Chargers,4.364,-4.1185,0.8235000000000001,Los Angeles Chargers,4.942,Los Angeles Chargers,4.518000000000001,Los Angeles Chargers,3.362,-3.1260000000000003,0.8140000000000001,Los Angeles Chargers,3.9400000000000004,Different,Different,Different,Different,Same,Same,False,Home Team,Home Team,47.333333333333336,-542.0,398.0,Los Angeles Chargers,Arizona Cardinals,-9.8125,9.8125,-224,181,-191,156,-4.518000000000001,4.518000000000001,-3.362,3.362,0.2008,0.8442,0.3559,0.6914,0.3906,0.6564,0.1921,0.8079,0.3398,0.6602,0.3731,0.6269,0.1921,0.8079,-0.3079,0.3079,,,10,1,2026-09-13,ARI @ LAC,0.0,70.0,0.0,Dome,True,J.Brissett,J.Herbert,-10.26,-11.0,12.88,165.96,Med-Low,-19.0,-3.0,43.76,43.0,12.304072662367373,29.0,60.0,0.788,0.211,0.0746,0.0594,0.5488,0.4512,0.3574,0.6426,0.7208,0.279,-258,+258,0.8442367601246106,0.20080321285140562,-10.629999999999999,10.629999999999999,43.379999999999995,-6.169999999999999,6.169999999999999,Arizona Cardinals,6.4505,Arizona Cardinals,5.294499999999999,Los Angeles Chargers,0.817499999999999,Arizona Cardinals,3.642500000000001,Arizona Cardinals,0.17229678714859437,Arizona Cardinals,0.13899678714859437,Arizona Cardinals,0.010196787148594372,Arizona Cardinals,0.0781967871485944,Under,3.9533333333333402,100.0,398.0,31.9,126.95,110.00000000000001,100.0,131.2,119.27,110.00000000000001,100.0,623.65,566.95,Arizona Cardinals,,,,,,,,,,,,,,,1,-0.24575624999999995,0.04560625,Los Angeles Chargers,Arizona Cardinals,0,0,0,0,0,0,0,0,0,0,0,0,0,0.0,3.5,,,24000.0,1.0,1.0,0.38113981618585624,0.000497253849682219,7390.148579917278,2.2925391485749023,1757.207008543272,9.641553243798354,0.3398409728141157,0.0014386572497216389,0.30792285749655324,0.073216958689303,9.552246452395427e-05,0.00040173138515826477,0.07361869007446127,11.934092392373257,9147.35558846055,,,7693.0,16307.0
2026_01_MIA_LV,2026,1,2026-09-13,16:25,Miami Dolphins,Las Vegas Raiders,Home,,,,,0,0,0,0,0,0,Allegiant Stadium,36.108,-115.1578,America/Los_Angeles,False,False,1,1,Sunday,0,0,AFC East,Hard Rock Stadium,25.9602,-80.2384,America/New_York,AFC West,Allegiant Stadium,36.108,-115.1578,America/Los_Angeles,Preseason,Preseason,Preseason,Preseason,San Francisco 49ers,Los Angeles Chargers,Levi's Stadium,SoFi Stadium,2168,0,-2168,2168,3.0,0.0,None,None,,,3.0,0.0,3.0,0,0.66,-2.35,0.66,-2.35,Miami Dolphins,3.0100000000000002,Miami Dolphins,3.0100000000000002,0.66,-2.35,Miami Dolphins,3.0100000000000002,-0.22499999999999998,0,No,No,No,No,No,0,No,-5.46,-8.15,-3.956,-7.588,-0.49450000000000005,-2.3215,-0.49450000000000005,-2.3215,-6.6145,-8.121500000000001,-5.1105,-7.5595,Miami Dolphins,1.827,Miami Dolphins,1.827,-0.49450000000000005,-2.3215,Miami Dolphins,1.827,Miami Dolphins,2.6900000000000004,Miami Dolphins,3.632,-4.708,-7.869,Miami Dolphins,3.1609999999999996,Miami Dolphins,1.5070000000000014,Miami Dolphins,2.449,-5.8625,-7.8405000000000005,Miami Dolphins,1.9780000000000006,Same,Same,Same,Same,Same,Same,False,Away Team,Away Team,40.611111111111114,-183.0,153.0,Las Vegas Raiders,Miami Dolphins,-3.5,3.5,105,-128,117,-142,1.5070000000000014,-1.5070000000000014,2.449,-2.449,0.3953,0.6466,0.5614,0.4878,0.5868,0.4608,0.3794,0.6206,0.5351,0.4649,0.5601,0.4399,0.3794,0.6206,-0.1206,0.1206,,,11,1,2026-09-13,MIA @ LV,0.0,70.0,0.0,Dome,True,M.Willis,K.Cousins,0.58,1.0,12.91,166.75,Med-Low,-9.0,10.0,39.2,39.0,12.1933587644911,24.0,55.0,0.4888,0.5098,0.0978,0.0832,0.409,0.591,0.4258,0.5742,0.5036,0.4961,-101,+102,0.6466431095406361,0.3952569169960474,0.79,-0.79,39.1,1.5820000000000005,-1.5820000000000005,Miami Dolphins,5.949,Miami Dolphins,5.0070000000000014,Miami Dolphins,4.29,Miami Dolphins,5.082000000000001,Miami Dolphins,0.16484308300395262,Miami Dolphins,0.1398430830039526,Miami Dolphins,0.1145430830039526,Miami Dolphins,0.10084308300395256,Under,1.5111111111111128,100.0,153.0,473.52,724.49,110.00000000000001,100.0,352.75,320.68,110.00000000000001,100.0,264.55,240.5,Miami Dolphins,,,,,,,,,,,,,,,1,-0.23545624999999998,-0.1620125,Las Vegas Raiders,Miami Dolphins,0,0,0,0,0,0,0,0,0,0,0,0,0,0.0,1.0,,,24000.0,1.0,1.0,0.05945840427955104,0.0010371054973081096,885.5972567013451,9.443467816288724,541.40444600788,15.447064119105907,0.04468273331200553,0.001552897054921416,0.03689988569588938,0.02255851858366166,0.0003934778256786968,0.0006436276716294128,0.023202146255291073,24.89053193539463,1427.001702709225,,,7693.0,16307.0
2026_01_GB_MIN,2026,1,2026-09-13,16:25,Green Bay Packers,Minnesota Vikings,Home,,,,,0,0,0,0,0,0,U.S. Bank Stadium,44.9738,-93.2575,America/Chicago,False,False,1,1,Sunday,0,0,NFC North,Lambeau Field,44.5013,-88.0622,America/Chicago,NFC North,U.S. Bank Stadium,44.9738,-93.2575,America/Chicago,Preseason,Preseason,Preseason,Preseason,New York Jets,Chicago Bears,MetLife Stadium,Soldier Field,257,0,-257,257,0.0,0.0,None,None,,,0.0,0.0,0.0,0,3.535,0.27,3.535,0.27,Green Bay Packers,3.265,Green Bay Packers,3.265,3.535,0.27,Green Bay Packers,3.265,0.0,0,No,No,No,No,No,1,No,5.09,-0.75,2.933,2.721,3.201645,-1.096145,3.201645,-1.096145,4.730894999999999,-2.090395,2.630175,1.3243250000000002,Green Bay Packers,4.29779,Green Bay Packers,4.29779,3.201645,-1.096145,Green Bay Packers,4.29779,Green Bay Packers,5.84,Green Bay Packers,0.21199999999999974,4.0115,0.9855,Green Bay Packers,3.026,Green Bay Packers,6.821289999999999,Green Bay Packers,1.3058499999999997,3.680535,-0.3830349999999999,Green Bay Packers,4.0635699999999995,Same,Same,Same,Same,Same,Same,False,Away Team,Away Team,46.22222222222222,-121.0,-100.0,Minnesota Vikings,Green Bay Packers,-1.2777777777777777,1.2777777777777777,249,-319,105,-128,6.821289999999999,-6.821289999999999,1.3058499999999997,-1.3058499999999997,0.5,0.5475,0.7613,0.2865,0.5614,0.4878,0.4773,0.5227,0.7266,0.2734,0.5351,0.4649,0.4773,0.5227,-0.0227,0.0227,,,12,1,2026-09-13,GB @ MIN,0.0,70.0,0.0,Dome,True,J.Love,K.Murray,-0.37,-1.0,12.62,159.23,Low,-9.0,8.0,50.95,50.0,13.7170897667958,34.0,69.0,0.5104,0.4882,0.0996,0.102,0.4852,0.5148,0.6128,0.3872,0.4428,0.5568,+126,-126,0.5475113122171946,0.5,-0.685,0.685,50.475,2.4807133333333327,-2.4807133333333327,Green Bay Packers,2.583627777777777,Green Bay Packers,8.099067777777776,Green Bay Packers,0.5927777777777776,Green Bay Packers,3.7584911111111103,Green Bay Packers,0.03510000000000002,Green Bay Packers,0.22660000000000002,No Bet,0.0,Green Bay Packers,0.05679999999999996,Over,4.25277777777778,,0.0,0.0,0.0,110.00000000000001,100.0,0.0,0.0,110.00000000000001,100.0,467.2,424.73,No Bet,,,,,,,,,,,,,,,1,0.09003125000000001,-0.004918749999999994,Minnesota Vikings,Green Bay Packers,0,0,1,0,0,0,1,0,1,0,1,0,1,4.0,3.0,,,24000.0,1.0,1.0,0.0043421411381901675,0.0010563867907431184,54.47129215036802,12.101121965320571,49.740095166196,13.252161012514271,0.008597541329469367,0.003832899501644941,0.002269637172932001,0.0020725039652581666,0.0005042134152216905,0.000552173375521428,0.0026246773407795944,25.35328297783484,104.21138731656401,,,7693.0,16307.0
2026_01_WAS_PHI,2026,1,2026-09-13,16:25,Washington Commanders,Philadelphia Eagles,Home,,,,,0,0,0,0,0,0,Lincoln Financial Field,39.9008,-75.1675,America/New_York,False,False,1,1,Sunday,0,0,NFC East,FedExField,38.9077,-76.8645,America/New_York,NFC East,Lincoln Financial Field,39.9008,-75.1675,America/New_York,Preseason,Preseason,Preseason,Preseason,Dallas Cowboys,Tennessee Titans,AT&T Stadium,Nissan Stadium,114,0,-114,114,0.0,0.0,None,None,,,0.0,0.0,0.0,0,1.45,4.905,1.45,4.905,Philadelphia Eagles,3.455,Philadelphia Eagles,3.455,1.45,4.905,Philadelphia Eagles,3.455,0.0,0,No,No,No,No,No,1,No,-5.43,5.52,-1.427,3.682,2.0457400000000003,6.23426,2.0457400000000003,6.23426,-4.75931,6.77431,-0.81472,4.99472,Philadelphia Eagles,4.18852,Philadelphia Eagles,4.18852,2.0457400000000003,6.23426,Philadelphia Eagles,4.18852,Philadelphia Eagles,10.95,Philadelphia Eagles,5.109,-3.4284999999999997,4.601,Philadelphia Eagles,8.029499999999999,Philadelphia Eagles,11.533619999999999,Philadelphia Eagles,5.80944,-2.7870150000000002,5.884515,Philadelphia Eagles,8.67153,Same,Same,Same,Same,Same,Same,False,Home Team,Home Team,44.44444444444444,-230.0,189.0,Philadelphia Eagles,Washington Commanders,-4.944444444444445,4.944444444444445,-646,450,-261,208,-11.533619999999999,11.533619999999999,-5.80944,5.80944,0.346,0.697,0.1818,0.866,0.3247,0.723,0.3318,0.6682,0.1735,0.8265,0.3099,0.6901,0.3318,0.6682,-0.1682,0.1682,,,13,1,2026-09-13,WAS @ PHI,10.0,74.0,0.0,Historical Avg,False,J.Daniels,J.Hurts,-6.48,-7.0,13.06,170.51,Medium,-16.0,3.0,44.91,44.0,13.137131486163064,29.0,62.0,0.6936,0.3048,0.0848,0.084,0.5842,0.4158,0.4938,0.5062,0.7196,0.28,-257,+257,0.696969696969697,0.3460207612456747,-6.74,6.74,44.455,-8.027686666666668,8.027686666666668,Philadelphia Eagles,0.8649955555555557,Philadelphia Eagles,6.5891755555555545,Philadelphia Eagles,1.7955555555555556,Philadelphia Eagles,3.083242222222223,No Bet,0.0,Philadelphia Eagles,0.129530303030303,No Bet,0.0,Philadelphia Eagles,0.022630303030303,Over,0.01055555555555543,,0.0,0.0,0.0,110.00000000000001,100.0,317.05,288.23,110.00000000000001,100.0,0.0,0.0,No Bet,,,,,,,,,,,,,,,1,-0.03666875000000001,0.08501249999999999,Philadelphia Eagles,Washington Commanders,0,0,0,1,0,1,0,0,0,1,0,1,1,2.5,4.0,,,24000.0,1.0,1.0,0.0543529053277771,0.00011572339212084621,871.6466721604958,0.9215285161367225,432.82305570615455,1.8558328947635865,0.06084021068529591,0.0010650760091993974,0.03631861134002066,0.01803429398775644,3.839702150569677e-05,7.732637061514945e-05,0.018111620358371588,2.7773614109003093,1304.4697278666504,,,7693.0,16307.0
2026_01_DAL_NYG,2026,1,2026-09-13,20:20,Dallas Cowboys,New York Giants,Home,,,,,0,0,0,0,0,0,MetLife Stadium,40.8136,-74.0744,America/New_York,False,False,1,1,Sunday,0,0,NFC East,AT&T Stadium,32.7369,-97.0826,America/Chicago,NFC East,MetLife Stadium,40.8136,-74.0744,America/New_York,Preseason,Preseason,Preseason,Preseason,Washington Commanders,Los Angeles Rams,AT&T Stadium,SoFi Stadium,1384,0,-1384,1384,-1.0,0.0,None,None,,,-1.0,0.0,-1.0,0,-0.615,-2.84,-0.615,-2.84,Dallas Cowboys,2.2249999999999996,Dallas Cowboys,2.2249999999999996,-0.615,-2.84,Dallas Cowboys,2.2249999999999996,0.0,0,No,No,No,No,No,1,No,-1.01,-3.53,-3.616,-5.014,-0.71202,-3.8499799999999995,-0.71202,-3.8499799999999995,-1.10997,-4.53703,-3.7047500000000007,-6.03225,Dallas Cowboys,3.1379599999999996,Dallas Cowboys,3.1379599999999996,-0.71202,-3.8499799999999995,Dallas Cowboys,3.1379599999999996,Dallas Cowboys,2.5199999999999996,Dallas Cowboys,1.3980000000000001,-2.313,-4.272,Dallas Cowboys,1.959,Dallas Cowboys,3.42706,Dallas Cowboys,2.3274999999999997,-2.40736,-5.28464,Dallas Cowboys,2.8772799999999994,Same,Same,Same,Same,Same,Same,False,Away Team,Away Team,48.27777777777778,134.0,-159.0,Dallas Cowboys,New York Giants,2.9444444444444446,-2.9444444444444446,156,-191,117,-142,3.42706,-3.42706,2.3274999999999997,-2.3274999999999997,0.6139,0.4274,0.6564,0.3906,0.5868,0.4608,0.5896,0.4104,0.6269,0.3731,0.5601,0.4399,0.5896,0.4104,0.0896,-0.0896,,,14,1,2026-09-13,DAL @ NYG,11.024999999999999,81.05,0.0,Live Forecast,False,D.Prescott,J.Dart,2.87,3.0,13.49,181.86,Med-High,-7.0,12.0,57.47,57.0,13.847372989406386,40.0,76.0,0.4232,0.5756,0.0894,0.0832,0.459,0.541,0.7406,0.2594,0.4116,0.588,+143,-143,0.42735042735042733,0.6138996138996139,2.935,-2.935,57.235,2.89652,-2.89652,New York Giants,0.616944444444445,Dallas Cowboys,0.48261555555555535,New York Giants,0.009444444444444589,New York Giants,0.047924444444444436,New York Giants,0.012549572649572682,Dallas Cowboys,0.013000386100386119,No Bet,0.0,No Bet,0.0,Over,8.95722222222222,,0.0,0.0,0.0,110.00000000000001,100.0,0.0,0.0,110.00000000000001,100.0,1138.15,1034.68,No Bet,,,,,,,,,,,,,,,1,0.0324125,-0.05776875,Dallas Cowboys,New York Giants,1,0,0,0,0,0,0,0,1,0,0,0,1,3.5,2.5,,,24000.0,1.0,1.0,0.0004607253858239478,0.006340100933387732,4.537960760211556,89.71496424780976,6.519448499563191,62.44745815349581,0.0018905335194226523,0.01627529465727765,0.00018908169834214818,0.00027164368748179964,0.003738123510325407,0.0026019774230623253,0.002873621110544125,152.16242240130558,11.057409259774747,,,7693.0,16307.0
2026_01_DEN_KC,2026,1,2026-09-14,20:15,Denver Broncos,Kansas City Chiefs,Home,,,,,0,0,0,0,0,0,GEHA Field at Arrowhead Stadium,39.0489,-94.4839,America/Chicago,False,False,1,1,Monday,0,0,AFC West,Empower Field at Mile High,39.7648,-105.0076,America/Denver,AFC West,GEHA Field at Arrowhead Stadium,39.0489,-94.4839,America/Chicago,Preseason,Preseason,Preseason,Preseason,Jacksonville Jaguars,Indianapolis Colts,Empower Field at Mile High,GEHA Field at Arrowhead Stadium,563,0,-563,563,-1.0,0.0,None,None,,,-1.0,0.0,-1.0,0,2.05,4.395,2.05,4.395,Kansas City Chiefs,2.3449999999999998,Kansas City Chiefs,2.3449999999999998,2.05,4.395,Kansas City Chiefs,2.3449999999999998,0.0,0,No,No,No,No,No,1,No,-0.48,-2.17,3.499,0.625,2.5520099999999997,2.20999,2.5520099999999997,2.20999,-0.01833999999999992,-4.314659999999999,3.94882,-1.50782,Denver Broncos,0.34201999999999977,Denver Broncos,0.34201999999999977,2.5520099999999997,2.20999,Denver Broncos,0.34201999999999977,Denver Broncos,1.69,Denver Broncos,2.874,1.5095,-0.7725,Denver Broncos,2.282,Denver Broncos,4.296319999999999,Denver Broncos,5.45664,1.96524,-2.9112399999999994,Denver Broncos,4.876479999999999,Different,Different,Same,Same,Same,Same,False,Away Team,Away Team,43.388888888888886,-146.0,122.0,Kansas City Chiefs,Denver Broncos,-2.611111111111111,2.611111111111111,181,-224,195,-244,4.296319999999999,-4.296319999999999,5.45664,-5.45664,0.4505,0.5935,0.6914,0.3559,0.7093,0.339,0.4315,0.5685,0.6602,0.3398,0.6766,0.3234,0.4315,0.5685,-0.0685,0.0685,,,15,1,2026-09-14,DEN @ KC,10.0,60.0,0.0,Historical Avg,False,B.Nix,P.Mahomes,5.65,6.0,12.99,168.62,Med-Low,-3.0,14.0,42.67,42.0,12.650706542925064,27.0,59.0,0.3326,0.666,0.0992,0.0874,0.2982,0.7018,0.447,0.553,0.3911,0.6086,+156,-155,0.5934959349593496,0.45045045045045046,5.825,-5.825,42.335,5.1926533333333325,-5.1926533333333325,Denver Broncos,8.06775111111111,Denver Broncos,6.90743111111111,Denver Broncos,8.436111111111112,Denver Broncos,7.803764444444443,Denver Broncos,0.22614954954954952,Denver Broncos,0.20974954954954955,Denver Broncos,0.21554954954954958,Denver Broncos,0.15814954954954957,Under,1.0538888888888849,100.0,122.0,980.57,1196.3,110.00000000000001,100.0,934.45,849.5,110.00000000000001,100.0,153.25,139.32,Denver Broncos,,,,,,,,,,,,,,,1,0.06460625,0.096125,Kansas City Chiefs,Denver Broncos,1,0,0,1,0,0,1,0,1,1,1,0,1,4.0,4.5,,,24000.0,1.0,1.0,0.0039681201414695656,0.00032872781519332665,54.14103121021075,3.404305254142091,41.09385218505882,4.485162310497748,0.008052609980216873,0.0024267869639322736,0.002255876300425448,0.0017122438410441176,0.00014184605225592045,0.0001868817629374062,0.0018991256039815239,7.88946756463984,95.23488339526958,,,7693.0,16307.0
2026_02_DET_BUF,2026,2,2026-09-17,20:15,Detroit Lions,Buffalo Bills,Home,,,,,4,4,0,0,0,0,Highmark Stadium,42.7725,-78.7877,America/New_York,False,False,2,2,Thursday,0,0,NFC North,Ford Field,42.3395,-83.045,America/Detroit,AFC East,Highmark Stadium,42.7725,-78.7877,America/New_York,New Orleans Saints,Houston Texans,Ford Field,NRG Stadium,New York Jets,Los Angeles Chargers,Ford Field,Highmark Stadium,219,0,-219,219,0.0,0.0,America/Detroit,America/Chicago,0.0,-1.0,0.0,0.0,0.0,0,4.305,4.795,4.305,4.795,Buffalo Bills,0.4900000000000002,Buffalo Bills,0.4900000000000002,4.305,4.795,Buffalo Bills,0.4900000000000002,0.0,0,No,No,No,No,No,0,No,3.98,6.16,3.658,3.416,5.138999999999999,4.3925,5.138999999999999,4.3925,4.814,5.7575,4.492,3.0135,Detroit Lions,0.7464999999999993,Detroit Lions,0.7464999999999993,5.138999999999999,4.3925,Detroit Lions,0.7464999999999993,Buffalo Bills,2.18,Detroit Lions,0.242,3.819,4.788,Buffalo Bills,0.9690000000000003,Buffalo Bills,0.9435000000000002,Detroit Lions,1.4785,4.6530000000000005,4.3855,Detroit Lions,0.26750000000000007,Different,Different,Different,Same,Same,Same,True,Home Team,Away Team,52.0,-159.0,132.0,Buffalo Bills,Detroit Lions,-3.0,3.0,-122,101,105,-128,-0.9435000000000002,0.9435000000000002,1.4785,-1.4785,0.431,0.6139,0.4975,0.5495,0.5614,0.4878,0.4125,0.5875,0.4752,0.5248,0.5351,0.4649,0.4125,0.5875,-0.0875,0.0875,,,16,2,2026-09-17,DET @ BUF,5.6,67.175,0.0,Live Forecast,False,J.Goff,J.Allen,-2.99,-3.0,14.2,201.55,High,-13.0,7.0,59.76,60.0,14.331701034102903,42.0,79.0,0.5944,0.4056,0.0864,0.0756,0.4996,0.4498,0.6912,0.2938,0.5429,0.4571,-119,+119,,,,,,,,No Bet,,No Bet,,No Bet,,No Bet,,No Bet,,No Bet,,No Bet,,No Bet,,No Bet,,,,,,,,,,,,,,nan,,,,,,,,,,,,,,,2,0.11661999999999999,0.11666,Buffalo Bills,Detroit Lions,1,1,0,0,0,1,0,0,1,1,0,1,0,4.5,4.5,,,17853.880491618813,0.9992569832167029,0.8941876984037564,0.004459458023647909,0.00018499638293633243,46.77594548431522,1.3624476163348993,32.84268512728515,1.9404556959921295,,,0.0026199315888931463,0.0018395264347547623,7.631100796123712e-05,0.0001086853749750953,0.0019482118097298576,3.302903312327029,79.61863061160038,,,5196.0,2497.0
2026_02_CAR_ATL,2026,2,2026-09-20,13:00,Carolina Panthers,Atlanta Falcons,Home,,,,,7,7,0,0,0,0,Mercedes-Benz Stadium,33.7489,-84.388,America/New_York,False,False,2,2,Sunday,0,0,NFC South,Bank of America Stadium,35.2258,-80.8528,America/New_York,NFC South,Mercedes-Benz Stadium,33.7489,-84.388,America/New_York,Chicago Bears,Pittsburgh Steelers,Bank of America Stadium,Acrisure Stadium,Cleveland Browns,Green Bay Packers,FirstEnergy Stadium,Lambeau Field,226,0,-226,226,0.0,0.0,America/New_York,America/New_York,0.0,0.0,0.0,0.0,0.0,0,-5.25,-0.71,-5.25,-0.71,Atlanta Falcons,4.54,Atlanta Falcons,4.54,-5.25,-0.71,Atlanta Falcons,4.54,0.0,0,No,No,No,No,No,1,No,-3.79,-0.79,-4.367,-0.101,-3.624075,-1.4264249999999998,-3.624075,-1.4264249999999998,-2.179475,-1.491025,-2.743815,-0.8146849999999999,Atlanta Falcons,2.1976500000000003,Atlanta Falcons,2.1976500000000003,-3.624075,-1.4264249999999998,Atlanta Falcons,2.1976500000000003,Atlanta Falcons,3.0,Atlanta Falcons,4.266,-4.0785,-0.4455,Atlanta Falcons,3.633,Atlanta Falcons,0.68845,Atlanta Falcons,1.9291300000000002,-2.461645,-1.152855,Atlanta Falcons,1.30879,Same,Same,Same,Same,Same,Same,False,Home Team,Home Team,44.0,-125.0,105.0,Atlanta Falcons,Carolina Panthers,-1.5,1.5,-116,-104,-131,108,-0.68845,0.68845,-1.9291300000000002,1.9291300000000002,0.4878,0.5556,0.5098,0.537,0.4808,0.5671,0.4675,0.5325,0.487,0.513,0.4588,0.5412,0.4675,0.5325,-0.0325,0.0325,,,17,2,2026-09-20,CAR @ ATL,0.0,70.0,0.0,Dome,True,B.Young,M.Penix,-10.02,-10.0,13.11,171.89,Medium,-19.0,-2.0,46.22,46.0,12.781110410158552,30.0,63.0,0.7718,0.228,0.0726,0.0748,0.7542,0.2458,0.5258,0.4386,0.5896,0.4103,-144,+144,,,,,,,,No Bet,,No Bet,,No Bet,,No Bet,,No Bet,,No Bet,,No Bet,,No Bet,,No Bet,,,,,,,,,,,,,,nan,,,,,,,,,,,,,,,2,-0.08946,-0.11270666666666666,Atlanta Falcons,Carolina Panthers,0,0,0,0,0,0,0,0,0,0,0,0,1,2.0,1.5,,,17853.880491618813,0.9998281694228951,0.999692494142156,0.0031380882626212605,0.0011833482623763518,29.834405622918077,9.87704007838204,26.19264719007362,11.250318378050128,,,0.001671031999845821,0.0014670562627754394,0.0005532153126609446,0.0006301329497154073,0.0020971892124908467,21.12735845643217,56.0270528129917,,,5196.0,2497.0
2026_02_NO_BAL,2026,2,2026-09-20,13:00,New Orleans Saints,Baltimore Ravens,Home,,,,,7,7,0,0,0,0,M&T Bank Stadium,39.2789,-76.6228,America/New_York,False,True,2,2,Sunday,0,0,NFC South,Caesars Superdome,29.9507,-90.0813,America/Chicago,AFC North,M&T Bank Stadium,39.2789,-76.6228,America/New_York,Detroit Lions,Indianapolis Colts,Ford Field,Lucas Oil Stadium,Las Vegas Raiders,Dallas Cowboys,Caesars Superdome,Maracanã Stadium,998,0,-998,998,-1.0,0.0,America/Detroit,America/Indiana/Indianapolis,0.0,0.0,-1.0,0.0,-1.0,0,-6.145,6.69,-6.145,6.69,Baltimore Ravens,12.835,Baltimore Ravens,12.835,-6.145,6.69,Baltimore Ravens,12.835,0.0,0,No,No,No,No,No,0,No,-4.37,5.1,-4.865,2.881,-5.241,6.8615,-5.241,6.8615,-3.466,5.2715,-3.9610000000000003,3.0524999999999998,Baltimore Ravens,12.1025,Baltimore Ravens,12.1025,-5.241,6.8615,Baltimore Ravens,12.1025,Baltimore Ravens,9.469999999999999,Baltimore Ravens,7.746,-4.6175,3.9905,Baltimore Ravens,8.608,Baltimore Ravens,8.7375,Baltimore Ravens,7.0135000000000005,-3.7135000000000002,4.162,Baltimore Ravens,7.875500000000001,Same,Same,Same,Same,Same,Same,False,Home Team,Home Team,46.5,-357.0,285.0,Baltimore Ravens,New Orleans Saints,-7.5,7.5,-397,302,-319,249,-8.7375,8.7375,-7.0135000000000005,7.0135000000000005,0.2597,0.7812,0.2488,0.7988,0.2865,0.7613,0.2495,0.7505,0.2375,0.7625,0.2734,0.7266,0.2495,0.7505,-0.2505,0.2505,,,18,2,2026-09-20,NO @ BAL,8.0,70.0,0.0,Historical Avg,False,T.Shough,L.Jackson,-8.32,-9.0,13.5,182.29,Med-High,-17.0,2.0,48.97,48.0,13.550570535308337,33.0,67.0,0.7294,0.2692,0.0788,0.0762,0.5272,0.4728,0.5634,0.4366,0.7422,0.2574,-288,+289,,,,,,,,No Bet,,No Bet,,No Bet,,No Bet,,No Bet,,No Bet,,No Bet,,No Bet,,No Bet,,,,,,,,,,,,,,nan,,,,,,,,,,,,,,,2,-0.029166666666666667,0.11725999999999999,Baltimore Ravens,New Orleans Saints,0,0,0,0,0,0,0,0,0,0,0,0,0,3.0,4.5,0.001,,17853.880491618813,0.9950527413888942,0.9999739944783728,0.09166337007581617,2.9249682122282917e-05,1228.2284145218837,0.1302939720927551,408.31844027076625,0.39192635693632344,,0.001,0.06879335924190003,0.02287001083391614,7.2977956895095875e-06,2.1951886432773328e-05,0.022891962720348914,0.5222203290290786,1636.5468547926498,,,5196.0,2497.0
2026_02_MIN_CHI,2026,2,2026-09-20,13:00,Minnesota Vikings,Chicago Bears,Home,,,,,7,7,0,0,0,0,Soldier Field,41.8623,-87.6167,America/Chicago,False,False,2,2,Sunday,0,0,NFC North,U.S. Bank Stadium,44.9738,-93.2575,America/Chicago,NFC North,Soldier Field,41.8623,-87.6167,America/Chicago,Green Bay Packers,Carolina Panthers,U.S. Bank Stadium,Bank of America Stadium,Tampa Bay Buccaneers,Philadelphia Eagles,Raymond James Stadium,Soldier Field,355,0,-355,355,0.0,0.0,America/Chicago,America/New_York,0.0,1.0,0.0,0.0,0.0,0,0.27,-1.575,0.27,-1.575,Minnesota Vikings,1.845,Minnesota Vikings,1.845,0.27,-1.575,Minnesota Vikings,1.845,0.0,0,No,No,No,No,No,1,No,-0.75,0.9,2.721,1.647,1.649335,-1.355835,1.649335,-1.355835,0.6642849999999999,1.084215,4.108045000000001,1.8584550000000002,Minnesota Vikings,3.0051699999999997,Minnesota Vikings,3.0051699999999997,1.649335,-1.355835,Minnesota Vikings,3.0051699999999997,Chicago Bears,1.65,Minnesota Vikings,1.074,0.9855,1.2735,Chicago Bears,0.28800000000000003,Chicago Bears,0.41993,Minnesota Vikings,2.2495900000000004,2.386165,1.471335,Minnesota Vikings,0.91483,Different,Same,Different,Same,Same,Same,False,Home Team,Away Team,45.5,-192.0,160.0,Chicago Bears,Minnesota Vikings,-3.5,3.5,-116,-104,108,-131,-0.41993,0.41993,2.2495900000000004,-2.2495900000000004,0.3846,0.6575,0.5098,0.537,0.5671,0.4808,0.3691,0.6309,0.487,0.513,0.5412,0.4588,0.3691,0.6309,-0.1309,0.1309,,,19,2,2026-09-20,MIN @ CHI,13.625,56.75,4.0,Live Forecast,False,K.Murray,C.Williams,6.53,7.0,13.71,188.03,Med-High,-3.0,16.0,46.62,46.0,12.79616740825424,30.0,64.0,0.3072,0.6914,0.077,0.079,0.2408,0.7592,0.519,0.481,0.4775,0.5222,+109,-109,,,,,,,,No Bet,,No Bet,,No Bet,,No Bet,,No Bet,,No Bet,,No Bet,,No Bet,,No Bet,,,,,,,,,,,,,,nan,,,,,,,,,,,,,,,2,0.0034799999999999996,0.039206666666666674,Chicago Bears,Minnesota Vikings,0,0,0,1,0,1,0,0,0,1,0,1,1,3.0,3.5,,,17853.880491618813,0.9956134813208755,0.9969490502540365,0.007889961570195078,5.9476585347099145e-05,88.87263129123062,0.3919428042674167,51.99379966649742,0.6699450425692581,,,0.004977776754636075,0.002912184815559003,2.1952807651614295e-05,3.7523777695484847e-05,0.0029497085932544877,1.0618878468366748,140.86643095772803,,,5196.0,2497.0
2026_02_CIN_HOU,2026,2,2026-09-20,13:00,Cincinnati Bengals,Houston Texans,Home,,,,,7,7,0,0,0,0,NRG Stadium,29.6847,-95.4093,America/Chicago,False,False,2,2,Sunday,0,0,AFC North,Paycor Stadium,39.0955,-84.5165,America/New_York,AFC South,NRG Stadium,29.6847,-95.4093,America/Chicago,Tampa Bay Buccaneers,Buffalo Bills,Paycor Stadium,NRG Stadium,Pittsburgh Steelers,Indianapolis Colts,Acrisure Stadium,Lucas Oil Stadium,897,0,-897,897,1.0,0.0,America/New_York,America/Chicago,1.0,0.0,1.0,0.0,1.0,0,1.31,0.035,1.31,0.035,Cincinnati Bengals,1.2750000000000001,Cincinnati Bengals,1.2750000000000001,1.31,0.035,Cincinnati Bengals,1.2750000000000001,0.0,0,No,No,No,No,No,0,No,-0.04,2.96,-0.609,5.008,-0.20350000000000001,-0.2085,-0.20350000000000001,-0.2085,-1.5535,2.7165,-2.1225,4.7645,Cincinnati Bengals,0.004999999999999977,Cincinnati Bengals,0.004999999999999977,-0.20350000000000001,-0.2085,Cincinnati Bengals,0.004999999999999977,Houston Texans,3.0,Houston Texans,5.617,-0.3245,3.984,Houston Texans,4.3085,Houston Texans,4.27,Houston Texans,6.8870000000000005,-1.838,3.7405,Houston Texans,5.5785,Different,Different,Different,Different,Same,Same,False,Home Team,Home Team,46.5,-135.0,114.0,Houston Texans,Cincinnati Bengals,-2.5,2.5,-224,181,-319,249,-4.27,4.27,-6.8870000000000005,6.8870000000000005,0.4673,0.5745,0.3559,0.6914,0.2865,0.7613,0.4486,0.5514,0.3398,0.6602,0.2734,0.7266,0.4486,0.5514,-0.0514,0.0514,,,20,2,2026-09-20,CIN @ HOU,0.0,70.0,0.0,Dome,True,J.Burrow,C.Stroud,-4.35,-5.0,13.69,187.34,Med-High,-14.0,6.0,50.05,50.0,13.139005500155125,33.0,67.0,0.6308,0.3688,0.0864,0.0818,0.5954,0.4046,0.591,0.409,0.6422,0.3576,-179,+180,,,,,,,,No Bet,,No Bet,,No Bet,,No Bet,,No Bet,,No Bet,,No Bet,,No Bet,,No Bet,,,,,,,,,,,,,,nan,,,,,,,,,,,,,,,2,0.10075999999999999,0.06119333333333334,Houston Texans,Cincinnati Bengals,0,0,0,0,0,0,0,1,0,0,0,1,0,4.5,4.0,,0.002,17853.880491618813,0.9988101641678305,0.9629235720384475,0.002188892999704805,0.00041821502021228106,21.54884104175477,3.3495889804145675,17.531392983915833,4.1171720102554445,0.002,,0.0012069556000372295,0.0009819373996675755,0.00018761125806722928,0.00023060376214505178,0.0012125411618126272,7.4667609906700125,39.080234025670606,,,5196.0,2497.0
2026_02_PIT_NE,2026,2,2026-09-20,13:00,Pittsburgh Steelers,New England Patriots,Home,,,,,7,11,-4,4,-4,4,Gillette Stadium,42.0628,-71.2687,America/New_York,False,False,2,2,Sunday,-4,4,AFC North,Acrisure Stadium,40.4468,-80.0158,America/New_York,AFC East,Gillette Stadium,42.0628,-71.2687,America/New_York,Atlanta Falcons,Seattle Seahawks,Acrisure Stadium,Lumen Field,Cincinnati Bengals,Jacksonville Jaguars,Acrisure Stadium,TIAA Bank Field,467,0,-467,467,0.0,0.0,America/New_York,America/Los_Angeles,0.0,-3.0,0.0,0.0,0.0,0,-0.565,-1.995,-0.565,-1.995,Pittsburgh Steelers,1.4300000000000002,Pittsburgh Steelers,1.4300000000000002,-0.565,-1.995,Pittsburgh Steelers,1.4300000000000002,0.0,0,No,No,No,No,No,0,No,0.59,5.09,0.538,4.222,-2.274,-1.5045000000000002,-2.274,-1.5045000000000002,-1.1190000000000002,5.5805,-1.171,4.7125,New England Patriots,0.7694999999999999,New England Patriots,0.7694999999999999,-2.274,-1.5045000000000002,New England Patriots,0.7694999999999999,New England Patriots,4.5,New England Patriots,3.684,0.5640000000000001,4.656000000000001,New England Patriots,4.0920000000000005,New England Patriots,6.6995000000000005,New England Patriots,5.883500000000001,-1.145,5.1465,New England Patriots,6.291499999999999,Different,Different,Same,Same,Same,Same,False,Home Team,Home Team,43.5,-217.0,180.0,New England Patriots,Pittsburgh Steelers,-4.5,4.5,-282,224,-261,208,-6.6995000000000005,6.6995000000000005,-5.883500000000001,5.883500000000001,0.3571,0.6845,0.3086,0.7382,0.3247,0.723,0.3429,0.6571,0.2948,0.7052,0.3099,0.6901,0.3429,0.6571,-0.1571,0.1571,,,21,2,2026-09-20,PIT @ NE,4.775,69.0,0.0,Live Forecast,False,A.Rodgers,D.Maye,-3.14,-4.0,13.4,179.62,Medium,-13.0,7.0,47.1,47.0,13.2657933910814,30.0,65.0,0.5946,0.4046,0.0874,0.0784,0.4852,0.5148,0.5864,0.4136,0.6618,0.338,-196,+196,,,,,,,,No Bet,,No Bet,,No Bet,,No Bet,,No Bet,,No Bet,,No Bet,,No Bet,,No Bet,,,,,,,,,,,,,,nan,,,,,,,,,,,,,,,2,-0.01724,0.08952,New England Patriots,Pittsburgh Steelers,0,0,1,0,0,0,0,0,1,0,0,0,0,3.0,4.5,,,17853.880491618813,0.9998001011754436,0.9835134469006527,0.017611681069804028,1.3984989182040829e-05,206.6164535283564,0.08561744102517616,107.82039554843007,0.16406888450756274,,,0.011572635630968227,0.006039045438835801,4.7954527905217995e-06,9.189536391519029e-06,0.0060482349752273195,0.2496863255327389,314.4368490767865,,,5196.0,2497.0
2026_02_GB_NYJ,2026,2,2026-09-20,13:00,Green Bay Packers,New York Jets,Home,,,,,7,7,0,0,0,0,MetLife Stadium,40.8136,-74.0744,America/New_York,False,True,2,2,Sunday,0,0,NFC North,Lambeau Field,44.5013,-88.0622,America/Chicago,AFC East,MetLife Stadium,40.8136,-74.0744,America/New_York,Minnesota Vikings,Tennessee Titans,U.S. Bank Stadium,Nissan Stadium,Atlanta Falcons,Detroit Lions,Lambeau Field,Ford Field,753,0,-753,753,-1.0,0.0,America/Chicago,America/Chicago,-1.0,-1.0,-1.0,0.0,-1.0,0,3.535,-3.725,3.535,-3.725,Green Bay Packers,7.26,Green Bay Packers,7.26,3.535,-3.725,Green Bay Packers,7.26,0.0,0,No,No,No,No,No,0,No,5.09,-9.26,2.933,-6.95,3.1705,-2.833,3.1705,-2.833,4.725499999999999,-8.368,2.5685,-6.058,Green Bay Packers,6.003500000000001,Green Bay Packers,6.003500000000001,3.1705,-2.833,Green Bay Packers,6.003500000000001,Green Bay Packers,14.35,Green Bay Packers,9.883,4.0115,-8.105,Green Bay Packers,12.1165,Green Bay Packers,13.093499999999999,Green Bay Packers,8.6265,3.6469999999999994,-7.213,Green Bay Packers,10.86,Same,Same,Same,Same,Same,Same,False,Away Team,Away Team,42.5,200.0,-244.0,Green Bay Packers,New York Jets,5.5,-5.5,494,-729,302,-397,13.093499999999999,-13.093499999999999,8.6265,-8.6265,0.7093,0.3333,0.8794,0.1684,0.7988,0.2488,0.6803,0.3197,0.8393,0.1607,0.7625,0.2375,0.6803,0.3197,0.1803,-0.1803,,,22,2,2026-09-20,GB @ NYJ,10.0,72.0,0.0,Historical Avg,False,J.Love,G.Smith,15.01,15.0,12.05,145.19,Low,7.0,23.0,48.6,48.0,13.010199184353917,33.0,65.0,0.1036,0.8958,0.0486,0.061,0.1976,0.8024,0.6744,0.3256,0.2054,0.7945,+387,-387,,,,,,,,No Bet,,No Bet,,No Bet,,No Bet,,No Bet,,No Bet,,No Bet,,No Bet,,No Bet,,,,,,,,,,,,,,nan,,,,,,,,,,,,,,,2,0.08401333333333334,-0.15476,Green Bay Packers,New York Jets,0,0,1,0,0,0,1,0,1,0,1,0,0,4.0,1.0,0.005,,17853.880491618813,0.9984390595231801,0.9993222133434242,0.00015031661172044706,0.04218383086681676,0.8579900224533488,512.3645945053614,1.8257447991085807,240.7804804694459,,0.005,4.805622076702692e-05,0.00010226039095342014,0.028697660138695444,0.013486170728121319,0.01358843111907474,753.1450749748074,2.6837348215619294,,,5196.0,2497.0
2026_02_CLE_TB,2026,2,2026-09-20,13:00,Cleveland Browns,Tampa Bay Buccaneers,Home,,,,,7,7,0,0,0,0,Raymond James Stadium,27.9759,-82.5033,America/New_York,False,True,2,2,Sunday,0,0,AFC North,FirstEnergy Stadium,41.5061,-81.6994,America/New_York,NFC South,Raymond James Stadium,27.9759,-82.5033,America/New_York,Jacksonville Jaguars,Cincinnati Bengals,TIAA Bank Field,Paycor Stadium,Carolina Panthers,Minnesota Vikings,FirstEnergy Stadium,Raymond James Stadium,935,0,-935,935,0.0,0.0,America/New_York,America/New_York,0.0,0.0,0.0,0.0,0.0,0,-4.705,1.025,-4.705,1.025,Tampa Bay Buccaneers,5.73,Tampa Bay Buccaneers,5.73,-4.705,1.025,Tampa Bay Buccaneers,5.73,0.0,0,No,No,No,No,No,0,No,-6.94,-1.4,-7.475,-2.096,-4.8485000000000005,-0.8415000000000001,-4.8485000000000005,-0.8415000000000001,-7.083500000000001,-3.2664999999999997,-7.6185,-3.9625000000000004,Tampa Bay Buccaneers,4.007000000000001,Tampa Bay Buccaneers,4.007000000000001,-4.8485000000000005,-0.8415000000000001,Tampa Bay Buccaneers,4.007000000000001,Tampa Bay Buccaneers,5.540000000000001,Tampa Bay Buccaneers,5.379,-7.2075,-1.748,Tampa Bay Buccaneers,5.459499999999999,Tampa Bay Buccaneers,3.817000000000001,Tampa Bay Buccaneers,3.6559999999999997,-7.351000000000001,-3.6145,Tampa Bay Buccaneers,3.736500000000001,Same,Same,Same,Same,Same,Same,False,Home Team,Home Team,42.5,-278.0,225.0,Tampa Bay Buccaneers,Cleveland Browns,-6.5,6.5,-211,171,-191,156,-3.817000000000001,3.817000000000001,-3.6559999999999997,3.6559999999999997,0.3077,0.7354,0.369,0.6785,0.3906,0.6564,0.295,0.705,0.3523,0.6477,0.3731,0.6269,0.295,0.705,-0.205,0.205,,,23,2,2026-09-20,CLE @ TB,5.425,91.25,0.0,Live Forecast,False,S.Sanders,B.Mayfield,-10.08,-10.0,13.76,189.26,Med-High,-20.0,-2.0,44.44,44.0,12.604367418303987,29.0,61.0,0.7688,0.2298,0.0746,0.0648,0.6242,0.3758,0.5454,0.4546,0.6871,0.3126,-220,+220,,,,,,,,No Bet,,No Bet,,No Bet,,No Bet,,No Bet,,No Bet,,No Bet,,No Bet,,No Bet,,,,,,,,,,,,,,nan,,,,,,,,,,,,,,,2,-0.11120666666666668,-0.019673333333333327,Tampa Bay Buccaneers,Cleveland Browns,0,0,0,0,0,0,0,0,0,0,0,0,0,1.5,3.0,0.001,,17853.880491618813,0.9999064242723551,0.9998906903625983,0.060682584978361646,4.565287823461055e-05,763.8108321889512,0.2404489044692529,319.60878793722077,0.5746321276299097,,0.001,0.04278122240974496,0.017901362568616686,1.3467599079210112e-05,3.218527915540044e-05,0.017933547847772086,0.8150810320991625,1083.4196201261718,,,5196.0,2497.0
2026_02_PHI_TEN,2026,2,2026-09-20,13:00,Philadelphia Eagles,Tennessee Titans,Home,,,,,7,7,0,0,0,0,Nissan Stadium,36.1664,-86.7716,America/Chicago,False,False,2,2,Sunday,0,0,NFC East,Lincoln Financial Field,39.9008,-75.1675,America/New_York,AFC South,Nissan Stadium,36.1664,-86.7716,America/Chicago,Washington Commanders,New York Jets,Lincoln Financial Field,Nissan Stadium,Chicago Bears,New York Giants,Soldier Field,MetLife Stadium,681,0,-681,681,1.0,0.0,America/New_York,America/Chicago,1.0,0.0,1.0,0.0,1.0,0,4.905,-4.36,4.905,-4.36,Philadelphia Eagles,9.265,Philadelphia Eagles,9.265,4.905,-4.36,Philadelphia Eagles,9.265,0.0,0,No,No,No,No,No,0,No,5.52,-8.19,3.682,-8.36,3.6080000000000005,-6.026,3.6080000000000005,-6.026,4.223,-9.856,2.385,-10.026,Philadelphia Eagles,9.634,Philadelphia Eagles,9.634,3.6080000000000005,-6.026,Philadelphia Eagles,9.634,Philadelphia Eagles,13.709999999999999,Philadelphia Eagles,12.042,4.601,-8.274999999999999,Philadelphia Eagles,12.875999999999998,Philadelphia Eagles,14.079,Philadelphia Eagles,12.411,3.304,-9.940999999999999,Philadelphia Eagles,13.245,Same,Same,Same,Same,Same,Same,False,Away Team,Away Team,42.5,180.0,-217.0,Philadelphia Eagles,Tennessee Titans,4.5,-4.5,573,-890,466,-675,14.079,-14.079,12.411,-12.411,0.6845,0.3571,0.899,0.1486,0.871,0.1767,0.6571,0.3429,0.8582,0.1418,0.8314,0.1686,0.6571,0.3429,0.1571,-0.1571,,,24,2,2026-09-20,PHI @ TEN,6.0,78.0,0.0,Historical Avg,False,J.Hurts,C.Ward,16.26,17.0,12.36,152.68,Low,8.0,24.0,45.75,45.0,12.601025725307682,30.0,62.0,0.0924,0.9072,0.043,0.0534,0.1544,0.8456,0.6012,0.3988,0.1864,0.8135,+436,-436,,,,,,,,No Bet,,No Bet,,No Bet,,No Bet,,No Bet,,No Bet,,No Bet,,No Bet,,No Bet,,,,,,,,,,,,,,nan,,,,,,,,,,,,,,,2,0.08020666666666666,-0.11992666666666667,Philadelphia Eagles,Tennessee Titans,0,0,1,0,1,0,0,0,1,0,1,0,0,4.0,1.5,,0.033,17853.880491618813,0.9952823873587354,0.9511788671056874,0.00013695596493360868,0.0219002117221368,0.8384575131318183,256.928572554397,1.6067379174071679,134.07519027378288,0.033,,4.696220037573441e-05,8.999376455787426e-05,0.014390629122616093,0.007509582599520708,0.007599576364078583,391.0037628281799,2.4451954305389862,,,5196.0,2497.0
2026_02_JAX_DEN,2026,2,2026-09-20,16:05,Jacksonville Jaguars,Denver Broncos,Home,,,,,7,6,1,-1,1,-1,Empower Field at Mile High,39.7648,-105.0076,America/Denver,False,False,2,2,Sunday,1,-1,AFC South,TIAA Bank Field,30.3239,-81.6554,America/New_York,AFC West,Empower Field at Mile High,39.7648,-105.0076,America/Denver,Cleveland Browns,Kansas City Chiefs,TIAA Bank Field,GEHA Field at Arrowhead Stadium,New England Patriots,Los Angeles Rams,TIAA Bank Field,Empower Field at Mile High,1466,0,-1466,1466,2.0,0.0,America/New_York,America/Chicago,2.0,1.0,2.0,0.0,2.0,0,-1.825,2.05,-1.825,2.05,Denver Broncos,3.875,Denver Broncos,3.875,-1.825,2.05,Denver Broncos,3.875,-0.15,0,No,No,No,No,No,0,Yes,5.41,-0.48,3.85,3.499,-0.843,1.3195,-0.843,1.3195,6.392,-1.2105000000000001,4.832,2.7685000000000004,Denver Broncos,2.1624999999999996,Denver Broncos,2.1624999999999996,-0.843,1.3195,Denver Broncos,2.1624999999999996,Jacksonville Jaguars,5.890000000000001,Jacksonville Jaguars,0.351,4.63,1.5095,Jacksonville Jaguars,3.1205,Jacksonville Jaguars,7.602500000000001,Jacksonville Jaguars,2.0634999999999994,5.612,0.7790000000000001,Jacksonville Jaguars,4.833,Different,Different,Different,Different,Same,Same,False,Away Team,Away Team,43.5,-154.0,130.0,Denver Broncos,Jacksonville Jaguars,-2.75,2.75,268,-346,108,-131,7.602500000000001,-7.602500000000001,2.0634999999999994,-2.0634999999999994,0.4348,0.6063,0.7758,0.2717,0.5671,0.4808,0.4176,0.5824,0.7406,0.2594,0.5412,0.4588,0.4176,0.5824,-0.0824,0.0824,,,25,2,2026-09-20,JAX @ DEN,8.0,75.0,0.0,Historical Avg,False,T.Lawrence,B.Nix,-0.51,-1.0,13.46,181.12,Med-High,-10.0,9.0,46.85,47.0,13.15131141895772,30.0,64.0,0.514,0.4854,0.0956,0.091,0.4754,0.5246,0.581,0.419,0.4537,0.5462,+120,-120,,,,,,,,No Bet,,No Bet,,No Bet,,No Bet,,No Bet,,No Bet,,No Bet,,No Bet,,No Bet,,,,,,,,,,,,,,nan,,,,,,,,,,,,,,,2,0.00944,0.06342,Denver Broncos,Jacksonville Jaguars,0,1,0,0,0,0,0,1,0,1,0,1,0,3.5,4.0,,,17853.880491618813,0.9998093240707117,0.7229939927716756,0.005435569701036693,0.00030306551025326703,56.51959729921134,2.2595899195383247,40.526414546961966,3.1513054816549815,,,0.00316567579388377,0.0022698939071529225,0.00012656015708176432,0.0001765053531715027,0.0024463992603244254,5.410895401193305,97.04601184617331,,,5196.0,2497.0
2026_02_LV_LAC,2026,2,2026-09-20,16:05,Las Vegas Raiders,Los Angeles Chargers,Home,,,,,7,7,0,0,0,0,SoFi Stadium,33.9535,-118.3395,America/Los_Angeles,False,False,2,2,Sunday,0,0,AFC West,Allegiant Stadium,36.108,-115.1578,America/Los_Angeles,AFC West,SoFi Stadium,33.9535,-118.3395,America/Los_Angeles,Miami Dolphins,Arizona Cardinals,Allegiant Stadium,SoFi Stadium,New Orleans Saints,Buffalo Bills,Caesars Superdome,Highmark Stadium,233,0,-233,233,0.0,0.0,America/Los_Angeles,America/Los_Angeles,0.0,0.0,0.0,0.0,0.0,0,-2.35,0.935,-2.35,0.935,Los Angeles Chargers,3.285,Los Angeles Chargers,3.285,-2.35,0.935,Los Angeles Chargers,3.285,0.0,0,No,No,No,No,No,1,No,-8.15,1.12,-7.588,0.527,-2.34546,0.8924600000000001,-2.34546,0.8924600000000001,-8.085609999999999,1.0176100000000001,-7.53516,0.43616000000000005,Los Angeles Chargers,3.2379200000000004,Los Angeles Chargers,3.2379200000000004,-2.34546,0.8924600000000001,Los Angeles Chargers,3.2379200000000004,Los Angeles Chargers,9.27,Los Angeles Chargers,8.115,-7.869,0.8235000000000001,Los Angeles Chargers,8.692499999999999,Los Angeles Chargers,9.103219999999999,Los Angeles Chargers,7.97132,-7.810385,0.7268850000000001,Los Angeles Chargers,8.53727,Same,Same,Same,Same,Same,Same,False,Home Team,Home Team,42.5,-357.0,285.0,Los Angeles Chargers,Las Vegas Raiders,-8.5,8.5,-416,314,-366,282,-9.103219999999999,9.103219999999999,-7.97132,7.97132,0.2597,0.7812,0.2415,0.8062,0.2618,0.7854,0.2495,0.7505,0.2305,0.7695,0.25,0.75,0.2495,0.7505,-0.2505,0.2505,,,26,2,2026-09-20,LV @ LAC,0.0,70.0,0.0,Dome,True,K.Cousins,J.Herbert,-11.15,-12.0,12.83,164.57,Med-Low,-20.0,-3.0,39.47,39.0,11.908756219477286,25.0,55.0,0.8118,0.1876,0.0616,0.0582,0.6074,0.3926,0.3864,0.6136,0.7704,0.2294,-336,+336,,,,,,,,No Bet,,No Bet,,No Bet,,No Bet,,No Bet,,No Bet,,No Bet,,No Bet,,No Bet,,,,,,,,,,,,,,nan,,,,,,,,,,,,,,,2,-0.15611333333333333,0.031946666666666665,Los Angeles Chargers,Las Vegas Raiders,0,0,0,0,0,0,0,0,0,0,0,0,1,1.0,3.5,,0.287,17853.880491618813,0.5860760587376816,0.950397491619983,0.09034174876778672,0.00017005317865749118,1210.5195648208883,0.7575092276782023,402.43122108302697,2.278599901292548,0.287,,0.06780148245022392,0.0225402663175628,4.242826807504405e-05,0.00012762491058244713,0.022667891228145245,3.0361091289707502,1612.9507859039152,,,5196.0,2497.0
2026_02_SEA_ARI,2026,2,2026-09-20,16:25,Seattle Seahawks,Arizona Cardinals,Home,,,,,11,7,4,-4,4,-4,State Farm Stadium,33.5277,-112.262608,America/Denver,False,False,2,2,Sunday,4,-4,NFC West,Lumen Field,47.5952,-122.3316,America/Los_Angeles,NFC West,State Farm Stadium,33.5277,-112.262608,America/Denver,New England Patriots,Los Angeles Chargers,Lumen Field,SoFi Stadium,Washington Commanders,San Francisco 49ers,FedExField,Levi's Stadium,1103,0,-1103,1103,-1.0,0.0,America/Los_Angeles,America/Los_Angeles,-1.0,-1.0,-1.0,0.0,-1.0,0,-0.13,0.075,-0.13,0.075,Arizona Cardinals,0.20500000000000002,Arizona Cardinals,0.20500000000000002,-0.13,0.075,Arizona Cardinals,0.20500000000000002,0.0,0,No,No,No,No,No,1,No,10.42,-4.4,10.022,-3.837,0.25090499999999993,-1.326405,0.25090499999999993,-1.326405,10.650655,-5.651155000000001,10.262265000000001,-5.097765,Seattle Seahawks,1.57731,Seattle Seahawks,1.57731,0.25090499999999993,-1.326405,Seattle Seahawks,1.57731,Seattle Seahawks,14.82,Seattle Seahawks,13.859,10.221,-4.1185,Seattle Seahawks,14.339500000000001,Seattle Seahawks,16.301810000000003,Seattle Seahawks,15.360030000000002,10.45646,-5.374460000000001,Seattle Seahawks,15.83092,Different,Different,Same,Same,Same,Same,False,Away Team,Away Team,44.5,400.0,-526.0,Seattle Seahawks,Arizona Cardinals,10.0,-10.0,728,-1267,702,-1197,16.301810000000003,-16.301810000000003,15.360030000000002,-15.360030000000002,0.8403,0.2,0.9268,0.1208,0.9229,0.1247,0.8077,0.1923,0.8847,0.1153,0.881,0.119,0.8077,0.1923,0.3077,-0.3077,,,27,2,2026-09-20,SEA @ ARI,0.0,70.0,0.0,Dome,True,S.Darnold,J.Brissett,14.85,15.0,12.47,155.59,Low,7.0,23.0,47.93,47.0,12.806690888215474,32.0,65.0,0.1198,0.8794,0.0466,0.0508,0.3158,0.6346,0.5842,0.4158,0.1366,0.8632,+632,-631,,,,,,,,No Bet,,No Bet,,No Bet,,No Bet,,No Bet,,No Bet,,No Bet,,No Bet,,No Bet,,,,,,,,,,,,,,nan,,,,,,,,,,,,,,,2,0.11888666666666665,-0.24162666666666663,Seattle Seahawks,Arizona Cardinals,0,0,0,0,0,0,1,0,0,0,1,0,1,4.5,0.0,,,17853.880491618813,0.9998715943489345,0.9921693097381278,0.00019828615532721481,0.1517729732036658,0.6807760987042009,2188.6541915945877,2.8594012216504576,521.0823338413263,,,3.813042766942341e-05,0.0001601557276577914,0.12258703045660087,0.029185942747064944,0.029346098474722734,2709.736525435914,3.5401773203546583,,,5196.0,2497.0
2026_02_WAS_DAL,2026,2,2026-09-20,16:25,Washington Commanders,Dallas Cowboys,Home,,,,,7,7,0,0,0,0,AT&T Stadium,32.7369,-97.0826,America/Chicago,False,True,2,2,Sunday,0,0,NFC East,FedExField,38.9077,-76.8645,America/New_York,NFC East,AT&T Stadium,32.7369,-97.0826,America/Chicago,Philadelphia Eagles,New York Giants,Lincoln Financial Field,MetLife Stadium,Seattle Seahawks,Baltimore Ravens,FedExField,Maracanã Stadium,1206,0,-1206,1206,1.0,0.0,America/New_York,America/New_York,1.0,1.0,1.0,0.0,1.0,0,1.45,-0.615,1.45,-0.615,Washington Commanders,2.065,Washington Commanders,2.065,1.45,-0.615,Washington Commanders,2.065,0.0,0,No,No,No,No,No,1,No,-5.43,-1.01,-1.427,-3.616,2.05097,-0.59797,2.05097,-0.59797,-4.76418,-1.05782,-0.8272700000000001,-3.59773,Washington Commanders,2.64894,Washington Commanders,2.64894,2.05097,-0.59797,Washington Commanders,2.64894,Dallas Cowboys,4.42,Washington Commanders,2.189,-3.4284999999999997,-2.313,Dallas Cowboys,1.1154999999999995,Dallas Cowboys,3.7063599999999997,Washington Commanders,2.77046,-2.795725,-2.327775,Dallas Cowboys,0.4679500000000001,Different,Same,Different,Same,Same,Same,False,Home Team,Away Team,51.5,-204.0,170.0,Dallas Cowboys,Washington Commanders,-4.5,4.5,-191,156,135,-164,-3.7063599999999997,3.7063599999999997,2.77046,-2.77046,0.3704,0.6711,0.3906,0.6564,0.6212,0.4255,0.3556,0.6444,0.3731,0.6269,0.5935,0.4065,0.3556,0.6444,-0.1444,0.1444,,,28,2,2026-09-20,WAS @ DAL,0.0,70.0,0.0,Dome,True,J.Daniels,D.Prescott,2.38,3.0,13.29,176.5,Medium,-7.0,11.0,61.19,61.0,14.200664870933167,43.0,80.0,0.432,0.5674,0.0994,0.0848,0.3168,0.6832,0.7458,0.2542,0.5274,0.4724,-112,+112,,,,,,,,No Bet,,No Bet,,No Bet,,No Bet,,No Bet,,No Bet,,No Bet,,No Bet,,No Bet,,,,,,,,,,,,,,nan,,,,,,,,,,,,,,,2,-0.029486666666666668,0.02494666666666667,Dallas Cowboys,Washington Commanders,0,1,0,0,0,0,0,0,0,1,0,0,1,3.0,3.5,0.001,,17853.880491618813,0.9949750439804991,0.9999483849734196,0.01224200720111773,2.4616375877288255e-05,140.84478973723108,0.15628542943253476,77.72254380906175,0.28321240361733796,,0.001,0.007888749440400264,0.004353257760717466,8.753583261963705e-06,1.5862792615324548e-05,0.00436912055333279,0.4394978330498727,218.56733354629284,,,5196.0,2497.0
2026_02_MIA_SF,2026,2,2026-09-20,16:25,Miami Dolphins,San Francisco 49ers,Home,,,,,7,10,-3,3,-3,3,Levi's Stadium,37.4031,-121.9702,America/Los_Angeles,False,True,2,2,Sunday,-3,3,AFC East,Hard Rock Stadium,25.9602,-80.2384,America/New_York,NFC West,Levi's Stadium,37.4031,-121.9702,America/Los_Angeles,Las Vegas Raiders,Los Angeles Rams,Allegiant Stadium,Melbourne Cricket Ground,Kansas City Chiefs,Arizona Cardinals,Hard Rock Stadium,Levi's Stadium,2553,0,-2553,2553,3.0,0.0,America/Los_Angeles,America/Los_Angeles,0.0,0.0,0.0,0.0,0.0,0,0.66,3.325,0.66,3.325,San Francisco 49ers,2.665,San Francisco 49ers,2.665,0.66,3.325,San Francisco 49ers,2.665,0.0,0,No,No,No,No,No,0,No,-5.46,3.57,-3.956,2.606,-0.8695,2.0405,-0.8695,2.0405,-6.9895,2.2855,-5.4855,1.3215,San Francisco 49ers,2.91,San Francisco 49ers,2.91,-0.8695,2.0405,San Francisco 49ers,2.91,San Francisco 49ers,9.03,San Francisco 49ers,6.561999999999999,-4.708,3.088,San Francisco 49ers,7.796,San Francisco 49ers,9.274999999999999,San Francisco 49ers,6.807,-6.2375,1.8034999999999999,San Francisco 49ers,8.041,Same,Same,Same,Same,Same,Same,False,Home Team,Home Team,46.5,-667.0,490.0,San Francisco 49ers,Miami Dolphins,-10.5,10.5,-436,327,-319,249,-9.274999999999999,9.274999999999999,-6.807,6.807,0.1695,0.8696,0.2342,0.8134,0.2865,0.7613,0.1631,0.8369,0.2235,0.7765,0.2734,0.7266,0.1631,0.8369,-0.3369,0.3369,,,29,2,2026-09-20,MIA @ SF,6.8500000000000005,90.8,0.0,Live Forecast,False,M.Willis,B.Purdy,-12.82,-13.0,12.82,164.37,Med-Low,-21.0,-5.0,53.87,54.0,13.218986575423104,37.0,71.0,0.845,0.1546,0.0588,0.0604,0.5798,0.4202,0.7072,0.2928,0.7962,0.2036,-391,+391,,,,,,,,No Bet,,No Bet,,No Bet,,No Bet,,No Bet,,No Bet,,No Bet,,No Bet,,No Bet,,,,,,,,,,,,,,nan,,,,,,,,,,,,,,,2,-0.22869333333333333,0.07994,San Francisco 49ers,Miami Dolphins,0,0,0,0,0,0,0,0,0,0,0,0,0,0.0,4.0,0.003,,17853.880491618813,0.9998276745759,0.9994710691706086,0.2992588534271049,0.00018636734452333946,4471.499627727023,0.5426957263852545,871.4321774193783,2.784684570274798,,0.003,0.25044973443314406,0.04880911899396084,3.0396513891756665e-05,0.0001559708306315828,0.048965089824592425,3.3273802966600527,5342.9318051464015,,,5196.0,2497.0
2026_02_IND_KC,2026,2,2026-09-20,20:20,Indianapolis Colts,Kansas City Chiefs,Home,,,,,7,6,1,-1,1,-1,GEHA Field at Arrowhead Stadium,39.0489,-94.4839,America/Chicago,False,False,2,2,Sunday,1,-1,AFC South,Lucas Oil Stadium,39.7601,-86.1638,America/Indiana/Indianapolis,AFC West,GEHA Field at Arrowhead Stadium,39.0489,-94.4839,America/Chicago,Baltimore Ravens,Denver Broncos,Lucas Oil Stadium,GEHA Field at Arrowhead Stadium,Houston Texans,Miami Dolphins,Lucas Oil Stadium,Hard Rock Stadium,446,0,-446,446,1.0,0.0,America/Indiana/Indianapolis,America/Chicago,1.0,0.0,1.0,0.0,1.0,0,-2.265,4.395,-2.265,4.395,Kansas City Chiefs,6.66,Kansas City Chiefs,6.66,-2.265,4.395,Kansas City Chiefs,6.66,0.0,0,No,No,No,No,No,0,Yes,0.93,-2.17,0.288,0.625,-1.4035,2.0564999999999993,-1.4035,2.0564999999999993,1.7915,-4.5085,1.1495,-1.7134999999999998,Kansas City Chiefs,3.459999999999999,Kansas City Chiefs,3.459999999999999,-1.4035,2.0564999999999993,Kansas City Chiefs,3.459999999999999,Indianapolis Colts,3.1,Kansas City Chiefs,0.337,0.609,-0.7725,Indianapolis Colts,1.3815,Indianapolis Colts,6.3,Indianapolis Colts,2.8629999999999995,1.4705,-3.1109999999999998,Indianapolis Colts,4.5815,Different,Different,Different,Different,Same,Different,False,Away Team,Away Team,47.5,-323.0,260.0,Kansas City Chiefs,Indianapolis Colts,-6.0,6.0,224,-282,135,-164,6.3,-6.3,2.8629999999999995,-2.8629999999999995,0.2778,0.7636,0.7382,0.3086,0.6212,0.4255,0.2667,0.7333,0.7052,0.2948,0.5935,0.4065,0.2667,0.7333,-0.2333,0.2333,,,30,2,2026-09-20,IND @ KC,10.0,60.0,0.0,Historical Avg,False,D.Jones,P.Mahomes,4.04,5.0,13.73,188.51,Med-High,-6.0,14.0,52.4,52.0,13.567690791239361,36.0,70.10000000000036,0.3828,0.6164,0.0882,0.0834,0.2374,0.7402,0.618,0.382,0.4544,0.5454,+120,-120,,,,,,,,No Bet,,No Bet,,No Bet,,No Bet,,No Bet,,No Bet,,No Bet,,No Bet,,No Bet,,,,,,,,,,,,,,nan,,,,,,,,,,,,,,,2,-0.0145,0.08698000000000002,Kansas City Chiefs,Indianapolis Colts,0,0,0,1,0,0,0,0,0,1,0,0,0,3.0,4.5,,0.004,17853.880491618813,0.996967548246129,0.9998271010306715,0.06097045675639883,7.121776052795534e-06,798.2404968870338,0.03391126198720028,290.31875156112363,0.09324007654748395,0.004,,0.04470963593946726,0.016260820816931573,1.8993776732805688e-06,5.222398379514966e-06,0.01626604321531109,0.12715133853468422,1088.5592484481576,,,5196.0,2497.0
2026_02_NYG_LA,2026,2,2026-09-21,20:15,New York Giants,Los Angeles Rams,Home,,,,,8,11,-3,3,-3,3,SoFi Stadium,33.9535,-118.3395,America/Los_Angeles,False,False,2,2,Monday,-3,3,NFC East,MetLife Stadium,40.8136,-74.0744,America/New_York,NFC West,SoFi Stadium,33.9535,-118.3395,America/Los_Angeles,Dallas Cowboys,San Francisco 49ers,MetLife Stadium,Melbourne Cricket Ground,Tennessee Titans,Denver Broncos,MetLife Stadium,Empower Field at Mile High,2448,0,-2448,2448,3.0,0.0,America/New_York,America/Los_Angeles,3.0,0.0,3.0,0.0,3.0,0,-2.84,1.29,-2.84,1.29,Los Angeles Rams,4.13,Los Angeles Rams,4.13,-2.84,1.29,Los Angeles Rams,4.13,-0.22499999999999998,0,No,No,No,No,No,0,No,-3.53,8.12,-5.014,7.087,-2.173,0.9530000000000001,-2.173,0.9530000000000001,-2.8629999999999995,7.7829999999999995,-4.347,6.75,Los Angeles Rams,3.1260000000000003,Los Angeles Rams,3.1260000000000003,-2.173,0.9530000000000001,Los Angeles Rams,3.1260000000000003,Los Angeles Rams,11.649999999999999,Los Angeles Rams,12.100999999999999,-4.272,7.6034999999999995,Los Angeles Rams,11.875499999999999,Los Angeles Rams,10.645999999999999,Los Angeles Rams,11.097000000000001,-3.605,7.2665,Los Angeles Rams,10.8715,Same,Same,Same,Same,Same,Same,False,Home Team,Home Team,48.0,-400.0,310.0,Los Angeles Rams,New York Giants,-9.0,9.0,-538,389,-567,406,-10.645999999999999,10.645999999999999,-11.097000000000001,11.097000000000001,0.2439,0.8,0.2045,0.8433,0.1976,0.8501,0.2336,0.7664,0.1952,0.8048,0.1886,0.8114,0.2336,0.7664,-0.2664,0.2664,,,31,2,2026-09-21,NYG @ LA,0.0,70.0,0.0,Dome,True,J.Dart,M.Stafford,-14.5,-15.0,13.1,171.55,Medium,-23.0,-6.0,53.16,53.0,13.40514699036033,36.0,71.0,0.8628,0.1372,0.0538,0.0606,0.6634,0.3138,0.6312,0.348,0.8114,0.1886,-430,+430,,,,,,,,No Bet,,No Bet,,No Bet,,No Bet,,No Bet,,No Bet,,No Bet,,No Bet,,No Bet,,,,,,,,,,,,,,nan,,,,,,,,,,,,,,,2,-0.04386,0.14393999999999998,Los Angeles Rams,New York Giants,0,1,0,0,0,0,0,0,0,1,0,0,0,2.5,5.0,,,17853.880491618813,0.9882980400975394,0.9997458277620743,0.12511888474088903,2.9719915139577864e-05,1712.0284764490448,0.12395185394555051,521.8291389594167,0.4066639591775253,,,0.09589111326541735,0.029227771475471676,6.942572176605389e-06,2.2777342962972477e-05,0.029250548818434648,0.5306158131230758,2233.8576154084612,,,5196.0,2497.0
2026_03_ATL_GB,2026,3,2026-09-24,20:15,Atlanta Falcons,Green Bay Packers,Home,,,,,4,4,0,0,0,0,Lambeau Field,44.5013,-88.0622,America/Chicago,False,False,3,3,Thursday,0,0,NFC South,Mercedes-Benz Stadium,33.7489,-84.388,America/New_York,NFC North,Lambeau Field,44.5013,-88.0622,America/Chicago,Carolina Panthers,New York Jets,Mercedes-Benz Stadium,MetLife Stadium,New Orleans Saints,Tampa Bay Buccaneers,Caesars Superdome,Raymond James Stadium,768,0,-768,768,1.0,0.0,America/New_York,America/New_York,1.0,1.0,1.0,0.0,1.0,0,-0.71,3.535,-0.71,3.535,Green Bay Packers,4.245,Green Bay Packers,4.245,-0.71,3.535,Green Bay Packers,4.245,0.0,0,No,No,No,No,No,0,No,-0.79,5.09,-0.101,2.933,0.05899999999999994,3.8245,0.05899999999999994,3.8245,-0.02100000000000013,5.3795,0.6679999999999999,3.2224999999999997,Green Bay Packers,3.7655000000000003,Green Bay Packers,3.7655000000000003,0.05899999999999994,3.8245,Green Bay Packers,3.7655000000000003,Green Bay Packers,5.88,Green Bay Packers,3.034,-0.4455,4.0115,Green Bay Packers,4.457,Green Bay Packers,5.4005,Green Bay Packers,2.5545,0.3234999999999999,4.301,Green Bay Packers,3.9775,Same,Same,Same,Same,Same,Same,True,Home Team,Home Team,46.5,-385.0,300.0,Green Bay Packers,Atlanta Falcons,-7.5,7.5,-244,195,-142,117,-5.4005,5.4005,-2.5545,2.5545,0.25,0.7938,0.339,0.7093,0.4608,0.5868,0.2395,0.7605,0.3234,0.6766,0.4399,0.5601,0.2395,0.7605,-0.2605,0.2605,,,32,3,2026-09-24,ATL @ GB,10.0,65.0,0.0,Historical Avg,False,M.Penix,J.Love,-4.28,-5.0,12.83,164.6,Med-Low,-13.0,5.0,49.86,49.0,13.491011693690872,33.0,68.0,0.6266,0.372,0.0922,0.0984,0.4066,0.5934,0.5844,0.4156,0.656,0.3437,-191,+191,,,,,,,,No Bet,,No Bet,,No Bet,,No Bet,,No Bet,,No Bet,,No Bet,,No Bet,,No Bet,,,,,,,,,,,,,,nan,,,,,,,,,,,,,,,3,-0.10214999999999999,0.07140714285714286,Green Bay Packers,Atlanta Falcons,0,0,0,1,0,0,0,1,0,1,0,1,0,1.5,4.0,,,13754.975982104432,0.9620728139135769,0.9976591794034481,0.1795347468212501,3.7095819737384664e-05,1878.0518072296557,0.12220538023104627,591.4443232498392,0.3880467292931553,0.11606673547130808,0.00015262598813199,0.13653617495756068,0.04299857186368941,8.884448827103626e-06,2.8211370910281037e-05,0.04302678323459969,0.5102521095242016,2469.496130479495,,,4911.0,285.0
2026_03_LAC_BUF,2026,3,2026-09-27,13:00,Los Angeles Chargers,Buffalo Bills,Home,,,,,7,10,-3,3,-3,3,Highmark Stadium,42.7725,-78.7877,America/New_York,False,False,3,3,Sunday,-3,3,AFC West,SoFi Stadium,33.9535,-118.3395,America/Los_Angeles,AFC East,Highmark Stadium,42.7725,-78.7877,America/New_York,Las Vegas Raiders,Detroit Lions,SoFi Stadium,Highmark Stadium,Seattle Seahawks,New England Patriots,Lumen Field,Highmark Stadium,2204,0,-2204,2204,-3.0,0.0,America/Los_Angeles,America/New_York,-3.0,0.0,-3.0,0.0,-3.0,0,0.935,4.795,0.935,4.795,Buffalo Bills,3.86,Buffalo Bills,3.86,0.935,4.795,Buffalo Bills,3.86,-0.44999999999999996,0,No,No,No,No,No,0,No,1.12,6.16,0.527,3.416,-0.10549999999999989,4.7675,-0.10549999999999989,4.7675,0.07950000000000017,6.1325,-0.5135,3.3885,Buffalo Bills,4.873,Buffalo Bills,4.873,-0.10549999999999989,4.7675,Buffalo Bills,4.873,Buffalo Bills,5.04,Buffalo Bills,2.889,0.8235000000000001,4.788,Buffalo Bills,3.9645,Buffalo Bills,6.053,Buffalo Bills,3.902,-0.2169999999999999,4.7605,Buffalo Bills,4.9775,Same,Same,Same,Same,Same,Same,False,Home Team,Home Team,48.5,-161.0,136.0,Buffalo Bills,Los Angeles Chargers,-3.0,3.0,-261,208,-211,171,-6.053,6.053,-3.902,3.902,0.4237,0.6169,0.3247,0.723,0.369,0.6785,0.4072,0.5928,0.3099,0.6901,0.3523,0.6477,0.4072,0.5928,-0.0928,0.0928,,,33,3,2026-09-27,LAC @ BUF,12.0,65.0,0.0,Historical Avg,False,J.Herbert,J.Allen,-2.84,-4.0,14.39,207.03,High,-13.0,7.25,49.67,49.0,12.99156781943124,33.0,67.0,0.584,0.4148,0.0808,0.0774,0.5048,0.4504,0.5204,0.4796,0.6286,0.3711,-169,+169,,,,,,,,No Bet,,No Bet,,No Bet,,No Bet,,No Bet,,No Bet,,No Bet,,No Bet,,No Bet,,,,,,,,,,,,,,nan,,,,,,,,,,,,,,,3,0.040857142857142856,0.11836428571428571,Buffalo Bills,Los Angeles Chargers,0,1,0,0,0,1,0,0,0,1,0,1,0,3.5,4.5,,,13754.975982104432,0.9958563269345565,0.49807012063965767,0.006292163151561231,0.0004581788313172628,51.30598223334287,2.56627164761705,35.242570791864395,3.7359671726605774,0.025127334587957115,0.0012598029349578039,0.003729994316245498,0.0025621688353157333,0.00018657042011238943,0.0002716084112048734,0.002833777246520607,6.302238820277628,86.54855302520727,,,4911.0,285.0
2026_03_CAR_CLE,2026,3,2026-09-27,13:00,Carolina Panthers,Cleveland Browns,Home,,,,,7,7,0,0,0,0,FirstEnergy Stadium,41.5061,-81.6994,America/New_York,False,True,3,3,Sunday,0,0,NFC South,Bank of America Stadium,35.2258,-80.8528,America/New_York,AFC North,FirstEnergy Stadium,41.5061,-81.6994,America/New_York,Atlanta Falcons,Tampa Bay Buccaneers,Mercedes-Benz Stadium,Raymond James Stadium,Detroit Lions,Pittsburgh Steelers,Bank of America Stadium,FirstEnergy Stadium,436,0,-436,436,0.0,0.0,America/New_York,America/New_York,0.0,0.0,0.0,0.0,0.0,0,-5.25,-4.705,-5.25,-4.705,Cleveland Browns,0.5449999999999999,Cleveland Browns,0.5449999999999999,-5.25,-4.705,Cleveland Browns,0.5449999999999999,0.0,0,No,No,No,No,No,0,No,-3.79,-6.94,-4.367,-7.475,-3.6465,-4.5615,-3.6465,-4.5615,-2.1865,-6.7965,-2.7635,-7.331499999999999,Carolina Panthers,0.9149999999999996,Carolina Panthers,0.9149999999999996,-3.6465,-4.5615,Carolina Panthers,0.9149999999999996,Carolina Panthers,3.1500000000000004,Carolina Panthers,3.1079999999999997,-4.0785,-7.2075,Carolina Panthers,3.1289999999999996,Carolina Panthers,4.609999999999999,Carolina Panthers,4.568,-2.475,-7.064,Carolina Panthers,4.589,Different,Different,Same,Same,Same,Same,False,Away Team,Away Team,39.5,102.0,-122.0,Carolina Panthers,Cleveland Browns,1.5,-1.5,181,-224,181,-224,4.609999999999999,-4.609999999999999,4.568,-4.568,0.5495,0.495,0.6914,0.3559,0.6914,0.3559,0.5261,0.4739,0.6602,0.3398,0.6602,0.3398,0.5261,0.4739,0.0261,-0.0261,,,34,3,2026-09-27,CAR @ CLE,10.0,60.0,0.0,Historical Avg,False,B.Young,S.Sanders,6.75,7.0,13.62,185.62,Med-High,-3.0,16.0,39.88,39.0,12.318296591906904,24.0,56.0,0.3126,0.6868,0.0808,0.0796,0.3302,0.6698,0.4912,0.5088,0.3665,0.6333,+173,-173,,,,,,,,No Bet,,No Bet,,No Bet,,No Bet,,No Bet,,No Bet,,No Bet,,No Bet,,No Bet,,,,,,,,,,,,,,nan,,,,,,,,,,,,,,,3,-0.09771428571428571,-0.1172857142857143,Carolina Panthers,Cleveland Browns,0,0,0,0,0,0,0,0,0,0,0,0,0,2.0,1.5,,,13754.975982104432,0.9998732094956901,0.9989744238168256,0.0021409327692810264,0.0018779610245968745,13.955634113158563,13.5898515537131,15.492844707602282,12.24145723494514,0.004556394934594835,0.008438083676423739,0.0010145880393622783,0.001126344729918748,0.0009879952950404157,0.0008899657295564588,0.002016310459475207,25.831308788658237,29.448478820760847,,,4911.0,285.0
2026_03_NYJ_DET,2026,3,2026-09-27,13:00,New York Jets,Detroit Lions,Home,,,,,7,10,-3,3,-3,3,Ford Field,42.3395,-83.045,America/Detroit,False,False,3,3,Sunday,-3,3,AFC East,MetLife Stadium,40.8136,-74.0744,America/New_York,NFC North,Ford Field,42.3395,-83.045,America/Detroit,Green Bay Packers,Buffalo Bills,MetLife Stadium,Highmark Stadium,Chicago Bears,Carolina Panthers,Soldier Field,Bank of America Stadium,475,0,-475,475,0.0,0.0,America/New_York,America/New_York,0.0,0.0,0.0,0.0,0.0,0,-3.725,4.305,-3.725,4.305,Detroit Lions,8.03,Detroit Lions,8.03,-3.725,4.305,Detroit Lions,8.03,0.0,0,No,No,No,No,No,0,No,-9.26,3.98,-6.95,3.658,-4.992000000000001,3.8459999999999996,-4.992000000000001,3.8459999999999996,-10.527,3.5210000000000004,-8.217,3.1990000000000003,Detroit Lions,8.838000000000001,Detroit Lions,8.838000000000001,-4.992000000000001,3.8459999999999996,Detroit Lions,8.838000000000001,Detroit Lions,13.24,Detroit Lions,10.608,-8.105,3.819,Detroit Lions,11.924,Detroit Lions,14.048,Detroit Lions,11.416,-9.372,3.3600000000000003,Detroit Lions,12.732,Same,Same,Same,Same,Same,Same,False,Home Team,Home Team,45.5,-417.0,320.0,Detroit Lions,New York Jets,-9.5,9.5,-890,573,-646,450,-14.048,14.048,-11.416,11.416,0.2381,0.8066,0.1486,0.899,0.1818,0.866,0.2279,0.7721,0.1418,0.8582,0.1735,0.8265,0.2279,0.7721,-0.2721,0.2721,,,35,3,2026-09-27,NYJ @ DET,0.0,70.0,0.0,Dome,True,G.Smith,J.Goff,-13.72,-14.0,13.09,171.34,Medium,-22.0,-5.0,53.38,53.0,13.755368153219532,36.0,71.0,0.8514,0.1484,0.0598,0.06,0.6362,0.3638,0.713,0.287,0.827,0.1729,-478,+478,,,,,,,,No Bet,,No Bet,,No Bet,,No Bet,,No Bet,,No Bet,,No Bet,,No Bet,,No Bet,,,,,,,,,,,,,,nan,,,,,,,,,,,,,,,3,-0.14637857142857144,0.10551428571428574,Detroit Lions,New York Jets,0,1,0,0,0,0,0,0,0,1,0,0,0,1.0,4.5,,,13754.975982104432,0.8940886471500059,0.9983766828222997,0.16610120427276534,0.00013060400548273873,1764.03082599357,0.4094120850607709,520.687249376939,1.387042873520936,0.15624382716287957,6.027975645402084e-05,0.12824673981900211,0.037854464453763226,2.9764652849516155e-05,0.00010083935263322258,0.037955303806396445,1.796454958581707,2284.7180753705093,,,4911.0,285.0
2026_03_HOU_IND,2026,3,2026-09-27,13:00,Houston Texans,Indianapolis Colts,Home,,,,,7,7,0,0,0,1,Lucas Oil Stadium,39.7601,-86.1638,America/Indiana/Indianapolis,False,False,3,3,Sunday,0,1,AFC South,NRG Stadium,29.6847,-95.4093,America/Chicago,AFC South,Lucas Oil Stadium,39.7601,-86.1638,America/Indiana/Indianapolis,Cincinnati Bengals,Kansas City Chiefs,NRG Stadium,GEHA Field at Arrowhead Stadium,Dallas Cowboys,Washington Commanders,NRG Stadium,Tottenham Hotspur Stadium,870,0,-870,870,-1.0,0.0,America/Chicago,America/Chicago,-1.0,-1.0,-1.0,0.0,-1.0,0,0.035,-2.265,0.035,-2.265,Houston Texans,2.3000000000000003,Houston Texans,2.3000000000000003,0.035,-2.265,Houston Texans,2.3000000000000003,0.0,0,No,No,No,No,No,1,No,2.96,0.93,5.008,0.288,0.17270000000000002,-2.8457,0.17270000000000002,-2.8457,3.1004,0.34660000000000013,5.1215,-0.2685,Houston Texans,3.0183999999999997,Houston Texans,3.0183999999999997,0.17270000000000002,-2.8457,Houston Texans,3.0183999999999997,Houston Texans,2.03,Houston Texans,4.72,3.984,0.609,Houston Texans,3.375,Houston Texans,2.7538,Houston Texans,5.390000000000001,4.11095,0.03905000000000006,Houston Texans,4.071899999999999,Same,Same,Same,Same,Same,Same,False,Away Team,Away Team,45.5,102.0,-122.0,Houston Texans,Indianapolis Colts,1.5,-1.5,135,-164,195,-244,2.7538,-2.7538,5.390000000000001,-5.390000000000001,0.5495,0.495,0.6212,0.4255,0.7093,0.339,0.5261,0.4739,0.5935,0.4065,0.6766,0.3234,0.5261,0.4739,0.0261,-0.0261,,,36,3,2026-09-27,HOU @ IND,0.0,70.0,0.0,Dome,True,C.Stroud,D.Jones,1.11,2.0,13.97,195.28,High,-8.0,10.0,51.53,51.0,13.27917585177109,35.0,69.0,0.4636,0.5358,0.0832,0.0818,0.483,0.517,0.6584,0.3416,0.4168,0.583,+140,-140,,,,,,,,No Bet,,No Bet,,No Bet,,No Bet,,No Bet,,No Bet,,No Bet,,No Bet,,No Bet,,,,,,,,,,,,,,nan,,,,,,,,,,,,,,,3,0.0637,-0.013671428571428567,Houston Texans,Indianapolis Colts,0,0,0,0,0,0,1,0,0,0,1,0,1,4.0,3.0,,,13754.975982104432,0.9998246356492684,0.9972435426724684,0.0010825052392456843,0.0017123145078489711,7.056292127082176,12.391151717289771,7.833541439244424,11.161693211981797,0.003206515320802872,0.005267486479143166,0.0005129992328785298,0.0005695060063671545,0.0009008486625793437,0.0008114658452696274,0.0013809718516367819,23.55284492927157,14.8898335663266,,,4911.0,285.0
2026_03_NE_JAX,2026,3,2026-09-27,13:00,New England Patriots,Jacksonville Jaguars,Home,,,,,7,7,0,0,4,1,TIAA Bank Field,30.3239,-81.6554,America/New_York,False,False,3,3,Sunday,4,1,AFC East,Gillette Stadium,42.0628,-71.2687,America/New_York,AFC South,TIAA Bank Field,30.3239,-81.6554,America/New_York,Pittsburgh Steelers,Denver Broncos,Gillette Stadium,Empower Field at Mile High,Buffalo Bills,Cincinnati Bengals,Highmark Stadium,Paycor Stadium,994,0,-994,994,0.0,0.0,America/New_York,America/Denver,0.0,-2.0,0.0,0.0,0.0,0,-1.995,-1.825,-1.995,-1.825,Jacksonville Jaguars,0.17000000000000015,Jacksonville Jaguars,0.17000000000000015,-1.995,-1.825,Jacksonville Jaguars,0.17000000000000015,0.0,0,No,No,No,No,No,0,No,5.09,5.41,4.222,3.85,-1.7855,-2.6319999999999997,-1.7855,-2.6319999999999997,5.2995,4.603,4.431500000000001,3.043,New England Patriots,0.8464999999999996,New England Patriots,0.8464999999999996,-1.7855,-2.6319999999999997,New England Patriots,0.8464999999999996,Jacksonville Jaguars,0.3200000000000003,New England Patriots,0.37200000000000033,4.656000000000001,4.63,New England Patriots,0.02600000000000069,New England Patriots,0.6965000000000003,New England Patriots,1.3885000000000005,4.865500000000001,3.823,New England Patriots,1.0425000000000009,Different,Different,Same,Same,Different,Same,False,Away Team,Away Team,45.5,-118.0,-102.0,Jacksonville Jaguars,New England Patriots,-1.5,1.5,-104,-116,105,-128,0.6965000000000003,-0.6965000000000003,1.3885000000000005,-1.3885000000000005,0.505,0.5413,0.537,0.5098,0.5614,0.4878,0.4826,0.5174,0.513,0.487,0.5351,0.4649,0.4826,0.5174,-0.0174,0.0174,,,37,3,2026-09-27,NE @ JAX,10.0,60.0,0.0,Historical Avg,False,D.Maye,T.Lawrence,3.61,4.0,13.68,187.27,Med-High,-6.0,13.0,51.77,51.0,13.662950640474437,34.0,70.0,0.3876,0.6114,0.0954,0.0826,0.3712,0.6288,0.671,0.329,0.4642,0.5355,+115,-115,,,,,,,,No Bet,,No Bet,,No Bet,,No Bet,,No Bet,,No Bet,,No Bet,,No Bet,,No Bet,,,,,,,,,,,,,,nan,,,,,,,,,,,,,,,3,0.09715714285714286,0.00887142857142857,Jacksonville Jaguars,New England Patriots,0,0,0,0,0,0,0,0,0,0,0,0,0,4.5,3.0,,,13754.975982104432,0.7228297184085304,0.9847788860313991,0.0021341012008410415,0.0008880509723682352,15.188023867714882,5.895016813457695,14.16648689323387,6.320102982351868,0.006348087382703921,0.0029933966608686694,0.0011041839613151548,0.0010299172395258867,0.0004285733992649103,0.0004594775731033249,0.0014893948126292115,12.215119795809562,29.354510760948752,,,4911.0,285.0
2026_03_KC_MIA,2026,3,2026-09-27,13:00,Kansas City Chiefs,Miami Dolphins,Home,,,,,7,7,0,0,-1,-3,Hard Rock Stadium,25.9602,-80.2384,America/New_York,False,False,3,3,Sunday,-1,-3,AFC West,GEHA Field at Arrowhead Stadium,39.0489,-94.4839,America/Chicago,AFC East,Hard Rock Stadium,25.9602,-80.2384,America/New_York,Indianapolis Colts,San Francisco 49ers,GEHA Field at Arrowhead Stadium,Levi's Stadium,Las Vegas Raiders,Minnesota Vikings,Allegiant Stadium,U.S. Bank Stadium,1224,0,-1224,1224,-1.0,0.0,America/Chicago,America/Los_Angeles,-1.0,-3.0,-1.0,0.0,-1.0,0,4.395,0.66,4.395,0.66,Kansas City Chiefs,3.7349999999999994,Kansas City Chiefs,3.7349999999999994,4.395,0.66,Kansas City Chiefs,3.7349999999999994,0.0,0,No,No,No,No,No,0,No,-2.17,-5.46,0.625,-3.956,6.458499999999999,1.6645,6.458499999999999,1.6645,-0.10650000000000004,-4.455500000000001,2.6885,-2.9515,Kansas City Chiefs,4.793999999999999,Kansas City Chiefs,4.793999999999999,6.458499999999999,1.6645,Kansas City Chiefs,4.793999999999999,Kansas City Chiefs,3.29,Kansas City Chiefs,4.5809999999999995,-0.7725,-4.708,Kansas City Chiefs,3.9355,Kansas City Chiefs,4.349,Kansas City Chiefs,5.64,1.291,-3.7035,Kansas City Chiefs,4.9945,Same,Same,Same,Same,Same,Same,False,Away Team,Away Team,44.5,340.0,-435.0,Kansas City Chiefs,Miami Dolphins,7.25,-7.25,181,-224,195,-244,4.349,-4.349,5.64,-5.64,0.8131,0.2273,0.6914,0.3559,0.7093,0.339,0.7815,0.2185,0.6602,0.3398,0.6766,0.3234,0.7815,0.2185,0.2815,-0.2815,,,38,3,2026-09-27,KC @ MIA,8.0,88.0,0.0,Historical Avg,False,P.Mahomes,M.Willis,6.09,7.0,12.96,168.04,Med-Low,-3.0,15.0,42.94,43.0,12.41388990173904,28.0,59.0,0.317,0.681,0.0858,0.0902,0.5394,0.4606,0.4258,0.5742,0.2997,0.6998,+234,-233,,,,,,,,No Bet,,No Bet,,No Bet,,No Bet,,No Bet,,No Bet,,No Bet,,No Bet,,No Bet,,,,,,,,,,,,,,nan,,,,,,,,,,,,,,,3,0.0730857142857143,-0.22492142857142855,Kansas City Chiefs,Miami Dolphins,0,0,1,0,0,0,0,0,1,0,0,0,0,4.0,0.0,,,13754.975982104432,0.999431614668682,0.9389346954134113,0.00012594196014954724,0.23672568832093666,0.3785138071836644,2544.686036853069,1.3538148298125112,711.4701203485548,6.346150616288996e-05,0.22840051479044535,2.751831829267607e-05,9.842364185687116e-05,0.185001125422812,0.05172456289812466,0.05182298653998153,3256.1561572016235,1.7323286369961757,,,4911.0,285.0
2026_03_TEN_NYG,2026,3,2026-09-27,13:00,Tennessee Titans,New York Giants,Home,,,,,7,6,1,-1,1,-4,MetLife Stadium,40.8136,-74.0744,America/New_York,False,False,3,3,Sunday,1,-4,AFC South,Nissan Stadium,36.1664,-86.7716,America/Chicago,NFC East,MetLife Stadium,40.8136,-74.0744,America/New_York,Philadelphia Eagles,Los Angeles Rams,Nissan Stadium,SoFi Stadium,Baltimore Ravens,Arizona Cardinals,M&T Bank Stadium,MetLife Stadium,757,0,-757,757,-1.0,0.0,America/Chicago,America/Los_Angeles,-1.0,-3.0,-1.0,0.0,-1.0,0,-4.36,-2.84,-4.36,-2.84,New York Giants,1.5200000000000005,New York Giants,1.5200000000000005,-4.36,-2.84,New York Giants,1.5200000000000005,0.0,0,No,No,No,No,No,0,Yes,-8.19,-3.53,-8.36,-5.014,-2.6440000000000006,-4.182,-2.6440000000000006,-4.182,-6.473999999999998,-4.872,-6.643999999999998,-6.356000000000001,Tennessee Titans,1.5379999999999998,Tennessee Titans,1.5379999999999998,-2.6440000000000006,-4.182,Tennessee Titans,1.5379999999999998,New York Giants,4.66,New York Giants,3.345999999999999,-8.274999999999999,-4.272,New York Giants,4.002999999999998,New York Giants,1.6019999999999985,New York Giants,0.2879999999999976,-6.558999999999998,-5.614000000000001,New York Giants,0.9449999999999976,Different,Different,Different,Different,Same,Same,False,Home Team,Home Team,45.0,-167.0,140.0,New York Giants,Tennessee Titans,-3.0,3.0,-128,105,-116,-104,-1.6019999999999985,1.6019999999999985,-0.2879999999999976,0.2879999999999976,0.4167,0.6255,0.4878,0.5614,0.5098,0.537,0.3998,0.6002,0.4649,0.5351,0.487,0.513,0.3998,0.6002,-0.1002,0.1002,,,39,3,2026-09-27,TEN @ NYG,10.0,72.0,0.0,Historical Avg,False,C.Ward,J.Dart,-4.17,-5.0,13.56,183.99,Med-High,-14.0,6.0,46.47,46.0,12.542220714853173,31.0,63.0,0.6248,0.3744,0.081,0.0814,0.5422,0.4112,0.5116,0.4676,0.5683,0.4315,-132,+132,,,,,,,,No Bet,,No Bet,,No Bet,,No Bet,,No Bet,,No Bet,,No Bet,,No Bet,,No Bet,,,,,,,,,,,,,,nan,,,,,,,,,,,,,,,3,-0.12133571428571428,-0.05415,New York Giants,Tennessee Titans,0,0,0,0,0,0,0,0,0,0,0,0,0,1.5,2.5,,,13754.975982104432,0.9997368163429264,0.9952214306900926,0.03478883854314104,0.0002590186379694895,287.2074870914496,1.4244054986462549,191.31215151476437,2.1383896455414764,0.029920293763575783,0.0014171756700157355,0.020880260893593253,0.013908577649547789,0.0001035556514602019,0.0001554629865092876,0.014064040636057077,3.562795144187731,478.51963860621396,,,4911.0,285.0
2026_03_CIN_PIT,2026,3,2026-09-27,13:00,Cincinnati Bengals,Pittsburgh Steelers,Home,,,,,7,7,0,0,0,-4,Acrisure Stadium,40.4468,-80.0158,America/New_York,False,True,3,3,Sunday,0,-4,AFC North,Paycor Stadium,39.0955,-84.5165,America/New_York,AFC North,Acrisure Stadium,40.4468,-80.0158,America/New_York,Houston Texans,New England Patriots,NRG Stadium,Gillette Stadium,Jacksonville Jaguars,Cleveland Browns,Paycor Stadium,FirstEnergy Stadium,256,0,-256,256,0.0,0.0,America/Chicago,America/New_York,-1.0,0.0,0.0,0.0,0.0,0,1.31,-0.565,1.31,-0.565,Cincinnati Bengals,1.875,Cincinnati Bengals,1.875,1.31,-0.565,Cincinnati Bengals,1.875,0.0,0,No,No,No,No,No,1,No,-0.04,0.59,-0.609,0.538,-0.271275,0.4367750000000002,-0.271275,0.4367750000000002,-1.596225,1.566725,-2.160055,1.5095550000000002,Pittsburgh Steelers,0.7080500000000002,Pittsburgh Steelers,0.7080500000000002,-0.271275,0.4367750000000002,Pittsburgh Steelers,0.7080500000000002,Pittsburgh Steelers,0.63,Pittsburgh Steelers,1.147,-0.3245,0.5640000000000001,Pittsburgh Steelers,0.8885000000000001,Pittsburgh Steelers,3.16295,Pittsburgh Steelers,3.66961,-1.87814,1.53814,Pittsburgh Steelers,3.41628,Different,Different,Same,Same,Same,Same,False,Home Team,Home Team,47.0,105.0,-125.0,Cincinnati Bengals,Pittsburgh Steelers,1.5,-1.5,-164,135,-191,156,-3.16295,3.16295,-3.66961,3.66961,0.5556,0.4878,0.4255,0.6212,0.3906,0.6564,0.5325,0.4675,0.4065,0.5935,0.3731,0.6269,0.5325,0.4675,0.0325,-0.0325,,,40,3,2026-09-27,CIN @ PIT,10.0,70.0,0.0,Historical Avg,False,J.Burrow,A.Rodgers,-3.36,-4.0,13.42,180.05,Med-High,-13.0,6.0,51.22,51.0,12.948816369424419,35.0,68.0,0.6088,0.3904,0.0904,0.0836,0.6316,0.3684,0.5986,0.3624,0.5742,0.4256,-135,+135,,,,,,,,No Bet,,No Bet,,No Bet,,No Bet,,No Bet,,No Bet,,No Bet,,No Bet,,No Bet,,,,,,,,,,,,,,nan,,,,,,,,,,,,,,,3,0.10563571428571429,-0.01615,Cincinnati Bengals,Pittsburgh Steelers,0,0,0,1,0,0,0,0,0,1,0,0,1,4.5,3.0,,,13754.975982104432,0.9835072224302401,0.9626800536939027,0.0011967016110649691,0.0025172615677142946,7.6953313966389745,18.437744555441338,8.765270521305355,16.187127849143334,0.002116740789523965,0.005349533733185862,0.0005594580031728731,0.000637243607892096,0.0013404417848078619,0.0011768197829064328,0.0018140633907985288,34.62487240458467,16.46060191794433,,,4911.0,285.0
2026_03_SEA_WAS,2026,3,2026-09-27,13:00,Seattle Seahawks,Washington Commanders,Home,,,,,7,7,0,0,4,0,FedExField,38.9077,-76.8645,America/New_York,False,True,3,3,Sunday,4,0,NFC West,Lumen Field,47.5952,-122.3316,America/Los_Angeles,NFC East,FedExField,38.9077,-76.8645,America/New_York,Arizona Cardinals,Dallas Cowboys,State Farm Stadium,AT&T Stadium,Los Angeles Chargers,Indianapolis Colts,Lumen Field,Tottenham Hotspur Stadium,2328,0,-2328,2328,-3.0,0.0,America/Denver,America/Chicago,-2.0,-1.0,-3.0,0.0,-3.0,0,-0.13,1.45,-0.13,1.45,Washington Commanders,1.58,Washington Commanders,1.58,-0.13,1.45,Washington Commanders,1.58,-0.44999999999999996,0,No,No,No,No,No,0,No,10.42,-5.43,10.022,-1.427,-0.633,0.8969999999999999,-0.633,0.8969999999999999,9.917,-5.983,9.519,-1.98,Washington Commanders,1.5299999999999998,Washington Commanders,1.5299999999999998,-0.633,0.8969999999999999,Washington Commanders,1.5299999999999998,Seattle Seahawks,15.85,Seattle Seahawks,11.449,10.221,-3.4284999999999997,Seattle Seahawks,13.6495,Seattle Seahawks,15.899999999999999,Seattle Seahawks,11.499,9.718,-3.9814999999999996,Seattle Seahawks,13.6995,Different,Different,Different,Different,Same,Same,False,Away Team,Away Team,46.5,154.0,-185.0,Seattle Seahawks,Washington Commanders,3.5,-3.5,728,-1266,450,-646,15.899999999999999,-15.899999999999999,11.499,-11.499,0.6491,0.3937,0.9268,0.1208,0.866,0.1818,0.6225,0.3775,0.8847,0.1153,0.8265,0.1735,0.6225,0.3775,0.1225,-0.1225,,,41,3,2026-09-27,SEA @ WAS,8.0,75.0,0.0,Historical Avg,False,S.Darnold,J.Daniels,12.07,13.0,12.77,163.14,Med-Low,4.0,21.0,48.75,48.0,13.186746084400765,32.0,66.0,0.17,0.829,0.0662,0.0656,0.2412,0.7588,0.5582,0.4418,0.2091,0.7907,+378,-378,,,,,,,,No Bet,,No Bet,,No Bet,,No Bet,,No Bet,,No Bet,,No Bet,,No Bet,,No Bet,,,,,,,,,,,,,,nan,,,,,,,,,,,,,,,3,0.11862857142857144,-0.022842857142857147,Seattle Seahawks,Washington Commanders,0,0,0,0,0,0,1,0,0,0,1,0,0,4.5,3.0,,,13754.975982104432,0.9999370228721964,0.833052042325805,0.00010265307241615972,0.009390425793474334,0.5330264309539977,80.40526307873095,0.8789641146195062,48.759818172242454,0.0008217972423470326,0.0204453740705776,3.8751534837100296e-05,6.390153757905942e-05,0.0058455400564377735,0.0035448857370365605,0.0036087872746156198,129.1650812509734,1.4119905455735038,,,4911.0,285.0
2026_03_ARI_SF,2026,3,2026-09-27,16:05,Arizona Cardinals,San Francisco 49ers,Home,,,,,7,7,0,0,-4,3,Levi's Stadium,37.4031,-121.9702,America/Los_Angeles,False,False,3,3,Sunday,-4,3,NFC West,State Farm Stadium,33.5277,-112.262608,America/Denver,NFC West,Levi's Stadium,37.4031,-121.9702,America/Los_Angeles,Seattle Seahawks,Miami Dolphins,State Farm Stadium,Levi's Stadium,New York Giants,Denver Broncos,MetLife Stadium,Levi's Stadium,608,0,-608,608,1.0,0.0,America/Denver,America/Los_Angeles,1.0,0.0,1.0,0.0,1.0,0,0.075,3.325,0.075,3.325,San Francisco 49ers,3.25,San Francisco 49ers,3.25,0.075,3.325,San Francisco 49ers,3.25,0.0,0,No,No,No,No,No,1,No,-4.4,3.57,-3.837,2.606,0.87698,1.8060200000000002,0.87698,1.8060200000000002,-3.5508200000000003,2.0038199999999997,-3.0030900000000003,1.0550899999999999,San Francisco 49ers,0.9290400000000002,San Francisco 49ers,0.9290400000000002,0.87698,1.8060200000000002,San Francisco 49ers,0.9290400000000002,San Francisco 49ers,7.970000000000001,San Francisco 49ers,6.443,-4.1185,3.088,San Francisco 49ers,7.2065,San Francisco 49ers,5.55464,San Francisco 49ers,4.05818,-3.276955,1.5294549999999998,San Francisco 49ers,4.80641,Same,Same,Same,Same,Same,Same,False,Home Team,Home Team,46.5,-667.0,470.0,San Francisco 49ers,Arizona Cardinals,-11.5,11.5,-244,195,-211,171,-5.55464,5.55464,-4.05818,4.05818,0.1754,0.8696,0.339,0.7093,0.369,0.6785,0.1679,0.8321,0.3234,0.6766,0.3523,0.6477,0.1679,0.8321,-0.3321,0.3321,,,42,3,2026-09-27,ARI @ SF,10.0,75.0,0.0,Historical Avg,False,J.Brissett,B.Purdy,-9.43,-10.0,12.54,157.35,Low,-17.0,-2.0,56.54,56.0,13.513391542843642,40.0,74.0,0.7828,0.2166,0.0796,0.0702,0.439,0.561,0.7668,0.2332,0.7348,0.265,-277,+277,,,,,,,,No Bet,,No Bet,,No Bet,,No Bet,,No Bet,,No Bet,,No Bet,,No Bet,,No Bet,,,,,,,,,,,,,,nan,,,,,,,,,,,,,,,3,-0.2351642857142857,0.06192857142857143,San Francisco 49ers,Arizona Cardinals,0,0,0,0,0,0,0,0,0,0,0,0,1,0.0,4.0,,,13754.975982104432,0.6747453455667796,0.9998221012709683,0.2662244065638509,0.0001052606896651483,3047.0755757207776,0.24309540155242862,614.8347424149968,1.2047628566514346,0.28283915241597124,0.00013022314254725577,0.2215253287017803,0.044699077862070585,1.76732697947784e-05,8.75874198703699e-05,0.04478666528194095,1.447858258203863,3661.910318135774,,,4911.0,285.0
2026_03_MIN_TB,2026,3,2026-09-27,16:05,Minnesota Vikings,Tampa Bay Buccaneers,Home,,,,,7,7,0,0,0,0,Raymond James Stadium,27.9759,-82.5033,America/New_York,False,True,3,3,Sunday,0,0,NFC North,U.S. Bank Stadium,44.9738,-93.2575,America/Chicago,NFC South,Raymond James Stadium,27.9759,-82.5033,America/New_York,Chicago Bears,Cleveland Browns,Soldier Field,Raymond James Stadium,Miami Dolphins,Green Bay Packers,U.S. Bank Stadium,Raymond James Stadium,1314,0,-1314,1314,-1.0,0.0,America/Chicago,America/New_York,-1.0,0.0,-1.0,0.0,-1.0,0,0.27,1.025,0.27,1.025,Tampa Bay Buccaneers,0.7549999999999999,Tampa Bay Buccaneers,0.7549999999999999,0.27,1.025,Tampa Bay Buccaneers,0.7549999999999999,0.0,0,No,No,No,No,No,0,No,-0.75,-1.4,2.721,-2.096,1.605,-0.8415000000000001,1.605,-0.8415000000000001,0.585,-3.2664999999999997,4.056,-3.9625000000000004,Minnesota Vikings,2.4465000000000003,Minnesota Vikings,2.4465000000000003,1.605,-0.8415000000000001,Minnesota Vikings,2.4465000000000003,Minnesota Vikings,0.6499999999999999,Minnesota Vikings,4.817,0.9855,-1.748,Minnesota Vikings,2.7335000000000003,Minnesota Vikings,3.8514999999999997,Minnesota Vikings,8.0185,2.3205,-3.6145,Minnesota Vikings,5.9350000000000005,Different,Different,Same,Same,Same,Same,False,Away Team,Away Team,44.5,-125.0,105.0,Tampa Bay Buccaneers,Minnesota Vikings,-1.5,1.5,171,-211,282,-366,3.8514999999999997,-3.8514999999999997,8.0185,-8.0185,0.4878,0.5556,0.6785,0.369,0.7854,0.2618,0.4675,0.5325,0.6477,0.3523,0.75,0.25,0.4675,0.5325,-0.0325,0.0325,,,43,3,2026-09-27,MIN @ TB,8.0,88.0,0.0,Historical Avg,False,K.Murray,B.Mayfield,9.97,10.0,13.61,185.15,Med-High,2.0,19.0,51.32,51.0,13.528002451584122,34.0,69.0,0.2236,0.7758,0.0722,0.0734,0.2072,0.7928,0.6756,0.3244,0.3396,0.6602,+194,-194,,,,,,,,No Bet,,No Bet,,No Bet,,No Bet,,No Bet,,No Bet,,No Bet,,No Bet,,No Bet,,,,,,,,,,,,,,nan,,,,,,,,,,,,,,,3,0.006049999999999998,-0.0234,Tampa Bay Buccaneers,Minnesota Vikings,0,0,0,0,0,0,0,0,0,0,0,0,0,3.0,3.0,,,13754.975982104432,0.944376641219103,0.9969205556347236,0.0035572315352202168,0.0011773692263185752,26.055030280585783,7.57101543856281,22.874604049152776,8.623669991518067,0.008481232680320477,0.00205767893748889,0.0018942257925047654,0.0016630057427154514,0.0005504201133039339,0.0006269491130146413,0.0022899548557300925,16.194685430080877,48.929634329738555,,,4911.0,285.0
2026_03_BAL_DAL,2026,3,2026-09-27,16:25,Baltimore Ravens,Dallas Cowboys,Neutral,,,,,7,7,0,0,0,0,Maracanã Stadium,32.7369,-97.0826,America/Chicago,True,False,3,3,Sunday,0,0,AFC North,M&T Bank Stadium,39.2789,-76.6228,America/New_York,NFC East,AT&T Stadium,32.7369,-97.0826,America/Chicago,New Orleans Saints,Washington Commanders,M&T Bank Stadium,AT&T Stadium,Tennessee Titans,Houston Texans,M&T Bank Stadium,NRG Stadium,1225,0,-1225,1225,1.0,0.0,America/New_York,America/Chicago,1.0,0.0,1.0,0.0,1.0,0,6.69,-0.615,6.69,-0.615,Baltimore Ravens,7.305000000000001,Baltimore Ravens,7.305000000000001,6.69,-0.615,Baltimore Ravens,7.305000000000001,0.0,0,No,No,No,No,No,0,No,5.1,-1.01,2.881,-3.616,6.593500000000001,-0.625,6.593500000000001,-0.625,5.0035,-1.02,2.7845,-3.626,Baltimore Ravens,7.218500000000001,Baltimore Ravens,7.218500000000001,6.593500000000001,-0.625,Baltimore Ravens,7.218500000000001,Baltimore Ravens,6.109999999999999,Baltimore Ravens,6.497,3.9905,-2.313,Baltimore Ravens,6.3035,Baltimore Ravens,6.0235,Baltimore Ravens,6.4105,3.894,-2.323,Baltimore Ravens,6.2170000000000005,Same,Same,Same,Same,Same,Same,False,Away Team,Away Team,51.5,114.0,-135.0,Baltimore Ravens,Dallas Cowboys,2.5,-2.5,208,-261,224,-282,6.0235,-6.0235,6.4105,-6.4105,0.5745,0.4673,0.723,0.3247,0.7382,0.3086,0.5514,0.4486,0.6901,0.3099,0.7052,0.2948,0.5514,0.4486,0.0514,-0.0514,,,44,3,2026-09-27,BAL @ DAL,10.0,60.0,0.0,Historical Avg,False,L.Jackson,D.Prescott,10.11,11.0,13.35,178.33,Medium,2.0,19.0,64.12,64.0,14.143302795414957,46.0,82.0,0.225,0.7744,0.0626,0.069,0.2564,0.7436,0.8162,0.1838,0.3196,0.6803,+213,-213,,,,,,,,No Bet,,No Bet,,No Bet,,No Bet,,No Bet,,No Bet,,No Bet,,No Bet,,No Bet,,,,,,,,,,,,,,nan,,,,,,,,,,,,,,,3,0.1219642857142857,0.030400000000000003,Baltimore Ravens,Dallas Cowboys,0,1,0,0,0,0,0,0,0,1,0,0,0,4.5,3.5,,,13754.975982104432,0.9847354921324644,0.9057593528639096,0.0005729761341936433,0.0034038495888424193,3.5355390517188603,25.81647595475065,4.345733912433749,21.003393386472872,0.0016533544804724063,0.00569232495320597,0.0002570370937992684,0.0003159390403943749,0.00187688266328771,0.0015269669255547093,0.0018429059659490843,46.81986934122352,7.881272964152609,,,4911.0,285.0
2026_03_LV_NO,2026,3,2026-09-27,16:25,Las Vegas Raiders,New Orleans Saints,Home,,,,,7,7,0,0,0,0,Caesars Superdome,29.9507,-90.0813,America/Chicago,False,True,3,3,Sunday,0,0,AFC West,Allegiant Stadium,36.108,-115.1578,America/Los_Angeles,NFC South,Caesars Superdome,29.9507,-90.0813,America/Chicago,Los Angeles Chargers,Baltimore Ravens,SoFi Stadium,M&T Bank Stadium,Kansas City Chiefs,Atlanta Falcons,Allegiant Stadium,Caesars Superdome,1508,0,-1508,1508,-2.0,0.0,America/Los_Angeles,America/New_York,-2.0,1.0,-2.0,0.0,-2.0,0,-2.35,-6.145,-2.35,-6.145,Las Vegas Raiders,3.7949999999999995,Las Vegas Raiders,3.7949999999999995,-2.35,-6.145,Las Vegas Raiders,3.7949999999999995,-0.3,0,No,No,No,No,No,0,No,-8.15,-4.37,-7.588,-4.865,-2.8285,-7.124,-2.8285,-7.124,-8.6285,-5.349,-8.0665,-5.844,Las Vegas Raiders,4.2955,Las Vegas Raiders,4.2955,-2.8285,-7.124,Las Vegas Raiders,4.2955,New Orleans Saints,3.7800000000000002,New Orleans Saints,2.723,-7.869,-4.6175,New Orleans Saints,3.2515,New Orleans Saints,3.2795000000000005,New Orleans Saints,2.2224999999999993,-8.3475,-5.596500000000001,New Orleans Saints,2.7509999999999994,Different,Different,Different,Different,Same,Same,False,Home Team,Home Team,42.5,-192.0,160.0,New Orleans Saints,Las Vegas Raiders,-3.5,3.5,-191,156,-131,108,-3.2795000000000005,3.2795000000000005,-2.2224999999999993,2.2224999999999993,0.3846,0.6575,0.3906,0.6564,0.4808,0.5671,0.3691,0.6309,0.3731,0.6269,0.4588,0.5412,0.3691,0.6309,-0.1309,0.1309,,,45,3,2026-09-27,LV @ NO,0.0,70.0,0.0,Dome,True,K.Cousins,T.Shough,-2.01,-3.0,12.69,161.02,Med-Low,-11.0,7.0,39.21,39.0,12.26082624181692,23.0,56.0,0.569,0.4294,0.1006,0.0898,0.4822,0.5178,0.3846,0.6154,0.592,0.4076,-145,+145,,,,,,,,No Bet,,No Bet,,No Bet,,No Bet,,No Bet,,No Bet,,No Bet,,No Bet,,No Bet,,,,,,,,,,,,,,nan,,,,,,,,,,,,,,,3,-0.15791428571428573,-0.040600000000000004,New Orleans Saints,Las Vegas Raiders,0,0,0,0,0,0,0,0,0,0,0,0,0,1.0,2.5,,,13754.975982104432,0.9999645219811281,0.9503424199696461,0.07137971774044066,0.000346509419161685,619.4342146441838,1.7592150272481881,362.39208848497105,3.0070137108937463,0.05832877781430728,0.001204112962929969,0.04503346392244401,0.02634625381799665,0.00012789662661257794,0.00021861279254910707,0.026564866610545756,4.766228738141934,981.8263031291549,,,4911.0,285.0
2026_03_LA_DEN,2026,3,2026-09-27,20:20,Los Angeles Rams,Denver Broncos,Home,,,,,6,7,-1,1,2,0,Empower Field at Mile High,39.7648,-105.0076,America/Denver,False,False,3,3,Sunday,2,0,NFC West,SoFi Stadium,33.9535,-118.3395,America/Los_Angeles,AFC West,Empower Field at Mile High,39.7648,-105.0076,America/Denver,New York Giants,Jacksonville Jaguars,SoFi Stadium,Empower Field at Mile High,Philadelphia Eagles,San Francisco 49ers,Lincoln Financial Field,Levi's Stadium,837,0,-837,837,-1.0,0.0,America/Los_Angeles,America/Denver,-1.0,0.0,-1.0,0.0,-1.0,0,1.29,2.05,1.29,2.05,Denver Broncos,0.7599999999999998,Denver Broncos,0.7599999999999998,1.29,2.05,Denver Broncos,0.7599999999999998,0.0,0,No,No,No,No,Yes,0,No,8.12,-0.48,7.087,3.499,1.9020000000000001,1.5445,1.9020000000000001,1.5445,8.732,-0.9855,7.698999999999999,2.9935,Los Angeles Rams,0.35750000000000015,Los Angeles Rams,0.35750000000000015,1.9020000000000001,1.5445,Los Angeles Rams,0.35750000000000015,Los Angeles Rams,8.6,Los Angeles Rams,3.5879999999999996,7.6034999999999995,1.5095,Los Angeles Rams,6.093999999999999,Los Angeles Rams,9.7175,Los Angeles Rams,4.705499999999999,8.215499999999999,1.004,Los Angeles Rams,7.211499999999999,Different,Different,Same,Same,Same,Same,False,Away Team,Away Team,45.5,130.0,-154.0,Los Angeles Rams,Denver Broncos,3.0,-3.0,327,-436,181,-224,9.7175,-9.7175,4.705499999999999,-4.705499999999999,0.6063,0.4348,0.8134,0.2342,0.6914,0.3559,0.5824,0.4176,0.7765,0.2235,0.6602,0.3398,0.5824,0.4176,0.0824,-0.0824,,,46,3,2026-09-27,LA @ DEN,8.0,75.0,0.0,Historical Avg,False,M.Stafford,B.Nix,4.84,6.0,13.31,177.14,Medium,-5.0,14.0,49.19,49.0,13.461554112650797,33.0,67.0,0.3522,0.6472,0.0938,0.0898,0.3936,0.5554,0.5942,0.4058,0.3333,0.6666,+200,-200,,,,,,,,No Bet,,No Bet,,No Bet,,No Bet,,No Bet,,No Bet,,No Bet,,No Bet,,No Bet,,,,,,,,,,,,,,nan,,,,,,,,,,,,,,,3,0.14833571428571427,0.0738357142857143,Los Angeles Rams,Denver Broncos,1,1,0,0,0,0,0,1,1,1,0,1,0,5.0,4.0,,,13754.975982104432,0.9957002949184438,0.8638319211689106,0.00033607480777181516,0.003261404487462772,1.9304398996366865,26.126778724870412,2.6922610094549952,18.73376166810763,0.0018933449029659138,0.012708864205038653,0.00014034483972551003,0.00019572996804630513,0.0018994419734983184,0.0013619625139644534,0.0015576924820107586,44.86054039297804,4.622700909091681,,,4911.0,285.0
2026_03_PHI_CHI,2026,3,2026-09-28,20:15,Philadelphia Eagles,Chicago Bears,Home,,,,,8,8,0,0,0,0,Soldier Field,41.8623,-87.6167,America/Chicago,False,True,3,3,Monday,0,0,NFC East,Lincoln Financial Field,39.9008,-75.1675,America/New_York,NFC North,Soldier Field,41.8623,-87.6167,America/Chicago,Tennessee Titans,Minnesota Vikings,Nissan Stadium,Soldier Field,Los Angeles Rams,New York Jets,Lincoln Financial Field,Soldier Field,663,0,-663,663,1.0,0.0,America/Chicago,America/Chicago,0.0,0.0,0.0,0.0,0.0,0,4.905,-1.575,4.905,-1.575,Philadelphia Eagles,6.48,Philadelphia Eagles,6.48,4.905,-1.575,Philadelphia Eagles,6.48,0.0,0,No,No,No,No,No,0,No,5.52,0.9,3.682,1.647,3.5330000000000004,-1.3864999999999998,3.5330000000000004,-1.3864999999999998,4.148,1.0885,2.3099999999999996,1.8355000000000001,Philadelphia Eagles,4.9195,Philadelphia Eagles,4.9195,3.5330000000000004,-1.3864999999999998,Philadelphia Eagles,4.9195,Philadelphia Eagles,4.619999999999999,Philadelphia Eagles,2.035,4.601,1.2735,Philadelphia Eagles,3.3274999999999997,Philadelphia Eagles,3.0595,Philadelphia Eagles,0.4744999999999995,3.2289999999999996,1.4620000000000002,Philadelphia Eagles,1.7669999999999995,Same,Same,Same,Same,Same,Same,False,Away Team,Away Team,46.5,-118.0,-102.0,Chicago Bears,Philadelphia Eagles,-1.5,1.5,135,-164,-104,-116,3.0595,-3.0595,0.4744999999999995,-0.4744999999999995,0.505,0.5413,0.6212,0.4255,0.537,0.5098,0.4826,0.5174,0.5935,0.4065,0.513,0.487,0.4826,0.5174,-0.0174,0.0174,,,47,3,2026-09-28,PHI @ CHI,12.0,70.0,0.0,Historical Avg,False,J.Hurts,C.Williams,7.0,7.0,13.36,178.58,Medium,-3.0,16.0,46.53,46.0,13.325464170492216,30.0,64.0,0.301,0.6982,0.0838,0.089,0.2842,0.7158,0.4874,0.5126,0.428,0.5718,+134,-134,,,,,,,,No Bet,,No Bet,,No Bet,,No Bet,,No Bet,,No Bet,,No Bet,,No Bet,,No Bet,,,,,,,,,,,,,,nan,,,,,,,,,,,,,,,3,0.08717857142857142,0.04076428571428571,Chicago Bears,Philadelphia Eagles,0,0,1,1,1,1,0,0,1,1,1,1,0,4.0,3.5,,,13754.975982104432,0.9891523554412771,0.9324999124576627,0.0011645291248349344,0.0009742825590748021,8.28774949176345,6.467435142251058,7.730320650802167,6.933798057606088,0.0037318001906135622,0.0030236713920783666,0.000602527369189595,0.0005620017556453394,0.00047018876300949946,0.0005040937960653026,0.001066095551710642,13.401233199857145,16.018070142565616,,,4911.0,285.0
2026_04_PIT_CLE,2026,4,2026-10-01,20:15,Pittsburgh Steelers,Cleveland Browns,Home,,,,,4,4,0,0,-4,0,FirstEnergy Stadium,41.5061,-81.6994,America/New_York,False,False,4,4,Thursday,-4,0,AFC North,Acrisure Stadium,40.4468,-80.0158,America/New_York,AFC North,FirstEnergy Stadium,41.5061,-81.6994,America/New_York,Cincinnati Bengals,Carolina Panthers,Acrisure Stadium,FirstEnergy Stadium,Indianapolis Colts,New York Jets,Acrisure Stadium,MetLife Stadium,114,0,-114,114,0.0,0.0,America/New_York,America/New_York,0.0,0.0,0.0,0.0,0.0,0,-0.565,-4.705,-0.565,-4.705,Pittsburgh Steelers,4.140000000000001,Pittsburgh Steelers,4.140000000000001,-0.565,-4.705,Pittsburgh Steelers,4.140000000000001,0.0,0,No,No,No,No,No,1,No,0.59,-6.94,0.538,-7.475,-1.999875,-4.535625,-1.999875,-4.535625,-0.8787750000000002,-6.736725,-0.935605,-7.266894999999999,Pittsburgh Steelers,2.5357499999999993,Pittsburgh Steelers,2.5357499999999993,-1.999875,-4.535625,Pittsburgh Steelers,2.5357499999999993,Pittsburgh Steelers,7.53,Pittsburgh Steelers,8.013,0.5640000000000001,-7.2075,Pittsburgh Steelers,7.7715,Pittsburgh Steelers,5.85795,Pittsburgh Steelers,6.331289999999999,-0.9071900000000002,-7.001809999999999,Pittsburgh Steelers,6.094619999999999,Same,Same,Same,Same,Same,Same,True,Away Team,Away Team,40.5,114.0,-135.0,Pittsburgh Steelers,Cleveland Browns,2.5,-2.5,208,-261,224,-282,5.85795,-5.85795,6.331289999999999,-6.331289999999999,0.5745,0.4673,0.723,0.3247,0.7382,0.3086,0.5514,0.4486,0.6901,0.3099,0.7052,0.2948,0.5514,0.4486,0.0514,-0.0514,,,48,4,2026-10-01,PIT @ CLE,10.0,60.0,0.0,Historical Avg,False,A.Rodgers,S.Sanders,14.14,14.0,13.42,180.17,Med-High,6.0,23.0,41.74,41.0,12.478573504986212,26.0,58.0,0.1416,0.858,0.0554,0.0496,0.1644,0.8356,0.5082,0.4918,0.2987,0.7012,+235,-235,,,,,,,,No Bet,,No Bet,,No Bet,,No Bet,,No Bet,,No Bet,,No Bet,,No Bet,,No Bet,,,,,,,,,,,,,,nan,,,,,,,,,,,,,,,4,-0.021346153846153848,-0.12235384615384616,Pittsburgh Steelers,Cleveland Browns,0,0,1,0,0,0,0,0,1,0,0,0,1,2.5,1.5,,,10479.63284825191,0.9985415183653576,0.9827729093576287,0.0007093213126528611,0.009775569707713861,3.33463531991968,56.48783191462104,4.098791608122406,45.95654950471346,0.002278415367299045,0.01894125622349078,0.0003182015408560735,0.0003911197717967876,0.005390249136833423,0.004385320570880438,0.004776440342677226,102.44438141933449,7.433426928042086,,,3770.0,1141.0
2026_04_IND_WAS,2026,4,2026-10-04,09:30,Indianapolis Colts,Washington Commanders,Neutral,,,,,7,7,0,0,1,0,Tottenham Hotspur Stadium,38.9077,-76.8645,America/New_York,True,False,4,4,Sunday,1,0,AFC South,Lucas Oil Stadium,39.7601,-86.1638,America/Indiana/Indianapolis,NFC East,FedExField,38.9077,-76.8645,America/New_York,Houston Texans,Seattle Seahawks,Lucas Oil Stadium,FedExField,Pittsburgh Steelers,New York Giants,Acrisure Stadium,FedExField,500,0,-500,500,0.0,0.0,America/Indiana/Indianapolis,America/New_York,0.0,0.0,0.0,0.0,0.0,0,-2.265,1.45,-2.265,1.45,Washington Commanders,3.715,Washington Commanders,3.715,-2.265,1.45,Washington Commanders,3.715,0.0,0,No,No,No,No,No,0,No,0.93,-5.43,0.288,-1.427,-1.5535000000000003,0.8969999999999999,-1.5535000000000003,0.8969999999999999,1.6415000000000002,-5.983,0.9994999999999999,-1.98,Washington Commanders,2.4505000000000003,Washington Commanders,2.4505000000000003,-1.5535000000000003,0.8969999999999999,Washington Commanders,2.4505000000000003,Indianapolis Colts,6.359999999999999,Indianapolis Colts,1.715,0.609,-3.4284999999999997,Indianapolis Colts,4.0375,Indianapolis Colts,7.624499999999999,Indianapolis Colts,2.9795,1.3205,-3.9814999999999996,Indianapolis Colts,5.302,Different,Different,Different,Different,Same,Same,False,Away Team,Away Team,49.5,-109.0,-109.0,Washington Commanders,Indianapolis Colts,-0.5,0.5,268,-346,135,-164,7.624499999999999,-7.624499999999999,2.9795,-2.9795,0.5215,0.5215,0.7758,0.2717,0.6212,0.4255,0.5,0.5,0.7406,0.2594,0.5935,0.4065,0.5,0.5,0.0,0.0,,,49,4,2026-10-04,IND @ WAS,10.0,60.0,0.0,Historical Avg,False,D.Jones,J.Daniels,5.78,7.0,13.73,188.53,Med-High,-4.0,15.0,55.45,55.0,14.268475807891187,37.0,74.0,0.3268,0.6724,0.0918,0.0792,0.3268,0.6732,0.6564,0.3436,0.3732,0.6266,+168,-168,,,,,,,,No Bet,,No Bet,,No Bet,,No Bet,,No Bet,,No Bet,,No Bet,,No Bet,,No Bet,,,,,,,,,,,,,,nan,,,,,,,,,,,,,,,4,-0.014723076923076919,-0.024600000000000007,Washington Commanders,Indianapolis Colts,0,0,0,0,0,0,0,0,0,0,0,0,0,3.0,2.5,,,10479.63284825191,0.9998861597896177,0.9991513017425123,0.002360406652985466,0.0017404026454403516,12.368097547929416,9.119390366170615,12.368097547929416,9.119390366170615,0.0038964537184154875,0.005865233533042032,0.001180203326492733,0.001180203326492733,0.0008702013227201758,0.0008702013227201758,0.0020504046492129087,18.23878073234123,24.736195095858832,,,3770.0,1141.0
2026_04_TEN_BAL,2026,4,2026-10-04,13:00,Tennessee Titans,Baltimore Ravens,Home,,,,,7,7,0,0,1,0,M&T Bank Stadium,39.2789,-76.6228,America/New_York,False,True,4,4,Sunday,1,0,AFC South,Nissan Stadium,36.1664,-86.7716,America/Chicago,AFC North,M&T Bank Stadium,39.2789,-76.6228,America/New_York,New York Giants,Dallas Cowboys,MetLife Stadium,Maracanã Stadium,Houston Texans,Atlanta Falcons,Nissan Stadium,Mercedes-Benz Stadium,594,0,-594,594,-1.0,0.0,America/New_York,America/Chicago,0.0,-1.0,0.0,0.0,0.0,0,-4.36,6.69,-4.36,6.69,Baltimore Ravens,11.05,Baltimore Ravens,11.05,-4.36,6.69,Baltimore Ravens,11.05,0.0,0,No,No,No,No,No,0,No,-8.19,5.1,-8.36,2.881,-2.6440000000000006,6.8615,-2.6440000000000006,6.8615,-6.473999999999998,5.2715,-6.643999999999998,3.0524999999999998,Baltimore Ravens,9.505500000000001,Baltimore Ravens,9.505500000000001,-2.6440000000000006,6.8615,Baltimore Ravens,9.505500000000001,Baltimore Ravens,13.29,Baltimore Ravens,11.241,-8.274999999999999,3.9905,Baltimore Ravens,12.2655,Baltimore Ravens,11.745499999999998,Baltimore Ravens,9.696499999999999,-6.558999999999998,4.162,Baltimore Ravens,10.720999999999998,Same,Same,Same,Same,Same,Same,False,Home Team,Home Team,47.5,-400.0,310.0,Baltimore Ravens,Tennessee Titans,-8.5,8.5,-646,450,-436,327,-11.745499999999998,11.745499999999998,-9.696499999999999,9.696499999999999,0.2439,0.8,0.1818,0.866,0.2342,0.8134,0.2336,0.7664,0.1735,0.8265,0.2235,0.7765,0.2336,0.7664,-0.2664,0.2664,,,50,4,2026-10-04,TEN @ BAL,10.0,60.0,0.0,Historical Avg,False,C.Ward,L.Jackson,-15.86,-16.0,12.67,160.48,Med-Low,-24.0,-7.0,51.98,51.0,13.230441102032497,35.900000000000034,69.0,0.897,0.1024,0.0524,0.0516,0.732,0.268,0.6116,0.3884,0.8166,0.1833,-445,+446,,,,,,,,No Bet,,No Bet,,No Bet,,No Bet,,No Bet,,No Bet,,No Bet,,No Bet,,No Bet,,,,,,,,,,,,,,nan,,,,,,,,,,,,,,,4,-0.11017692307692305,0.11085384615384614,Baltimore Ravens,Tennessee Titans,0,0,0,0,0,0,0,0,0,0,0,0,0,1.5,4.5,,,10479.63284825191,0.9032958623649026,0.9950855093730702,0.1362787811852576,1.7672980699939595e-05,1094.5353799775617,0.04326420314266066,333.61621185119833,0.14194214592694832,0.15297847996175956,8.135623804104781e-05,0.10444405790038143,0.031834723284876174,4.128408291505889e-06,1.3544572408433706e-05,0.031848267857284604,0.185206349069609,1428.1515918287598,,,3770.0,1141.0
2026_04_NE_BUF,2026,4,2026-10-04,13:00,New England Patriots,Buffalo Bills,Home,,,,,7,7,0,0,4,3,Highmark Stadium,42.7725,-78.7877,America/New_York,False,True,4,4,Sunday,4,3,AFC East,Gillette Stadium,42.0628,-71.2687,America/New_York,AFC East,Highmark Stadium,42.7725,-78.7877,America/New_York,Jacksonville Jaguars,Los Angeles Chargers,TIAA Bank Field,Highmark Stadium,Las Vegas Raiders,Los Angeles Rams,Gillette Stadium,SoFi Stadium,386,0,-386,386,0.0,0.0,America/New_York,America/New_York,0.0,0.0,0.0,0.0,0.0,0,-1.995,4.795,-1.995,4.795,Buffalo Bills,6.79,Buffalo Bills,6.79,-1.995,4.795,Buffalo Bills,6.79,0.0,0,No,No,No,No,No,1,No,5.09,6.16,4.222,3.416,-1.72222,4.479220000000001,-1.72222,4.479220000000001,5.30558,5.901420000000001,4.418820000000001,3.17618,Buffalo Bills,6.201440000000001,Buffalo Bills,6.201440000000001,-1.72222,4.479220000000001,Buffalo Bills,6.201440000000001,Buffalo Bills,1.0700000000000003,New England Patriots,0.8060000000000005,4.656000000000001,4.788,Buffalo Bills,0.13199999999999967,Buffalo Bills,0.5958400000000008,New England Patriots,1.242640000000001,4.8622000000000005,4.5388,New England Patriots,0.32340000000000035,Same,Different,Same,Different,Same,Same,False,Home Team,Away Team,49.5,-167.0,140.0,Buffalo Bills,New England Patriots,-3.0,3.0,-116,-104,101,-122,-0.5958400000000008,0.5958400000000008,1.242640000000001,-1.242640000000001,0.4167,0.6255,0.5098,0.537,0.5495,0.4975,0.3998,0.6002,0.487,0.513,0.5248,0.4752,0.3998,0.6002,-0.1002,0.1002,,,51,4,2026-10-04,NE @ BUF,15.0,55.0,0.0,Historical Avg,False,D.Maye,J.Allen,-0.97,-2.0,14.46,209.04,High,-11.0,9.0,53.26,53.0,13.565212487755863,36.0,71.0,0.528,0.4716,0.0848,0.0808,0.4526,0.5062,0.5978,0.4022,0.5291,0.4708,-112,+112,,,,,,,,No Bet,,No Bet,,No Bet,,No Bet,,No Bet,,No Bet,,No Bet,,No Bet,,No Bet,,,,,,,,,,,,,,nan,,,,,,,,,,,,,,,4,0.11233846153846155,0.11976153846153846,Buffalo Bills,New England Patriots,0,1,0,0,0,1,0,0,0,1,0,1,1,4.5,4.5,,,10479.63284825191,0.9909605464261866,0.9842163647199353,0.007232990726781819,0.00022052915421293622,45.49461214433281,0.9239636144811414,30.304475067151387,1.387100954005956,0.02126033409709219,0.001312731088526139,0.004341241034214447,0.0028917496925673714,8.81675558543319e-05,0.0001323615983586043,0.0030241112909259755,2.3110645684870974,75.79908721148419,,,3770.0,1141.0
2026_04_NYJ_CHI,2026,4,2026-10-04,13:00,New York Jets,Chicago Bears,Home,,,,,7,6,1,-1,-2,-1,Soldier Field,41.8623,-87.6167,America/Chicago,False,True,4,4,Sunday,-2,-1,AFC East,MetLife Stadium,40.8136,-74.0744,America/New_York,NFC North,Soldier Field,41.8623,-87.6167,America/Chicago,Detroit Lions,Philadelphia Eagles,Ford Field,Soldier Field,Cleveland Browns,Green Bay Packers,MetLife Stadium,Lambeau Field,705,0,-705,705,1.0,0.0,America/Detroit,America/Chicago,1.0,0.0,1.0,0.0,1.0,0,-3.725,-1.575,-3.725,-1.575,Chicago Bears,2.1500000000000004,Chicago Bears,2.1500000000000004,-3.725,-1.575,Chicago Bears,2.1500000000000004,0.0,0,No,No,No,No,No,0,Yes,-9.26,0.9,-6.95,1.647,-4.567,-1.5364999999999998,-4.567,-1.5364999999999998,-10.102,0.9385,-7.792,1.6855000000000002,Chicago Bears,3.0305000000000004,Chicago Bears,3.0305000000000004,-4.567,-1.5364999999999998,Chicago Bears,3.0305000000000004,Chicago Bears,10.16,Chicago Bears,8.597,-8.105,1.2735,Chicago Bears,9.3785,Chicago Bears,11.0405,Chicago Bears,9.4775,-8.947,1.312,Chicago Bears,10.258999999999999,Same,Same,Same,Same,Same,Same,False,Home Team,Home Team,45.5,-417.0,330.0,Chicago Bears,New York Jets,-8.5,8.5,-567,406,-436,327,-11.0405,11.0405,-9.4775,9.4775,0.2326,0.8066,0.1976,0.8501,0.2342,0.8134,0.2238,0.7762,0.1886,0.8114,0.2235,0.7765,0.2238,0.7762,-0.2762,0.2762,,,52,4,2026-10-04,NYJ @ CHI,15.0,58.0,0.0,Historical Avg,False,G.Smith,C.Williams,-9.26,-10.0,12.79,163.47,Med-Low,-17.0,-2.0,47.58,47.0,13.069242267962277,31.0,64.0,0.7708,0.2278,0.0736,0.0716,0.5418,0.4582,0.552,0.448,0.7837,0.2159,-362,+363,,,,,,,,No Bet,,No Bet,,No Bet,,No Bet,,No Bet,,No Bet,,No Bet,,No Bet,,No Bet,,,,,,,,,,,,,,nan,,,,,,,,,,,,,,,4,-0.1363923076923077,0.022653846153846153,Chicago Bears,New York Jets,0,0,0,1,0,1,0,0,0,1,0,1,0,1.5,3.5,,,10479.63284825191,0.9883615119440121,0.9983376154149785,0.30559232243209083,1.0365731189029408e-05,2485.776883166419,0.024311182971080286,716.7184571665092,0.08431787409362163,0.25981400730557724,0.0002021223256558211,0.2372007606717889,0.06839156176030192,2.3198506401047815e-06,8.045880548924627e-06,0.06839960764085085,0.10862905706470191,3202.4953403329278,,,3770.0,1141.0
2026_04_JAX_CIN,2026,4,2026-10-04,13:00,Jacksonville Jaguars,Cincinnati Bengals,Home,,,,,7,7,0,0,1,0,Paycor Stadium,39.0955,-84.5165,America/New_York,False,False,4,4,Sunday,1,0,AFC South,TIAA Bank Field,30.3239,-81.6554,America/New_York,AFC North,Paycor Stadium,39.0955,-84.5165,America/New_York,New England Patriots,Pittsburgh Steelers,TIAA Bank Field,Acrisure Stadium,Philadelphia Eagles,Miami Dolphins,Tottenham Hotspur Stadium,Hard Rock Stadium,627,0,-627,627,0.0,0.0,America/New_York,America/New_York,0.0,0.0,0.0,0.0,0.0,0,-1.825,1.31,-1.825,1.31,Cincinnati Bengals,3.135,Cincinnati Bengals,3.135,-1.825,1.31,Cincinnati Bengals,3.135,0.0,0,No,No,No,No,No,0,No,5.41,-0.04,3.85,-0.609,-0.9179999999999999,2.8985000000000003,-0.9179999999999999,2.8985000000000003,6.317,1.5485,4.757,0.9795,Cincinnati Bengals,3.8165000000000004,Cincinnati Bengals,3.8165000000000004,-0.9179999999999999,2.8985000000000003,Cincinnati Bengals,3.8165000000000004,Jacksonville Jaguars,5.45,Jacksonville Jaguars,4.459,4.63,-0.3245,Jacksonville Jaguars,4.9544999999999995,Jacksonville Jaguars,4.7685,Jacksonville Jaguars,3.7775,5.537,1.264,Jacksonville Jaguars,4.273,Different,Different,Different,Different,Same,Same,False,Away Team,Away Team,51.5,-135.0,114.0,Cincinnati Bengals,Jacksonville Jaguars,-2.5,2.5,188,-234,171,-211,4.7685,-4.7685,3.7775,-3.7775,0.4673,0.5745,0.7006,0.3472,0.6785,0.369,0.4486,0.5514,0.6686,0.3314,0.6477,0.3523,0.4486,0.5514,-0.0514,0.0514,,,53,4,2026-10-04,JAX @ CIN,10.0,62.0,0.0,Historical Avg,False,T.Lawrence,J.Burrow,2.63,3.0,13.99,195.61,High,-7.0,13.0,55.93,56.0,13.520709920686556,39.0,73.0,0.4324,0.567,0.0886,0.0832,0.3966,0.6034,0.615,0.385,0.4169,0.583,+140,-140,,,,,,,,No Bet,,No Bet,,No Bet,,No Bet,,No Bet,,No Bet,,No Bet,,No Bet,,No Bet,,,,,,,,,,,,,,nan,,,,,,,,,,,,,,,4,0.013507692307692304,0.1098076923076923,Cincinnati Bengals,Jacksonville Jaguars,0,0,0,0,0,0,0,0,0,0,0,0,0,3.0,4.5,,,10479.63284825191,0.9609206652856994,0.7213804287160724,0.003454170445142049,0.00023709154454071784,19.959818746488864,1.1146060669217628,16.238619313882673,1.3700262712899245,0.00968679829828387,0.002073116203596229,0.0019046295834513258,0.0015495408616907232,0.00010635926688096602,0.00013073227765975182,0.001680273139350475,2.4846323382116875,36.19843806037154,,,3770.0,1141.0
2026_04_DAL_HOU,2026,4,2026-10-04,13:00,Dallas Cowboys,Houston Texans,Home,,,,,7,7,0,0,0,0,NRG Stadium,29.6847,-95.4093,America/Chicago,False,False,4,4,Sunday,0,0,NFC East,AT&T Stadium,32.7369,-97.0826,America/Chicago,AFC South,NRG Stadium,29.6847,-95.4093,America/Chicago,Baltimore Ravens,Indianapolis Colts,Maracanã Stadium,Lucas Oil Stadium,Tampa Bay Buccaneers,Tennessee Titans,AT&T Stadium,Nissan Stadium,233,0,-233,233,0.0,0.0,America/Chicago,America/Indiana/Indianapolis,0.0,1.0,0.0,0.0,0.0,0,-0.615,0.035,-0.615,0.035,Houston Texans,0.65,Houston Texans,0.65,-0.615,0.035,Houston Texans,0.65,0.0,0,No,No,No,No,No,0,No,-1.01,2.96,-3.616,5.008,-0.605,-0.2085,-0.605,-0.2085,-1.0,2.7165,-3.6060000000000003,4.7645,Houston Texans,0.39649999999999996,Houston Texans,0.39649999999999996,-0.605,-0.2085,Houston Texans,0.39649999999999996,Houston Texans,3.9699999999999998,Houston Texans,8.624,-2.313,3.984,Houston Texans,6.297000000000001,Houston Texans,3.7165,Houston Texans,8.3705,-2.303,3.7405,Houston Texans,6.0435,Same,Same,Same,Same,Same,Same,False,Home Team,Home Team,47.5,-135.0,114.0,Houston Texans,Dallas Cowboys,-2.5,2.5,-191,156,-397,302,-3.7165,3.7165,-8.3705,8.3705,0.4673,0.5745,0.3906,0.6564,0.2488,0.7988,0.4486,0.5514,0.3731,0.6269,0.2375,0.7625,0.4486,0.5514,-0.0514,0.0514,,,54,4,2026-10-04,DAL @ HOU,0.0,70.0,0.0,Dome,True,D.Prescott,C.Stroud,-6.35,-7.0,13.14,172.74,Medium,-15.25,3.0,53.74,53.0,13.354855411894752,36.0,71.0,0.6824,0.3166,0.0834,0.0758,0.6488,0.3512,0.6696,0.3304,0.6558,0.344,-191,+191,,,,,,,,No Bet,,No Bet,,No Bet,,No Bet,,No Bet,,No Bet,,No Bet,,No Bet,,No Bet,,,,,,,,,,,,,,nan,,,,,,,,,,,,,,,4,0.03669230769230769,0.06464615384615385,Houston Texans,Dallas Cowboys,1,0,0,0,0,0,0,1,1,0,0,1,0,3.5,4.0,,,10479.63284825191,0.9960611394435845,0.9843981197165683,0.006395400692453669,0.00030189777427948956,36.95562817754788,1.4192707355040508,30.065822996822597,1.7445070966494283,0.016121380134789042,0.0016702306027637337,0.003526423941818953,0.002868976750634716,0.00013543134154177903,0.00016646643273771053,0.0030354431833724263,3.163777832153479,67.02145117437047,,,3770.0,1141.0
2026_04_ARI_NYG,2026,4,2026-10-04,13:00,Arizona Cardinals,New York Giants,Home,,,,,7,7,0,0,-4,-4,MetLife Stadium,40.8136,-74.0744,America/New_York,False,True,4,4,Sunday,-4,-4,NFC West,State Farm Stadium,33.5277,-112.262608,America/Denver,NFC East,MetLife Stadium,40.8136,-74.0744,America/New_York,San Francisco 49ers,Tennessee Titans,Levi's Stadium,MetLife Stadium,Detroit Lions,Washington Commanders,State Farm Stadium,FedExField,2142,0,-2142,2142,-2.0,0.0,America/Los_Angeles,America/New_York,-3.0,0.0,-2.0,0.0,-2.0,0,0.075,-2.84,0.075,-2.84,Arizona Cardinals,2.915,Arizona Cardinals,2.915,0.075,-2.84,Arizona Cardinals,2.915,-0.3,0,No,No,No,No,No,0,No,-4.4,-3.53,-3.837,-5.014,0.3425,-4.082,0.3425,-4.082,-4.1325,-4.772,-3.569500000000001,-6.256,Arizona Cardinals,4.4245,Arizona Cardinals,4.4245,0.3425,-4.082,Arizona Cardinals,4.4245,New York Giants,0.8700000000000006,Arizona Cardinals,1.177,-4.1185,-4.272,Arizona Cardinals,0.1535000000000002,Arizona Cardinals,0.6395,Arizona Cardinals,2.686499999999999,-3.851000000000001,-5.514,Arizona Cardinals,1.6629999999999994,Different,Same,Same,Same,Different,Same,False,Away Team,Away Team,45.5,-323.0,260.0,New York Giants,Arizona Cardinals,-7.0,7.0,-104,-116,117,-142,0.6395,-0.6395,2.686499999999999,-2.686499999999999,0.2778,0.7636,0.537,0.5098,0.5868,0.4608,0.2667,0.7333,0.513,0.487,0.5601,0.4399,0.2667,0.7333,-0.2333,0.2333,,,55,4,2026-10-04,ARI @ NYG,12.0,62.0,0.0,Historical Avg,False,J.Brissett,J.Dart,0.21,1.0,13.65,186.22,Med-High,-10.0,10.0,47.61,47.0,13.158748614249708,31.0,65.0,0.4966,0.5026,0.0954,0.09,0.2926,0.6658,0.5572,0.4428,0.5392,0.4606,-117,+117,,,,,,,,No Bet,,No Bet,,No Bet,,No Bet,,No Bet,,No Bet,,No Bet,,No Bet,,No Bet,,,,,,,,,,,,,,nan,,,,,,,,,,,,,,,4,-0.23530769230769227,-0.07626153846153846,New York Giants,Arizona Cardinals,0,0,0,0,0,0,0,0,0,0,0,0,0,0.0,2.0,,,10479.63284825191,0.9723305616343602,0.9997989043321944,0.17495466060898615,6.57248633545195e-05,1344.4766640463677,0.18369560893640277,488.983944226328,0.505076828020488,0.1385733909830268,0.00013862227159226056,0.12829425262456953,0.04666040798441662,1.752882105665035e-05,4.819604229786916e-05,0.046708604026714486,0.6887724369568907,1833.4606082726957,,,3770.0,1141.0
2026_04_LA_PHI,2026,4,2026-10-04,13:00,Los Angeles Rams,Philadelphia Eagles,Home,,,,,7,6,1,-1,3,-1,Lincoln Financial Field,39.9008,-75.1675,America/New_York,False,True,4,4,Sunday,3,-1,NFC West,SoFi Stadium,33.9535,-118.3395,America/Los_Angeles,NFC East,Lincoln Financial Field,39.9008,-75.1675,America/New_York,Denver Broncos,Chicago Bears,Empower Field at Mile High,Soldier Field,Buffalo Bills,Jacksonville Jaguars,SoFi Stadium,Tottenham Hotspur Stadium,2394,0,-2394,2394,-3.0,0.0,America/Denver,America/Chicago,-2.0,-1.0,-3.0,0.0,-3.0,0,1.29,4.905,1.29,4.905,Philadelphia Eagles,3.615,Philadelphia Eagles,3.615,1.29,4.905,Philadelphia Eagles,3.615,-0.44999999999999996,0,No,No,No,No,No,0,Yes,8.12,5.52,7.087,3.682,1.552,6.127,1.552,6.127,8.382,6.741999999999999,7.349,4.904,Philadelphia Eagles,4.574999999999999,Philadelphia Eagles,4.574999999999999,1.552,6.127,Philadelphia Eagles,4.574999999999999,Los Angeles Rams,2.5999999999999996,Los Angeles Rams,3.405,7.6034999999999995,4.601,Los Angeles Rams,3.0024999999999995,Los Angeles Rams,1.6400000000000006,Los Angeles Rams,2.4450000000000003,7.8655,5.8229999999999995,Los Angeles Rams,2.0425000000000004,Different,Different,Different,Different,Same,Same,False,Away Team,Away Team,47.5,105.0,-125.0,Los Angeles Rams,Philadelphia Eagles,1.5,-1.5,105,-128,117,-142,1.6400000000000006,-1.6400000000000006,2.4450000000000003,-2.4450000000000003,0.5556,0.4878,0.5614,0.4878,0.5868,0.4608,0.5325,0.4675,0.5351,0.4649,0.5601,0.4399,0.5325,0.4675,0.0325,-0.0325,,,56,4,2026-10-04,LA @ PHI,12.0,64.0,0.0,Historical Avg,False,M.Stafford,J.Hurts,2.06,3.0,13.34,177.96,Medium,-7.0,11.0,49.37,49.0,13.722311006673502,32.0,67.0,0.4376,0.5612,0.101,0.086,0.4606,0.5394,0.531,0.469,0.4525,0.5472,+121,-121,,,,,,,,No Bet,,No Bet,,No Bet,,No Bet,,No Bet,,No Bet,,No Bet,,No Bet,,No Bet,,,,,,,,,,,,,,nan,,,,,,,,,,,,,,,4,0.15724615384615384,0.09638461538461537,Los Angeles Rams,Philadelphia Eagles,1,0,0,1,0,1,0,0,1,1,0,1,0,5.0,4.0,,,10479.63284825191,0.9318827691630549,0.8613388205896066,0.0005792039478034449,0.0012593516534461875,2.8376524053088423,7.027691623513548,3.232192311929323,6.169851331441473,0.0028219577256374637,0.003265733626654127,0.0002707778455981105,0.0003084261022053344,0.0006706047554600948,0.0005887468979860927,0.0008971730001914272,13.19754295495502,6.0698447172381655,,,3770.0,1141.0
2026_04_GB_TB,2026,4,2026-10-04,13:00,Green Bay Packers,Tampa Bay Buccaneers,Home,,,,,10,7,3,-3,3,-3,Raymond James Stadium,27.9759,-82.5033,America/New_York,False,False,4,4,Sunday,3,-3,NFC North,Lambeau Field,44.5013,-88.0622,America/Chicago,NFC South,Raymond James Stadium,27.9759,-82.5033,America/New_York,Atlanta Falcons,Minnesota Vikings,Lambeau Field,Raymond James Stadium,Chicago Bears,Dallas Cowboys,Lambeau Field,AT&T Stadium,1182,0,-1182,1182,-1.0,0.0,America/Chicago,America/New_York,-1.0,0.0,-1.0,0.0,-1.0,0,3.535,1.025,3.535,1.025,Green Bay Packers,2.5100000000000002,Green Bay Packers,2.5100000000000002,3.535,1.025,Green Bay Packers,2.5100000000000002,0.0,0,No,No,No,No,No,0,No,5.09,-1.4,2.933,-2.096,3.5455,-1.2165000000000001,3.5455,-1.2165000000000001,5.100499999999999,-3.6414999999999997,2.9435,-4.3375,Green Bay Packers,4.7620000000000005,Green Bay Packers,4.7620000000000005,3.5455,-1.2165000000000001,Green Bay Packers,4.7620000000000005,Green Bay Packers,6.49,Green Bay Packers,5.029,4.0115,-1.748,Green Bay Packers,5.7595,Green Bay Packers,8.741999999999999,Green Bay Packers,7.281000000000001,4.021999999999999,-3.9895,Green Bay Packers,8.0115,Same,Same,Same,Same,Same,Same,False,Away Team,Away Team,47.5,105.0,-125.0,Green Bay Packers,Tampa Bay Buccaneers,1.5,-1.5,302,-397,268,-346,8.741999999999999,-8.741999999999999,7.281000000000001,-7.281000000000001,0.5556,0.4878,0.7988,0.2488,0.7758,0.2717,0.5325,0.4675,0.7625,0.2375,0.7406,0.2594,0.5325,0.4675,0.0325,-0.0325,,,57,4,2026-10-04,GB @ TB,8.0,82.0,0.0,Historical Avg,False,J.Love,B.Mayfield,9.24,9.0,12.56,157.64,Low,2.0,17.0,55.66,55.0,13.74059814009017,39.0,73.0,0.2224,0.777,0.0778,0.0806,0.246,0.754,0.708,0.292,0.2967,0.7032,+237,-237,,,,,,,,No Bet,,No Bet,,No Bet,,No Bet,,No Bet,,No Bet,,No Bet,,No Bet,,No Bet,,,,,,,,,,,,,,nan,,,,,,,,,,,,,,,4,0.07440000000000001,-0.022699999999999994,Green Bay Packers,Tampa Bay Buccaneers,0,0,1,0,0,0,1,0,1,0,1,0,0,4.0,2.5,,,10479.63284825191,0.9418903871052547,0.7828631188389131,0.0008034500301854488,0.0014795685469688263,3.9362851709617455,8.256590965274212,4.483576157298672,7.248744180780647,0.003240331643474095,0.0031701163923206505,0.00037561288911169735,0.00042783714107375145,0.0007878702512609,0.0006916982957079263,0.0011195354367816777,15.50533514605486,8.419861328260417,,,3770.0,1141.0
2026_04_MIA_MIN,2026,4,2026-10-04,16:05,Miami Dolphins,Minnesota Vikings,Home,,,,,7,7,0,0,-3,0,U.S. Bank Stadium,44.9738,-93.2575,America/Chicago,False,False,4,4,Sunday,-3,0,AFC East,Hard Rock Stadium,25.9602,-80.2384,America/New_York,NFC North,U.S. Bank Stadium,44.9738,-93.2575,America/Chicago,Kansas City Chiefs,Tampa Bay Buccaneers,Hard Rock Stadium,Raymond James Stadium,Cincinnati Bengals,New Orleans Saints,Hard Rock Stadium,Caesars Superdome,1499,0,-1499,1499,1.0,0.0,America/New_York,America/New_York,1.0,1.0,1.0,0.0,1.0,0,0.66,0.27,0.66,0.27,Miami Dolphins,0.39,Miami Dolphins,0.39,0.66,0.27,Miami Dolphins,0.39,0.0,0,No,No,No,No,No,0,No,-5.46,-0.75,-3.956,2.721,-0.5695000000000001,-1.14,-0.5695000000000001,-1.14,-6.689500000000001,-2.16,-5.185499999999999,1.3110000000000002,Miami Dolphins,0.5704999999999998,Miami Dolphins,0.5704999999999998,-0.5695000000000001,-1.14,Miami Dolphins,0.5704999999999998,Minnesota Vikings,4.71,Minnesota Vikings,6.677,-4.708,0.9855,Minnesota Vikings,5.6935,Minnesota Vikings,4.5295000000000005,Minnesota Vikings,6.496499999999999,-5.9375,-0.4245,Minnesota Vikings,5.513,Different,Different,Different,Different,Same,Same,False,Home Team,Home Team,43.5,-417.0,320.0,Minnesota Vikings,Miami Dolphins,-7.5,7.5,-224,181,-282,224,-4.5295000000000005,4.5295000000000005,-6.496499999999999,6.496499999999999,0.2381,0.8066,0.3559,0.6914,0.3086,0.7382,0.2279,0.7721,0.3398,0.6602,0.2948,0.7052,0.2279,0.7721,-0.2721,0.2721,,,58,4,2026-10-04,MIA @ MIN,0.0,70.0,0.0,Dome,True,M.Willis,K.Murray,-13.97,-14.0,13.01,169.22,Med-Low,-23.0,-6.0,45.01,44.0,12.51760037003118,29.0,61.0,0.8572,0.1424,0.0498,0.0574,0.6998,0.3002,0.5282,0.4718,0.7487,0.2512,-298,+298,,,,,,,,No Bet,,No Bet,,No Bet,,No Bet,,No Bet,,No Bet,,No Bet,,No Bet,,No Bet,,,,,,,,,,,,,,nan,,,,,,,,,,,,,,,4,-0.22129230769230768,-0.01441538461538461,Minnesota Vikings,Miami Dolphins,0,0,0,0,0,0,0,0,0,0,0,0,0,0.0,3.0,,,10479.63284825191,0.9961981051874423,0.9993954956736117,0.2863675466514237,8.07649495497368e-05,2317.0927525643892,0.19289160146802434,683.933995997182,0.6534954168208057,0.2290027238740985,0.0001600123437348687,0.22110438276956426,0.06526316388185946,1.8406332002385016e-05,6.235861754735179e-05,0.0653255224994068,0.84638701828883,3001.026748561571,,,3770.0,1141.0
2026_04_KC_LV,2026,4,2026-10-04,16:25,Kansas City Chiefs,Las Vegas Raiders,Home,,,,,7,7,0,0,-1,0,Allegiant Stadium,36.108,-115.1578,America/Los_Angeles,False,True,4,4,Sunday,-1,0,AFC West,GEHA Field at Arrowhead Stadium,39.0489,-94.4839,America/Chicago,AFC West,Allegiant Stadium,36.108,-115.1578,America/Los_Angeles,Miami Dolphins,New Orleans Saints,Hard Rock Stadium,Caesars Superdome,Los Angeles Chargers,New England Patriots,GEHA Field at Arrowhead Stadium,Gillette Stadium,1147,0,-1147,1147,2.0,0.0,America/New_York,America/Chicago,3.0,2.0,2.0,0.0,2.0,0,4.395,-2.35,4.395,-2.35,Kansas City Chiefs,6.744999999999999,Kansas City Chiefs,6.744999999999999,4.395,-2.35,Kansas City Chiefs,6.744999999999999,-0.15,0,No,No,No,No,No,1,No,-2.17,-8.15,0.625,-7.588,6.44495,-2.2329499999999998,6.44495,-2.2329499999999998,-0.11239999999999988,-8.040600000000001,2.6602699999999997,-7.45627,Kansas City Chiefs,8.677900000000001,Kansas City Chiefs,8.677900000000001,6.44495,-2.2329499999999998,Kansas City Chiefs,8.677900000000001,Kansas City Chiefs,5.98,Kansas City Chiefs,8.213000000000001,-0.7725,-7.869,Kansas City Chiefs,7.0965,Kansas City Chiefs,7.928200000000001,Kansas City Chiefs,10.11654,1.2739349999999998,-7.748435000000001,Kansas City Chiefs,9.02237,Same,Same,Same,Same,Same,Same,False,Away Team,Away Team,43.5,205.0,-250.0,Kansas City Chiefs,Las Vegas Raiders,5.5,-5.5,282,-366,356,-483,7.928200000000001,-7.928200000000001,10.11654,-10.11654,0.7143,0.3279,0.7854,0.2618,0.8285,0.2193,0.6854,0.3146,0.75,0.25,0.7907,0.2093,0.6854,0.3146,0.1854,-0.1854,,,59,4,2026-10-04,KC @ LV,0.0,70.0,0.0,Dome,True,P.Mahomes,K.Cousins,5.38,6.0,12.55,157.47,Low,-4.0,14.0,41.01,40.0,12.1230158171348,26.0,57.0,0.3374,0.6616,0.0946,0.0766,0.4786,0.5214,0.3912,0.6088,0.2778,0.7219,+260,-260,,,,,,,,No Bet,,No Bet,,No Bet,,No Bet,,No Bet,,No Bet,,No Bet,,No Bet,,No Bet,,,,,,,,,,,,,,nan,,,,,,,,,,,,,,,4,0.06444615384615385,-0.15580000000000002,Kansas City Chiefs,Las Vegas Raiders,0,0,1,0,0,0,0,0,1,0,0,0,1,4.0,1.0,,,10479.63284825191,0.9501745500592473,0.6961126353564558,1.1282150447533403e-05,0.028777757111314767,0.037196037127329114,206.7031573065723,0.08103675730156193,94.8771714161769,0.0006825897168592905,0.05477521163672171,3.5493645307940084e-06,7.732785916739395e-06,0.01972427472409514,0.009053482387219626,0.009061215173136366,301.5803287227492,0.11823279442889104,,,3770.0,1141.0
2026_04_LAC_SEA,2026,4,2026-10-04,16:25,Los Angeles Chargers,Seattle Seahawks,Home,,,,,7,7,0,0,-3,4,Lumen Field,47.5952,-122.3316,America/Los_Angeles,False,True,4,4,Sunday,-3,4,AFC West,SoFi Stadium,33.9535,-118.3395,America/Los_Angeles,NFC West,Lumen Field,47.5952,-122.3316,America/Los_Angeles,Buffalo Bills,Washington Commanders,Highmark Stadium,FedExField,Denver Broncos,San Francisco 49ers,SoFi Stadium,Lumen Field,964,0,-964,964,0.0,0.0,America/New_York,America/New_York,3.0,3.0,0.0,0.0,0.0,0,0.935,-0.13,0.935,-0.13,Los Angeles Chargers,1.065,Los Angeles Chargers,1.065,0.935,-0.13,Los Angeles Chargers,1.065,0.0,0,No,No,No,No,No,0,No,1.12,10.42,0.527,10.022,0.7945,0.098,0.7945,0.098,0.9795,10.648,0.3865,10.25,Los Angeles Chargers,0.6965,Los Angeles Chargers,0.6965,0.7945,0.098,Los Angeles Chargers,0.6965,Seattle Seahawks,9.3,Seattle Seahawks,9.495000000000001,0.8235000000000001,10.221,Seattle Seahawks,9.3975,Seattle Seahawks,9.6685,Seattle Seahawks,9.8635,0.683,10.449,Seattle Seahawks,9.766,Different,Different,Different,Different,Same,Same,False,Home Team,Home Team,45.5,-175.0,145.0,Seattle Seahawks,Los Angeles Chargers,-3.0,3.0,-436,327,-483,356,-9.6685,9.6685,-9.8635,9.8635,0.4082,0.6364,0.2342,0.8134,0.2193,0.8285,0.3908,0.6092,0.2235,0.7765,0.2093,0.7907,0.3908,0.6092,-0.1092,0.1092,,,60,4,2026-10-04,LAC @ SEA,10.0,55.0,0.0,Historical Avg,False,J.Herbert,S.Darnold,-6.06,-7.0,13.43,180.44,Med-High,-16.0,4.0,43.55,43.0,12.795176945654722,28.0,61.0,0.6728,0.3264,0.08,0.0812,0.5958,0.358,0.419,0.581,0.7123,0.2875,-248,+248,,,,,,,,No Bet,,No Bet,,No Bet,,No Bet,,No Bet,,No Bet,,No Bet,,No Bet,,No Bet,,,,,,,,,,,,,,nan,,,,,,,,,,,,,,,4,0.052399999999999995,0.11935384615384614,Seattle Seahawks,Los Angeles Chargers,0,0,0,0,0,0,0,1,0,0,0,1,0,3.5,4.5,,,10479.63284825191,0.8253795156024912,0.4978252388117561,0.009312291695125725,0.00026869017937990896,59.45146122550063,1.1004046471784987,38.13793671524237,1.715369782653893,0.01508528809556124,0.0010813728145940389,0.005673048100670591,0.003639243594455134,0.00010500412210166842,0.00016368605727824055,0.0038029296517333743,2.8157744298323917,97.589397940743,,,3770.0,1141.0
2026_04_DEN_SF,2026,4,2026-10-04,16:25,Denver Broncos,San Francisco 49ers,Home,,,,,7,7,0,0,0,3,Levi's Stadium,37.4031,-121.9702,America/Los_Angeles,False,False,4,4,Sunday,0,3,AFC West,Empower Field at Mile High,39.7648,-105.0076,America/Denver,NFC West,Levi's Stadium,37.4031,-121.9702,America/Los_Angeles,Los Angeles Rams,Arizona Cardinals,Empower Field at Mile High,Levi's Stadium,Los Angeles Chargers,Seattle Seahawks,SoFi Stadium,Lumen Field,928,0,-928,928,1.0,0.0,America/Denver,America/Los_Angeles,1.0,0.0,1.0,0.0,1.0,0,2.05,3.325,2.05,3.325,San Francisco 49ers,1.2750000000000004,San Francisco 49ers,1.2750000000000004,2.05,3.325,San Francisco 49ers,1.2750000000000004,0.0,0,No,No,No,No,No,0,No,-0.48,3.57,3.499,2.606,2.7055,1.8155000000000001,2.7055,1.8155000000000001,0.17550000000000004,2.0604999999999998,4.1545000000000005,1.0964999999999998,Denver Broncos,0.8899999999999997,Denver Broncos,0.8899999999999997,2.7055,1.8155000000000001,Denver Broncos,0.8899999999999997,San Francisco 49ers,4.05,Denver Broncos,0.8930000000000002,1.5095,3.088,San Francisco 49ers,1.5785,San Francisco 49ers,1.8849999999999998,Denver Broncos,3.0580000000000007,2.1650000000000005,1.5784999999999998,Denver Broncos,0.5865000000000007,Different,Different,Different,Same,Same,Same,False,Home Team,Away Team,46.5,-135.0,114.0,San Francisco 49ers,Denver Broncos,-2.5,2.5,-131,108,135,-164,-1.8849999999999998,1.8849999999999998,3.0580000000000007,-3.0580000000000007,0.4673,0.5745,0.4808,0.5671,0.6212,0.4255,0.4486,0.5514,0.4588,0.5412,0.5935,0.4065,0.4486,0.5514,-0.0514,0.0514,,,61,4,2026-10-04,DEN @ SF,10.0,70.0,0.0,Historical Avg,False,B.Nix,B.Purdy,-0.48,-1.0,13.18,173.75,Medium,-10.0,8.0,51.85,51.0,13.71621004080853,35.0,70.0,0.5186,0.48,0.1028,0.0914,0.4788,0.5212,0.6334,0.3666,0.5044,0.4952,-102,+102,,,,,,,,No Bet,,No Bet,,No Bet,,No Bet,,No Bet,,No Bet,,No Bet,,No Bet,,No Bet,,,,,,,,,,,,,,nan,,,,,,,,,,,,,,,4,0.08346923076923078,0.06273846153846153,San Francisco 49ers,Denver Broncos,1,0,0,0,0,0,1,0,1,0,1,0,0,4.0,4.0,,,10479.63284825191,0.38398367291628627,0.9955160861844558,0.002296205346736174,0.0003011449017393316,13.268552682462623,1.4157313587519003,10.794836295525451,1.7401566455991926,0.01083497908507813,0.0018785850554572854,0.0012661276281903263,0.0010300777185458477,0.00013509360292026415,0.00016605129881906743,0.0011961290173649153,3.155888004351093,24.063388977988073,,,3770.0,1141.0
2026_04_DET_CAR,2026,4,2026-10-04,20:20,Detroit Lions,Carolina Panthers,Home,,,,,7,7,0,0,3,0,Bank of America Stadium,35.2258,-80.8528,America/New_York,False,False,4,4,Sunday,3,0,NFC North,Ford Field,42.3395,-83.045,America/Detroit,NFC South,Bank of America Stadium,35.2258,-80.8528,America/New_York,New York Jets,Cleveland Browns,Ford Field,FirstEnergy Stadium,Arizona Cardinals,Philadelphia Eagles,State Farm Stadium,Lincoln Financial Field,505,0,-505,505,0.0,0.0,America/Detroit,America/New_York,0.0,0.0,0.0,0.0,0.0,0,4.305,-5.25,4.305,-5.25,Detroit Lions,9.555,Detroit Lions,9.555,4.305,-5.25,Detroit Lions,9.555,0.0,0,No,No,No,No,No,0,No,3.98,-3.79,3.658,-4.367,5.289,-6.8535,5.289,-6.8535,4.9639999999999995,-5.3934999999999995,4.6419999999999995,-5.9704999999999995,Detroit Lions,12.1425,Detroit Lions,12.1425,5.289,-6.8535,Detroit Lions,12.1425,Detroit Lions,7.77,Detroit Lions,8.025,3.819,-4.0785,Detroit Lions,7.8975,Detroit Lions,10.357499999999998,Detroit Lions,10.612499999999999,4.802999999999999,-5.6819999999999995,Detroit Lions,10.485,Same,Same,Same,Same,Same,Same,False,Away Team,Away Team,47.5,136.0,-161.0,Detroit Lions,Carolina Panthers,3.0,-3.0,389,-538,389,-538,10.357499999999998,-10.357499999999998,10.612499999999999,-10.612499999999999,0.6169,0.4237,0.8433,0.2045,0.8433,0.2045,0.5928,0.4072,0.8048,0.1952,0.8048,0.1952,0.5928,0.4072,0.0928,-0.0928,,,62,4,2026-10-04,DET @ CAR,6.0,68.0,0.0,Historical Avg,False,J.Goff,B.Young,12.3,13.0,13.92,193.87,Med-High,4.0,21.0,54.67,54.0,14.03159363593433,37.0,73.0,0.1874,0.8116,0.0608,0.068,0.217,0.7504,0.6752,0.3248,0.2463,0.7535,+306,-306,,,,,,,,No Bet,,No Bet,,No Bet,,No Bet,,No Bet,,No Bet,,No Bet,,No Bet,,No Bet,,,,,,,,,,,,,,nan,,,,,,,,,,,,,,,4,0.10649230769230768,-0.09809230769230769,Detroit Lions,Carolina Panthers,1,0,0,0,0,0,0,0,1,0,0,0,0,4.5,1.5,,,10479.63284825191,0.9976776368252871,0.7257591978708907,0.00017821050288440978,0.008920105986005665,0.7604788365798838,55.41460948345407,1.1071018033510684,38.064826217379384,0.0011677754328056295,0.01961181465746633,7.256731677453167e-05,0.00010564318610987811,0.005287838828504158,0.0036322671575015073,0.0037379103436113855,93.47943570083346,1.8675806399309522,,,3770.0,1141.0
2026_04_ATL_NO,2026,4,2026-10-05,20:15,Atlanta Falcons,New Orleans Saints,Home,,,,,11,8,3,-3,3,-3,Caesars Superdome,29.9507,-90.0813,America/Chicago,False,True,4,4,Monday,3,-3,NFC South,Mercedes-Benz Stadium,33.7489,-84.388,America/New_York,NFC South,Caesars Superdome,29.9507,-90.0813,America/Chicago,Green Bay Packers,Las Vegas Raiders,Lambeau Field,Caesars Superdome,Baltimore Ravens,Minnesota Vikings,Mercedes-Benz Stadium,Caesars Superdome,424,0,-424,424,1.0,0.0,America/Chicago,America/Chicago,0.0,0.0,0.0,0.0,0.0,0,-0.71,-6.145,-0.71,-6.145,Atlanta Falcons,5.435,Atlanta Falcons,5.435,-0.71,-6.145,Atlanta Falcons,5.435,0.0,0,No,No,No,No,No,1,No,-0.79,-4.37,-0.101,-4.865,0.28042,-7.42042,0.28042,-7.42042,0.21896999999999991,-5.66397,0.89613,-6.147130000000001,Atlanta Falcons,7.70084,Atlanta Falcons,7.70084,0.28042,-7.42042,Atlanta Falcons,7.70084,Atlanta Falcons,3.58,Atlanta Falcons,4.764,-0.4455,-4.6175,Atlanta Falcons,4.172,Atlanta Falcons,5.88294,Atlanta Falcons,7.043260000000001,0.55755,-5.90555,Atlanta Falcons,6.4631,Same,Same,Same,Same,Same,Same,False,Away Team,Away Team,45.5,-135.0,114.0,New Orleans Saints,Atlanta Falcons,-2.5,2.5,208,-261,249,-319,5.88294,-5.88294,7.043260000000001,-7.043260000000001,0.4673,0.5745,0.723,0.3247,0.7613,0.2865,0.4486,0.5514,0.6901,0.3099,0.7266,0.2734,0.4486,0.5514,-0.0514,0.0514,,,63,4,2026-10-05,ATL @ NO,0.0,70.0,0.0,Dome,True,M.Penix,T.Shough,8.25,9.0,12.81,164.14,Med-Low,-1.0,17.0,44.64,44.0,12.750674726507466,29.0,61.0,0.2512,0.748,0.0766,0.0808,0.2232,0.7768,0.4548,0.5452,0.3465,0.6533,+189,-188,,,,,,,,No Bet,,No Bet,,No Bet,,No Bet,,No Bet,,No Bet,,No Bet,,No Bet,,No Bet,,,,,,,,,,,,,,nan,,,,,,,,,,,,,,,4,-0.10605384615384614,-0.04767692307692307,New Orleans Saints,Atlanta Falcons,0,0,0,0,0,0,0,0,0,0,0,0,1,1.5,2.5,,,10479.63284825191,0.9408561330123761,0.9976475181761895,0.009223311260843808,0.0007938066283640404,53.29662329425709,3.7318145851688826,43.36029236453342,4.58698743259501,0.016059124749318972,0.0022684547972664816,0.005085733829229276,0.004137577431614532,0.0003561016534841085,0.00043770497487993185,0.004575282406494464,8.318802017763893,96.65691565879051,,,3770.0,1141.0
2026_05_TB_DAL,2026,5,2026-10-08,20:15,Tampa Bay Buccaneers,Dallas Cowboys,Home,,,,,4,4,0,0,-3,0,AT&T Stadium,32.7369,-97.0826,America/Chicago,False,False,5,5,Thursday,-3,0,NFC South,Raymond James Stadium,27.9759,-82.5033,America/New_York,NFC East,AT&T Stadium,32.7369,-97.0826,America/Chicago,Green Bay Packers,Houston Texans,Raymond James Stadium,NRG Stadium,Pittsburgh Steelers,Green Bay Packers,Raymond James Stadium,Lambeau Field,928,0,-928,928,1.0,0.0,America/New_York,America/Chicago,1.0,0.0,1.0,0.0,1.0,0,1.025,-0.615,1.025,-0.615,Tampa Bay Buccaneers,1.64,Tampa Bay Buccaneers,1.64,1.025,-0.615,Tampa Bay Buccaneers,1.64,0.0,0,No,No,No,No,No,0,No,-1.4,-1.01,-2.096,-3.616,2.8165,-0.625,2.8165,-0.625,0.39149999999999996,-1.02,-0.30449999999999977,-3.626,Tampa Bay Buccaneers,3.4415,Tampa Bay Buccaneers,3.4415,2.8165,-0.625,Tampa Bay Buccaneers,3.4415,Dallas Cowboys,0.3899999999999999,Tampa Bay Buccaneers,1.52,-1.748,-2.313,Tampa Bay Buccaneers,0.5650000000000002,Tampa Bay Buccaneers,1.4115,Tampa Bay Buccaneers,3.3215000000000003,0.043500000000000094,-2.323,Tampa Bay Buccaneers,2.3665000000000003,Different,Same,Same,Same,Different,Same,True,Away Team,Away Team,52.5,-204.0,170.0,Dallas Cowboys,Tampa Bay Buccaneers,-3.5,3.5,105,-128,156,-191,1.4115,-1.4115,3.3215000000000003,-3.3215000000000003,0.3704,0.6711,0.5614,0.4878,0.6564,0.3906,0.3556,0.6444,0.5351,0.4649,0.6269,0.3731,0.3556,0.6444,-0.1444,0.1444,,,64,5,2026-10-08,TB @ DAL,0.0,70.0,0.0,Dome,True,B.Mayfield,D.Prescott,3.21,4.0,13.35,178.1,Medium,-7.0,12.0,61.07,61.0,14.150194395847997,43.0,79.0,0.4116,0.5878,0.0924,0.0908,0.3232,0.6768,0.7254,0.2746,0.4735,0.5264,+111,-111,,,,,,,,No Bet,,No Bet,,No Bet,,No Bet,,No Bet,,No Bet,,No Bet,,No Bet,,No Bet,,,,,,,,,,,,,,nan,,,,,,,,,,,,,,,5,-0.012558333333333331,0.027716666666666667,Dallas Cowboys,Tampa Bay Buccaneers,0,1,0,0,0,0,0,0,0,1,0,0,0,3.0,3.5,,,7846.741946607285,0.9842172458271041,0.9413887413014618,0.07099664230513433,0.0003529577513849679,358.99029825361487,0.9848585206121813,198.10203299035607,1.784709872560432,0.06396854385658089,0.0013518137933414265,0.04575023630142856,0.02524640600370577,0.0001255117763924946,0.00022744597499247331,0.025473851978698243,2.769568393172613,557.0923312439709,,,3493.0,277.0
2026_05_PHI_JAX,2026,5,2026-10-11,09:30,Philadelphia Eagles,Jacksonville Jaguars,Home,,,,,7,7,0,0,-1,1,Tottenham Hotspur Stadium,30.3239,-81.6554,America/New_York,True,False,5,5,Sunday,-1,1,NFC East,Lincoln Financial Field,39.9008,-75.1675,America/New_York,AFC South,TIAA Bank Field,30.3239,-81.6554,America/New_York,Los Angeles Rams,Cincinnati Bengals,Lincoln Financial Field,Paycor Stadium,Carolina Panthers,Houston Texans,Lincoln Financial Field,Wembley Stadium,755,0,-755,755,0.0,0.0,America/New_York,America/New_York,0.0,0.0,0.0,0.0,0.0,0,4.905,-1.825,4.905,-1.825,Philadelphia Eagles,6.73,Philadelphia Eagles,6.73,4.905,-1.825,Philadelphia Eagles,6.73,0.0,0,No,No,No,No,No,0,No,5.52,5.41,3.682,3.85,3.4830000000000005,-2.6319999999999997,3.4830000000000005,-2.6319999999999997,4.098,4.603,2.26,3.043,Philadelphia Eagles,6.115,Philadelphia Eagles,6.115,3.4830000000000005,-2.6319999999999997,Philadelphia Eagles,6.115,Philadelphia Eagles,0.10999999999999943,Jacksonville Jaguars,0.16800000000000015,4.601,4.63,Jacksonville Jaguars,0.028999999999999915,Jacksonville Jaguars,0.5049999999999999,Jacksonville Jaguars,0.7830000000000004,3.179,3.823,Jacksonville Jaguars,0.6440000000000001,Different,Different,Different,Different,Different,Same,False,Home Team,Home Team,44.833333333333336,104.0,-123.0,Philadelphia Eagles,Jacksonville Jaguars,1.5,-1.5,-116,-104,-122,101,-0.5049999999999999,0.5049999999999999,-0.7830000000000004,0.7830000000000004,0.5516,0.4902,0.5098,0.537,0.4975,0.5495,0.5295,0.4705,0.487,0.513,0.4752,0.5248,0.5295,0.4705,0.0295,-0.0295,,,65,5,2026-10-11,PHI @ JAX,10.0,60.0,0.0,Historical Avg,False,J.Hurts,T.Lawrence,3.38,4.0,13.51,182.47,Med-High,-7.0,13.0,47.97,47.0,13.410949245744478,31.0,66.0,0.3978,0.6014,0.0894,0.0894,0.4218,0.5782,0.5728,0.4272,0.4765,0.5233,+110,-110,,,,,,,,No Bet,,No Bet,,No Bet,,No Bet,,No Bet,,No Bet,,No Bet,,No Bet,,No Bet,,,,,,,,,,,,,,nan,,,,,,,,,,,,,,,5,0.10195833333333332,0.01709166666666666,Philadelphia Eagles,Jacksonville Jaguars,0,0,1,0,1,0,0,0,1,0,1,0,0,4.0,3.0,,,7846.741946607285,0.7212383817270793,0.9315211346879292,0.0014465491483838084,0.0023810880423698255,5.340503352752795,9.893063321222703,6.010194527699481,8.79072009940563,0.004680875430600249,0.004815681721966203,0.0006806013743145818,0.0007659477740692266,0.0012607861184348226,0.001120301923935003,0.0018862496980042295,18.683783420628334,11.350697880452275,,,3493.0,277.0
2026_05_CIN_MIA,2026,5,2026-10-11,13:00,Cincinnati Bengals,Miami Dolphins,Home,,,,,7,7,0,0,0,-3,Hard Rock Stadium,25.9602,-80.2384,America/New_York,False,False,5,5,Sunday,0,-3,AFC North,Paycor Stadium,39.0955,-84.5165,America/New_York,AFC East,Hard Rock Stadium,25.9602,-80.2384,America/New_York,Jacksonville Jaguars,Minnesota Vikings,Paycor Stadium,U.S. Bank Stadium,Baltimore Ravens,New York Jets,M&T Bank Stadium,MetLife Stadium,940,0,-940,940,0.0,0.0,America/New_York,America/Chicago,0.0,-1.0,0.0,0.0,0.0,0,1.31,0.66,1.31,0.66,Cincinnati Bengals,0.65,Cincinnati Bengals,0.65,1.31,0.66,Cincinnati Bengals,0.65,0.0,0,No,No,No,No,No,0,No,-0.04,-5.46,-0.609,-3.956,-0.27849999999999997,1.6645,-0.27849999999999997,1.6645,-1.6285,-4.455500000000001,-2.1975,-2.9515,Miami Dolphins,1.943,Miami Dolphins,1.943,-0.27849999999999997,1.6645,Miami Dolphins,1.943,Cincinnati Bengals,5.42,Cincinnati Bengals,3.347,-0.3245,-4.708,Cincinnati Bengals,4.3835,Cincinnati Bengals,2.827000000000001,Cincinnati Bengals,0.754,-1.9129999999999998,-3.7035,Cincinnati Bengals,1.7905000000000002,Different,Different,Different,Different,Same,Same,False,Away Team,Away Team,49.5,225.0,-278.0,Cincinnati Bengals,Miami Dolphins,5.75,-5.75,135,-164,101,-122,2.827000000000001,-2.827000000000001,0.754,-0.754,0.7354,0.3077,0.6212,0.4255,0.5495,0.4975,0.705,0.295,0.5935,0.4065,0.5248,0.4752,0.705,0.295,0.205,-0.205,,,66,5,2026-10-11,CIN @ MIA,10.0,82.0,0.0,Historical Avg,False,J.Burrow,M.Willis,8.04,9.0,13.76,189.33,Med-High,-2.0,17.0,48.97,49.0,13.298967466203285,33.0,66.0,0.2702,0.729,0.0762,0.0706,0.3862,0.6138,0.48,0.52,0.3617,0.6381,+176,-176,,,,,,,,No Bet,,No Bet,,No Bet,,No Bet,,No Bet,,No Bet,,No Bet,,No Bet,,No Bet,,,,,,,,,,,,,,nan,,,,,,,,,,,,,,,5,0.10187500000000001,-0.22265,Cincinnati Bengals,Miami Dolphins,0,0,0,0,0,0,0,0,0,0,0,0,0,4.0,0.0,,,7846.741946607285,0.9993709132924425,0.9583769574790321,8.929845275461631e-05,0.10700802178033184,0.2067070649240491,591.9633548546731,0.49399485007272764,247.7009782725228,0.0007659978681351085,0.1328670885131446,2.634304356261181e-05,6.29554091920045e-05,0.07544065535513395,0.03156736642519789,0.03163032183438989,839.6643331271958,0.7007019149967767,,,3493.0,277.0
2026_05_LV_NE,2026,5,2026-10-11,13:00,Las Vegas Raiders,New England Patriots,Home,,,,,7,7,0,0,0,4,Gillette Stadium,42.0628,-71.2687,America/New_York,False,False,5,5,Sunday,0,4,AFC West,Allegiant Stadium,36.108,-115.1578,America/Los_Angeles,AFC East,Gillette Stadium,42.0628,-71.2687,America/New_York,Kansas City Chiefs,Buffalo Bills,Allegiant Stadium,Highmark Stadium,Buffalo Bills,New York Jets,Allegiant Stadium,Gillette Stadium,2361,0,-2361,2361,-3.0,0.0,America/Los_Angeles,America/New_York,-3.0,0.0,-3.0,0.0,-3.0,0,-2.35,-1.995,-2.35,-1.995,New England Patriots,0.355,New England Patriots,0.355,-2.35,-1.995,New England Patriots,0.355,-0.44999999999999996,0,No,No,No,No,No,0,No,-8.15,5.09,-7.588,4.222,-3.0535,-1.8045000000000002,-3.0535,-1.8045000000000002,-8.853499999999999,5.2805,-8.2915,4.4125000000000005,New England Patriots,1.2489999999999999,New England Patriots,1.2489999999999999,-3.0535,-1.8045000000000002,New England Patriots,1.2489999999999999,New England Patriots,13.24,New England Patriots,11.81,-7.869,4.656000000000001,New England Patriots,12.525,New England Patriots,14.133999999999999,New England Patriots,12.704,-8.572499999999998,4.846500000000001,New England Patriots,13.418999999999999,Same,Same,Same,Same,Same,Same,False,Home Team,Home Team,44.5,-400.0,310.0,New England Patriots,Las Vegas Raiders,-8.5,8.5,-890,573,-675,466,-14.133999999999999,14.133999999999999,-12.704,12.704,0.2439,0.8,0.1486,0.899,0.1767,0.871,0.2336,0.7664,0.1418,0.8582,0.1686,0.8314,0.2336,0.7664,-0.2664,0.2664,,,67,5,2026-10-11,LV @ NE,12.0,58.0,0.0,Historical Avg,False,K.Cousins,D.Maye,-10.59,-10.0,12.94,167.42,Med-Low,-20.0,-3.0,41.95,42.0,12.579421265220176,26.0,58.0,0.7952,0.2046,0.0776,0.0694,0.5788,0.4212,0.401,0.599,0.8128,0.1872,-434,+434,,,,,,,,No Bet,,No Bet,,No Bet,,No Bet,,No Bet,,No Bet,,No Bet,,No Bet,,No Bet,,,,,,,,,,,,,,nan,,,,,,,,,,,,,,,5,-0.14658333333333332,0.09949999999999999,New England Patriots,Las Vegas Raiders,0,0,0,0,0,0,0,0,0,0,0,0,0,1.0,4.0,,,7846.741946607285,0.9840986134773472,0.9501698097431542,0.4101327214424174,2.2909196543565725e-05,2466.432794079715,0.04199253249327088,751.7728349387025,0.1377700209881969,0.3116858489560554,0.00022241547155353516,0.3143257177134687,0.09580700372894874,5.351588312576954e-06,1.755760823098877e-05,0.09582456133717973,0.1797625534814678,3218.2056290184178,,,3493.0,277.0
2026_05_MIN_NO,2026,5,2026-10-11,13:00,Minnesota Vikings,New Orleans Saints,Home,,,,,7,6,1,-1,1,-4,Caesars Superdome,29.9507,-90.0813,America/Chicago,False,False,5,5,Sunday,1,-4,NFC North,U.S. Bank Stadium,44.9738,-93.2575,America/Chicago,NFC South,Caesars Superdome,29.9507,-90.0813,America/Chicago,Miami Dolphins,Atlanta Falcons,U.S. Bank Stadium,Caesars Superdome,Indianapolis Colts,New York Giants,U.S. Bank Stadium,MetLife Stadium,1052,0,-1052,1052,0.0,0.0,America/Chicago,America/Chicago,0.0,0.0,0.0,0.0,0.0,0,0.27,-6.145,0.27,-6.145,Minnesota Vikings,6.414999999999999,Minnesota Vikings,6.414999999999999,0.27,-6.145,Minnesota Vikings,6.414999999999999,0.0,0,No,No,No,No,No,0,Yes,-0.75,-4.37,2.721,-4.865,1.805,-7.424,1.805,-7.424,0.7849999999999999,-5.649000000000001,4.256,-6.144000000000001,Minnesota Vikings,9.229000000000001,Minnesota Vikings,9.229000000000001,1.805,-7.424,Minnesota Vikings,9.229000000000001,Minnesota Vikings,3.62,Minnesota Vikings,7.586,0.9855,-4.6175,Minnesota Vikings,5.603,Minnesota Vikings,6.434000000000001,Minnesota Vikings,10.400000000000002,2.5205,-5.896500000000001,Minnesota Vikings,8.417000000000002,Same,Same,Same,Same,Same,Same,False,Away Team,Away Team,44.5,105.0,-125.0,Minnesota Vikings,New Orleans Saints,1.5,-1.5,224,-282,389,-538,6.434000000000001,-6.434000000000001,10.400000000000002,-10.400000000000002,0.5556,0.4878,0.7382,0.3086,0.8433,0.2045,0.5325,0.4675,0.7052,0.2948,0.8048,0.1952,0.5325,0.4675,0.0325,-0.0325,,,68,5,2026-10-11,MIN @ NO,0.0,70.0,0.0,Dome,True,K.Murray,T.Shough,11.72,13.0,13.3,176.78,Medium,3.0,20.0,45.22,44.0,12.890740304463488,29.0,63.0,0.1936,0.8056,0.0684,0.057,0.2072,0.7928,0.4958,0.5042,0.2878,0.712,+247,-247,,,,,,,,No Bet,,No Bet,,No Bet,,No Bet,,No Bet,,No Bet,,No Bet,,No Bet,,No Bet,,,,,,,,,,,,,,nan,,,,,,,,,,,,,,,5,-0.01832499999999999,-0.04894166666666666,Minnesota Vikings,New Orleans Saints,0,0,0,0,0,0,0,0,0,0,0,0,0,2.5,2.5,,,7846.741946607285,0.9340639352241844,0.7009044956446644,0.0017980686778529585,0.005096997955389508,6.595948578879597,21.29724572805882,7.513032338509915,18.6975819302676,0.005073408280684283,0.006857722183074819,0.0008405971068962581,0.0009574715709567004,0.002714151411244913,0.002382846544144595,0.0033403181151012954,39.99482765832642,14.10898091738951,,,3493.0,277.0
2026_05_CLE_NYJ,2026,5,2026-10-11,13:00,Cleveland Browns,New York Jets,Home,,,,,10,7,3,-3,3,-5,MetLife Stadium,40.8136,-74.0744,America/New_York,False,False,5,5,Sunday,3,-5,AFC North,FirstEnergy Stadium,41.5061,-81.6994,America/New_York,AFC East,MetLife Stadium,40.8136,-74.0744,America/New_York,Pittsburgh Steelers,Chicago Bears,FirstEnergy Stadium,Soldier Field,Baltimore Ravens,New England Patriots,FirstEnergy Stadium,Gillette Stadium,399,0,-399,399,0.0,0.0,America/New_York,America/Chicago,0.0,-1.0,0.0,0.0,0.0,0,-4.705,-3.725,-4.705,-3.725,New York Jets,0.98,New York Jets,0.98,-4.705,-3.725,New York Jets,0.98,0.0,0,No,No,No,No,No,0,No,-6.94,-9.26,-7.475,-6.95,-4.4735000000000005,-3.3080000000000003,-4.4735000000000005,-3.3080000000000003,-6.708500000000001,-8.843,-7.2435,-6.5329999999999995,New York Jets,1.1655000000000002,New York Jets,1.1655000000000002,-4.4735000000000005,-3.3080000000000003,New York Jets,1.1655000000000002,Cleveland Browns,2.3199999999999994,New York Jets,0.5249999999999995,-7.2075,-8.105,Cleveland Browns,0.8975000000000009,Cleveland Browns,2.134499999999999,New York Jets,0.7105000000000006,-6.976000000000001,-7.688,Cleveland Browns,0.7119999999999989,Different,Same,Different,Same,Same,Same,False,Away Team,Home Team,39.5,-130.0,110.0,New York Jets,Cleveland Browns,-1.5,1.5,108,-131,-116,-104,2.134499999999999,-2.134499999999999,-0.7105000000000006,0.7105000000000006,0.4762,0.5652,0.5671,0.4808,0.5098,0.537,0.4573,0.5427,0.5412,0.4588,0.487,0.513,0.4573,0.5427,-0.0427,0.0427,,,69,5,2026-10-11,CLE @ NYJ,12.0,62.0,0.0,Historical Avg,False,S.Sanders,G.Smith,-0.24,1.0,12.79,163.67,Med-Low,-10.0,9.0,37.28,37.0,11.7071313713048,23.0,53.0,0.4922,0.5062,0.0928,0.0988,0.4736,0.5264,0.4076,0.5924,0.5017,0.4979,-101,+101,,,,,,,,No Bet,,No Bet,,No Bet,,No Bet,,No Bet,,No Bet,,No Bet,,No Bet,,No Bet,,,,,,,,,,,,,,nan,,,,,,,,,,,,,,,5,-0.12899166666666667,-0.15131666666666668,New York Jets,Cleveland Browns,0,0,0,0,0,0,0,0,0,0,0,0,0,1.5,1.0,,,7846.741946607285,0.9983345171631005,0.9981165476778276,0.012418394069443417,0.0014738321778092305,52.882822794134775,5.288574246978555,44.56111086006603,6.2762065248967005,0.011435165505328504,0.005258755584101883,0.006739462461486942,0.005678931607956475,0.0006739834549121611,0.0007998487228970694,0.006478780330853544,11.564780771875256,97.4439336542008,,,3493.0,277.0
2026_05_IND_PIT,2026,5,2026-10-11,13:00,Indianapolis Colts,Pittsburgh Steelers,Home,,,,,7,10,-3,3,-2,-1,Acrisure Stadium,40.4468,-80.0158,America/New_York,False,True,5,5,Sunday,-2,-1,AFC South,Lucas Oil Stadium,39.7601,-86.1638,America/Indiana/Indianapolis,AFC North,Acrisure Stadium,40.4468,-80.0158,America/New_York,Washington Commanders,Cleveland Browns,Tottenham Hotspur Stadium,FirstEnergy Stadium,Tennessee Titans,Tampa Bay Buccaneers,Lucas Oil Stadium,Raymond James Stadium,328,0,-328,328,0.0,0.0,America/New_York,America/New_York,0.0,0.0,0.0,0.0,0.0,0,-2.265,-0.565,-2.265,-0.565,Pittsburgh Steelers,1.7000000000000002,Pittsburgh Steelers,1.7000000000000002,-2.265,-0.565,Pittsburgh Steelers,1.7000000000000002,0.0,0,No,No,No,No,No,0,No,0.93,0.59,0.288,0.538,-1.9285000000000003,0.8190000000000002,-1.9285000000000003,0.8190000000000002,1.2665000000000002,1.974,0.6244999999999999,1.9220000000000002,Pittsburgh Steelers,2.7475000000000005,Pittsburgh Steelers,2.7475000000000005,-1.9285000000000003,0.8190000000000002,Pittsburgh Steelers,2.7475000000000005,Indianapolis Colts,0.3400000000000001,Pittsburgh Steelers,0.25000000000000006,0.609,0.5640000000000001,Indianapolis Colts,0.04499999999999993,Pittsburgh Steelers,0.7074999999999998,Pittsburgh Steelers,1.2975000000000003,0.9455,1.948,Pittsburgh Steelers,1.0025,Different,Same,Same,Same,Different,Same,False,Home Team,Home Team,47.5,-143.0,120.0,Pittsburgh Steelers,Indianapolis Colts,-2.5,2.5,-116,-104,-128,105,-0.7074999999999998,0.7074999999999998,-1.2975000000000003,1.2975000000000003,0.4545,0.5885,0.5098,0.537,0.4878,0.5614,0.4358,0.5642,0.487,0.513,0.4649,0.5351,0.4358,0.5642,-0.0642,0.0642,,,70,5,2026-10-11,IND @ PIT,12.0,58.0,0.0,Historical Avg,False,D.Jones,A.Rodgers,1.6,3.0,13.87,192.45,Med-High,-8.0,11.0,50.64,50.0,13.529613687363948,33.0,68.0,0.451,0.5482,0.087,0.0888,0.4168,0.5832,0.572,0.428,0.5158,0.484,-107,+107,,,,,,,,No Bet,,No Bet,,No Bet,,No Bet,,No Bet,,No Bet,,No Bet,,No Bet,,No Bet,,,,,,,,,,,,,,nan,,,,,,,,,,,,,,,5,-0.010599999999999998,-0.028475,Pittsburgh Steelers,Indianapolis Colts,0,0,0,1,0,0,0,0,0,1,0,0,0,3.0,2.5,,,7846.741946607285,0.9755740193853334,0.9979891136103904,0.014203446546196239,0.0007638896558267022,62.88052996340396,2.612204813159296,48.570249837028435,3.3818401917954906,0.013602804338118927,0.0020198470713159453,0.008013584541363918,0.006189862004832321,0.00033290311200927686,0.00043098654381742535,0.006620848548649747,5.994045004954787,111.4507798004324,,,3493.0,277.0
2026_05_HOU_TEN,2026,5,2026-10-11,13:00,Houston Texans,Tennessee Titans,Home,,,,,7,7,0,0,0,1,Nissan Stadium,36.1664,-86.7716,America/Chicago,False,False,5,5,Sunday,0,1,AFC South,NRG Stadium,29.6847,-95.4093,America/Chicago,AFC South,Nissan Stadium,36.1664,-86.7716,America/Chicago,Dallas Cowboys,Baltimore Ravens,NRG Stadium,M&T Bank Stadium,Jacksonville Jaguars,Indianapolis Colts,Wembley Stadium,Lucas Oil Stadium,671,0,-671,671,0.0,0.0,America/Chicago,America/New_York,0.0,1.0,0.0,0.0,0.0,0,0.035,-4.36,0.035,-4.36,Houston Texans,4.3950000000000005,Houston Texans,4.3950000000000005,0.035,-4.36,Houston Texans,4.3950000000000005,0.0,0,No,No,No,No,No,1,No,2.96,-8.19,5.008,-8.36,0.21595499999999995,-5.913455000000001,0.21595499999999995,-5.913455000000001,3.073405,-9.675904999999998,5.099225,-9.823725,Houston Texans,6.129410000000001,Houston Texans,6.129410000000001,0.21595499999999995,-5.913455000000001,Houston Texans,6.129410000000001,Houston Texans,11.149999999999999,Houston Texans,13.367999999999999,3.984,-8.274999999999999,Houston Texans,12.258999999999999,Houston Texans,12.749309999999998,Houston Texans,14.92295,4.086315,-9.749814999999998,Houston Texans,13.836129999999997,Same,Same,Same,Same,Same,Same,False,Away Team,Away Team,43.5,154.0,-185.0,Houston Texans,Tennessee Titans,3.5,-3.5,466,-675,677,-1134,12.749309999999998,-12.749309999999998,14.92295,-14.92295,0.6491,0.3937,0.871,0.1767,0.919,0.1287,0.6225,0.3775,0.8314,0.1686,0.8772,0.1228,0.6225,0.3775,0.1225,-0.1225,,,71,5,2026-10-11,HOU @ TEN,8.0,68.0,0.0,Historical Avg,False,C.Stroud,C.Ward,14.85,15.0,12.84,164.74,Med-Low,7.0,23.0,45.77,45.0,12.506448652258495,30.0,61.0,0.1214,0.8774,0.0564,0.0524,0.1856,0.8144,0.5536,0.4464,0.1976,0.8021,+406,-405,,,,,,,,No Bet,,No Bet,,No Bet,,No Bet,,No Bet,,No Bet,,No Bet,,No Bet,,No Bet,,,,,,,,,,,,,,nan,,,,,,,,,,,,,,,5,0.059824999999999996,-0.10914999999999998,Houston Texans,Tennessee Titans,0,0,0,0,0,0,1,0,0,0,1,0,1,3.5,1.5,,,7846.741946607285,0.9950799957212338,0.9913514614104582,0.00034322461662685325,0.035066596366525656,1.0166811111387855,171.2861865646423,1.6765138852553483,103.8723460693212,0.0016122601994425962,0.03810078842068658,0.0001295672927766371,0.00021365732385021614,0.021828956238162223,0.013237640128363433,0.01345129745221365,275.1585326339635,2.6931949963941335,,,3493.0,277.0
2026_05_NYG_WAS,2026,5,2026-10-11,13:00,New York Giants,Washington Commanders,Home,,,,,7,7,0,0,-4,0,FedExField,38.9077,-76.8645,America/New_York,False,False,5,5,Sunday,-4,0,NFC East,MetLife Stadium,40.8136,-74.0744,America/New_York,NFC East,FedExField,38.9077,-76.8645,America/New_York,Arizona Cardinals,Indianapolis Colts,MetLife Stadium,Tottenham Hotspur Stadium,New Orleans Saints,San Francisco 49ers,MetLife Stadium,Levi's Stadium,198,0,-198,198,0.0,0.0,America/New_York,America/New_York,0.0,0.0,0.0,0.0,0.0,0,-2.84,1.45,-2.84,1.45,Washington Commanders,4.29,Washington Commanders,4.29,-2.84,1.45,Washington Commanders,4.29,0.0,0,No,No,No,No,No,1,No,-3.53,-5.43,-5.014,-1.427,-1.96905,0.8680499999999999,-1.96905,0.8680499999999999,-2.7209499999999998,-5.95005,-4.150080000000001,-2.00192,Washington Commanders,2.8371,Washington Commanders,2.8371,-1.96905,0.8680499999999999,Washington Commanders,2.8371,New York Giants,1.9,Washington Commanders,3.587,-4.272,-3.4284999999999997,Washington Commanders,0.8435000000000006,New York Giants,3.2291000000000003,Washington Commanders,2.1481600000000007,-3.4355150000000005,-3.975985,New York Giants,0.5404699999999996,Different,Same,Different,Same,Same,Same,False,Away Team,Home Team,48.5,-130.0,110.0,Washington Commanders,New York Giants,-2.0,2.0,135,-164,-131,108,3.2291000000000003,-3.2291000000000003,-2.1481600000000007,2.1481600000000007,0.4762,0.5652,0.6212,0.4255,0.4808,0.5671,0.4573,0.5427,0.5935,0.4065,0.4588,0.5412,0.4573,0.5427,-0.0427,0.0427,,,72,5,2026-10-11,NYG @ WAS,10.0,65.0,0.0,Historical Avg,False,J.Dart,J.Daniels,-3.87,-5.0,13.67,186.99,Med-High,-14.0,6.0,50.37,50.0,13.789795056110801,33.0,68.0,0.6044,0.3942,0.0852,0.083,0.5708,0.4156,0.543,0.457,0.5237,0.476,-110,+110,,,,,,,,No Bet,,No Bet,,No Bet,,No Bet,,No Bet,,No Bet,,No Bet,,No Bet,,No Bet,,,,,,,,,,,,,,nan,,,,,,,,,,,,,,,5,-0.07905833333333333,-0.030208333333333327,Washington Commanders,New York Giants,0,0,0,0,0,0,0,0,0,0,0,0,1,2.0,2.5,,,7846.741946607285,0.9983099517746115,0.8009885354539679,0.009067736252369738,0.0005831873106754102,38.61429156592328,2.0926598284664886,32.53789484631789,2.483460504939347,0.00833677311716776,0.004384257975147456,0.0049210604641610565,0.004146675788208681,0.00026669155717186507,0.0003164957535035451,0.0044631715417122264,4.576120333405836,71.15218641224116,,,3493.0,277.0
2026_05_DEN_LAC,2026,5,2026-10-11,16:05,Denver Broncos,Los Angeles Chargers,Home,,,,,7,7,0,0,0,-3,SoFi Stadium,33.9535,-118.3395,America/Los_Angeles,False,True,5,5,Sunday,0,-3,AFC West,Empower Field at Mile High,39.7648,-105.0076,America/Denver,AFC West,SoFi Stadium,33.9535,-118.3395,America/Los_Angeles,San Francisco 49ers,Seattle Seahawks,Levi's Stadium,Lumen Field,Seattle Seahawks,Kansas City Chiefs,Empower Field at Mile High,GEHA Field at Arrowhead Stadium,837,0,-837,837,1.0,0.0,America/Los_Angeles,America/Los_Angeles,0.0,0.0,0.0,0.0,0.0,0,2.05,0.935,2.05,0.935,Denver Broncos,1.1149999999999998,Denver Broncos,1.1149999999999998,2.05,0.935,Denver Broncos,1.1149999999999998,0.0,0,No,No,No,No,No,1,No,-0.48,1.12,3.499,0.527,2.6119499999999998,0.79405,2.6119499999999998,0.79405,0.10910000000000003,0.9519000000000001,4.0423800000000005,0.40462,Denver Broncos,1.8178999999999998,Denver Broncos,1.8178999999999998,2.6119499999999998,0.79405,Denver Broncos,1.8178999999999998,Los Angeles Chargers,1.6,Denver Broncos,2.972,1.5095,0.8235000000000001,Denver Broncos,0.6859999999999999,Los Angeles Chargers,0.8428,Denver Broncos,3.6377600000000005,2.07574,0.6782600000000001,Denver Broncos,1.39748,Different,Same,Different,Same,Same,Same,False,Home Team,Away Team,44.5,-143.0,120.0,Los Angeles Chargers,Denver Broncos,-2.5,2.5,-122,101,156,-191,-0.8428,0.8428,3.6377600000000005,-3.6377600000000005,0.4545,0.5885,0.4975,0.5495,0.6564,0.3906,0.4358,0.5642,0.4752,0.5248,0.6269,0.3731,0.4358,0.5642,-0.0642,0.0642,,,73,5,2026-10-11,DEN @ LAC,0.0,70.0,0.0,Dome,True,B.Nix,J.Herbert,0.69,2.0,13.25,175.46,Medium,-9.0,10.0,40.58,40.0,12.155750427418733,26.0,57.0,0.4762,0.5216,0.0944,0.0838,0.4476,0.5524,0.355,0.645,0.4846,0.5149,+106,-106,,,,,,,,No Bet,,No Bet,,No Bet,,No Bet,,No Bet,,No Bet,,No Bet,,No Bet,,No Bet,,,,,,,,,,,,,,nan,,,,,,,,,,,,,,,5,0.09577500000000001,0.051416666666666666,Los Angeles Chargers,Denver Broncos,1,0,0,0,0,0,1,0,1,0,1,0,1,4.0,3.5,,,7846.741946607285,0.4976850016719768,0.9953356633582197,0.006390306621742145,0.000698658722862419,28.290729696969702,2.389140453331352,21.85235732353668,3.093054253716266,0.013093141159921405,0.002185179689199044,0.0036054109959869182,0.0027848956257552266,0.00030447547142344224,0.0003941832514389768,0.0031790788771942032,5.482194707047618,50.143087020506385,,,3493.0,277.0
2026_05_DET_ARI,2026,5,2026-10-11,16:25,Detroit Lions,Arizona Cardinals,Home,,,,,7,7,0,0,3,-4,State Farm Stadium,33.5277,-112.262608,America/Denver,False,True,5,5,Sunday,3,-4,NFC North,Ford Field,42.3395,-83.045,America/Detroit,NFC West,State Farm Stadium,33.5277,-112.262608,America/Denver,Carolina Panthers,New York Giants,Bank of America Stadium,MetLife Stadium,Green Bay Packers,Los Angeles Rams,Ford Field,SoFi Stadium,1693,0,-1693,1693,2.0,0.0,America/New_York,America/New_York,2.0,2.0,2.0,0.0,2.0,0,4.305,0.075,4.305,0.075,Detroit Lions,4.2299999999999995,Detroit Lions,4.2299999999999995,4.305,0.075,Detroit Lions,4.2299999999999995,-0.15,0,No,No,No,No,No,0,No,3.98,-4.4,3.658,-3.837,5.289,-1.0425,5.289,-1.0425,4.9639999999999995,-5.5175,4.6419999999999995,-4.9544999999999995,Detroit Lions,6.3315,Detroit Lions,6.3315,5.289,-1.0425,Detroit Lions,6.3315,Detroit Lions,8.38,Detroit Lions,7.495,3.819,-4.1185,Detroit Lions,7.9375,Detroit Lions,10.4815,Detroit Lions,9.596499999999999,4.802999999999999,-5.236,Detroit Lions,10.038999999999998,Same,Same,Same,Same,Same,Same,False,Away Team,Away Team,48.5,300.0,-385.0,Detroit Lions,Arizona Cardinals,8.5,-8.5,389,-538,327,-436,10.4815,-10.4815,9.596499999999999,-9.596499999999999,0.7938,0.25,0.8433,0.2045,0.8134,0.2342,0.7605,0.2395,0.8048,0.1952,0.7765,0.2235,0.7605,0.2395,0.2605,-0.2605,,,74,5,2026-10-11,DET @ ARI,0.0,70.0,0.0,Dome,True,J.Goff,J.Brissett,10.32,10.0,13.44,180.65,Med-High,3.0,19.0,54.41,54.0,13.615810995376382,37.0,72.0,0.2112,0.7878,0.0724,0.0702,0.4406,0.5594,0.6614,0.3386,0.2174,0.7824,+360,-360,,,,,,,,No Bet,,No Bet,,No Bet,,No Bet,,No Bet,,No Bet,,No Bet,,No Bet,,No Bet,,,,,,,,,,,,,,nan,,,,,,,,,,,,,,,5,0.09365833333333333,-0.23320833333333335,Detroit Lions,Arizona Cardinals,1,0,0,0,0,0,0,0,1,0,0,0,0,4.0,0.0,,,7846.741946607285,0.9997754939014467,0.7186970808979457,9.518164827837342e-05,0.22256543288699587,0.17887436678630553,1328.1474805144408,0.5679914653068282,418.2660375847583,0.00015841900344936818,0.20819714228591174,2.2796004762670432e-05,7.238564351570298e-05,0.16926101171056035,0.053304421176435524,0.053376806819951224,1746.413518099199,0.7468658320931337,,,3493.0,277.0
2026_05_CHI_GB,2026,5,2026-10-11,16:25,Chicago Bears,Green Bay Packers,Home,,,,,7,7,0,0,-1,3,Lambeau Field,44.5013,-88.0622,America/Chicago,False,False,5,5,Sunday,-1,3,NFC North,Soldier Field,41.8623,-87.6167,America/Chicago,NFC North,Lambeau Field,44.5013,-88.0622,America/Chicago,New York Jets,Tampa Bay Buccaneers,Soldier Field,Raymond James Stadium,Atlanta Falcons,Dallas Cowboys,Mercedes-Benz Stadium,Lambeau Field,184,0,-184,184,0.0,0.0,America/Chicago,America/New_York,0.0,1.0,0.0,0.0,0.0,0,-1.575,3.535,-1.575,3.535,Green Bay Packers,5.11,Green Bay Packers,5.11,-1.575,3.535,Green Bay Packers,5.11,0.0,0,No,No,No,No,No,1,No,0.9,5.09,1.647,2.933,-1.75562,3.91662,-1.75562,3.91662,0.71018,5.4808200000000005,1.4281400000000002,3.3528599999999997,Green Bay Packers,5.67224,Green Bay Packers,5.67224,-1.75562,3.91662,Green Bay Packers,5.67224,Green Bay Packers,4.1899999999999995,Green Bay Packers,1.2859999999999998,1.2735,4.0115,Green Bay Packers,2.7379999999999995,Green Bay Packers,4.77064,Green Bay Packers,1.9247199999999995,1.06916,4.4168400000000005,Green Bay Packers,3.3476800000000004,Same,Same,Same,Same,Same,Same,False,Home Team,Home Team,49.5,-167.0,140.0,Green Bay Packers,Chicago Bears,-3.0,3.0,-234,188,-131,108,-4.77064,4.77064,-1.9247199999999995,1.9247199999999995,0.4167,0.6255,0.3472,0.7006,0.4808,0.5671,0.3998,0.6002,0.3314,0.6686,0.4588,0.5412,0.3998,0.6002,-0.1002,0.1002,,,75,5,2026-10-11,CHI @ GB,12.0,52.0,0.0,Historical Avg,False,C.Williams,J.Love,-9.58,-10.0,12.83,164.69,Med-Low,-18.0,-2.0,52.27,52.0,13.650431305089338,35.0,70.0,0.7794,0.2202,0.0698,0.076,0.704,0.2554,0.577,0.423,0.6474,0.3525,-184,+184,,,,,,,,No Bet,,No Bet,,No Bet,,No Bet,,No Bet,,No Bet,,No Bet,,No Bet,,No Bet,,,,,,,,,,,,,,nan,,,,,,,,,,,,,,,5,0.03289166666666667,0.07225,Green Bay Packers,Chicago Bears,0,0,1,1,1,0,0,1,1,1,1,1,1,3.5,4.0,,,7846.741946607285,0.7818108870946484,0.6715705558910735,0.013846343184028326,0.00034497624774649176,65.2109388579148,1.0822344495914784,43.43774301132013,1.6247051441841056,0.02782622128930785,0.0010663772552199516,0.0083105751790538,0.005535768004974526,0.00013792150384904741,0.00020705474389744435,0.00574282274887197,2.706939593775584,108.64868186923495,,,3493.0,277.0
2026_05_SF_SEA,2026,5,2026-10-11,16:25,San Francisco 49ers,Seattle Seahawks,Home,,,,,7,7,0,0,3,4,Lumen Field,47.5952,-122.3316,America/Los_Angeles,False,False,5,5,Sunday,3,4,NFC West,Levi's Stadium,37.4031,-121.9702,America/Los_Angeles,NFC West,Lumen Field,47.5952,-122.3316,America/Los_Angeles,Denver Broncos,Los Angeles Chargers,Levi's Stadium,Lumen Field,Washington Commanders,Denver Broncos,Levi's Stadium,Empower Field at Mile High,704,0,-704,704,0.0,0.0,America/Los_Angeles,America/Los_Angeles,0.0,0.0,0.0,0.0,0.0,0,3.325,-0.13,3.325,-0.13,San Francisco 49ers,3.455,San Francisco 49ers,3.455,3.325,-0.13,San Francisco 49ers,3.455,0.0,0,No,No,No,No,No,1,No,3.57,10.42,2.606,10.022,5.084135,0.148365,5.084135,0.148365,5.4321850000000005,10.595315,4.473845,10.191655,San Francisco 49ers,4.93577,San Francisco 49ers,4.93577,5.084135,0.148365,San Francisco 49ers,4.93577,Seattle Seahawks,6.85,Seattle Seahawks,7.416,3.088,10.221,Seattle Seahawks,7.133,Seattle Seahawks,5.163129999999999,Seattle Seahawks,5.717810000000001,4.953015000000001,10.393485,Seattle Seahawks,5.4404699999999995,Different,Different,Different,Different,Same,Same,False,Home Team,Home Team,48.5,-204.0,170.0,Seattle Seahawks,San Francisco 49ers,-3.5,3.5,-234,188,-244,195,-5.163129999999999,5.163129999999999,-5.717810000000001,5.717810000000001,0.3704,0.6711,0.3472,0.7006,0.339,0.7093,0.3556,0.6444,0.3314,0.6686,0.3234,0.6766,0.3556,0.6444,-0.1444,0.1444,,,76,5,2026-10-11,SF @ SEA,10.0,55.0,0.0,Historical Avg,False,B.Purdy,S.Darnold,-4.82,-5.0,13.0,169.13,Med-Low,-13.0,5.0,56.16,56.0,13.945670916361877,39.0,74.0,0.6388,0.3598,0.0942,0.0856,0.5452,0.4548,0.7012,0.2988,0.6571,0.3426,-192,+192,,,,,,,,No Bet,,No Bet,,No Bet,,No Bet,,No Bet,,No Bet,,No Bet,,No Bet,,No Bet,,,,,,,,,,,,,,nan,,,,,,,,,,,,,,,5,0.08,0.11726666666666667,Seattle Seahawks,San Francisco 49ers,0,0,0,0,0,0,0,1,0,0,0,1,1,4.0,4.5,,,7846.741946607285,0.8178029364783101,0.38229270961295,0.0345082325011773,0.00046943533682915455,174.48882476103861,1.309866094563782,96.28837070922616,2.373671854153265,0.05691786159040086,0.0011300797427917324,0.02223710502375865,0.01227112747741865,0.00016693120577644736,0.0003025041310527072,0.012573631608471357,3.683537948717047,270.77719547026476,,,3493.0,277.0
2026_05_BAL_ATL,2026,5,2026-10-11,20:20,Baltimore Ravens,Atlanta Falcons,Home,,,,,7,6,1,-1,1,2,Mercedes-Benz Stadium,33.7489,-84.388,America/New_York,False,False,5,5,Sunday,1,2,AFC North,M&T Bank Stadium,39.2789,-76.6228,America/New_York,NFC South,Mercedes-Benz Stadium,33.7489,-84.388,America/New_York,Tennessee Titans,New Orleans Saints,M&T Bank Stadium,Caesars Superdome,Cleveland Browns,Chicago Bears,FirstEnergy Stadium,Mercedes-Benz Stadium,575,0,-575,575,0.0,0.0,America/New_York,America/Chicago,0.0,-1.0,0.0,0.0,0.0,0,6.69,-0.71,6.69,-0.71,Baltimore Ravens,7.4,Baltimore Ravens,7.4,6.69,-0.71,Baltimore Ravens,7.4,0.0,0,No,No,No,No,No,0,Yes,5.1,-0.79,2.881,-0.101,6.6435,-1.404,6.6435,-1.404,5.0535,-1.484,2.8345,-0.7949999999999999,Baltimore Ravens,8.0475,Baltimore Ravens,8.0475,6.6435,-1.404,Baltimore Ravens,8.0475,Baltimore Ravens,5.89,Baltimore Ravens,2.9819999999999998,3.9905,-0.4455,Baltimore Ravens,4.436,Baltimore Ravens,6.5375,Baltimore Ravens,3.6294999999999997,3.944,-1.1395,Baltimore Ravens,5.0835,Same,Same,Same,Same,Same,Same,False,Away Team,Away Team,48.5,170.0,-204.0,Baltimore Ravens,Atlanta Falcons,4.5,-4.5,224,-282,156,-191,6.5375,-6.5375,3.6294999999999997,-3.6294999999999997,0.6711,0.3704,0.7382,0.3086,0.6564,0.3906,0.6444,0.3556,0.7052,0.2948,0.6269,0.3731,0.6444,0.3556,0.1444,-0.1444,,,77,5,2026-10-11,BAL @ ATL,0.0,70.0,0.0,Dome,True,L.Jackson,M.Penix,1.54,2.0,13.37,178.62,Medium,-8.0,11.0,50.56,50.0,13.40441120109084,33.0,68.0,0.4644,0.534,0.091,0.0894,0.5662,0.4338,0.564,0.436,0.372,0.6276,+169,-169,,,,,,,,No Bet,,No Bet,,No Bet,,No Bet,,No Bet,,No Bet,,No Bet,,No Bet,,No Bet,,,,,,,,,,,,,,nan,,,,,,,,,,,,,,,5,0.10805833333333335,-0.10285833333333334,Baltimore Ravens,Atlanta Falcons,0,0,0,0,0,0,0,0,0,0,0,0,0,4.5,1.5,,,7846.741946607285,0.9971719303958646,0.763806710379879,0.00031039077105343113,0.04022398356790613,0.8660838142578203,203.39018000217246,1.569472468806916,112.23703911975875,0.0011214891646938326,0.053658316215560935,0.00011037495818660012,0.00020001581286683103,0.02592033501115871,0.014303648556747421,0.014503664369614252,315.6272191219312,2.4355562830647366,,,3493.0,277.0
2026_05_BUF_LA,2026,5,2026-10-12,20:15,Buffalo Bills,Los Angeles Rams,Home,,,,,8,8,0,0,3,3,SoFi Stadium,33.9535,-118.3395,America/Los_Angeles,False,False,5,5,Monday,3,3,AFC East,Highmark Stadium,42.7725,-78.7877,America/New_York,NFC West,SoFi Stadium,33.9535,-118.3395,America/Los_Angeles,New England Patriots,Philadelphia Eagles,Highmark Stadium,Lincoln Financial Field,Las Vegas Raiders,Arizona Cardinals,Allegiant Stadium,SoFi Stadium,2204,0,-2204,2204,3.0,0.0,America/New_York,America/New_York,3.0,3.0,3.0,0.0,3.0,0,4.795,1.29,4.795,1.29,Buffalo Bills,3.505,Buffalo Bills,3.505,4.795,1.29,Buffalo Bills,3.505,-0.22499999999999998,0,No,No,No,No,No,0,No,6.16,8.12,3.416,7.087,5.3475,0.728,5.3475,0.728,6.7125,7.558,3.9684999999999997,6.525,Buffalo Bills,4.6195,Buffalo Bills,4.6195,5.3475,0.728,Buffalo Bills,4.6195,Los Angeles Rams,1.959999999999999,Los Angeles Rams,3.671,4.788,7.6034999999999995,Los Angeles Rams,2.8154999999999992,Los Angeles Rams,0.8454999999999995,Los Angeles Rams,2.5565000000000007,5.3405000000000005,7.0415,Los Angeles Rams,1.7009999999999996,Different,Different,Different,Different,Same,Same,False,Home Team,Home Team,53.5,-167.0,140.0,Los Angeles Rams,Buffalo Bills,-3.0,3.0,-122,101,-142,117,-0.8454999999999995,0.8454999999999995,-2.5565000000000007,2.5565000000000007,0.4167,0.6255,0.4975,0.5495,0.4608,0.5868,0.3998,0.6002,0.4752,0.5248,0.4399,0.5601,0.3998,0.6002,-0.1002,0.1002,,,78,5,2026-10-12,BUF @ LA,0.0,70.0,0.0,Dome,True,J.Allen,M.Stafford,0.12,1.0,13.97,195.09,High,-10.0,10.0,59.72,59.0,14.405230379707868,42.0,79.0,0.4898,0.51,0.087,0.0856,0.413,0.543,0.6572,0.3428,0.5437,0.4562,-119,+119,,,,,,,,No Bet,,No Bet,,No Bet,,No Bet,,No Bet,,No Bet,,No Bet,,No Bet,,No Bet,,,,,,,,,,,,,,nan,,,,,,,,,,,,,,,5,0.13809166666666667,0.162,Los Angeles Rams,Buffalo Bills,1,1,0,0,1,0,0,0,1,1,1,0,0,4.5,5.0,,,7846.741946607285,0.8604432015325083,0.9851626480813835,0.007047089567467336,0.00025440719587671394,33.18907532498882,0.798107792638738,22.107617985555706,1.1981598227658092,0.015937032140672873,0.001668692176424175,0.004229663158393894,0.0028174264090734414,0.00010171199691151023,0.00015269519896520372,0.002970121608038645,1.9962676154045473,55.29669331054453,,,3493.0,277.0
2026_06_SEA_DEN,2026,6,2026-10-15,20:15,Seattle Seahawks,Denver Broncos,Home,,,,,4,4,0,0,4,0,Empower Field at Mile High,39.7648,-105.0076,America/Denver,False,False,6,6,Thursday,4,0,NFC West,Lumen Field,47.5952,-122.3316,America/Los_Angeles,AFC West,Empower Field at Mile High,39.7648,-105.0076,America/Denver,San Francisco 49ers,Los Angeles Chargers,Lumen Field,SoFi Stadium,Kansas City Chiefs,Arizona Cardinals,Lumen Field,State Farm Stadium,1017,0,-1017,1017,-1.0,0.0,America/Los_Angeles,America/Los_Angeles,-1.0,-1.0,-1.0,0.0,-1.0,0,-0.13,2.05,-0.13,2.05,Denver Broncos,2.1799999999999997,Denver Broncos,2.1799999999999997,-0.13,2.05,Denver Broncos,2.1799999999999997,0.0,0,No,No,No,No,No,0,No,10.42,-0.48,10.022,3.499,-0.033,1.4694999999999998,-0.033,1.4694999999999998,10.517,-1.0605,10.119,2.9185,Denver Broncos,1.5024999999999997,Denver Broncos,1.5024999999999997,-0.033,1.4694999999999998,Denver Broncos,1.5024999999999997,Seattle Seahawks,10.9,Seattle Seahawks,6.523,10.221,1.5095,Seattle Seahawks,8.711500000000001,Seattle Seahawks,11.577499999999999,Seattle Seahawks,7.2005,10.318,0.9289999999999999,Seattle Seahawks,9.389,Different,Different,Different,Different,Same,Same,True,Away Team,Away Team,43.5,110.0,-130.0,Seattle Seahawks,Denver Broncos,2.0,-2.0,450,-646,249,-319,11.577499999999999,-11.577499999999999,7.2005,-7.2005,0.5652,0.4762,0.866,0.1818,0.7613,0.2865,0.5427,0.4573,0.8265,0.1735,0.7266,0.2734,0.5427,0.4573,0.0427,-0.0427,,,79,6,2026-10-15,SEA @ DEN,10.0,60.0,0.0,Historical Avg,False,S.Darnold,B.Nix,4.74,6.0,12.93,167.21,Med-Low,-4.0,13.0,42.91,43.0,12.809447778514034,27.0,60.0,0.3482,0.6514,0.0998,0.0976,0.3704,0.6088,0.4584,0.5416,0.3131,0.6868,+219,-219,,,,,,,,No Bet,,No Bet,,No Bet,,No Bet,,No Bet,,No Bet,,No Bet,,No Bet,,No Bet,,,,,,,,,,,,,,nan,,,,,,,,,,,,,,,6,0.12404545454545453,0.10836363636363638,Seattle Seahawks,Denver Broncos,0,1,0,0,0,0,1,1,0,1,1,1,0,4.5,4.5,,,5637.762253303488,0.994911888756527,0.7868529217523795,0.0007882286078430051,0.0016916172181054305,2.0321705436156434,5.175695003995484,2.4116749486556084,4.361240695277566,0.003151372041008677,0.00444258891583976,0.0003604569423666062,0.0004277716654763989,0.0009180406642658171,0.0007735765538396134,0.0012013482193160123,9.53693569927305,4.443845492271252,,,2270.0,1223.0
2026_06_HOU_JAX,2026,6,2026-10-18,09:30,Houston Texans,Jacksonville Jaguars,Neutral,,,,,7,7,0,0,0,1,Wembley Stadium,30.3239,-81.6554,America/New_York,True,True,6,6,Sunday,0,1,AFC South,NRG Stadium,29.6847,-95.4093,America/Chicago,AFC South,TIAA Bank Field,30.3239,-81.6554,America/New_York,Tennessee Titans,Philadelphia Eagles,Nissan Stadium,Tottenham Hotspur Stadium,New York Giants,Indianapolis Colts,NRG Stadium,TIAA Bank Field,823,0,-823,823,-1.0,0.0,America/Chicago,America/New_York,-1.0,0.0,-1.0,0.0,-1.0,0,0.035,-1.825,0.035,-1.825,Houston Texans,1.8599999999999999,Houston Texans,1.8599999999999999,0.035,-1.825,Houston Texans,1.8599999999999999,0.0,0,No,No,No,No,No,1,No,2.96,5.41,5.008,3.85,0.17514500000000002,-2.6036449999999998,0.17514500000000002,-2.6036449999999998,3.143245,4.588255,5.155165,3.0643350000000003,Houston Texans,2.77879,Houston Texans,2.77879,0.17514500000000002,-2.6036449999999998,Houston Texans,2.77879,Jacksonville Jaguars,2.45,Houston Texans,1.158,3.984,4.63,Jacksonville Jaguars,0.6459999999999999,Jacksonville Jaguars,1.4450100000000003,Houston Texans,2.09083,4.149205,3.826295,Houston Texans,0.32291000000000025,Different,Same,Different,Same,Same,Same,False,Home Team,Away Team,41.5,-108.0,-110.0,Houston Texans,Jacksonville Jaguars,0.5,-0.5,-128,105,108,-131,-1.4450100000000003,1.4450100000000003,2.09083,-2.09083,0.5238,0.5192,0.4878,0.5614,0.5671,0.4808,0.5022,0.4978,0.4649,0.5351,0.5412,0.4588,0.5022,0.4978,0.0022,-0.0022,,,80,6,2026-10-18,HOU @ JAX,10.0,60.0,0.0,Historical Avg,False,C.Stroud,T.Lawrence,1.21,2.0,13.99,195.69,High,-9.0,11.0,48.54,48.0,13.184600228169048,32.0,65.0,0.4626,0.5368,0.0936,0.0832,0.4632,0.5368,0.6988,0.3012,0.4886,0.5113,+105,-105,,,,,,,,No Bet,,No Bet,,No Bet,,No Bet,,No Bet,,No Bet,,No Bet,,No Bet,,No Bet,,,,,,,,,,,,,,nan,,,,,,,,,,,,,,,6,0.06506363636363637,0.018845454545454547,Houston Texans,Jacksonville Jaguars,0,0,0,0,0,0,1,0,0,0,1,0,1,4.0,3.5,,,5637.762253303488,0.7202911081258161,0.9609695157254879,0.00019934156601844534,0.0014840119427794926,0.5594477294224892,4.201659571558698,0.5643926269907072,4.164846942895101,0.0036295689163579063,0.003977519038976338,9.92322315639821e-05,0.00010010933445446324,0.0007452707976638612,0.0007387411451156314,0.0008388504795700947,8.3665065144538,1.1238403564131965,,,2270.0,1223.0
2026_06_CHI_ATL,2026,6,2026-10-18,13:00,Chicago Bears,Atlanta Falcons,Home,,,,,7,7,0,0,-1,2,Mercedes-Benz Stadium,33.7489,-84.388,America/New_York,False,True,6,6,Sunday,-1,2,NFC North,Soldier Field,41.8623,-87.6167,America/Chicago,NFC South,Mercedes-Benz Stadium,33.7489,-84.388,America/New_York,Green Bay Packers,Baltimore Ravens,Lambeau Field,Mercedes-Benz Stadium,New England Patriots,San Francisco 49ers,Soldier Field,Mercedes-Benz Stadium,587,0,-587,587,-1.0,0.0,America/Chicago,America/New_York,-1.0,0.0,-1.0,0.0,-1.0,0,-1.575,-0.71,-1.575,-0.71,Atlanta Falcons,0.865,Atlanta Falcons,0.865,-1.575,-0.71,Atlanta Falcons,0.865,0.0,0,No,No,No,No,No,0,No,0.9,-0.79,1.647,-0.101,-1.8885,-1.3039999999999998,-1.8885,-1.3039999999999998,0.5865,-1.384,1.3335,-0.695,Atlanta Falcons,0.5845000000000002,Atlanta Falcons,0.5845000000000002,-1.8885,-1.3039999999999998,Atlanta Falcons,0.5845000000000002,Chicago Bears,1.69,Chicago Bears,1.748,1.2735,-0.4455,Chicago Bears,1.719,Chicago Bears,1.9705,Chicago Bears,2.0284999999999997,0.96,-1.0394999999999999,Chicago Bears,1.9994999999999998,Different,Different,Different,Different,Same,Same,False,Away Team,Away Team,47.5,136.0,-161.0,Chicago Bears,Atlanta Falcons,3.0,-3.0,108,-131,108,-131,1.9705,-1.9705,2.0284999999999997,-2.0284999999999997,0.6169,0.4237,0.5671,0.4808,0.5671,0.4808,0.5928,0.4072,0.5412,0.4588,0.5412,0.4588,0.5928,0.4072,0.0928,-0.0928,,,81,6,2026-10-18,CHI @ ATL,0.0,70.0,0.0,Dome,True,C.Williams,M.Penix,-5.0,-6.0,13.38,179.12,Medium,-14.0,5.0,49.19,49.0,13.399922967954309,33.0,67.0,0.6574,0.3418,0.0896,0.0808,0.6868,0.2706,0.5346,0.4654,0.4956,0.5042,+102,-102,,,,,,,,No Bet,,No Bet,,No Bet,,No Bet,,No Bet,,No Bet,,No Bet,,No Bet,,No Bet,,,,,,,,,,,,,,nan,,,,,,,,,,,,,,,6,0.02744545454545455,-0.1037727272727273,Chicago Bears,Atlanta Falcons,0,0,1,0,1,0,0,0,1,0,1,0,0,3.5,1.5,,,5637.762253303488,0.9970183084843073,0.6713785941869492,0.00042524081286191196,0.014626323676540253,0.9762239688706741,48.88213122111562,1.4211826344463057,33.57760430708212,0.0014704584862327323,0.01182877958049575,0.00017315805899737054,0.0002520827538645414,0.008670484675453062,0.00595583900108719,0.006207921754951732,82.45973552819774,2.3974066033169796,,,2270.0,1223.0
2026_06_BAL_CLE,2026,6,2026-10-18,13:00,Baltimore Ravens,Cleveland Browns,Home,,,,,7,7,0,0,1,3,FirstEnergy Stadium,41.5061,-81.6994,America/New_York,False,True,6,6,Sunday,1,3,AFC North,M&T Bank Stadium,39.2789,-76.6228,America/New_York,AFC North,FirstEnergy Stadium,41.5061,-81.6994,America/New_York,Atlanta Falcons,New York Jets,Mercedes-Benz Stadium,MetLife Stadium,Cincinnati Bengals,Tennessee Titans,M&T Bank Stadium,Nissan Stadium,308,0,-308,308,0.0,0.0,America/New_York,America/New_York,0.0,0.0,0.0,0.0,0.0,0,6.69,-4.705,6.69,-4.705,Baltimore Ravens,11.395,Baltimore Ravens,11.395,6.69,-4.705,Baltimore Ravens,11.395,0.0,0,No,No,No,No,No,1,No,5.1,-6.94,2.881,-7.475,6.4587,-4.301699999999999,6.4587,-4.301699999999999,4.8622499999999995,-6.53025,2.6600899999999994,-7.082089999999999,Baltimore Ravens,10.7604,Baltimore Ravens,10.7604,6.4587,-4.301699999999999,Baltimore Ravens,10.7604,Baltimore Ravens,12.04,Baltimore Ravens,10.356,3.9905,-7.2075,Baltimore Ravens,11.198,Baltimore Ravens,11.392499999999998,Baltimore Ravens,9.742179999999998,3.7611699999999995,-6.80617,Baltimore Ravens,10.56734,Same,Same,Same,Same,Same,Same,False,Away Team,Away Team,44.5,205.0,-250.0,Baltimore Ravens,Cleveland Browns,6.5,-6.5,450,-646,327,-436,11.392499999999998,-11.392499999999998,9.742179999999998,-9.742179999999998,0.7143,0.3279,0.866,0.1818,0.8134,0.2342,0.6854,0.3146,0.8265,0.1735,0.7765,0.2235,0.6854,0.3146,0.1854,-0.1854,,,82,6,2026-10-18,BAL @ CLE,10.0,60.0,0.0,Historical Avg,False,L.Jackson,S.Sanders,15.91,17.0,13.19,174.03,Medium,7.0,24.0,46.16,46.0,13.081152459547821,30.0,63.0,0.1148,0.8844,0.0432,0.0526,0.2136,0.7864,0.5248,0.4752,0.2066,0.7932,+384,-384,,,,,,,,No Bet,,No Bet,,No Bet,,No Bet,,No Bet,,No Bet,,No Bet,,No Bet,,No Bet,,,,,,,,,,,,,,nan,,,,,,,,,,,,,,,6,0.10102727272727273,-0.12386363636363637,Baltimore Ravens,Cleveland Browns,0,0,0,0,0,0,0,0,0,0,0,0,1,4.5,1.5,,,5637.762253303488,0.997178485019389,0.7277303079237459,2.1566654955170054e-05,0.05728834672488927,0.038251482000133175,221.36917515451202,0.08333619123614519,101.60890356523122,0.0005487453438093166,0.06140688801988067,6.784869648896499e-06,1.4781785306273555e-05,0.039265432845239104,0.018022913879650167,0.01803769566495644,322.9780787197432,0.12158767323627837,,,2270.0,1223.0
2026_06_TEN_IND,2026,6,2026-10-18,13:00,Tennessee Titans,Indianapolis Colts,Home,,,,,7,7,0,0,1,-2,Lucas Oil Stadium,39.7601,-86.1638,America/Indiana/Indianapolis,False,False,6,6,Sunday,1,-2,AFC South,Nissan Stadium,36.1664,-86.7716,America/Chicago,AFC South,Lucas Oil Stadium,39.7601,-86.1638,America/Indiana/Indianapolis,Houston Texans,Pittsburgh Steelers,Nissan Stadium,Acrisure Stadium,Cleveland Browns,Minnesota Vikings,Nissan Stadium,U.S. Bank Stadium,250,0,-250,250,-1.0,0.0,America/Chicago,America/New_York,-1.0,0.0,-1.0,0.0,-1.0,0,-4.36,-2.265,-4.36,-2.265,Indianapolis Colts,2.095,Indianapolis Colts,2.095,-4.36,-2.265,Indianapolis Colts,2.095,0.0,0,No,No,No,No,No,1,No,-8.19,0.93,-8.36,0.288,-2.7220750000000007,-3.0234250000000005,-2.7220750000000007,-3.0234250000000005,-6.481824999999998,0.10132500000000012,-6.656544999999998,-0.535955,Tennessee Titans,0.3013499999999998,Tennessee Titans,0.3013499999999998,-2.7220750000000007,-3.0234250000000005,Tennessee Titans,0.3013499999999998,Indianapolis Colts,9.12,Indianapolis Colts,8.648,-8.274999999999999,0.609,Indianapolis Colts,8.883999999999999,Indianapolis Colts,6.583149999999998,Indianapolis Colts,6.120589999999998,-6.569184999999997,-0.21731499999999992,Indianapolis Colts,6.351869999999997,Different,Different,Different,Different,Same,Same,False,Home Team,Home Team,48.0,-192.0,160.0,Indianapolis Colts,Tennessee Titans,-3.5,3.5,-282,224,-261,208,-6.583149999999998,6.583149999999998,-6.120589999999998,6.120589999999998,0.3846,0.6575,0.3086,0.7382,0.3247,0.723,0.3691,0.6309,0.2948,0.7052,0.3099,0.6901,0.3691,0.6309,-0.1309,0.1309,,,83,6,2026-10-18,TEN @ IND,0.0,70.0,0.0,Dome,True,C.Ward,D.Jones,-13.6,-14.0,13.26,175.84,Medium,-23.0,-5.0,53.42,53.0,13.580816041492888,36.0,71.0,0.8508,0.1488,0.0624,0.0544,0.782,0.218,0.6434,0.342,0.7193,0.2806,-256,+256,,,,,,,,No Bet,,No Bet,,No Bet,,No Bet,,No Bet,,No Bet,,No Bet,,No Bet,,No Bet,,,,,,,,,,,,,,nan,,,,,,,,,,,,,,,6,-0.10717272727272725,-0.023463636363636364,Indianapolis Colts,Tennessee Titans,0,0,0,0,0,0,0,0,0,0,0,0,1,1.5,2.5,,,5637.762253303488,0.9975257728918937,0.9948996615628463,0.07245741580237516,0.0006050618423489327,257.7211886984085,1.259072006478221,150.77649508413785,2.152122809230858,0.04014237190206889,0.0007787672579771222,0.04571338362971849,0.026744032172656675,0.00022332832601099106,0.0003817335163379417,0.027125765688994618,3.411194815709079,408.4976837825464,,,2270.0,1223.0
2026_06_NYJ_NE,2026,6,2026-10-18,13:00,New York Jets,New England Patriots,Home,,,,,7,7,0,0,-5,4,Gillette Stadium,42.0628,-71.2687,America/New_York,False,False,6,6,Sunday,-5,4,AFC East,MetLife Stadium,40.8136,-74.0744,America/New_York,AFC East,Gillette Stadium,42.0628,-71.2687,America/New_York,Cleveland Browns,Las Vegas Raiders,MetLife Stadium,Gillette Stadium,Miami Dolphins,Chicago Bears,MetLife Stadium,Soldier Field,169,0,-169,169,0.0,0.0,America/New_York,America/New_York,0.0,0.0,0.0,0.0,0.0,0,-3.725,-1.995,-3.725,-1.995,New England Patriots,1.73,New England Patriots,1.73,-3.725,-1.995,New England Patriots,1.73,0.0,0,No,No,No,No,No,1,No,-9.26,5.09,-6.95,4.222,-4.836375,-1.8351250000000001,-4.836375,-1.8351250000000001,-10.245175,5.123675,-7.9669550000000005,4.2874550000000005,New England Patriots,3.00125,New England Patriots,3.00125,-4.836375,-1.8351250000000001,New England Patriots,3.00125,New England Patriots,14.35,New England Patriots,11.172,-8.105,4.656000000000001,New England Patriots,12.761000000000001,New England Patriots,15.36885,New England Patriots,12.25441,-9.106065000000001,4.705565,New England Patriots,13.811630000000001,Same,Same,Same,Same,Same,Same,False,Home Team,Home Team,42.5,-435.0,340.0,New England Patriots,New York Jets,-9.5,9.5,-1197,702,-675,466,-15.36885,15.36885,-12.25441,12.25441,0.2273,0.8131,0.1247,0.9229,0.1767,0.871,0.2185,0.7815,0.119,0.881,0.1686,0.8314,0.2185,0.7815,-0.2815,0.2815,,,84,6,2026-10-18,NYJ @ NE,12.0,58.0,0.0,Historical Avg,False,G.Smith,D.Maye,-15.47,-16.0,12.54,157.31,Low,-24.0,-7.0,46.59,46.0,12.680206235153797,30.0,63.0,0.8926,0.1068,0.0486,0.0506,0.698,0.302,0.6226,0.3774,0.8466,0.1532,-552,+553,,,,,,,,No Bet,,No Bet,,No Bet,,No Bet,,No Bet,,No Bet,,No Bet,,No Bet,,No Bet,,,,,,,,,,,,,,nan,,,,,,,,,,,,,,,6,-0.1394818181818182,0.08295454545454546,New England Patriots,New York Jets,0,0,0,0,0,0,0,0,0,0,0,0,1,1.0,4.0,,,5637.762253303488,0.5466142565173688,0.9889544084571777,0.20822545895761063,0.00014034787756874337,917.4228819456813,0.1728876806776981,256.50275074233065,0.6183602858106226,0.2160562702139044,6.860081382426361e-05,0.1627281961753727,0.045497262782237924,3.066601124877043e-05,0.00010968186631997293,0.0456069446485579,0.7912479664883207,1173.925632688012,,,2270.0,1223.0
2026_06_NO_NYG,2026,6,2026-10-18,13:00,New Orleans Saints,New York Giants,Home,,,,,7,7,0,0,-4,-4,MetLife Stadium,40.8136,-74.0744,America/New_York,False,False,6,6,Sunday,-4,-4,NFC South,Caesars Superdome,29.9507,-90.0813,America/Chicago,NFC East,MetLife Stadium,40.8136,-74.0744,America/New_York,Minnesota Vikings,Washington Commanders,Caesars Superdome,FedExField,Pittsburgh Steelers,Houston Texans,Stade de France,NRG Stadium,1169,0,-1169,1169,-1.0,0.0,America/Chicago,America/New_York,-1.0,0.0,-1.0,0.0,-1.0,0,-6.145,-2.84,-6.145,-2.84,New York Giants,3.3049999999999997,New York Giants,3.3049999999999997,-6.145,-2.84,New York Giants,3.3049999999999997,0.0,0,No,No,No,No,No,0,No,-4.37,-3.53,-4.865,-5.014,-5.441,-4.082,-5.441,-4.082,-3.6660000000000004,-4.772,-4.1610000000000005,-6.256,New York Giants,1.359,New York Giants,1.359,-5.441,-4.082,New York Giants,1.359,New York Giants,0.8400000000000003,New Orleans Saints,0.14900000000000002,-4.6175,-4.272,New York Giants,0.3454999999999995,New Orleans Saints,1.1059999999999999,New Orleans Saints,2.0949999999999998,-3.9135000000000004,-5.514,New Orleans Saints,1.6004999999999998,Different,Different,Different,Different,Different,Same,False,Away Team,Away Team,45.0,-135.0,114.0,New York Giants,New Orleans Saints,-2.5,2.5,101,-122,108,-131,1.1059999999999999,-1.1059999999999999,2.0949999999999998,-2.0949999999999998,0.4673,0.5745,0.5495,0.4975,0.5671,0.4808,0.4486,0.5514,0.5248,0.4752,0.5412,0.4588,0.4486,0.5514,-0.0514,0.0514,,,85,6,2026-10-18,NO @ NYG,12.0,62.0,0.0,Historical Avg,False,T.Shough,J.Dart,3.22,4.0,13.41,179.88,Medium,-7.0,13.0,44.79,44.0,12.843768587073798,29.0,61.0,0.403,0.5952,0.0902,0.0944,0.3686,0.6314,0.4666,0.514,0.4721,0.5274,+112,-112,,,,,,,,No Bet,,No Bet,,No Bet,,No Bet,,No Bet,,No Bet,,No Bet,,No Bet,,No Bet,,,,,,,,,,,,,,nan,,,,,,,,,,,,,,,6,-0.04871818181818181,-0.0909181818181818,New York Giants,New Orleans Saints,0,0,0,0,0,0,0,0,0,0,0,0,0,2.5,2.0,,,5637.762253303488,0.8006173492040971,0.9328939765983103,0.008733134294647147,0.0002945101096697992,27.148363652496677,0.7448455616093814,22.08697122689519,0.9155324179032833,0.010845097258814955,0.002433826014237539,0.004815450250068437,0.00391768404457871,0.00013211723519787193,0.0001623928744719273,0.004080076919050637,1.6603779795126647,49.23533487939187,,,2270.0,1223.0
2026_06_CAR_PHI,2026,6,2026-10-18,13:00,Carolina Panthers,Philadelphia Eagles,Home,,,,,14,7,7,-7,7,-8,Lincoln Financial Field,39.9008,-75.1675,America/New_York,False,False,6,6,Sunday,7,-8,NFC South,Bank of America Stadium,35.2258,-80.8528,America/New_York,NFC East,Lincoln Financial Field,39.9008,-75.1675,America/New_York,Detroit Lions,Jacksonville Jaguars,Bank of America Stadium,Tottenham Hotspur Stadium,Tampa Bay Buccaneers,Dallas Cowboys,Bank of America Stadium,Lincoln Financial Field,448,0,-448,448,0.0,0.0,America/New_York,America/New_York,0.0,0.0,0.0,0.0,0.0,0,-5.25,4.905,-5.25,4.905,Philadelphia Eagles,10.155000000000001,Philadelphia Eagles,10.155000000000001,-5.25,4.905,Philadelphia Eagles,10.155000000000001,0.0,0,No,No,No,No,No,0,No,-3.79,5.52,-4.367,3.682,-2.7715,5.352,-2.7715,5.352,-1.3115,5.966999999999999,-1.8885,4.1290000000000004,Philadelphia Eagles,8.1235,Philadelphia Eagles,8.1235,-2.7715,5.352,Philadelphia Eagles,8.1235,Philadelphia Eagles,9.309999999999999,Philadelphia Eagles,8.049,-4.0785,4.601,Philadelphia Eagles,8.6795,Philadelphia Eagles,7.278499999999999,Philadelphia Eagles,6.0175,-1.6,5.048,Philadelphia Eagles,6.648,Same,Same,Same,Same,Same,Same,False,Home Team,Home Team,43.5,-278.0,225.0,Philadelphia Eagles,Carolina Panthers,-6.5,6.5,-346,268,-261,208,-7.278499999999999,7.278499999999999,-6.0175,6.0175,0.3077,0.7354,0.2717,0.7758,0.3247,0.723,0.295,0.705,0.2594,0.7406,0.3099,0.6901,0.295,0.705,-0.205,0.205,,,86,6,2026-10-18,CAR @ PHI,12.0,64.0,0.0,Historical Avg,False,B.Young,J.Hurts,-11.2,-11.0,13.27,176.04,Medium,-20.0,-3.0,43.23,43.0,13.03176972035682,27.0,60.0,0.8002,0.199,0.0696,0.0732,0.6676,0.3324,0.4708,0.5292,0.734,0.2658,-276,+276,,,,,,,,No Bet,,No Bet,,No Bet,,No Bet,,No Bet,,No Bet,,No Bet,,No Bet,,No Bet,,,,,,,,,,,,,,nan,,,,,,,,,,,,,,,6,-0.08918333333333332,0.09259090909090908,Philadelphia Eagles,Carolina Panthers,0,0,0,1,0,1,0,0,0,1,0,1,0,2.0,4.5,,,5637.762253303488,0.9297663492115771,0.9975807203162754,0.10741868083903865,8.953869195580776e-06,426.9486938144606,0.01489153680269934,178.65229031952614,0.03558824896916283,0.09739197564478924,0.0003638859336053454,0.07573016999152224,0.03168851084751641,2.641391412696329e-06,6.312477782884447e-06,0.03169482332529929,0.050479785771862164,605.6009841339868,,,2270.0,1223.0
2026_06_PIT_TB,2026,6,2026-10-18,13:00,Pittsburgh Steelers,Tampa Bay Buccaneers,Home,,,,,7,10,-3,3,-4,0,Raymond James Stadium,27.9759,-82.5033,America/New_York,False,False,6,6,Sunday,-4,0,AFC North,Acrisure Stadium,40.4468,-80.0158,America/New_York,NFC South,Raymond James Stadium,27.9759,-82.5033,America/New_York,Indianapolis Colts,Dallas Cowboys,Acrisure Stadium,AT&T Stadium,New Orleans Saints,Carolina Panthers,Stade de France,Bank of America Stadium,873,0,-873,873,0.0,0.0,America/New_York,America/Chicago,0.0,-1.0,0.0,0.0,0.0,0,-0.565,1.025,-0.565,1.025,Tampa Bay Buccaneers,1.5899999999999999,Tampa Bay Buccaneers,1.5899999999999999,-0.565,1.025,Tampa Bay Buccaneers,1.5899999999999999,0.0,0,No,No,No,No,No,0,No,0.59,-1.4,0.538,-2.096,-2.199,-0.6165,-2.199,-0.6165,-1.044,-3.0415,-1.096,-3.7375,Tampa Bay Buccaneers,1.5824999999999998,Tampa Bay Buccaneers,1.5824999999999998,-2.199,-0.6165,Tampa Bay Buccaneers,1.5824999999999998,Pittsburgh Steelers,1.9899999999999998,Pittsburgh Steelers,2.6340000000000003,0.5640000000000001,-1.748,Pittsburgh Steelers,2.3120000000000003,Pittsburgh Steelers,1.9975,Pittsburgh Steelers,2.6414999999999997,-1.07,-3.3895,Pittsburgh Steelers,2.3194999999999997,Different,Different,Different,Different,Same,Same,False,Away Team,Away Team,45.5,-125.0,105.0,Tampa Bay Buccaneers,Pittsburgh Steelers,-1.5,1.5,108,-131,117,-142,1.9975,-1.9975,2.6414999999999997,-2.6414999999999997,0.4878,0.5556,0.5671,0.4808,0.5868,0.4608,0.4675,0.5325,0.5412,0.4588,0.5601,0.4399,0.4675,0.5325,-0.0325,0.0325,,,87,6,2026-10-18,PIT @ TB,8.0,82.0,0.0,Historical Avg,False,A.Rodgers,B.Mayfield,5.05,6.0,13.35,178.23,Medium,-5.0,14.0,51.68,51.0,13.570943447719921,34.0,70.0,0.35,0.649,0.0864,0.0866,0.3272,0.6728,0.672,0.328,0.4453,0.5545,+125,-124,,,,,,,,No Bet,,No Bet,,No Bet,,No Bet,,No Bet,,No Bet,,No Bet,,No Bet,,No Bet,,,,,,,,,,,,,,nan,,,,,,,,,,,,,,,6,-0.028109090909090903,-0.016654545454545453,Tampa Bay Buccaneers,Pittsburgh Steelers,0,0,1,0,0,0,0,0,1,0,0,0,0,2.5,3.0,,,5637.762253303488,0.9412140516859081,0.9644205639648677,0.0027621885883068365,0.0009455816287046024,8.292389563019977,2.49222586341786,7.280172996641953,2.838738550310182,0.007963504785253183,0.002256097528163482,0.0014708654232733903,0.0012913231650334461,0.00044205941141940166,0.0005035222172852007,0.001794845382318647,5.330964413728042,15.572562559661932,,,2270.0,1223.0
2026_06_ARI_LA,2026,6,2026-10-18,16:05,Arizona Cardinals,Los Angeles Rams,Home,,,,,7,6,1,-1,-3,2,SoFi Stadium,33.9535,-118.3395,America/Los_Angeles,False,False,6,6,Sunday,-3,2,NFC West,State Farm Stadium,33.5277,-112.262608,America/Denver,NFC West,SoFi Stadium,33.9535,-118.3395,America/Los_Angeles,Detroit Lions,Buffalo Bills,State Farm Stadium,SoFi Stadium,Denver Broncos,Las Vegas Raiders,State Farm Stadium,Allegiant Stadium,350,0,-350,350,1.0,0.0,America/Denver,America/Los_Angeles,1.0,0.0,1.0,0.0,1.0,0,0.075,1.29,0.075,1.29,Los Angeles Rams,1.215,Los Angeles Rams,1.215,0.075,1.29,Los Angeles Rams,1.215,0.0,0,No,No,No,No,No,1,Yes,-4.4,8.12,-3.837,7.087,0.988355,0.5821450000000002,0.988355,0.5821450000000002,-3.3735950000000003,7.2990949999999994,-2.826555,6.282054999999999,Arizona Cardinals,0.40620999999999974,Arizona Cardinals,0.40620999999999974,0.988355,0.5821450000000002,Arizona Cardinals,0.40620999999999974,Los Angeles Rams,12.52,Los Angeles Rams,10.924,-4.1185,7.6034999999999995,Los Angeles Rams,11.722,Los Angeles Rams,10.67269,Los Angeles Rams,9.108609999999999,-3.1000750000000004,6.790574999999999,Los Angeles Rams,9.890649999999999,Different,Different,Different,Different,Same,Same,False,Home Team,Home Team,47.5,-833.0,550.0,Los Angeles Rams,Arizona Cardinals,-13.5,13.5,-538,389,-416,314,-10.67269,10.67269,-9.108609999999999,9.108609999999999,0.1538,0.8928,0.2045,0.8433,0.2415,0.8062,0.147,0.853,0.1952,0.8048,0.2305,0.7695,0.147,0.853,-0.353,0.353,,,88,6,2026-10-18,ARI @ LA,0.0,70.0,0.0,Dome,True,J.Brissett,M.Stafford,-12.68,-13.0,12.57,157.92,Low,-21.0,-5.0,54.03,54.0,13.540131638686479,37.0,72.0,0.846,0.153,0.0614,0.0562,0.4816,0.5184,0.6644,0.3356,0.8183,0.1814,-450,+451,,,,,,,,No Bet,,No Bet,,No Bet,,No Bet,,No Bet,,No Bet,,No Bet,,No Bet,,No Bet,,,,,,,,,,,,,,nan,,,,,,,,,,,,,,,6,-0.22231818181818183,0.14463636363636365,Los Angeles Rams,Arizona Cardinals,0,1,0,0,0,0,0,0,0,1,0,0,1,0.0,5.0,,,5637.762253303488,0.8545562779919597,0.9997437659997104,0.3794840082491826,0.00013950403201678005,1824.942846675937,0.11561411318551305,314.4977707636141,0.6708764527023308,0.38102904458883113,0.0002216524912074039,0.32369985903655274,0.05578414921262986,2.0507092706466668e-05,0.00011899693931031338,0.055903146151940177,0.7864905658878438,2139.4406174395513,,,2270.0,1223.0
2026_06_LAC_KC,2026,6,2026-10-18,16:25,Los Angeles Chargers,Kansas City Chiefs,Home,,,,,7,14,-7,7,-10,6,GEHA Field at Arrowhead Stadium,39.0489,-94.4839,America/Chicago,False,False,6,6,Sunday,-10,6,AFC West,SoFi Stadium,33.9535,-118.3395,America/Los_Angeles,AFC West,GEHA Field at Arrowhead Stadium,39.0489,-94.4839,America/Chicago,Denver Broncos,Las Vegas Raiders,SoFi Stadium,Allegiant Stadium,Los Angeles Rams,Seattle Seahawks,SoFi Stadium,Lumen Field,1366,0,-1366,1366,-2.0,0.0,America/Los_Angeles,America/Los_Angeles,-2.0,-2.0,-2.0,0.0,-2.0,0,0.935,4.395,0.935,4.395,Kansas City Chiefs,3.4599999999999995,Kansas City Chiefs,3.4599999999999995,0.935,4.395,Kansas City Chiefs,3.4599999999999995,-0.3,0,No,No,No,No,No,1,No,1.12,-2.17,0.527,0.625,-0.4948800000000001,2.9958799999999997,-0.4948800000000001,2.9958799999999997,-0.37738,-3.50162,-0.9365,-0.7404999999999999,Kansas City Chiefs,3.49076,Kansas City Chiefs,3.49076,-0.4948800000000001,2.9958799999999997,Kansas City Chiefs,3.49076,Los Angeles Chargers,3.29,Kansas City Chiefs,0.09799999999999998,0.8235000000000001,-0.7725,Los Angeles Chargers,1.596,Los Angeles Chargers,3.12424,Kansas City Chiefs,0.19600000000000006,-0.65694,-2.12106,Los Angeles Chargers,1.4641199999999999,Different,Same,Different,Same,Same,Same,False,Away Team,Home Team,46.5,-143.0,120.0,Kansas City Chiefs,Los Angeles Chargers,-2.5,2.5,135,-164,-110,-110,3.12424,-3.12424,-0.19600000000000006,0.19600000000000006,0.4545,0.5885,0.6212,0.4255,0.5238,0.5238,0.4358,0.5642,0.5935,0.4065,0.5,0.5,0.4358,0.5642,-0.0642,0.0642,,,89,6,2026-10-18,LAC @ KC,10.0,60.0,0.0,Historical Avg,False,J.Herbert,P.Mahomes,5.59,7.0,13.15,172.85,Medium,-4.0,14.0,43.41,43.0,12.45493908702617,28.0,60.0,0.3288,0.6704,0.0836,0.0816,0.2948,0.7052,0.3924,0.6076,0.4499,0.5499,+122,-122,,,,,,,,No Bet,,No Bet,,No Bet,,No Bet,,No Bet,,No Bet,,No Bet,,No Bet,,No Bet,,,,,,,,,,,,,,nan,,,,,,,,,,,,,,,6,0.06192727272727272,0.06446666666666667,Kansas City Chiefs,Los Angeles Chargers,0,0,0,1,0,0,0,0,0,1,0,0,1,4.0,4.0,,,5637.762253303488,0.6697700897861959,0.49266692385566013,0.004933752491071943,0.00010400384660760585,15.693405553289669,0.2555308770306681,12.121918008017788,0.3308180835720582,0.005382223180978074,0.0014221043772122302,0.0027836231554627905,0.0021501293356091526,4.532487635159463e-05,5.867897025601122e-05,0.002208808305865164,0.5863489606027263,27.815323561307455,,,2270.0,1223.0
2026_06_BUF_LV,2026,6,2026-10-18,16:25,Buffalo Bills,Las Vegas Raiders,Home,,,,,6,7,-1,1,2,1,Allegiant Stadium,36.108,-115.1578,America/Los_Angeles,False,True,6,6,Sunday,2,1,AFC East,Highmark Stadium,42.7725,-78.7877,America/New_York,AFC West,Allegiant Stadium,36.108,-115.1578,America/Los_Angeles,Los Angeles Rams,New England Patriots,SoFi Stadium,Gillette Stadium,Baltimore Ravens,Los Angeles Rams,Highmark Stadium,Allegiant Stadium,1977,0,-1977,1977,3.0,0.0,America/Los_Angeles,America/New_York,0.0,3.0,0.0,0.0,0.0,0,4.795,-2.35,4.795,-2.35,Buffalo Bills,7.145,Buffalo Bills,7.145,4.795,-2.35,Buffalo Bills,7.145,0.0,0,No,No,No,No,Yes,0,No,6.16,-8.15,3.416,-7.588,5.172499999999999,-2.1965,5.172499999999999,-2.1965,6.5375,-7.9965,3.7935,-7.4345,Buffalo Bills,7.369,Buffalo Bills,7.369,5.172499999999999,-2.1965,Buffalo Bills,7.369,Buffalo Bills,14.31,Buffalo Bills,11.004,4.788,-7.869,Buffalo Bills,12.657,Buffalo Bills,14.533999999999999,Buffalo Bills,11.228,5.1655,-7.7155000000000005,Buffalo Bills,12.881,Same,Same,Same,Same,Same,Same,False,Away Team,Away Team,47.5,215.0,-263.0,Buffalo Bills,Las Vegas Raiders,6.5,-6.5,615,-984,406,-567,14.533999999999999,-14.533999999999999,11.228,-11.228,0.7245,0.3175,0.9077,0.1399,0.8501,0.1976,0.6953,0.3047,0.8665,0.1335,0.8114,0.1886,0.6953,0.3047,0.1953,-0.1953,,,90,6,2026-10-18,BUF @ LV,0.0,70.0,0.0,Dome,True,J.Allen,K.Cousins,13.71,14.0,13.22,174.87,Medium,6.0,23.0,47.73,47.0,12.724803148301847,32.0,64.0,0.1464,0.8522,0.057,0.0504,0.2692,0.7308,0.4826,0.5174,0.1933,0.8064,+417,-417,,,,,,,,No Bet,,No Bet,,No Bet,,No Bet,,No Bet,,No Bet,,No Bet,,No Bet,,No Bet,,,,,,,,,,,,,,nan,,,,,,,,,,,,,,,6,0.1328909090909091,-0.14215454545454545,Buffalo Bills,Las Vegas Raiders,1,0,0,0,1,0,0,0,1,0,1,0,0,5.0,1.0,,,5637.762253303488,0.9501623613033999,0.9850210834398146,0.00011800785872912142,0.09734704061226901,0.2027169866430836,381.59417821039347,0.4625832648931277,167.22529282425842,0.0006172107264691973,0.09741825195126211,3.59569945547633e-05,8.205086417435812e-05,0.06768539733771065,0.029661643274558364,0.02974369413873272,548.8194710346519,0.6653002515362113,,,2270.0,1223.0
2026_06_DAL_GB,2026,6,2026-10-18,20:20,Dallas Cowboys,Green Bay Packers,Home,,,,,10,7,3,-3,3,0,Lambeau Field,44.5013,-88.0622,America/Chicago,False,False,6,6,Sunday,3,0,NFC East,AT&T Stadium,32.7369,-97.0826,America/Chicago,NFC North,Lambeau Field,44.5013,-88.0622,America/Chicago,Tampa Bay Buccaneers,Chicago Bears,AT&T Stadium,Lambeau Field,Philadelphia Eagles,Detroit Lions,Lincoln Financial Field,Ford Field,945,0,-945,945,0.0,0.0,America/Chicago,America/Chicago,0.0,0.0,0.0,0.0,0.0,0,-0.615,3.535,-0.615,3.535,Green Bay Packers,4.15,Green Bay Packers,4.15,-0.615,3.535,Green Bay Packers,4.15,0.0,0,No,No,No,No,No,0,No,-1.01,5.09,-3.616,2.933,-0.22999999999999998,3.5995,-0.22999999999999998,3.5995,-0.625,5.1545000000000005,-3.2310000000000003,2.9974999999999996,Green Bay Packers,3.8295,Green Bay Packers,3.8295,-0.22999999999999998,3.5995,Green Bay Packers,3.8295,Green Bay Packers,6.1,Green Bay Packers,6.5489999999999995,-2.313,4.0115,Green Bay Packers,6.3245000000000005,Green Bay Packers,5.7795000000000005,Green Bay Packers,6.2285,-1.9280000000000002,4.0760000000000005,Green Bay Packers,6.0040000000000004,Same,Same,Same,Same,Same,Same,False,Home Team,Home Team,51.5,-167.0,140.0,Green Bay Packers,Dallas Cowboys,-3.0,3.0,-261,208,-261,208,-5.7795000000000005,5.7795000000000005,-6.2285,6.2285,0.4167,0.6255,0.3247,0.723,0.3247,0.723,0.3998,0.6002,0.3099,0.6901,0.3099,0.6901,0.3998,0.6002,-0.1002,0.1002,,,91,6,2026-10-18,DAL @ GB,12.0,52.0,0.0,Historical Avg,False,D.Prescott,J.Love,-11.66,-12.0,12.49,155.97,Low,-20.0,-4.0,62.1,62.0,14.15477838718212,44.0,81.0,0.8248,0.1744,0.0618,0.0752,0.7586,0.2046,0.7634,0.2366,0.7013,0.2985,-235,+235,,,,,,,,No Bet,,No Bet,,No Bet,,No Bet,,No Bet,,No Bet,,No Bet,,No Bet,,No Bet,,,,,,,,,,,,,,nan,,,,,,,,,,,,,,,6,0.039345454545454545,0.06970909090909093,Green Bay Packers,Dallas Cowboys,1,0,0,1,0,0,0,1,1,1,0,1,0,3.5,4.0,,,5637.762253303488,0.7702440746027409,0.9205412193960035,0.009907724890224677,1.485804060168776e-05,33.525609920814915,0.03348968696480591,22.33178748140921,0.05027641349744,0.014388087030229122,0.0017696884515705593,0.00594661647911285,0.0039611084111118265,5.940244632554766e-06,8.917795969132995e-06,0.00397002620708096,0.0837661004622459,55.85739740222413,,,2270.0,1223.0
2026_06_WAS_SF,2026,6,2026-10-19,20:15,Washington Commanders,San Francisco 49ers,Home,,,,,8,8,0,0,0,3,Levi's Stadium,37.4031,-121.9702,America/Los_Angeles,False,False,6,6,Monday,0,3,NFC East,FedExField,38.9077,-76.8645,America/New_York,NFC West,Levi's Stadium,37.4031,-121.9702,America/Los_Angeles,New York Giants,Seattle Seahawks,FedExField,Lumen Field,Philadelphia Eagles,Atlanta Falcons,FedExField,Mercedes-Benz Stadium,2426,0,-2426,2426,3.0,0.0,America/New_York,America/Los_Angeles,3.0,0.0,3.0,0.0,3.0,0,1.45,3.325,1.45,3.325,San Francisco 49ers,1.8750000000000002,San Francisco 49ers,1.8750000000000002,1.45,3.325,San Francisco 49ers,1.8750000000000002,-0.22499999999999998,0,No,No,No,No,No,0,No,-5.43,3.57,-1.427,2.606,2.003,1.8155000000000001,2.003,1.8155000000000001,-4.877,2.0604999999999998,-0.874,1.0964999999999998,Washington Commanders,0.1875,Washington Commanders,0.1875,2.003,1.8155000000000001,Washington Commanders,0.1875,San Francisco 49ers,9.0,San Francisco 49ers,4.0329999999999995,-3.4284999999999997,3.088,San Francisco 49ers,6.5165,San Francisco 49ers,6.9375,San Francisco 49ers,1.9705,-2.8754999999999997,1.5784999999999998,San Francisco 49ers,4.454,Different,Different,Different,Different,Same,Same,False,Home Team,Home Team,50.5,-250.0,205.0,San Francisco 49ers,Washington Commanders,-5.5,5.5,-319,249,-131,108,-6.9375,6.9375,-1.9705,1.9705,0.3279,0.7143,0.2865,0.7613,0.4808,0.5671,0.3146,0.6854,0.2734,0.7266,0.4588,0.5412,0.3146,0.6854,-0.1854,0.1854,,,92,6,2026-10-19,WAS @ SF,10.0,70.0,0.0,Historical Avg,False,J.Daniels,B.Purdy,-7.25,-7.0,12.49,156.09,Low,-15.0,2.0,59.6,59.0,14.232704357734232,42.0,78.0,0.7254,0.274,0.082,0.0882,0.5812,0.4188,0.733,0.267,0.6696,0.3302,-203,+203,,,,,,,,No Bet,,No Bet,,No Bet,,No Bet,,No Bet,,No Bet,,No Bet,,No Bet,,No Bet,,,,,,,,,,,,,,nan,,,,,,,,,,,,,,,6,-0.0161,0.07041818181818181,San Francisco 49ers,Washington Commanders,0,0,0,0,0,0,0,0,0,0,0,0,0,3.0,4.0,,,5637.762253303488,0.3820603716682634,0.9914607286554037,0.029833292868833898,1.7960970036412284e-06,115.2794907179181,0.0031856294983198447,52.9135217097418,0.00694033839208017,0.02858394805431689,0.0004114714526838078,0.020447738932298756,0.009385553936535142,5.650521173455304e-07,1.231044886295698e-06,0.009386784981421438,0.010125967890400015,168.19301242765988,,,2270.0,1223.0
2026_07_NE_CHI,2026,7,2026-10-22,20:15,New England Patriots,Chicago Bears,Home,,,,,4,4,0,0,4,-1,Soldier Field,41.8623,-87.6167,America/Chicago,False,False,7,7,Thursday,4,-1,AFC East,Gillette Stadium,42.0628,-71.2687,America/New_York,NFC North,Soldier Field,41.8623,-87.6167,America/Chicago,New York Jets,Atlanta Falcons,Gillette Stadium,Mercedes-Benz Stadium,Miami Dolphins,Seattle Seahawks,Hard Rock Stadium,Lumen Field,838,0,-838,838,1.0,0.0,America/New_York,America/New_York,1.0,1.0,1.0,0.0,1.0,0,-1.995,-1.575,-1.995,-1.575,Chicago Bears,0.42000000000000015,Chicago Bears,0.42000000000000015,-1.995,-1.575,Chicago Bears,0.42000000000000015,0.0,0,No,No,No,No,No,0,No,5.09,0.9,4.222,1.647,-1.7105000000000001,-1.4365,-1.7105000000000001,-1.4365,5.3745,1.0385,4.506500000000001,1.7854999999999999,Chicago Bears,0.274,Chicago Bears,0.274,-1.7105000000000001,-1.4365,Chicago Bears,0.274,New England Patriots,4.1899999999999995,New England Patriots,2.575,4.656000000000001,1.2735,New England Patriots,3.3825000000000003,New England Patriots,4.336,New England Patriots,2.721000000000001,4.9405,1.412,New England Patriots,3.5285,Different,Different,Different,Different,Same,Same,True,Away Team,Away Team,47.5,-122.0,102.0,Chicago Bears,New England Patriots,-1.5,1.5,181,-224,117,-142,4.336,-4.336,2.721000000000001,-2.721000000000001,0.495,0.5495,0.6914,0.3559,0.5868,0.4608,0.4739,0.5261,0.6602,0.3398,0.5601,0.4399,0.4739,0.5261,-0.0261,0.0261,,,93,7,2026-10-22,NE @ CHI,15.0,58.0,0.0,Historical Avg,False,D.Maye,C.Williams,7.47,8.0,13.35,178.15,Medium,-3.0,17.0,49.61,49.0,13.664591745585183,33.0,67.0,0.2866,0.7122,0.0868,0.078,0.2696,0.7304,0.5426,0.4574,0.3981,0.6016,+151,-151,,,,,,,,No Bet,,No Bet,,No Bet,,No Bet,,No Bet,,No Bet,,No Bet,,No Bet,,No Bet,,,,,,,,,,,,,,nan,,,,,,,,,,,,,,,7,0.09386000000000001,0.027580000000000004,Chicago Bears,New England Patriots,0,0,0,1,0,1,0,0,0,1,0,1,0,4.5,3.5,,,4297.0982633698195,0.660002980173696,0.3331160245206374,0.005543810573282643,0.0006549841656991698,12.532911391790241,1.333806393003244,11.289387395113849,1.4807249279573889,0.006294027898419321,0.003665485809161298,0.0029165987426039985,0.0026272118306786447,0.0003103969961248366,0.00034458716957433324,0.002971799000252978,2.814531320960633,23.82229878690409,,,1769.0,501.0
2026_07_PIT_NO,2026,7,2026-10-25,09:30,Pittsburgh Steelers,New Orleans Saints,Neutral,,,,,7,7,0,0,-4,-4,Stade de France,29.9507,-90.0813,America/Chicago,True,True,7,7,Sunday,-4,-4,AFC North,Acrisure Stadium,40.4468,-80.0158,America/New_York,NFC South,Caesars Superdome,29.9507,-90.0813,America/Chicago,Tampa Bay Buccaneers,New York Giants,Raymond James Stadium,MetLife Stadium,Cleveland Browns,Cleveland Browns,Acrisure Stadium,Caesars Superdome,919,0,-919,919,1.0,0.0,America/New_York,America/New_York,1.0,1.0,1.0,0.0,1.0,0,-0.565,-6.145,-0.565,-6.145,Pittsburgh Steelers,5.58,Pittsburgh Steelers,5.58,-0.565,-6.145,Pittsburgh Steelers,5.58,0.0,0,No,No,No,No,No,0,No,0.59,-4.37,0.538,-4.865,-1.899,-7.324,-1.899,-7.324,-0.7440000000000002,-5.549,-0.796,-6.0440000000000005,Pittsburgh Steelers,5.425,Pittsburgh Steelers,5.425,-1.899,-7.324,Pittsburgh Steelers,5.425,Pittsburgh Steelers,4.96,Pittsburgh Steelers,5.4030000000000005,0.5640000000000001,-4.6175,Pittsburgh Steelers,5.1815,Pittsburgh Steelers,4.805,Pittsburgh Steelers,5.248,-0.7700000000000001,-5.7965,Pittsburgh Steelers,5.0264999999999995,Same,Same,Same,Same,Same,Same,False,Away Team,Away Team,41.833333333333336,115.0,-136.0,Pittsburgh Steelers,New Orleans Saints,2.1666666666666665,-2.1666666666666665,188,-234,188,-234,4.805,-4.805,5.248,-5.248,0.5763,0.4651,0.7006,0.3472,0.7006,0.3472,0.5534,0.4466,0.6686,0.3314,0.6686,0.3314,0.5534,0.4466,0.0534,-0.0534,,,94,7,2026-10-25,PIT @ NO,10.0,60.0,0.0,Historical Avg,False,A.Rodgers,T.Shough,5.25,6.0,13.27,176.2,Medium,-4.0,14.0,45.61,45.0,13.076324950644311,29.0,63.0,0.346,0.6526,0.0952,0.085,0.3854,0.6146,0.6042,0.3958,0.3638,0.6358,+175,-175,,,,,,,,No Bet,,No Bet,,No Bet,,No Bet,,No Bet,,No Bet,,No Bet,,No Bet,,No Bet,,,,,,,,,,,,,,nan,,,,,,,,,,,,,,,7,-0.03626,-0.048249999999999994,Pittsburgh Steelers,New Orleans Saints,0,0,1,0,0,0,0,0,1,0,0,0,0,2.5,2.5,,,4297.0982633698195,0.9327206397286467,0.963840585172048,0.0014502397907261173,0.02462425747275244,2.783132100976477,58.55683341629268,3.4486907852225315,47.25602060664313,0.0038454608471575036,0.013924058114852608,0.0006476770905382839,0.0008025627001878333,0.0136270640854212,0.01099719338733124,0.011799756087519073,105.81285402293582,6.231822886199009,,,1769.0,501.0
2026_07_SF_ATL,2026,7,2026-10-25,13:00,San Francisco 49ers,Atlanta Falcons,Home,,,,,6,7,-1,1,2,3,Mercedes-Benz Stadium,33.7489,-84.388,America/New_York,False,False,7,7,Sunday,2,3,NFC West,Levi's Stadium,37.4031,-121.9702,America/Los_Angeles,NFC South,Mercedes-Benz Stadium,33.7489,-84.388,America/New_York,Washington Commanders,Chicago Bears,Levi's Stadium,Mercedes-Benz Stadium,Las Vegas Raiders,Tampa Bay Buccaneers,Levi's Stadium,Raymond James Stadium,2112,0,-2112,2112,-3.0,0.0,America/Los_Angeles,America/New_York,-3.0,0.0,-3.0,0.0,-3.0,0,3.325,-0.71,3.325,-0.71,San Francisco 49ers,4.035,San Francisco 49ers,4.035,3.325,-0.71,San Francisco 49ers,4.035,-0.44999999999999996,0,No,No,No,No,Yes,0,No,3.57,-0.79,2.606,-0.101,4.2844999999999995,-1.1789999999999998,4.2844999999999995,-1.1789999999999998,4.5295000000000005,-1.259,3.5654999999999997,-0.57,San Francisco 49ers,5.4635,San Francisco 49ers,5.4635,4.2844999999999995,-1.1789999999999998,San Francisco 49ers,5.4635,San Francisco 49ers,4.359999999999999,San Francisco 49ers,2.707,3.088,-0.4455,San Francisco 49ers,3.5335,San Francisco 49ers,5.788500000000001,San Francisco 49ers,4.1354999999999995,4.0475,-0.9144999999999999,San Francisco 49ers,4.962,Same,Same,Same,Same,Same,Same,False,Away Team,Away Team,47.5,185.0,-227.0,San Francisco 49ers,Atlanta Falcons,4.5,-4.5,208,-261,171,-211,5.788500000000001,-5.788500000000001,4.1354999999999995,-4.1354999999999995,0.6942,0.3509,0.723,0.3247,0.6785,0.369,0.6643,0.3357,0.6901,0.3099,0.6477,0.3523,0.6643,0.3357,0.1643,-0.1643,,,95,7,2026-10-25,SF @ ATL,0.0,70.0,0.0,Dome,True,B.Purdy,M.Penix,2.47,3.0,13.12,172.25,Medium,-7.0,11.0,55.56,55.0,13.641172606415315,39.0,73.0,0.4106,0.5892,0.0994,0.0918,0.5354,0.4646,0.7056,0.2944,0.3521,0.6478,+184,-184,,,,,,,,No Bet,,No Bet,,No Bet,,No Bet,,No Bet,,No Bet,,No Bet,,No Bet,,No Bet,,,,,,,,,,,,,,nan,,,,,,,,,,,,,,,7,0.061029999999999994,-0.09771999999999999,San Francisco 49ers,Atlanta Falcons,0,0,0,0,0,0,0,0,0,0,0,0,0,4.0,2.0,,,4297.0982633698195,0.9967911263467257,0.35523308412387405,0.00011776549270711051,0.038237624237231795,0.1698809494818039,109.151683508862,0.3361689447148118,55.15914519633445,0.0014013083140989068,0.06614074963133489,3.9533875901777e-05,7.823161680533351e-05,0.02540125378079308,0.012836370456438713,0.012914602073244047,164.31082870519646,0.5060498941966157,,,1769.0,501.0
2026_07_CIN_BAL,2026,7,2026-10-25,13:00,Cincinnati Bengals,Baltimore Ravens,Home,,,,,14,7,7,-7,7,-6,M&T Bank Stadium,39.2789,-76.6228,America/New_York,False,False,7,7,Sunday,7,-6,AFC North,Paycor Stadium,39.0955,-84.5165,America/New_York,AFC North,M&T Bank Stadium,39.2789,-76.6228,America/New_York,Miami Dolphins,Cleveland Browns,Hard Rock Stadium,FirstEnergy Stadium,Tennessee Titans,Buffalo Bills,Paycor Stadium,Highmark Stadium,422,0,-422,422,0.0,0.0,America/New_York,America/New_York,0.0,0.0,0.0,0.0,0.0,0,1.31,6.69,1.31,6.69,Baltimore Ravens,5.380000000000001,Baltimore Ravens,5.380000000000001,1.31,6.69,Baltimore Ravens,5.380000000000001,0.0,0,No,No,No,No,No,1,No,-0.04,5.1,-0.609,2.881,0.6509,5.9821,0.6509,5.9821,-0.7015,4.3945,-1.287,2.192,Baltimore Ravens,5.3312,Baltimore Ravens,5.3312,0.6509,5.9821,Baltimore Ravens,5.3312,Baltimore Ravens,5.14,Baltimore Ravens,3.4899999999999998,-0.3245,3.9905,Baltimore Ravens,4.3149999999999995,Baltimore Ravens,5.096,Baltimore Ravens,3.479,-0.99425,3.29325,Baltimore Ravens,4.2875,Same,Same,Same,Same,Same,Same,False,Home Team,Home Team,52.0,-185.0,154.0,Baltimore Ravens,Cincinnati Bengals,-3.5,3.5,-234,188,-191,156,-5.096,5.096,-3.479,3.479,0.3937,0.6491,0.3472,0.7006,0.3906,0.6564,0.3775,0.6225,0.3314,0.6686,0.3731,0.6269,0.3775,0.6225,-0.1225,0.1225,,,96,7,2026-10-25,CIN @ BAL,10.0,60.0,0.0,Historical Avg,False,J.Burrow,L.Jackson,-6.8,-7.0,13.63,185.73,Med-High,-16.0,3.0,56.32,56.0,13.825557668642874,39.0,74.0,0.6904,0.309,0.0774,0.0744,0.62,0.38,0.5986,0.384,0.6521,0.3477,-187,+188,,,,,,,,No Bet,,No Bet,,No Bet,,No Bet,,No Bet,,No Bet,,No Bet,,No Bet,,No Bet,,,,,,,,,,,,,,nan,,,,,,,,,,,,,,,7,0.12227272727272727,0.09888000000000001,Baltimore Ravens,Cincinnati Bengals,0,0,0,0,0,0,0,0,0,0,0,0,1,5.0,4.5,,,4297.0982633698195,0.6762143402667923,0.8533772557786266,0.03768229878368381,0.00010665531405706769,100.7980265628111,0.17301140771720505,61.12651410033925,0.2852969570965832,0.041335159287437334,0.002107203594623246,0.02345723099284317,0.014225067790840637,4.026238105654305e-05,6.639293300052464e-05,0.014291460723841161,0.4583083648137883,161.92454066315037,,,1769.0,501.0
2026_07_TB_CAR,2026,7,2026-10-25,13:00,Tampa Bay Buccaneers,Carolina Panthers,Home,,,,,7,7,0,0,0,7,Bank of America Stadium,35.2258,-80.8528,America/New_York,False,False,7,7,Sunday,0,7,NFC South,Raymond James Stadium,27.9759,-82.5033,America/New_York,NFC South,Bank of America Stadium,35.2258,-80.8528,America/New_York,Pittsburgh Steelers,Philadelphia Eagles,Raymond James Stadium,Lincoln Financial Field,Atlanta Falcons,Green Bay Packers,Raymond James Stadium,Lambeau Field,510,0,-510,510,0.0,0.0,America/New_York,America/New_York,0.0,0.0,0.0,0.0,0.0,0,1.025,-5.25,1.025,-5.25,Tampa Bay Buccaneers,6.275,Tampa Bay Buccaneers,6.275,1.025,-5.25,Tampa Bay Buccaneers,6.275,0.0,0,No,No,No,No,No,1,No,-1.4,-3.79,-2.096,-4.367,2.7975499999999998,-6.40955,2.7975499999999998,-6.40955,0.41140000000000015,-4.9883999999999995,-0.28341000000000005,-5.56659,Tampa Bay Buccaneers,9.2071,Tampa Bay Buccaneers,9.2071,2.7975499999999998,-6.40955,Tampa Bay Buccaneers,9.2071,Tampa Bay Buccaneers,2.39,Tampa Bay Buccaneers,2.271,-1.748,-4.0785,Tampa Bay Buccaneers,2.3305,Tampa Bay Buccaneers,5.3998,Tampa Bay Buccaneers,5.28318,0.06399500000000005,-5.277495,Tampa Bay Buccaneers,5.34149,Same,Same,Same,Same,Same,Same,False,Away Team,Away Team,45.5,105.0,-125.0,Tampa Bay Buccaneers,Carolina Panthers,1.5,-1.5,195,-244,195,-244,5.3998,-5.3998,5.28318,-5.28318,0.5556,0.4878,0.7093,0.339,0.7093,0.339,0.5325,0.4675,0.6766,0.3234,0.6766,0.3234,0.5325,0.4675,0.0325,-0.0325,,,97,7,2026-10-25,TB @ CAR,6.0,68.0,0.0,Historical Avg,False,B.Mayfield,B.Young,6.17,7.0,13.63,185.7,Med-High,-3.0,16.0,50.54,50.0,13.485395416446178,33.0,68.0,0.3234,0.6748,0.0866,0.0782,0.3496,0.6504,0.6372,0.3628,0.3594,0.6401,+178,-178,,,,,,,,No Bet,,No Bet,,No Bet,,No Bet,,No Bet,,No Bet,,No Bet,,No Bet,,No Bet,,,,,,,,,,,,,,nan,,,,,,,,,,,,,,,7,-0.02157,-0.09433636363636365,Tampa Bay Buccaneers,Carolina Panthers,0,0,0,0,0,0,0,0,0,0,0,0,1,3.0,2.0,,,4297.0982633698195,0.9975772548295936,0.9392842867480877,0.0023088340623834713,0.012010766773588798,4.638201597642545,27.483094486211346,5.283085242234555,24.128350558317006,0.006641934853756814,0.009270018104849821,0.001079379924164273,0.0012294541382191983,0.0063957333069360345,0.0056150334666527635,0.006844487604871961,51.61144504452835,9.9212868398771,,,1769.0,501.0
2026_07_NYG_HOU,2026,7,2026-10-25,13:00,New York Giants,Houston Texans,Home,,,,,7,7,0,0,-4,0,NRG Stadium,29.6847,-95.4093,America/Chicago,False,False,7,7,Sunday,-4,0,NFC East,MetLife Stadium,40.8136,-74.0744,America/New_York,AFC South,NRG Stadium,29.6847,-95.4093,America/Chicago,New Orleans Saints,Jacksonville Jaguars,MetLife Stadium,Wembley Stadium,Philadelphia Eagles,Los Angeles Chargers,Lincoln Financial Field,SoFi Stadium,1421,0,-1421,1421,1.0,0.0,America/New_York,America/New_York,1.0,1.0,1.0,0.0,1.0,0,-2.84,0.035,-2.84,0.035,Houston Texans,2.875,Houston Texans,2.875,-2.84,0.035,Houston Texans,2.875,0.0,0,No,No,No,No,No,0,No,-3.53,2.96,-5.014,5.008,-1.9229999999999998,-0.2085,-1.9229999999999998,-0.2085,-2.6129999999999995,2.7165,-4.097,4.7645,Houston Texans,1.7145,Houston Texans,1.7145,-1.9229999999999998,-0.2085,Houston Texans,1.7145,Houston Texans,6.49,Houston Texans,10.022,-4.272,3.984,Houston Texans,8.256,Houston Texans,5.3294999999999995,Houston Texans,8.8615,-3.355,3.7405,Houston Texans,7.0954999999999995,Same,Same,Same,Same,Same,Same,False,Home Team,Home Team,43.5,-244.0,200.0,Houston Texans,New York Giants,-5.5,5.5,-244,195,-416,314,-5.3294999999999995,5.3294999999999995,-8.8615,8.8615,0.3333,0.7093,0.339,0.7093,0.2415,0.8062,0.3197,0.6803,0.3234,0.6766,0.2305,0.7695,0.3197,0.6803,-0.1803,0.1803,,,98,7,2026-10-25,NYG @ HOU,0.0,70.0,0.0,Dome,True,J.Dart,C.Stroud,-10.34,-10.0,12.84,164.99,Med-Low,-19.0,-3.0,44.85,44.0,12.558742124940386,29.0,61.0,0.7918,0.2076,0.06,0.0642,0.6772,0.3228,0.5178,0.4822,0.7295,0.2703,-270,+270,,,,,,,,No Bet,,No Bet,,No Bet,,No Bet,,No Bet,,No Bet,,No Bet,,No Bet,,No Bet,,,,,,,,,,,,,,nan,,,,,,,,,,,,,,,7,-0.08198,0.05354,Houston Texans,New York Giants,0,0,0,0,0,0,0,1,0,0,0,1,0,2.0,4.0,,,4297.0982633698195,0.9599917257579241,0.7942995128437046,0.1304072595469259,2.9834513844578143e-05,381.2216216428995,0.040986127490317256,179.15118688701304,0.08721571013970232,0.169776530909175,0.0011226401206668082,0.08871605866977368,0.04169120087715221,9.538094076111632e-06,2.029641976846651e-05,0.041711497296920676,0.12820183763001958,560.3728085299126,,,1769.0,501.0
2026_07_IND_MIN,2026,7,2026-10-25,13:00,Indianapolis Colts,Minnesota Vikings,Home,,,,,7,14,-7,7,-9,8,U.S. Bank Stadium,44.9738,-93.2575,America/Chicago,False,False,7,7,Sunday,-9,8,AFC South,Lucas Oil Stadium,39.7601,-86.1638,America/Indiana/Indianapolis,NFC North,U.S. Bank Stadium,44.9738,-93.2575,America/Chicago,Tennessee Titans,New Orleans Saints,Lucas Oil Stadium,Caesars Superdome,Jacksonville Jaguars,Detroit Lions,TIAA Bank Field,Ford Field,510,0,-510,510,1.0,0.0,America/Indiana/Indianapolis,America/Chicago,1.0,0.0,1.0,0.0,1.0,0,-2.265,0.27,-2.265,0.27,Minnesota Vikings,2.535,Minnesota Vikings,2.535,-2.265,0.27,Minnesota Vikings,2.535,0.0,0,No,No,No,No,No,0,No,0.93,-0.75,0.288,2.721,-2.5035,-0.21499999999999986,-2.5035,-0.21499999999999986,0.6915,-1.2349999999999999,0.04949999999999988,2.2359999999999998,Minnesota Vikings,2.2885,Minnesota Vikings,2.2885,-2.5035,-0.21499999999999986,Minnesota Vikings,2.2885,Indianapolis Colts,1.6800000000000002,Minnesota Vikings,2.4330000000000003,0.609,0.9855,Minnesota Vikings,0.37650000000000006,Indianapolis Colts,1.9264999999999999,Minnesota Vikings,2.1864999999999997,0.37049999999999994,0.5005,Minnesota Vikings,0.13,Different,Same,Different,Same,Same,Same,False,Away Team,Home Team,47.0,-143.0,120.0,Minnesota Vikings,Indianapolis Colts,-2.75,2.75,108,-131,-131,108,1.9264999999999999,-1.9264999999999999,-2.1864999999999997,2.1864999999999997,0.4545,0.5885,0.5671,0.4808,0.4808,0.5671,0.4358,0.5642,0.5412,0.4588,0.4588,0.5412,0.4358,0.5642,-0.0642,0.0642,,,99,7,2026-10-25,IND @ MIN,0.0,70.0,0.0,Dome,True,D.Jones,K.Murray,-5.05,-6.0,13.44,180.75,Med-High,-14.0,5.0,52.7,53.0,13.387097942357173,36.0,70.0,0.6444,0.3554,0.0876,0.0776,0.6096,0.3904,0.6394,0.327,0.5522,0.4478,-123,+123,,,,,,,,No Bet,,No Bet,,No Bet,,No Bet,,No Bet,,No Bet,,No Bet,,No Bet,,No Bet,,,,,,,,,,,,,,nan,,,,,,,,,,,,,,,7,-0.019390000000000004,-0.02582727272727272,Minnesota Vikings,Indianapolis Colts,0,0,0,0,0,0,0,0,0,0,0,0,0,3.0,3.0,,,4297.0982633698195,0.697126889429436,0.9375501398244988,0.02131026719151051,0.0012923858799321242,51.665098509718995,2.420219274609311,39.90721363086766,3.133289845650696,0.026243019110294207,0.002296732116131173,0.012023252749450231,0.009287014442060279,0.0005632217664744198,0.0007291641134577044,0.010016178555517983,5.553509120260007,91.57231214058665,,,1769.0,501.0
2026_07_MIA_NYJ,2026,7,2026-10-25,13:00,Miami Dolphins,New York Jets,Home,,,,,14,7,7,-7,4,-12,MetLife Stadium,40.8136,-74.0744,America/New_York,False,False,7,7,Sunday,4,-12,AFC East,Hard Rock Stadium,25.9602,-80.2384,America/New_York,AFC East,MetLife Stadium,40.8136,-74.0744,America/New_York,Cincinnati Bengals,New England Patriots,Hard Rock Stadium,Gillette Stadium,New England Patriots,Las Vegas Raiders,Hard Rock Stadium,MetLife Stadium,1085,0,-1085,1085,0.0,0.0,America/New_York,America/New_York,0.0,0.0,0.0,0.0,0.0,0,0.66,-3.725,0.66,-3.725,Miami Dolphins,4.385,Miami Dolphins,4.385,0.66,-3.725,Miami Dolphins,4.385,0.0,0,No,No,No,No,No,1,No,-5.46,-9.26,-3.956,-6.95,0.18861499999999992,-3.9161149999999996,0.18861499999999992,-3.9161149999999996,-5.925535,-9.456965,-4.413475,-7.155025000000001,Miami Dolphins,4.104729999999999,Miami Dolphins,4.104729999999999,0.18861499999999992,-3.9161149999999996,Miami Dolphins,4.104729999999999,Miami Dolphins,3.8,Miami Dolphins,2.994,-4.708,-8.105,Miami Dolphins,3.3970000000000002,Miami Dolphins,3.5314300000000003,Miami Dolphins,2.741550000000001,-5.169505,-8.305995000000001,Miami Dolphins,3.136490000000001,Same,Same,Same,Same,Same,Same,False,Away Team,Away Team,41.5,-143.0,120.0,New York Jets,Miami Dolphins,-2.5,2.5,156,-191,117,-142,3.5314300000000003,-3.5314300000000003,2.741550000000001,-2.741550000000001,0.4545,0.5885,0.6564,0.3906,0.5868,0.4608,0.4358,0.5642,0.6269,0.3731,0.5601,0.4399,0.4358,0.5642,-0.0642,0.0642,,,100,7,2026-10-25,MIA @ NYJ,12.0,62.0,0.0,Historical Avg,False,M.Willis,G.Smith,3.06,4.0,13.27,176.19,Medium,-7.0,13.0,42.41,42.0,12.497158510404148,27.0,58.0,0.3964,0.6022,0.083,0.089,0.364,0.636,0.5092,0.4908,0.4434,0.5562,+126,-125,,,,,,,,No Bet,,No Bet,,No Bet,,No Bet,,No Bet,,No Bet,,No Bet,,No Bet,,No Bet,,,,,,,,,,,,,,nan,,,,,,,,,,,,,,,7,-0.23705454545454543,-0.15985,New York Jets,Miami Dolphins,0,0,0,0,0,0,0,0,0,0,0,0,1,0.0,1.0,,,4297.0982633698195,0.9889141748692816,0.9993342485563936,0.05450129849647832,0.0029621800225772647,132.1341928950522,5.547201727305054,102.06324222556493,7.181576903500484,0.053713142215553886,0.003176587356724324,0.03074963261171307,0.02375166588476525,0.0012909180538391721,0.0016712619687380926,0.025422927853503342,12.728778630805538,234.19743512061714,,,1769.0,501.0
2026_07_CLE_TEN,2026,7,2026-10-25,13:00,Cleveland Browns,Tennessee Titans,Home,,,,,7,7,0,0,3,1,Nissan Stadium,36.1664,-86.7716,America/Chicago,False,False,7,7,Sunday,3,1,AFC North,FirstEnergy Stadium,41.5061,-81.6994,America/New_York,AFC South,Nissan Stadium,36.1664,-86.7716,America/Chicago,Baltimore Ravens,Indianapolis Colts,FirstEnergy Stadium,Lucas Oil Stadium,Pittsburgh Steelers,Cincinnati Bengals,Acrisure Stadium,Paycor Stadium,458,0,-458,458,1.0,0.0,America/New_York,America/Indiana/Indianapolis,1.0,1.0,1.0,0.0,1.0,0,-4.705,-4.36,-4.705,-4.36,Tennessee Titans,0.34499999999999975,Tennessee Titans,0.34499999999999975,-4.705,-4.36,Tennessee Titans,0.34499999999999975,0.0,0,No,No,No,No,No,0,No,-6.94,-8.19,-7.475,-8.36,-4.6235,-5.976000000000001,-4.6235,-5.976000000000001,-6.8585,-9.806,-7.3934999999999995,-9.975999999999999,Cleveland Browns,1.352500000000001,Cleveland Browns,1.352500000000001,-4.6235,-5.976000000000001,Cleveland Browns,1.352500000000001,Cleveland Browns,1.2499999999999991,Cleveland Browns,0.8849999999999998,-7.2075,-8.274999999999999,Cleveland Browns,1.067499999999999,Cleveland Browns,2.947499999999999,Cleveland Browns,2.5824999999999996,-7.1259999999999994,-9.890999999999998,Cleveland Browns,2.764999999999999,Different,Different,Same,Same,Same,Same,False,Away Team,Away Team,40.5,-135.0,114.0,Tennessee Titans,Cleveland Browns,-2.5,2.5,135,-164,117,-142,2.947499999999999,-2.947499999999999,2.5824999999999996,-2.5824999999999996,0.4673,0.5745,0.6212,0.4255,0.5868,0.4608,0.4486,0.5514,0.5935,0.4065,0.5601,0.4399,0.4486,0.5514,-0.0514,0.0514,,,101,7,2026-10-25,CLE @ TEN,8.0,68.0,0.0,Historical Avg,False,S.Sanders,C.Ward,0.15,1.0,13.17,173.38,Medium,-10.0,10.0,39.08,39.0,12.062391587830485,24.0,54.0,0.4858,0.513,0.0998,0.0886,0.4534,0.5466,0.4312,0.5688,0.4709,0.5288,+112,-112,,,,,,,,No Bet,,No Bet,,No Bet,,No Bet,,No Bet,,No Bet,,No Bet,,No Bet,,No Bet,,,,,,,,,,,,,,nan,,,,,,,,,,,,,,,7,-0.13111,-0.12302999999999997,Tennessee Titans,Cleveland Browns,0,0,0,0,0,0,0,0,0,0,0,0,0,1.5,1.5,,,4297.0982633698195,0.9946066563930063,0.9971695833188331,0.03913911918768081,0.0030962756453179864,92.73701109769186,5.96862331330681,75.44762999351572,7.336377385103377,0.0217223546580846,0.004914367905965969,0.0215813103200872,0.01755780886759361,0.0013889892544896487,0.0017072863908283377,0.019265095258421946,13.305000698410186,168.1846410912076,,,1769.0,501.0
2026_07_DEN_ARI,2026,7,2026-10-25,16:05,Denver Broncos,Arizona Cardinals,Home,,,,,10,7,3,-3,3,-6,State Farm Stadium,33.5277,-112.262608,America/Denver,False,False,7,7,Sunday,3,-6,AFC West,Empower Field at Mile High,39.7648,-105.0076,America/Denver,NFC West,State Farm Stadium,33.5277,-112.262608,America/Denver,Seattle Seahawks,Los Angeles Rams,Empower Field at Mile High,SoFi Stadium,Kansas City Chiefs,Dallas Cowboys,Empower Field at Mile High,AT&T Stadium,589,0,-589,589,0.0,0.0,America/Denver,America/Los_Angeles,0.0,-1.0,0.0,0.0,0.0,0,2.05,0.075,2.05,0.075,Denver Broncos,1.9749999999999999,Denver Broncos,1.9749999999999999,2.05,0.075,Denver Broncos,1.9749999999999999,0.0,0,No,No,No,No,No,0,No,-0.48,-4.4,3.499,-3.837,3.0054999999999996,-1.3675,3.0054999999999996,-1.3675,0.47550000000000003,-5.842499999999999,4.4545,-5.2795000000000005,Denver Broncos,4.372999999999999,Denver Broncos,4.372999999999999,3.0054999999999996,-1.3675,Denver Broncos,4.372999999999999,Denver Broncos,3.9200000000000004,Denver Broncos,7.336,1.5095,-4.1185,Denver Broncos,5.628,Denver Broncos,6.318,Denver Broncos,9.734000000000002,2.4650000000000003,-5.561,Denver Broncos,8.026,Same,Same,Same,Same,Same,Same,False,Away Team,Away Team,43.5,285.0,-357.0,Denver Broncos,Arizona Cardinals,7.5,-7.5,224,-282,327,-436,6.318,-6.318,9.734000000000002,-9.734000000000002,0.7812,0.2597,0.7382,0.3086,0.8134,0.2342,0.7505,0.2495,0.7052,0.2948,0.7765,0.2235,0.7505,0.2495,0.2505,-0.2505,,,102,7,2026-10-25,DEN @ ARI,0.0,70.0,0.0,Dome,True,B.Nix,J.Brissett,9.98,10.0,12.8,163.78,Med-Low,3.0,19.0,43.14,43.0,12.65566805612368,27.0,60.0,0.22,0.7794,0.081,0.0712,0.4172,0.5828,0.465,0.535,0.247,0.7529,+305,-305,,,,,,,,No Bet,,No Bet,,No Bet,,No Bet,,No Bet,,No Bet,,No Bet,,No Bet,,No Bet,,,,,,,,,,,,,,nan,,,,,,,,,,,,,,,7,0.09415000000000001,-0.21950000000000003,Denver Broncos,Arizona Cardinals,1,0,0,0,0,0,1,0,1,0,1,0,0,4.5,0.0,,,4297.0982633698195,0.9997168608404379,0.9944389718207105,0.00011210294322095337,0.40590831953426176,0.12018848197703436,1309.0430651860074,0.36152888065636984,435.1848697720306,0.000273674466877549,0.3325614691713228,2.7969684333627867e-05,8.41332588873255e-05,0.3046341938104634,0.10127412572379835,0.10135825898268568,1744.227934958038,0.4817173626334042,,,1769.0,501.0
2026_07_GB_DET,2026,7,2026-10-25,16:25,Green Bay Packers,Detroit Lions,Home,,,,,7,14,-7,7,-7,10,Ford Field,42.3395,-83.045,America/Detroit,False,False,7,7,Sunday,-7,10,NFC North,Lambeau Field,44.5013,-88.0622,America/Chicago,NFC North,Ford Field,42.3395,-83.045,America/Detroit,Dallas Cowboys,Arizona Cardinals,Lambeau Field,State Farm Stadium,Carolina Panthers,Minnesota Vikings,Lambeau Field,Ford Field,292,0,-292,292,-1.0,0.0,America/Chicago,America/Denver,-1.0,-2.0,-1.0,0.0,-1.0,0,3.535,4.305,3.535,4.305,Detroit Lions,0.7699999999999996,Detroit Lions,0.7699999999999996,3.535,4.305,Detroit Lions,0.7699999999999996,0.0,0,No,No,No,No,No,1,No,5.09,3.98,2.933,3.658,2.317505,4.473995,2.317505,4.473995,3.8537049999999997,4.167795,1.7150549999999998,3.8274449999999995,Detroit Lions,2.1564900000000002,Detroit Lions,2.1564900000000002,2.317505,4.473995,Detroit Lions,2.1564900000000002,Green Bay Packers,1.1099999999999999,Detroit Lions,0.7250000000000001,4.0115,3.819,Green Bay Packers,0.1924999999999999,Detroit Lions,0.3140900000000002,Detroit Lions,2.1123899999999995,2.7843799999999996,3.9976199999999995,Detroit Lions,1.2132399999999999,Different,Same,Same,Same,Different,Same,False,Home Team,Home Team,50.5,-143.0,120.0,Detroit Lions,Green Bay Packers,-2.5,2.5,-116,-104,-131,108,-0.3140900000000002,0.3140900000000002,-2.1123899999999995,2.1123899999999995,0.4545,0.5885,0.5098,0.537,0.4808,0.5671,0.4358,0.5642,0.487,0.513,0.4588,0.5412,0.4358,0.5642,-0.0642,0.0642,,,103,7,2026-10-25,GB @ DET,0.0,70.0,0.0,Dome,True,J.Love,J.Goff,3.91,5.0,12.92,166.83,Med-Low,-5.0,13.0,58.39,58.0,14.833244603561752,40.0,78.0,0.372,0.627,0.103,0.0932,0.3306,0.6694,0.6894,0.3106,0.4976,0.5022,+101,-101,,,,,,,,No Bet,,No Bet,,No Bet,,No Bet,,No Bet,,No Bet,,No Bet,,No Bet,,No Bet,,,,,,,,,,,,,,nan,,,,,,,,,,,,,,,7,0.0831,0.09633636363636362,Detroit Lions,Green Bay Packers,0,1,1,0,0,0,1,0,1,1,1,0,1,4.5,4.5,,,4297.0982633698195,0.4831164691514672,0.7624421562229355,0.007414940696053718,0.0002907226700848104,17.976951582191088,0.5444291992280939,13.885777205811547,0.7048346815155818,0.024077959000809328,0.002532084774682049,0.004183509540713508,0.00323143115534021,0.00012669693962296037,0.00016402573046185,0.00339545688580206,1.2492638807436756,31.862728788002634,,,1769.0,501.0
2026_07_LA_LV,2026,7,2026-10-25,16:25,Los Angeles Rams,Las Vegas Raiders,Home,,,,,7,7,0,0,2,1,Allegiant Stadium,36.108,-115.1578,America/Los_Angeles,False,False,7,7,Sunday,2,1,NFC West,SoFi Stadium,33.9535,-118.3395,America/Los_Angeles,AFC West,Allegiant Stadium,36.108,-115.1578,America/Los_Angeles,Arizona Cardinals,Buffalo Bills,SoFi Stadium,Allegiant Stadium,Los Angeles Chargers,New York Jets,SoFi Stadium,MetLife Stadium,233,0,-233,233,0.0,0.0,America/Los_Angeles,America/Los_Angeles,0.0,0.0,0.0,0.0,0.0,0,1.29,-2.35,1.29,-2.35,Los Angeles Rams,3.64,Los Angeles Rams,3.64,1.29,-2.35,Los Angeles Rams,3.64,0.0,0,No,No,No,No,No,0,No,8.12,-8.15,7.087,-7.588,2.1020000000000003,-2.2715,2.1020000000000003,-2.2715,8.931999999999999,-8.0715,7.898999999999999,-7.5095,Los Angeles Rams,4.3735,Los Angeles Rams,4.3735,2.1020000000000003,-2.2715,Los Angeles Rams,4.3735,Los Angeles Rams,16.27,Los Angeles Rams,14.675,7.6034999999999995,-7.869,Los Angeles Rams,15.4725,Los Angeles Rams,17.0035,Los Angeles Rams,15.4085,8.415499999999998,-7.7905,Los Angeles Rams,16.205999999999996,Same,Same,Same,Same,Same,Same,False,Away Team,Away Team,46.5,275.0,-345.0,Los Angeles Rams,Las Vegas Raiders,7.5,-7.5,769,-1381,702,-1197,17.0035,-17.0035,15.4085,-15.4085,0.7753,0.2667,0.9325,0.1151,0.9229,0.1247,0.7441,0.2559,0.8901,0.1099,0.881,0.119,0.7441,0.2559,0.2441,-0.2441,,,104,7,2026-10-25,LA @ LV,0.0,70.0,0.0,Dome,True,M.Stafford,K.Cousins,13.73,13.0,12.65,160.03,Med-Low,6.0,22.0,48.62,48.0,12.90157300321133,32.0,65.0,0.1392,0.86,0.0562,0.0564,0.3098,0.6902,0.5584,0.4416,0.156,0.8438,+541,-540,,,,,,,,No Bet,,No Bet,,No Bet,,No Bet,,No Bet,,No Bet,,No Bet,,No Bet,,No Bet,,,,,,,,,,,,,,nan,,,,,,,,,,,,,,,7,0.13468999999999998,-0.13196,Los Angeles Rams,Las Vegas Raiders,1,0,0,0,0,0,0,0,1,0,0,0,0,5.0,1.5,,,4297.0982633698195,0.9501151859831678,0.4298643731704017,1.954769151912247e-05,0.1776589764580959,0.02149517809247782,568.0593927402678,0.0625031731872323,195.35868646987572,0.000306474626153713,0.14236404669204877,5.0022542597434405e-06,1.4545437259379028e-05,0.13219604438246915,0.04546293207562674,0.04547747751288612,763.4180792101434,0.08399835127971012,,,1769.0,501.0
2026_07_KC_SEA,2026,7,2026-10-25,20:20,Kansas City Chiefs,Seattle Seahawks,Home,,,,,7,10,-3,3,3,7,Lumen Field,47.5952,-122.3316,America/Los_Angeles,False,False,7,7,Sunday,3,7,AFC West,GEHA Field at Arrowhead Stadium,39.0489,-94.4839,America/Chicago,NFC West,Lumen Field,47.5952,-122.3316,America/Los_Angeles,Los Angeles Chargers,Denver Broncos,GEHA Field at Arrowhead Stadium,Empower Field at Mile High,Denver Broncos,Chicago Bears,Empower Field at Mile High,Lumen Field,1508,0,-1508,1508,2.0,0.0,America/Chicago,America/Denver,2.0,1.0,2.0,0.0,2.0,0,4.395,-0.13,4.395,-0.13,Kansas City Chiefs,4.5249999999999995,Kansas City Chiefs,4.5249999999999995,4.395,-0.13,Kansas City Chiefs,4.5249999999999995,-0.15,0,No,No,No,No,No,0,No,-2.17,10.42,0.625,10.022,6.5085,0.47300000000000003,6.5085,0.47300000000000003,-0.05650000000000022,11.023,2.7385,10.625,Kansas City Chiefs,6.0355,Kansas City Chiefs,6.0355,6.5085,0.47300000000000003,Kansas City Chiefs,6.0355,Seattle Seahawks,12.59,Seattle Seahawks,9.397,-0.7725,10.221,Seattle Seahawks,10.993500000000001,Seattle Seahawks,11.0795,Seattle Seahawks,7.8865,1.341,10.824,Seattle Seahawks,9.483,Different,Different,Different,Different,Same,Same,False,Home Team,Home Team,45.5,-175.0,145.0,Seattle Seahawks,Kansas City Chiefs,-3.0,3.0,-567,406,-366,282,-11.0795,11.0795,-7.8865,7.8865,0.4082,0.6364,0.1976,0.8501,0.2618,0.7854,0.3908,0.6092,0.1886,0.8114,0.25,0.75,0.3908,0.6092,-0.1092,0.1092,,,105,7,2026-10-25,KC @ SEA,10.0,55.0,0.0,Historical Avg,False,P.Mahomes,S.Darnold,-9.36,-10.0,12.39,153.55,Low,-18.0,-2.0,45.61,45.0,12.869688579636547,29.0,62.0,0.7784,0.221,0.0826,0.0742,0.6906,0.2598,0.4958,0.5042,0.7372,0.2626,-281,+281,,,,,,,,No Bet,,No Bet,,No Bet,,No Bet,,No Bet,,No Bet,,No Bet,,No Bet,,No Bet,,,,,,,,,,,,,,nan,,,,,,,,,,,,,,,7,0.08025454545454548,0.12553,Seattle Seahawks,Kansas City Chiefs,0,0,1,0,0,0,0,1,1,0,0,1,0,4.5,5.0,,,4297.0982633698195,0.7856484589528864,0.6661179960728483,0.018994970446124377,0.00033694760252321116,49.724886651635835,0.565838131049274,31.898367865166268,0.8820588265998408,0.020324451613798502,0.0014019292680118563,0.01157173599577897,0.007423234450345408,0.00013167912306607092,0.00020526847945714024,0.007628502929802548,1.447896957649115,81.6232545168021,,,1769.0,501.0
2026_07_DAL_PHI,2026,7,2026-10-26,20:15,Dallas Cowboys,Philadelphia Eagles,Home,,,,,8,8,0,0,3,-8,Lincoln Financial Field,39.9008,-75.1675,America/New_York,False,True,7,7,Monday,3,-8,NFC East,AT&T Stadium,32.7369,-97.0826,America/Chicago,NFC East,Lincoln Financial Field,39.9008,-75.1675,America/New_York,Green Bay Packers,Carolina Panthers,Lambeau Field,Lincoln Financial Field,Arizona Cardinals,Washington Commanders,AT&T Stadium,FedExField,1311,0,-1311,1311,-1.0,0.0,America/Chicago,America/New_York,-1.0,0.0,-1.0,0.0,-1.0,0,-0.615,4.905,-0.615,4.905,Philadelphia Eagles,5.5200000000000005,Philadelphia Eagles,5.5200000000000005,-0.615,4.905,Philadelphia Eagles,5.5200000000000005,0.0,0,No,No,No,No,No,1,No,-1.01,5.52,-3.616,3.682,-0.4659299999999999,5.81293,-0.4659299999999999,5.81293,-0.85083,6.4178299999999995,-3.4491500000000004,4.57215,Philadelphia Eagles,6.27886,Philadelphia Eagles,6.27886,-0.4659299999999999,5.81293,Philadelphia Eagles,6.27886,Philadelphia Eagles,6.529999999999999,Philadelphia Eagles,7.298,-2.313,4.601,Philadelphia Eagles,6.914,Philadelphia Eagles,7.26866,Philadelphia Eagles,8.0213,-2.1499900000000003,5.49499,Philadelphia Eagles,7.64498,Same,Same,Same,Same,Same,Same,False,Home Team,Home Team,48.5,-161.0,136.0,Philadelphia Eagles,Dallas Cowboys,-3.0,3.0,-346,268,-366,282,-7.26866,7.26866,-8.0213,8.0213,0.4237,0.6169,0.2717,0.7758,0.2618,0.7854,0.4072,0.5928,0.2594,0.7406,0.25,0.75,0.4072,0.5928,-0.0928,0.0928,,,106,7,2026-10-26,DAL @ PHI,12.0,64.0,0.0,Historical Avg,False,D.Prescott,J.Hurts,-9.64,-10.0,13.08,171.06,Medium,-18.0,-1.0,54.25,54.0,13.432225362002944,37.0,72.0,0.7672,0.2328,0.0664,0.0712,0.6982,0.2634,0.6636,0.3364,0.7126,0.2874,-248,+248,,,,,,,,No Bet,,No Bet,,No Bet,,No Bet,,No Bet,,No Bet,,No Bet,,No Bet,,No Bet,,,,,,,,,,,,,,nan,,,,,,,,,,,,,,,7,0.052559999999999996,0.09257,Philadelphia Eagles,Dallas Cowboys,1,0,0,1,0,1,0,0,1,1,0,1,1,4.0,4.5,,,4297.0982633698195,0.830408906666234,0.9205334258374408,0.01360809111264144,0.0001795236950951289,34.66416061899293,0.31412668627147905,23.811144068916875,0.4573042721555323,0.036271776765933225,0.0022953527720746053,0.008066876411573845,0.0055412147010675955,7.310204864273649e-05,0.0001064216464523924,0.005647636347519988,0.7714309584270114,58.47530468790981,,,1769.0,501.0
2026_08_CAR_GB,2026,8,2026-10-29,20:15,Carolina Panthers,Green Bay Packers,Home,,,,,4,4,0,0,7,-7,Lambeau Field,44.5013,-88.0622,America/Chicago,False,False,8,8,Thursday,7,-7,NFC South,Bank of America Stadium,35.2258,-80.8528,America/New_York,NFC North,Lambeau Field,44.5013,-88.0622,America/Chicago,Tampa Bay Buccaneers,Detroit Lions,Bank of America Stadium,Ford Field,Denver Broncos,New England Patriots,Bank of America Stadium,Gillette Stadium,745,0,-745,745,1.0,0.0,America/New_York,America/Detroit,1.0,1.0,1.0,0.0,1.0,0,-5.25,3.535,-5.25,3.535,Green Bay Packers,8.785,Green Bay Packers,8.785,-5.25,3.535,Green Bay Packers,8.785,0.0,0,No,No,No,No,No,0,No,-3.79,5.09,-4.367,2.933,-3.2215000000000003,3.4745,-3.2215000000000003,3.4745,-1.7614999999999998,5.0295000000000005,-2.3385,2.8724999999999996,Green Bay Packers,6.696,Green Bay Packers,6.696,-3.2215000000000003,3.4745,Green Bay Packers,6.696,Green Bay Packers,8.879999999999999,Green Bay Packers,7.3,-4.0785,4.0115,Green Bay Packers,8.09,Green Bay Packers,6.791,Green Bay Packers,5.210999999999999,-2.05,3.951,Green Bay Packers,6.0009999999999994,Same,Same,Same,Same,Same,Same,True,Home Team,Home Team,45.5,-345.0,270.0,Green Bay Packers,Carolina Panthers,-7.0,7.0,-319,249,-234,188,-6.791,6.791,-5.210999999999999,5.210999999999999,0.2703,0.7753,0.2865,0.7613,0.3472,0.7006,0.2585,0.7415,0.2734,0.7266,0.3314,0.6686,0.2585,0.7415,-0.2415,0.2415,,,107,8,2026-10-29,CAR @ GB,12.0,52.0,0.0,Historical Avg,False,B.Young,J.Love,-12.98,-13.0,12.32,151.82,Low,-21.0,-5.0,50.27,50.0,13.337502980586413,33.0,68.0,0.8554,0.1438,0.0616,0.0752,0.6604,0.2802,0.6238,0.3762,0.748,0.2518,-297,+297,,,,,,,,No Bet,,No Bet,,No Bet,,No Bet,,No Bet,,No Bet,,No Bet,,No Bet,,No Bet,,,,,,,,,,,,,,nan,,,,,,,,,,,,,,,8,-0.07962,0.0655,Green Bay Packers,Carolina Panthers,0,0,0,1,0,0,0,1,0,1,0,1,0,2.0,4.0,,,2970.3900708585757,0.7622588708004016,0.9960157758699288,0.12160004816169667,0.0,267.82948536333015,0.0,93.37009031209823,0.0,0.12010492999855685,0.00015792873246486716,0.09016643571189809,0.03143361244979859,0.0,0.0,0.03143361244979859,0.0,361.1995756754284,,,1500.0,269.0
2026_08_BAL_BUF,2026,8,2026-11-01,13:00,Baltimore Ravens,Buffalo Bills,Home,,,,,7,14,-7,7,-13,9,Highmark Stadium,42.7725,-78.7877,America/New_York,False,False,8,8,Sunday,-13,9,AFC North,M&T Bank Stadium,39.2789,-76.6228,America/New_York,AFC East,Highmark Stadium,42.7725,-78.7877,America/New_York,Cincinnati Bengals,Las Vegas Raiders,M&T Bank Stadium,Allegiant Stadium,Jacksonville Jaguars,Minnesota Vikings,M&T Bank Stadium,U.S. Bank Stadium,266,0,-266,266,0.0,0.0,America/New_York,America/Los_Angeles,0.0,-3.0,0.0,0.0,0.0,0,6.69,4.795,6.69,4.795,Baltimore Ravens,1.8950000000000005,Baltimore Ravens,1.8950000000000005,6.69,4.795,Baltimore Ravens,1.8950000000000005,0.0,0,No,No,No,No,No,0,No,5.1,6.16,2.881,3.416,5.3435,5.367500000000001,5.3435,5.367500000000001,3.7534999999999994,6.732500000000001,1.5345,3.9885,Buffalo Bills,0.02400000000000091,Buffalo Bills,0.02400000000000091,5.3435,5.367500000000001,Buffalo Bills,0.02400000000000091,Buffalo Bills,1.0600000000000005,Buffalo Bills,0.5350000000000001,3.9905,4.788,Buffalo Bills,0.7975000000000003,Buffalo Bills,2.9790000000000014,Buffalo Bills,2.454,2.6439999999999997,5.3605,Buffalo Bills,2.7165000000000004,Different,Different,Same,Same,Same,Same,False,Home Team,Home Team,51.5,-135.0,114.0,Buffalo Bills,Baltimore Ravens,-2.5,2.5,-164,135,-142,117,-2.9790000000000014,2.9790000000000014,-2.454,2.454,0.4673,0.5745,0.4255,0.6212,0.4608,0.5868,0.4486,0.5514,0.4065,0.5935,0.4399,0.5601,0.4486,0.5514,-0.0514,0.0514,,,108,8,2026-11-01,BAL @ BUF,15.0,40.0,0.0,Historical Avg,False,L.Jackson,J.Allen,-0.28,-1.0,14.3,204.55,High,-10.0,10.0,57.97,57.0,13.951413183830704,40.0,77.0,0.5164,0.4832,0.0764,0.0842,0.4776,0.5224,0.667,0.333,0.5554,0.4446,-125,+125,,,,,,,,No Bet,,No Bet,,No Bet,,No Bet,,No Bet,,No Bet,,No Bet,,No Bet,,No Bet,,,,,,,,,,,,,,nan,,,,,,,,,,,,,,,8,0.11557777777777778,0.14104,Buffalo Bills,Baltimore Ravens,0,1,0,0,0,1,0,0,0,1,0,1,0,4.5,5.0,,,2970.3900708585757,0.8962183252010156,0.6422800676095731,0.0032504160268118833,0.0001926339163504593,5.323768925599962,0.25668796557568935,4.331234566601638,0.3155099068623164,0.004644778567240557,0.002318291765071016,0.0017922793971840724,0.001458136629627811,8.641557487481604e-05,0.00010621834147564326,0.0015643549711034542,0.5721978724380057,9.6550034922016,,,1500.0,269.0
2026_08_TEN_CIN,2026,8,2026-11-01,13:00,Tennessee Titans,Cincinnati Bengals,Home,,,,,7,7,0,0,1,7,Paycor Stadium,39.0955,-84.5165,America/New_York,False,False,8,8,Sunday,1,7,AFC South,Nissan Stadium,36.1664,-86.7716,America/Chicago,AFC North,Paycor Stadium,39.0955,-84.5165,America/New_York,Cleveland Browns,Baltimore Ravens,Nissan Stadium,M&T Bank Stadium,Jacksonville Jaguars,Atlanta Falcons,Nissan Stadium,Bernabéu Stadium,237,0,-237,237,-1.0,0.0,America/Chicago,America/New_York,-1.0,0.0,-1.0,0.0,-1.0,0,-4.36,1.31,-4.36,1.31,Cincinnati Bengals,5.67,Cincinnati Bengals,5.67,-4.36,1.31,Cincinnati Bengals,5.67,0.0,0,No,No,No,No,No,0,No,-8.19,-0.04,-8.36,-0.609,-2.7190000000000007,3.2485,-2.7190000000000007,3.2485,-6.548999999999998,1.8985,-6.718999999999998,1.3295000000000001,Cincinnati Bengals,5.967500000000001,Cincinnati Bengals,5.967500000000001,-2.7190000000000007,3.2485,Cincinnati Bengals,5.967500000000001,Cincinnati Bengals,8.15,Cincinnati Bengals,7.7509999999999994,-8.274999999999999,-0.3245,Cincinnati Bengals,7.950499999999998,Cincinnati Bengals,8.447499999999998,Cincinnati Bengals,8.048499999999997,-6.633999999999998,1.614,Cincinnati Bengals,8.247999999999998,Same,Same,Same,Same,Same,Same,False,Home Team,Home Team,49.5,-294.0,240.0,Cincinnati Bengals,Tennessee Titans,-6.5,6.5,-397,302,-366,282,-8.447499999999998,8.447499999999998,-8.048499999999997,8.048499999999997,0.2941,0.7462,0.2488,0.7988,0.2618,0.7854,0.2827,0.7173,0.2375,0.7625,0.25,0.75,0.2827,0.7173,-0.2173,0.2173,,,109,8,2026-11-01,TEN @ CIN,10.0,48.0,0.0,Historical Avg,False,C.Ward,J.Burrow,-11.56,-12.0,12.89,166.11,Med-Low,-20.0,-3.0,50.78,50.0,13.009217862341993,34.0,68.0,0.8168,0.183,0.0646,0.067,0.6804,0.3196,0.5284,0.4716,0.7616,0.2383,-319,+320,,,,,,,,No Bet,,No Bet,,No Bet,,No Bet,,No Bet,,No Bet,,No Bet,,No Bet,,No Bet,,,,,,,,,,,,,,nan,,,,,,,,,,,,,,,8,-0.11255555555555555,0.11277,Cincinnati Bengals,Tennessee Titans,0,0,0,0,0,0,0,0,0,0,0,0,0,1.5,4.5,,,2970.3900708585757,0.8533190104291639,0.9633861739360047,0.06578506249095356,1.0495426440606458e-05,140.16565373206473,0.008813316815128347,55.24164270187465,0.022362193673475642,0.08528069006270719,0.00041149851444144354,0.04718762532476099,0.018597437166192568,2.9670570547594457e-06,7.528369385847013e-06,0.018604965535578416,0.031175510488603987,195.40729643393936,,,1500.0,269.0
2026_08_ARI_DAL,2026,8,2026-11-01,13:00,Arizona Cardinals,Dallas Cowboys,Home,,,,,7,6,1,-1,-5,2,AT&T Stadium,32.7369,-97.0826,America/Chicago,False,False,8,8,Sunday,-5,2,NFC West,State Farm Stadium,33.5277,-112.262608,America/Denver,NFC East,AT&T Stadium,32.7369,-97.0826,America/Chicago,Denver Broncos,Philadelphia Eagles,State Farm Stadium,Lincoln Financial Field,Seattle Seahawks,Indianapolis Colts,Lumen Field,Lucas Oil Stadium,879,0,-879,879,-1.0,0.0,America/Denver,America/New_York,-1.0,1.0,-1.0,0.0,-1.0,0,0.075,-0.615,0.075,-0.615,Arizona Cardinals,0.69,Arizona Cardinals,0.69,0.075,-0.615,Arizona Cardinals,0.69,0.0,0,No,No,No,No,No,0,Yes,-4.4,-1.01,-3.837,-3.616,0.7424999999999999,-0.625,0.7424999999999999,-0.625,-3.7325000000000004,-1.0199999999999998,-3.1694999999999998,-3.626,Arizona Cardinals,1.3675,Arizona Cardinals,1.3675,0.7424999999999999,-0.625,Arizona Cardinals,1.3675,Dallas Cowboys,3.3900000000000006,Dallas Cowboys,0.22100000000000009,-4.1185,-2.313,Dallas Cowboys,1.8054999999999999,Dallas Cowboys,2.7125000000000004,Arizona Cardinals,0.45650000000000013,-3.451,-2.323,Dallas Cowboys,1.1280000000000001,Different,Different,Different,Same,Same,Different,False,Home Team,Away Team,48.5,-500.0,380.0,Dallas Cowboys,Arizona Cardinals,-10.5,10.5,-142,117,-104,-116,-2.7125000000000004,2.7125000000000004,0.45650000000000013,-0.45650000000000013,0.2083,0.8333,0.4608,0.5868,0.537,0.5098,0.2,0.8,0.4399,0.5601,0.513,0.487,0.2,0.8,-0.3,0.3,,,110,8,2026-11-01,ARI @ DAL,0.0,70.0,0.0,Dome,True,J.Brissett,D.Prescott,-0.75,-2.0,13.37,178.74,Medium,-10.0,9.0,57.47,57.0,13.81762456103443,40.0,76.0,0.5278,0.4714,0.0996,0.0866,0.2298,0.7702,0.7366,0.2634,0.5937,0.4061,-146,+146,,,,,,,,No Bet,,No Bet,,No Bet,,No Bet,,No Bet,,No Bet,,No Bet,,No Bet,,No Bet,,,,,,,,,,,,,,nan,,,,,,,,,,,,,,,8,-0.21055555555555555,0.025066666666666668,Dallas Cowboys,Arizona Cardinals,0,1,0,0,0,0,0,0,0,1,0,0,0,0.5,3.5,,,2970.3900708585757,0.9204276731656442,0.9996763986522706,0.4109001821781079,7.443046142862249e-05,976.4270570046654,0.04421750071940049,244.10676425116625,0.17687000287760196,0.36325169029662113,0.00012970825026369472,0.32872014574248637,0.08218003643562155,1.4886092285724499e-05,5.954436914289799e-05,0.08223958080476444,0.22108750359700244,1220.5338212558315,,,1500.0,269.0
2026_08_MIN_DET,2026,8,2026-11-01,13:00,Minnesota Vikings,Detroit Lions,Home,,,,,7,7,0,0,8,10,Ford Field,42.3395,-83.045,America/Detroit,False,False,8,8,Sunday,8,10,NFC North,U.S. Bank Stadium,44.9738,-93.2575,America/Chicago,NFC North,Ford Field,42.3395,-83.045,America/Detroit,Indianapolis Colts,Green Bay Packers,U.S. Bank Stadium,Ford Field,Buffalo Bills,Miami Dolphins,U.S. Bank Stadium,Hard Rock Stadium,541,0,-541,541,-1.0,0.0,America/Chicago,America/Detroit,-1.0,0.0,-1.0,0.0,-1.0,0,0.27,4.305,0.27,4.305,Detroit Lions,4.035,Detroit Lions,4.035,0.27,4.305,Detroit Lions,4.035,0.0,0,No,No,No,No,No,1,No,-0.75,3.98,2.721,3.658,2.02466,3.9513399999999996,2.02466,3.9513399999999996,1.01161,3.6193900000000006,4.444679999999999,3.3353199999999994,Detroit Lions,1.9266799999999997,Detroit Lions,1.9266799999999997,2.02466,3.9513399999999996,Detroit Lions,1.9266799999999997,Detroit Lions,4.73,Detroit Lions,0.9369999999999998,0.9855,3.819,Detroit Lions,2.8335,Detroit Lions,2.607780000000001,Minnesota Vikings,1.1093599999999997,2.7281449999999996,3.477355,Detroit Lions,0.7492100000000006,Same,Different,Same,Different,Same,Different,False,Home Team,Away Team,47.5,-227.0,185.0,Detroit Lions,Minnesota Vikings,-4.5,4.5,-142,117,101,-122,-2.607780000000001,2.607780000000001,1.1093599999999997,-1.1093599999999997,0.3509,0.6942,0.4608,0.5868,0.5495,0.4975,0.3357,0.6643,0.4399,0.5601,0.5248,0.4752,0.3357,0.6643,-0.1643,0.1643,,,111,8,2026-11-01,MIN @ DET,0.0,70.0,0.0,Dome,True,K.Murray,J.Goff,2.68,3.0,13.17,173.43,Medium,-7.0,12.0,52.79,52.0,13.831592915948564,36.0,71.0,0.4122,0.5862,0.0936,0.094,0.3082,0.6918,0.621,0.379,0.528,0.4717,-112,+112,,,,,,,,No Bet,,No Bet,,No Bet,,No Bet,,No Bet,,No Bet,,No Bet,,No Bet,,No Bet,,,,,,,,,,,,,,nan,,,,,,,,,,,,,,,8,-0.011979999999999994,0.08954,Detroit Lions,Minnesota Vikings,0,1,0,0,0,0,0,0,0,1,0,0,1,3.0,4.5,,,2970.3900708585757,0.4770644183590287,0.6797335177586287,0.011606602754372503,3.53992637351526e-05,22.902498193057347,0.03529872794245167,11.57363938493053,0.06985089357214967,0.020739641495089892,0.0007965881812244776,0.007710266209729653,0.0038963365446428493,1.1883532835890727e-05,2.351573089926187e-05,0.003919852275542111,0.10514962151460133,34.47613757798788,,,1500.0,269.0
2026_08_IND_JAX,2026,8,2026-11-01,13:00,Indianapolis Colts,Jacksonville Jaguars,Home,,,,,7,14,-7,7,-16,8,TIAA Bank Field,30.3239,-81.6554,America/New_York,False,True,8,8,Sunday,-16,8,AFC South,Lucas Oil Stadium,39.7601,-86.1638,America/Indiana/Indianapolis,AFC South,TIAA Bank Field,30.3239,-81.6554,America/New_York,Minnesota Vikings,Houston Texans,U.S. Bank Stadium,Wembley Stadium,Dallas Cowboys,Baltimore Ravens,Lucas Oil Stadium,M&T Bank Stadium,699,0,-699,699,0.0,0.0,America/Chicago,America/New_York,-1.0,0.0,0.0,0.0,0.0,0,-2.265,-1.825,-2.265,-1.825,Jacksonville Jaguars,0.44000000000000017,Jacksonville Jaguars,0.44000000000000017,-2.265,-1.825,Jacksonville Jaguars,0.44000000000000017,0.0,0,No,No,No,No,No,1,No,0.93,5.41,0.288,3.85,-2.9167849999999995,-1.7687149999999996,-2.9167849999999995,-1.7687149999999996,0.318615,5.425885000000001,-0.33256500000000017,3.875065,Jacksonville Jaguars,1.14807,Jacksonville Jaguars,1.14807,-2.9167849999999995,-1.7687149999999996,Jacksonville Jaguars,1.14807,Jacksonville Jaguars,4.48,Jacksonville Jaguars,3.5620000000000003,0.609,4.63,Jacksonville Jaguars,4.021,Jacksonville Jaguars,5.107270000000001,Jacksonville Jaguars,4.20763,-0.006975000000000092,4.650475,Jacksonville Jaguars,4.65745,Same,Same,Same,Same,Same,Same,False,Home Team,Home Team,49.5,-227.0,185.0,Jacksonville Jaguars,Indianapolis Colts,-4.5,4.5,-234,188,-211,171,-5.107270000000001,5.107270000000001,-4.20763,4.20763,0.3509,0.6942,0.3472,0.7006,0.369,0.6785,0.3357,0.6643,0.3314,0.6686,0.3523,0.6477,0.3357,0.6643,-0.1643,0.1643,,,112,8,2026-11-01,IND @ JAX,10.0,60.0,0.0,Historical Avg,False,D.Jones,T.Lawrence,1.03,1.0,14.34,205.65,High,-9.0,10.0,56.36,56.0,14.094402896135746,39.0,75.0,0.4772,0.5222,0.0874,0.0878,0.3754,0.6246,0.6738,0.3262,0.6144,0.3854,-159,+159,,,,,,,,No Bet,,No Bet,,No Bet,,No Bet,,No Bet,,No Bet,,No Bet,,No Bet,,No Bet,,,,,,,,,,,,,,nan,,,,,,,,,,,,,,,8,-0.003288888888888886,0.004299999999999998,Jacksonville Jaguars,Indianapolis Colts,0,0,0,0,0,0,0,0,0,0,0,0,1,3.0,3.0,,,2970.3900708585757,0.720160916146221,0.9367353581908158,0.0435872063718598,2.203038610267265e-05,86.00758863706854,0.021967818633843058,43.46341638636746,0.04347102150271654,0.05950844759667236,0.0005109528325756953,0.028954981192826468,0.014632225179033335,7.395600614667209e-06,1.4634785488005442e-05,0.014646859964521341,0.0654388401365596,129.471005023436,,,1500.0,269.0
2026_08_LV_NYJ,2026,8,2026-11-01,13:00,Las Vegas Raiders,New York Jets,Home,,,,,7,7,0,0,1,-12,MetLife Stadium,40.8136,-74.0744,America/New_York,False,False,8,8,Sunday,1,-12,AFC West,Allegiant Stadium,36.108,-115.1578,America/Los_Angeles,AFC East,MetLife Stadium,40.8136,-74.0744,America/New_York,Los Angeles Rams,Miami Dolphins,Allegiant Stadium,MetLife Stadium,San Francisco 49ers,Kansas City Chiefs,Levi's Stadium,GEHA Field at Arrowhead Stadium,2224,0,-2224,2224,-3.0,0.0,America/Los_Angeles,America/New_York,-3.0,0.0,-3.0,0.0,-3.0,0,-2.35,-3.725,-2.35,-3.725,Las Vegas Raiders,1.375,Las Vegas Raiders,1.375,-2.35,-3.725,Las Vegas Raiders,1.375,-0.44999999999999996,0,No,No,No,No,No,0,No,-8.15,-9.26,-7.588,-6.95,-3.0035000000000003,-3.4330000000000003,-3.0035000000000003,-3.4330000000000003,-8.803499999999998,-8.968,-8.241499999999998,-6.658,Las Vegas Raiders,0.4295,Las Vegas Raiders,0.4295,-3.0035000000000003,-3.4330000000000003,Las Vegas Raiders,0.4295,Las Vegas Raiders,1.1099999999999994,New York Jets,0.6379999999999999,-7.869,-8.105,Las Vegas Raiders,0.23600000000000065,Las Vegas Raiders,0.1645000000000021,New York Jets,1.5834999999999981,-8.522499999999997,-7.813000000000001,New York Jets,0.7094999999999967,Same,Different,Same,Different,Same,Same,False,Away Team,Home Team,40.5,-125.0,105.0,New York Jets,Las Vegas Raiders,-1.5,1.5,-110,-110,-128,105,0.1645000000000021,-0.1645000000000021,-1.5834999999999981,1.5834999999999981,0.4878,0.5556,0.5238,0.5238,0.4878,0.5614,0.4675,0.5325,0.5,0.5,0.4649,0.5351,0.4675,0.5325,-0.0325,0.0325,,,113,8,2026-11-01,LV @ NYJ,12.0,48.0,0.0,Historical Avg,False,K.Cousins,G.Smith,3.78,5.0,12.03,144.66,Low,-5.0,12.0,39.68,39.0,11.9367102071766,25.0,55.0,0.358,0.6398,0.0988,0.0956,0.3408,0.6592,0.4456,0.5544,0.4814,0.518,+108,-107,,,,,,,,No Bet,,No Bet,,No Bet,,No Bet,,No Bet,,No Bet,,No Bet,,No Bet,,No Bet,,,,,,,,,,,,,,nan,,,,,,,,,,,,,,,8,-0.1430111111111111,-0.18122222222222226,New York Jets,Las Vegas Raiders,0,0,0,0,0,0,0,0,0,0,0,0,0,1.0,0.5,,,2970.3900708585757,0.9444303899982732,0.9501079494998846,0.0053898043020045696,0.0023994773128774324,8.525229779705324,3.332051826184571,7.484591402839886,3.79533175923697,0.008562483647604603,0.004029010664767508,0.002870070790817433,0.0025197335111871366,0.0011217556437701998,0.0012777216691072326,0.003797455180294369,7.1273835854215415,16.00982118254521,,,1500.0,269.0
2026_08_CLE_PIT,2026,8,2026-11-01,13:00,Cleveland Browns,Pittsburgh Steelers,Home,,,,,7,7,0,0,3,-4,Acrisure Stadium,40.4468,-80.0158,America/New_York,False,True,8,8,Sunday,3,-4,AFC North,FirstEnergy Stadium,41.5061,-81.6994,America/New_York,AFC North,Acrisure Stadium,40.4468,-80.0158,America/New_York,Tennessee Titans,New Orleans Saints,Nissan Stadium,Stade de France,New Orleans Saints,Cincinnati Bengals,Caesars Superdome,Paycor Stadium,114,0,-114,114,0.0,0.0,America/Chicago,America/Chicago,-1.0,-1.0,0.0,0.0,0.0,0,-4.705,-0.565,-4.705,-0.565,Pittsburgh Steelers,4.140000000000001,Pittsburgh Steelers,4.140000000000001,-4.705,-0.565,Pittsburgh Steelers,4.140000000000001,0.0,0,No,No,No,No,No,1,No,-6.94,0.59,-7.475,0.538,-4.647075,0.3925750000000002,-4.647075,0.3925750000000002,-6.848175,1.5136749999999999,-7.3783449999999995,1.4568450000000002,Pittsburgh Steelers,5.03965,Pittsburgh Steelers,5.03965,-4.647075,0.3925750000000002,Pittsburgh Steelers,5.03965,Pittsburgh Steelers,7.53,Pittsburgh Steelers,8.013,-7.2075,0.5640000000000001,Pittsburgh Steelers,7.7715,Pittsburgh Steelers,8.36185,Pittsburgh Steelers,8.835189999999999,-7.11326,1.48526,Pittsburgh Steelers,8.59852,Same,Same,Same,Same,Same,Same,False,Home Team,Home Team,39.5,-256.0,210.0,Pittsburgh Steelers,Cleveland Browns,-6.0,6.0,-397,302,-416,314,-8.36185,8.36185,-8.835189999999999,8.835189999999999,0.3226,0.7191,0.2488,0.7988,0.2415,0.8062,0.3097,0.6903,0.2375,0.7625,0.2305,0.7695,0.3097,0.6903,-0.1903,0.1903,,,114,8,2026-11-01,CLE @ PIT,12.0,45.0,0.0,Historical Avg,False,S.Sanders,A.Rodgers,-14.64,-15.0,13.14,172.72,Medium,-23.0,-7.0,41.09,40.0,12.333583794576642,26.0,57.0,0.8692,0.1306,0.0522,0.0556,0.7536,0.216,0.5348,0.4652,0.7729,0.2271,-340,+340,,,,,,,,No Bet,,No Bet,,No Bet,,No Bet,,No Bet,,No Bet,,No Bet,,No Bet,,No Bet,,,,,,,,,,,,,,nan,,,,,,,,,,,,,,,8,-0.12453333333333333,-0.061433333333333326,Pittsburgh Steelers,Cleveland Browns,0,0,0,1,0,0,0,0,0,1,0,0,1,1.5,2.5,,,2970.3900708585757,0.9441270687585732,0.9951602097446811,0.12302619758907589,1.5359988930824956e-05,252.26032982284485,0.014130111621089637,113.17546595123142,0.03149504698753044,0.12929499567902086,0.0005854850461721379,0.08492498419573909,0.0381012133933368,4.756988571876488e-06,1.0603000358948467e-05,0.03811181639369575,0.04562515860862008,365.43579577407627,,,1500.0,269.0
2026_08_ATL_TB,2026,8,2026-11-01,13:00,Atlanta Falcons,Tampa Bay Buccaneers,Home,,,,,7,7,0,0,3,0,Raymond James Stadium,27.9759,-82.5033,America/New_York,False,False,8,8,Sunday,3,0,NFC South,Mercedes-Benz Stadium,33.7489,-84.388,America/New_York,NFC South,Raymond James Stadium,27.9759,-82.5033,America/New_York,San Francisco 49ers,Carolina Panthers,Mercedes-Benz Stadium,Bank of America Stadium,Cincinnati Bengals,Chicago Bears,Bernabéu Stadium,Soldier Field,414,0,-414,414,0.0,0.0,America/New_York,America/New_York,0.0,0.0,0.0,0.0,0.0,0,-0.71,1.025,-0.71,1.025,Tampa Bay Buccaneers,1.7349999999999999,Tampa Bay Buccaneers,1.7349999999999999,-0.71,1.025,Tampa Bay Buccaneers,1.7349999999999999,0.0,0,No,No,No,No,No,1,No,-0.79,-1.4,-0.101,-2.096,0.12424500000000001,-0.8317450000000002,0.12424500000000001,-0.8317450000000002,0.02079499999999994,-3.2332949999999996,0.695945,-3.9154450000000005,Atlanta Falcons,0.9559900000000002,Atlanta Falcons,0.9559900000000002,0.12424500000000001,-0.8317450000000002,Atlanta Falcons,0.9559900000000002,Atlanta Falcons,0.6099999999999999,Atlanta Falcons,1.995,-0.4455,-1.748,Atlanta Falcons,1.3025,Atlanta Falcons,3.2540899999999997,Atlanta Falcons,4.61139,0.35836999999999997,-3.57437,Atlanta Falcons,3.93274,Different,Different,Same,Same,Same,Same,False,Away Team,Away Team,46.5,-227.0,185.0,Tampa Bay Buccaneers,Atlanta Falcons,-4.5,4.5,156,-191,181,-224,3.2540899999999997,-3.2540899999999997,4.61139,-4.61139,0.3509,0.6942,0.6564,0.3906,0.6914,0.3559,0.3357,0.6643,0.6269,0.3731,0.6602,0.3398,0.3357,0.6643,-0.1643,0.1643,,,115,8,2026-11-01,ATL @ TB,8.0,75.0,0.0,Historical Avg,False,M.Penix,B.Mayfield,6.91,7.0,13.63,185.73,Med-High,-3.0,16.0,51.09,51.0,13.577066833037163,34.0,69.0,0.2994,0.6984,0.0796,0.078,0.2178,0.7822,0.6236,0.3764,0.4191,0.5803,+139,-138,,,,,,,,No Bet,,No Bet,,No Bet,,No Bet,,No Bet,,No Bet,,No Bet,,No Bet,,No Bet,,,,,,,,,,,,,,nan,,,,,,,,,,,,,,,8,-0.09032222222222222,-0.04222222222222224,Tampa Bay Buccaneers,Atlanta Falcons,0,0,0,0,0,0,0,0,0,0,0,0,1,2.0,2.5,,,2970.3900708585757,0.9300319347570688,0.9967339348851906,0.08281699311739145,1.7049155819209683e-05,163.41698560424663,0.017000735309450215,82.58178845001595,0.033641907852450935,0.05852109329969455,0.0006639031452324663,0.05501532852788314,0.027801664589508307,5.723401608508691e-06,1.1325754210700992e-05,0.027812990343719007,0.050642643161901146,245.99877405426255,,,1500.0,269.0
2026_08_LAC_LA,2026,8,2026-11-01,16:05,Los Angeles Chargers,Los Angeles Rams,Home,,,,,14,7,7,-7,-3,-5,SoFi Stadium,33.9535,-118.3395,America/Los_Angeles,False,False,8,8,Sunday,-3,-5,AFC West,SoFi Stadium,33.9535,-118.3395,America/Los_Angeles,NFC West,SoFi Stadium,33.9535,-118.3395,America/Los_Angeles,Kansas City Chiefs,Las Vegas Raiders,GEHA Field at Arrowhead Stadium,Allegiant Stadium,Houston Texans,Washington Commanders,SoFi Stadium,FedExField,0,0,0,0,0.0,0.0,America/Chicago,America/Los_Angeles,2.0,0.0,0.0,0.0,0.0,0,0.935,1.29,0.935,1.29,Los Angeles Rams,0.355,Los Angeles Rams,0.355,0.935,1.29,Los Angeles Rams,0.355,0.0,0,No,No,No,No,No,0,No,1.12,8.12,0.527,7.087,1.31,0.515,1.31,0.515,1.495,7.344999999999999,0.902,6.311999999999999,Los Angeles Chargers,0.795,Los Angeles Chargers,0.795,1.31,0.515,Los Angeles Chargers,0.795,Los Angeles Rams,6.999999999999999,Los Angeles Rams,6.56,0.8235000000000001,7.6034999999999995,Los Angeles Rams,6.779999999999999,Los Angeles Rams,5.849999999999999,Los Angeles Rams,5.409999999999999,1.1985000000000001,6.828499999999999,Los Angeles Rams,5.629999999999999,Different,Different,Different,Different,Same,Same,False,Home Team,Home Team,48.5,-192.0,160.0,Los Angeles Rams,Los Angeles Chargers,-3.5,3.5,-261,208,-244,195,-5.849999999999999,5.849999999999999,-5.409999999999999,5.409999999999999,0.3846,0.6575,0.3247,0.723,0.339,0.7093,0.3691,0.6309,0.3099,0.6901,0.3234,0.6766,0.3691,0.6309,-0.1309,0.1309,,,116,8,2026-11-01,LAC @ LA,0.0,70.0,0.0,Dome,True,J.Herbert,M.Stafford,-3.16,-4.0,13.49,182.11,Med-High,-13.0,7.0,50.86,50.0,13.425751025477853,34.0,68.0,0.5896,0.4092,0.0872,0.0814,0.5082,0.4918,0.5598,0.4402,0.6468,0.3529,-183,+183,,,,,,,,No Bet,,No Bet,,No Bet,,No Bet,,No Bet,,No Bet,,No Bet,,No Bet,,No Bet,,,,,,,,,,,,,,nan,,,,,,,,,,,,,,,8,0.08121,0.1351111111111111,Los Angeles Rams,Los Angeles Chargers,0,1,0,0,0,0,0,0,0,1,0,0,0,4.0,5.0,,,2970.3900708585757,0.23862370134305705,0.49260745794136884,0.0024118991798749052,0.0003783505410199788,4.519945120000018,0.4148125516080799,2.644336255812342,0.7090361387416354,0.00713501373445763,0.0007189555345098803,0.0015216671925830777,0.0008902319872918275,0.00013964918469047417,0.00023870135632950466,0.0011289333436213323,1.1238486903497154,7.164281375812361,,,1500.0,269.0
2026_08_KC_DEN,2026,8,2026-11-01,16:25,Kansas City Chiefs,Denver Broncos,Home,,,,,7,7,0,0,3,3,Empower Field at Mile High,39.7648,-105.0076,America/Denver,False,True,8,8,Sunday,3,3,AFC West,GEHA Field at Arrowhead Stadium,39.0489,-94.4839,America/Chicago,AFC West,Empower Field at Mile High,39.7648,-105.0076,America/Denver,Seattle Seahawks,Arizona Cardinals,Lumen Field,State Farm Stadium,New York Jets,Carolina Panthers,GEHA Field at Arrowhead Stadium,Bank of America Stadium,563,0,-563,563,1.0,0.0,America/Los_Angeles,America/Denver,-1.0,0.0,1.0,0.0,1.0,0,4.395,2.05,4.395,2.05,Kansas City Chiefs,2.3449999999999998,Kansas City Chiefs,2.3449999999999998,4.395,2.05,Kansas City Chiefs,2.3449999999999998,0.0,0,No,No,No,No,No,1,No,-2.17,-0.48,0.625,3.499,6.75661,1.6713899999999997,6.75661,1.6713899999999997,0.23196000000000006,-0.89896,3.0388,3.0682,Kansas City Chiefs,5.0852200000000005,Kansas City Chiefs,5.0852200000000005,6.75661,1.6713899999999997,Kansas City Chiefs,5.0852200000000005,Denver Broncos,1.69,Denver Broncos,2.874,-0.7725,1.5095,Denver Broncos,2.282,Kansas City Chiefs,1.1309200000000001,Denver Broncos,0.02939999999999987,1.63538,1.0846200000000001,Kansas City Chiefs,0.5507599999999999,Different,Different,Same,Different,Different,Same,False,Away Team,Home Team,43.5,-125.0,105.0,Denver Broncos,Kansas City Chiefs,-1.5,1.5,101,-122,-110,-110,1.1309200000000001,-1.1309200000000001,-0.02939999999999987,0.02939999999999987,0.4878,0.5556,0.5495,0.4975,0.5238,0.5238,0.4675,0.5325,0.5248,0.4752,0.5,0.5,0.4675,0.5325,-0.0325,0.0325,,,117,8,2026-11-01,KC @ DEN,10.0,45.0,0.0,Historical Avg,False,P.Mahomes,B.Nix,-4.73,-6.0,13.1,171.51,Medium,-14.0,5.0,41.81,41.0,12.590563327229619,26.0,58.0,0.6382,0.36,0.0936,0.086,0.6178,0.3822,0.4228,0.5772,0.5365,0.4631,-116,+116,,,,,,,,No Bet,,No Bet,,No Bet,,No Bet,,No Bet,,No Bet,,No Bet,,No Bet,,No Bet,,,,,,,,,,,,,,nan,,,,,,,,,,,,,,,8,0.09153000000000003,0.101,Denver Broncos,Kansas City Chiefs,0,1,1,0,0,0,0,1,1,1,0,1,1,4.5,4.5,,,2970.3900708585757,0.5537416108819717,0.6659275032023662,0.001336725661055827,8.212234802753977e-05,2.1143427060405653,0.11403980285505885,1.8562539250215293,0.1298956043215376,0.004168949391519951,0.0024620896838592927,0.0007118064145122279,0.0006249192465435992,3.8392197702874845e-05,4.373015032466492e-05,0.0006686493968682641,0.24393540717659645,3.9705966310620946,,,1500.0,269.0
2026_08_NE_MIA,2026,8,2026-11-01,16:25,New England Patriots,Miami Dolphins,Home,,,,,10,7,3,-3,7,1,Hard Rock Stadium,25.9602,-80.2384,America/New_York,False,True,8,8,Sunday,7,1,AFC East,Gillette Stadium,42.0628,-71.2687,America/New_York,AFC East,Hard Rock Stadium,25.9602,-80.2384,America/New_York,Chicago Bears,New York Jets,Soldier Field,MetLife Stadium,Green Bay Packers,Detroit Lions,Gillette Stadium,Hard Rock Stadium,1223,0,-1223,1223,0.0,0.0,America/Chicago,America/New_York,-1.0,0.0,0.0,0.0,0.0,0,-1.995,0.66,-1.995,0.66,Miami Dolphins,2.6550000000000002,Miami Dolphins,2.6550000000000002,-1.995,0.66,Miami Dolphins,2.6550000000000002,0.0,0,No,No,No,No,No,1,No,5.09,-5.46,4.222,-3.956,-1.38,1.6090000000000002,-1.38,1.6090000000000002,5.57295,-4.37895,4.72867,-2.89867,Miami Dolphins,2.989,Miami Dolphins,2.989,-1.38,1.6090000000000002,Miami Dolphins,2.989,New England Patriots,10.55,New England Patriots,8.178,4.656000000000001,-4.708,New England Patriots,9.364,New England Patriots,9.951899999999998,New England Patriots,7.62734,5.15081,-3.63881,New England Patriots,8.78962,Different,Different,Different,Different,Same,Same,False,Away Team,Away Team,45.5,280.0,-357.0,New England Patriots,Miami Dolphins,7.0,-7.0,356,-483,268,-346,9.951899999999998,-9.951899999999998,7.62734,-7.62734,0.7812,0.2632,0.8285,0.2193,0.7758,0.2717,0.748,0.252,0.7907,0.2093,0.7406,0.2594,0.748,0.252,0.248,-0.248,,,118,8,2026-11-01,NE @ MIA,10.0,75.0,0.0,Historical Avg,False,D.Maye,M.Willis,12.44,13.0,13.66,186.49,Med-High,4.0,21.0,45.02,44.0,12.895253720408247,29.0,62.0,0.1816,0.818,0.0654,0.062,0.3,0.6566,0.4668,0.5332,0.2256,0.7743,+343,-343,,,,,,,,No Bet,,No Bet,,No Bet,,No Bet,,No Bet,,No Bet,,No Bet,,No Bet,,No Bet,,,,,,,,,,,,,,nan,,,,,,,,,,,,,,,8,0.07673333333333333,-0.23596,New England Patriots,Miami Dolphins,0,0,0,0,0,0,0,0,0,0,0,0,1,4.0,0.0,,,2970.3900708585757,0.9974667491388165,0.33266699043380515,7.376190255681845e-05,0.10108125999718508,0.055213608986527656,224.58757674204347,0.16388801397588368,75.6631943034692,0.0001677773447590059,0.09360827832746087,1.858799944431825e-05,5.5173903112500204e-05,0.07560878247789443,0.025472477519290646,0.025527651422403146,300.2507710455127,0.2191016229624113,,,1500.0,269.0
2026_08_PHI_WAS,2026,8,2026-11-01,20:20,Philadelphia Eagles,Washington Commanders,Home,,,,,6,13,-7,7,-15,7,FedExField,38.9077,-76.8645,America/New_York,False,False,8,8,Sunday,-15,7,NFC East,Lincoln Financial Field,39.9008,-75.1675,America/New_York,NFC East,FedExField,38.9077,-76.8645,America/New_York,Dallas Cowboys,San Francisco 49ers,Lincoln Financial Field,Levi's Stadium,New York Giants,Los Angeles Rams,Lincoln Financial Field,FedExField,114,0,-114,114,0.0,0.0,America/New_York,America/Los_Angeles,0.0,-3.0,0.0,0.0,0.0,0,4.905,1.45,4.905,1.45,Philadelphia Eagles,3.455,Philadelphia Eagles,3.455,4.905,1.45,Philadelphia Eagles,3.455,0.0,0,No,No,No,No,Yes,1,No,5.52,-5.43,3.682,-1.427,2.20364,1.7763600000000002,2.20364,1.7763600000000002,2.7436899999999995,-5.028689999999999,0.9641000000000001,-1.0841,Philadelphia Eagles,0.4272799999999999,Philadelphia Eagles,0.4272799999999999,2.20364,1.7763600000000002,Philadelphia Eagles,0.4272799999999999,Philadelphia Eagles,10.95,Philadelphia Eagles,5.109,4.601,-3.4284999999999997,Philadelphia Eagles,8.029499999999999,Philadelphia Eagles,7.772379999999998,Philadelphia Eagles,2.0482,1.8538949999999998,-3.0563949999999998,Philadelphia Eagles,4.91029,Same,Same,Same,Same,Same,Same,False,Away Team,Away Team,46.5,105.0,-125.0,Philadelphia Eagles,Washington Commanders,2.0,-2.0,282,-366,108,-131,7.772379999999998,-7.772379999999998,2.0482,-2.0482,0.5556,0.4878,0.7854,0.2618,0.5671,0.4808,0.5325,0.4675,0.75,0.25,0.5412,0.4588,0.5325,0.4675,0.0325,-0.0325,,,119,8,2026-11-01,PHI @ WAS,10.0,52.0,0.0,Historical Avg,False,J.Hurts,J.Daniels,5.83,7.0,13.2,174.21,Medium,-3.0,14.0,45.57,45.0,13.228459327799191,29.0,63.0,0.3228,0.676,0.0862,0.0906,0.3432,0.6416,0.4552,0.5448,0.3748,0.6249,+167,-167,,,,,,,,No Bet,,No Bet,,No Bet,,No Bet,,No Bet,,No Bet,,No Bet,,No Bet,,No Bet,,,,,,,,,,,,,,nan,,,,,,,,,,,,,,,8,0.09924444444444444,-0.01446,Philadelphia Eagles,Washington Commanders,0,0,1,0,1,0,0,0,1,0,1,0,1,4.5,3.0,,,2970.3900708585757,0.9914599873110583,0.8187390048041618,0.0006327166794161586,0.0018507737522006735,0.8786266724805412,2.927429387721908,1.0007886697238249,2.5700905892206425,0.003068697919973857,0.004791568192721758,0.00029579504762705417,0.00033692163178910444,0.0009855370230468586,0.0008652367291538149,0.0012021583609429193,5.4975199769425505,1.879415342204366,,,1500.0,269.0
2026_08_CHI_SEA,2026,8,2026-11-02,20:15,Chicago Bears,Seattle Seahawks,Home,,,,,11,8,3,-3,2,4,Lumen Field,47.5952,-122.3316,America/Los_Angeles,False,False,8,8,Monday,2,4,NFC North,Soldier Field,41.8623,-87.6167,America/Chicago,NFC West,Lumen Field,47.5952,-122.3316,America/Los_Angeles,New England Patriots,Kansas City Chiefs,Soldier Field,Lumen Field,Tampa Bay Buccaneers,Arizona Cardinals,Soldier Field,Lumen Field,1733,0,-1733,1733,2.0,0.0,America/Chicago,America/Los_Angeles,2.0,0.0,2.0,0.0,2.0,0,-1.575,-0.13,-1.575,-0.13,Seattle Seahawks,1.4449999999999998,Seattle Seahawks,1.4449999999999998,-1.575,-0.13,Seattle Seahawks,1.4449999999999998,-0.15,0,No,No,No,No,No,0,No,0.9,10.42,1.647,10.022,-1.4385,-0.12699999999999997,-1.4385,-0.12699999999999997,1.0365000000000002,10.423,1.7835,10.025,Seattle Seahawks,1.3114999999999999,Seattle Seahawks,1.3114999999999999,-1.4385,-0.12699999999999997,Seattle Seahawks,1.3114999999999999,Seattle Seahawks,9.52,Seattle Seahawks,8.375,1.2735,10.221,Seattle Seahawks,8.9475,Seattle Seahawks,9.3865,Seattle Seahawks,8.2415,1.4100000000000001,10.224,Seattle Seahawks,8.814,Same,Same,Same,Same,Same,Same,False,Home Team,Home Team,47.5,-227.0,185.0,Seattle Seahawks,Chicago Bears,-4.5,4.5,-436,327,-366,282,-9.3865,9.3865,-8.2415,8.2415,0.3509,0.6942,0.2342,0.8134,0.2618,0.7854,0.3357,0.6643,0.2235,0.7765,0.25,0.75,0.3357,0.6643,-0.1643,0.1643,,,120,8,2026-11-02,CHI @ SEA,10.0,48.0,0.0,Historical Avg,False,C.Williams,S.Darnold,-11.51,-12.0,12.97,168.27,Med-Low,-20.0,-3.0,48.91,48.0,13.48764005031367,32.0,67.0,0.8096,0.19,0.07,0.0648,0.721,0.279,0.5178,0.4822,0.7501,0.2498,-300,+300,,,,,,,,No Bet,,No Bet,,No Bet,,No Bet,,No Bet,,No Bet,,No Bet,,No Bet,,No Bet,,,,,,,,,,,,,,nan,,,,,,,,,,,,,,,8,0.048900000000000006,0.12122222222222222,Seattle Seahawks,Chicago Bears,0,0,1,0,1,0,0,1,1,0,1,1,0,4.0,4.5,,,2970.3900708585757,0.7689082714807194,0.6557836988359532,0.0211767055874111,0.0002462954472924723,41.78651339366969,0.2455959551160972,21.11656261667156,0.4859975960191342,0.02358981223935133,0.0007767398559650984,0.014067685521717194,0.007109020065693906,8.268138165608296e-05,0.00016361406563638936,0.007272634131330295,0.7315935511352314,62.90307601034125,,,1500.0,269.0
2026_09_JAX_BAL,2026,9,2026-11-05,20:15,Jacksonville Jaguars,Baltimore Ravens,Home,,,,,4,4,0,0,8,-13,M&T Bank Stadium,39.2789,-76.6228,America/New_York,False,False,9,9,Thursday,8,-13,AFC South,TIAA Bank Field,30.3239,-81.6554,America/New_York,AFC North,M&T Bank Stadium,39.2789,-76.6228,America/New_York,Indianapolis Colts,Buffalo Bills,TIAA Bank Field,Highmark Stadium,Tennessee Titans,Los Angeles Chargers,Nissan Stadium,M&T Bank Stadium,681,0,-681,681,0.0,0.0,America/New_York,America/New_York,0.0,0.0,0.0,0.0,0.0,0,-1.825,6.69,-1.825,6.69,Baltimore Ravens,8.515,Baltimore Ravens,8.515,-1.825,6.69,Baltimore Ravens,8.515,0.0,0,No,No,No,No,No,0,No,5.41,5.1,3.85,2.881,-0.5679999999999998,6.2115,-0.5679999999999998,6.2115,6.667000000000001,4.621499999999999,5.107,2.4025,Baltimore Ravens,6.7795,Baltimore Ravens,6.7795,-0.5679999999999998,6.2115,Baltimore Ravens,6.7795,Jacksonville Jaguars,0.3100000000000005,Jacksonville Jaguars,0.9690000000000003,4.63,3.9905,Jacksonville Jaguars,0.6395,Jacksonville Jaguars,2.0455000000000014,Jacksonville Jaguars,2.7045000000000003,5.8870000000000005,3.5119999999999996,Jacksonville Jaguars,2.375000000000001,Different,Different,Different,Different,Same,Same,True,Away Team,Away Team,49.5,-204.0,170.0,Baltimore Ravens,Jacksonville Jaguars,-4.5,4.5,108,-131,117,-142,2.0455000000000014,-2.0455000000000014,2.7045000000000003,-2.7045000000000003,0.3704,0.6711,0.5671,0.4808,0.5868,0.4608,0.3556,0.6444,0.5412,0.4588,0.5601,0.4399,0.3556,0.6444,-0.1444,0.1444,,,121,9,2026-11-05,JAX @ BAL,10.0,50.0,0.0,Historical Avg,False,T.Lawrence,L.Jackson,-3.43,-4.0,13.58,184.5,Med-High,-13.0,7.0,56.01,56.0,13.979334188611107,39.0,74.0,0.6008,0.3986,0.086,0.089,0.496,0.504,0.6696,0.3304,0.536,0.4639,-116,+116,,,,,,,,No Bet,,No Bet,,No Bet,,No Bet,,No Bet,,No Bet,,No Bet,,No Bet,,No Bet,,,,,,,,,,,,,,nan,,,,,,,,,,,,,,,9,0.02082222222222222,0.11197499999999999,Baltimore Ravens,Jacksonville Jaguars,0,0,0,0,0,0,0,0,0,0,0,0,0,3.5,4.5,,,2204.232861005907,0.6421636153190204,0.6811416318597964,0.01201862485016739,0.0011003724556231356,17.071346747349242,0.8624996660163676,9.420501091491916,1.5629774600139121,0.021848256627408715,0.0009412003110150572,0.007744801853447866,0.004273822996719524,0.00039129244521958706,0.0007090800104035486,0.004982903007123072,2.42547712603028,26.491847838841156,,,814.0,686.0
2026_09_CIN_ATL,2026,9,2026-11-08,09:30,Cincinnati Bengals,Atlanta Falcons,Neutral,,,,,7,7,0,0,7,3,Bernabéu Stadium,33.7489,-84.388,America/New_York,True,False,9,9,Sunday,7,3,AFC North,Paycor Stadium,39.0955,-84.5165,America/New_York,NFC South,Mercedes-Benz Stadium,33.7489,-84.388,America/New_York,Tennessee Titans,Tampa Bay Buccaneers,Paycor Stadium,Raymond James Stadium,Pittsburgh Steelers,Kansas City Chiefs,Paycor Stadium,Mercedes-Benz Stadium,369,0,-369,369,0.0,0.0,America/New_York,America/New_York,0.0,0.0,0.0,0.0,0.0,0,1.31,-0.71,1.31,-0.71,Cincinnati Bengals,2.02,Cincinnati Bengals,2.02,1.31,-0.71,Cincinnati Bengals,2.02,0.0,0,No,No,No,No,No,0,No,-0.04,-0.79,-0.609,-0.101,0.07150000000000012,-1.254,0.07150000000000012,-1.254,-1.2785,-1.334,-1.8475,-0.6449999999999999,Cincinnati Bengals,1.3255000000000001,Cincinnati Bengals,1.3255000000000001,0.07150000000000012,-1.254,Cincinnati Bengals,1.3255000000000001,Cincinnati Bengals,0.75,Atlanta Falcons,0.508,-0.3245,-0.4455,Cincinnati Bengals,0.121,Cincinnati Bengals,0.055500000000000105,Atlanta Falcons,1.2025000000000001,-1.563,-0.9895,Atlanta Falcons,0.5734999999999999,Same,Different,Same,Different,Same,Same,False,Away Team,Home Team,49.166666666666664,185.0,-222.0,Cincinnati Bengals,Atlanta Falcons,4.833333333333333,-4.833333333333333,-110,-110,-122,101,0.055500000000000105,-0.055500000000000105,-1.2025000000000001,1.2025000000000001,0.6894,0.3509,0.5238,0.5238,0.4975,0.5495,0.6627,0.3373,0.5,0.5,0.4752,0.5248,0.6627,0.3373,0.1627,-0.1627,,,122,9,2026-11-08,CIN @ ATL,10.0,60.0,0.0,Historical Avg,False,J.Burrow,M.Penix,-4.13,-5.0,13.77,189.58,Med-High,-14.0,6.0,51.54,51.0,13.467344817568422,35.0,69.0,0.6104,0.3888,0.0868,0.088,0.7124,0.2876,0.5452,0.4548,0.4931,0.5067,+103,-103,,,,,,,,No Bet,,No Bet,,No Bet,,No Bet,,No Bet,,No Bet,,No Bet,,No Bet,,No Bet,,,,,,,,,,,,,,nan,,,,,,,,,,,,,,,9,0.10722222222222222,-0.081275,Cincinnati Bengals,Atlanta Falcons,0,0,0,0,0,0,0,0,0,0,0,0,0,4.5,2.0,,,2204.232861005907,0.9967262221178101,0.7897296972437595,0.0,0.0363504685800325,0.0,53.09876947853053,0.0,27.02612787853984,0.0009504130515305127,0.02529826085714504,0.0,0.0,0.024089455527987535,0.012261013052044963,0.012261013052044963,80.12489735707037,0.0,,,814.0,686.0
2026_09_DEN_CAR,2026,9,2026-11-08,13:00,Denver Broncos,Carolina Panthers,Home,,,,,7,10,-3,3,0,10,Bank of America Stadium,35.2258,-80.8528,America/New_York,False,False,9,9,Sunday,0,10,AFC West,Empower Field at Mile High,39.7648,-105.0076,America/Denver,NFC South,Bank of America Stadium,35.2258,-80.8528,America/New_York,Kansas City Chiefs,Green Bay Packers,Empower Field at Mile High,Lambeau Field,Las Vegas Raiders,New Orleans Saints,Empower Field at Mile High,Caesars Superdome,1355,0,-1355,1355,-2.0,0.0,America/Denver,America/Chicago,-2.0,-1.0,-2.0,0.0,-2.0,0,2.05,-5.25,2.05,-5.25,Denver Broncos,7.3,Denver Broncos,7.3,2.05,-5.25,Denver Broncos,7.3,-0.3,0,No,No,No,No,No,0,No,-0.48,-3.79,3.499,-4.367,1.9555,-6.128500000000001,1.9555,-6.128500000000001,-0.5745,-4.6685,3.4045000000000005,-5.2455,Denver Broncos,8.084000000000001,Denver Broncos,8.084000000000001,1.9555,-6.128500000000001,Denver Broncos,8.084000000000001,Denver Broncos,3.31,Denver Broncos,7.866,1.5095,-4.0785,Denver Broncos,5.588,Denver Broncos,4.093999999999999,Denver Broncos,8.65,1.4150000000000003,-4.957,Denver Broncos,6.372,Same,Same,Same,Same,Same,Same,False,Away Team,Away Team,42.5,136.0,-161.0,Denver Broncos,Carolina Panthers,3.0,-3.0,171,-211,302,-397,4.093999999999999,-4.093999999999999,8.65,-8.65,0.6169,0.4237,0.6785,0.369,0.7988,0.2488,0.5928,0.4072,0.6477,0.3523,0.7625,0.2375,0.5928,0.4072,0.0928,-0.0928,,,123,9,2026-11-08,DEN @ CAR,6.0,55.0,0.0,Historical Avg,False,B.Nix,B.Young,10.8,11.0,13.1,171.59,Medium,3.0,20.0,43.97,44.0,12.755225523511182,28.0,61.0,0.208,0.7918,0.0648,0.0738,0.2324,0.7338,0.5426,0.4574,0.3012,0.6987,+232,-232,,,,,,,,No Bet,,No Bet,,No Bet,,No Bet,,No Bet,,No Bet,,No Bet,,No Bet,,No Bet,,,,,,,,,,,,,,nan,,,,,,,,,,,,,,,9,0.102025,-0.07815555555555556,Denver Broncos,Carolina Panthers,1,0,0,0,0,0,1,0,1,0,1,0,0,4.5,2.0,,,2204.232861005907,0.996015775869929,0.5527823915801255,7.602728587602544e-05,0.0058487207317997935,0.0682393260058096,7.642343473618239,0.09934251585521595,5.249598958261382,0.001344343045247075,0.007577750320882514,3.095831080871756e-05,4.5068975067307884e-05,0.0034671216498109174,0.002381599081988876,0.002426668057056184,12.891942431879622,0.16758184186102557,,,814.0,686.0
2026_09_DAL_IND,2026,9,2026-11-08,13:00,Dallas Cowboys,Indianapolis Colts,Home,,,,,7,7,0,0,2,-16,Lucas Oil Stadium,39.7601,-86.1638,America/Indiana/Indianapolis,False,False,9,9,Sunday,2,-16,NFC East,AT&T Stadium,32.7369,-97.0826,America/Chicago,AFC South,Lucas Oil Stadium,39.7601,-86.1638,America/Indiana/Indianapolis,Arizona Cardinals,Jacksonville Jaguars,AT&T Stadium,TIAA Bank Field,San Francisco 49ers,Miami Dolphins,AT&T Stadium,Lucas Oil Stadium,777,0,-777,777,-1.0,0.0,America/Chicago,America/New_York,-1.0,0.0,-1.0,0.0,-1.0,0,-0.615,-2.265,-0.615,-2.265,Dallas Cowboys,1.6500000000000001,Dallas Cowboys,1.6500000000000001,-0.615,-2.265,Dallas Cowboys,1.6500000000000001,0.0,0,No,No,No,No,No,0,No,-1.01,0.93,-3.616,0.288,-0.58,-3.7265000000000006,-0.58,-3.7265000000000006,-0.975,-0.5315,-3.5810000000000004,-1.1735,Dallas Cowboys,3.1465000000000005,Dallas Cowboys,3.1465000000000005,-0.58,-3.7265000000000006,Dallas Cowboys,3.1465000000000005,Indianapolis Colts,1.94,Indianapolis Colts,3.904,-2.313,0.609,Indianapolis Colts,2.922,Indianapolis Colts,0.4435,Indianapolis Colts,2.4075000000000006,-2.278,-0.8525,Indianapolis Colts,1.4255,Different,Different,Different,Different,Same,Same,False,Home Team,Home Team,52.5,105.0,-125.0,Dallas Cowboys,Indianapolis Colts,1.5,-1.5,-116,-104,-142,117,-0.4435,0.4435,-2.4075000000000006,2.4075000000000006,0.5556,0.4878,0.5098,0.537,0.4608,0.5868,0.5325,0.4675,0.487,0.513,0.4399,0.5601,0.5325,0.4675,0.0325,-0.0325,,,124,9,2026-11-08,DAL @ IND,0.0,70.0,0.0,Dome,True,D.Prescott,D.Jones,-6.01,-7.0,13.57,184.1,Med-High,-15.0,4.0,63.98,63.0,14.517377211060461,46.0,83.0,0.6704,0.3292,0.0852,0.0862,0.6882,0.3118,0.7832,0.2168,0.5528,0.4471,-124,+124,,,,,,,,No Bet,,No Bet,,No Bet,,No Bet,,No Bet,,No Bet,,No Bet,,No Bet,,No Bet,,,,,,,,,,,,,,nan,,,,,,,,,,,,,,,9,0.0241375,0.00036250000000000344,Dallas Cowboys,Indianapolis Colts,1,0,0,0,0,0,0,0,1,0,0,0,0,3.5,3.0,,,2204.232861005907,0.9367253919939487,0.47744949500752054,0.00034530967614751203,0.0013704237714791613,0.35583432229372813,1.608540381393444,0.4053086130939256,1.4121927292045733,0.0033896033429239095,0.004657550054977005,0.00016143227359896188,0.00018387740254855015,0.0007297506583126533,0.000640673113166508,0.0008245505157150582,3.0207331105980173,0.7611429353876537,,,814.0,686.0
2026_09_NYJ_KC,2026,9,2026-11-08,13:00,New York Jets,Kansas City Chiefs,Home,,,,,7,7,0,0,-12,3,GEHA Field at Arrowhead Stadium,39.0489,-94.4839,America/Chicago,False,False,9,9,Sunday,-12,3,AFC East,MetLife Stadium,40.8136,-74.0744,America/New_York,AFC West,GEHA Field at Arrowhead Stadium,39.0489,-94.4839,America/Chicago,Las Vegas Raiders,Denver Broncos,MetLife Stadium,Empower Field at Mile High,Buffalo Bills,Atlanta Falcons,MetLife Stadium,Mercedes-Benz Stadium,1085,0,-1085,1085,1.0,0.0,America/New_York,America/Denver,1.0,-1.0,1.0,0.0,1.0,0,-3.725,4.395,-3.725,4.395,Kansas City Chiefs,8.12,Kansas City Chiefs,8.12,-3.725,4.395,Kansas City Chiefs,8.12,0.0,0,No,No,No,No,No,0,No,-9.26,-2.17,-6.95,0.625,-5.142,2.3565,-5.142,2.3565,-10.677,-4.2085,-8.366999999999999,-1.4135,Kansas City Chiefs,7.4985,Kansas City Chiefs,7.4985,-5.142,2.3565,Kansas City Chiefs,7.4985,Kansas City Chiefs,7.09,Kansas City Chiefs,7.575,-8.105,-0.7725,Kansas City Chiefs,7.3325000000000005,Kansas City Chiefs,6.4685,Kansas City Chiefs,6.953499999999999,-9.521999999999998,-2.811,Kansas City Chiefs,6.7109999999999985,Same,Same,Same,Same,Same,Same,False,Home Team,Home Team,41.5,-476.0,360.0,Kansas City Chiefs,New York Jets,-9.5,9.5,-282,224,-319,249,-6.4685,6.4685,-6.953499999999999,6.953499999999999,0.2174,0.8264,0.3086,0.7382,0.2865,0.7613,0.2083,0.7917,0.2948,0.7052,0.2734,0.7266,0.2083,0.7917,-0.2917,0.2917,,,125,9,2026-11-08,NYJ @ KC,10.0,60.0,0.0,Historical Avg,False,G.Smith,P.Mahomes,-10.64,-11.0,12.75,162.56,Med-Low,-19.0,-3.0,45.57,45.0,12.716906185884525,29.0,62.0,0.8008,0.1982,0.0744,0.0632,0.5574,0.4426,0.6192,0.3808,0.7561,0.2437,-310,+310,,,,,,,,No Bet,,No Bet,,No Bet,,No Bet,,No Bet,,No Bet,,No Bet,,No Bet,,No Bet,,,,,,,,,,,,,,nan,,,,,,,,,,,,,,,9,-0.1674125,0.06928888888888889,Kansas City Chiefs,New York Jets,0,0,0,1,0,0,0,0,0,1,0,0,0,1.0,4.0,,,2204.232861005907,0.6658757664712466,0.9405627270437273,0.2671738132953203,0.00010427456791055437,466.2426587120554,0.047876802893118985,122.67064015374656,0.18196862626251703,0.22921811128603817,0.00017218642536551398,0.21152150798590508,0.05565230530941523,2.1720392495768477e-05,8.25541754147859e-05,0.055734859484830014,0.22984542915563602,588.913298865802,,,814.0,686.0
2026_09_DET_MIA,2026,9,2026-11-08,13:00,Detroit Lions,Miami Dolphins,Home,,,,,7,7,0,0,10,1,Hard Rock Stadium,25.9602,-80.2384,America/New_York,False,False,9,9,Sunday,10,1,NFC North,Ford Field,42.3395,-83.045,America/Detroit,AFC East,Hard Rock Stadium,25.9602,-80.2384,America/New_York,Minnesota Vikings,New England Patriots,Ford Field,Hard Rock Stadium,New England Patriots,Indianapolis Colts,FC Bayern Munich Stadium,Lucas Oil Stadium,1142,0,-1142,1142,0.0,0.0,America/Detroit,America/New_York,0.0,0.0,0.0,0.0,0.0,0,4.305,0.66,4.305,0.66,Detroit Lions,3.6449999999999996,Detroit Lions,3.6449999999999996,4.305,0.66,Detroit Lions,3.6449999999999996,0.0,0,No,No,No,No,No,0,No,3.98,-5.46,3.658,-3.956,5.638999999999999,1.8645,5.638999999999999,1.8645,5.314,-4.2555,4.991999999999999,-2.7515,Detroit Lions,3.7744999999999993,Detroit Lions,3.7744999999999993,5.638999999999999,1.8645,Detroit Lions,3.7744999999999993,Detroit Lions,9.44,Detroit Lions,7.614,3.819,-4.708,Detroit Lions,8.527000000000001,Detroit Lions,9.5695,Detroit Lions,7.743499999999999,5.153,-3.5035,Detroit Lions,8.6565,Same,Same,Same,Same,Same,Same,False,Away Team,Away Team,47.5,225.0,-278.0,Detroit Lions,Miami Dolphins,6.5,-6.5,327,-436,268,-346,9.5695,-9.5695,7.743499999999999,-7.743499999999999,0.7354,0.3077,0.8134,0.2342,0.7758,0.2717,0.705,0.295,0.7765,0.2235,0.7406,0.2594,0.705,0.295,0.205,-0.205,,,126,9,2026-11-08,DET @ MIA,10.0,75.0,0.0,Historical Avg,False,J.Goff,M.Willis,12.35,13.0,14.14,199.92,High,4.0,21.0,51.34,50.0,13.695685444692426,34.0,69.0,0.194,0.8052,0.0584,0.0684,0.3062,0.6938,0.5862,0.4138,0.243,0.7568,+312,-311,,,,,,,,No Bet,,No Bet,,No Bet,,No Bet,,No Bet,,No Bet,,No Bet,,No Bet,,No Bet,,,,,,,,,,,,,,nan,,,,,,,,,,,,,,,9,0.0767111111111111,-0.23939999999999997,Detroit Lions,Miami Dolphins,1,0,0,0,0,0,0,0,1,0,0,0,0,4.0,0.0,,,2204.232861005907,0.9974417002386013,0.46667418300857405,9.980508615083475e-05,0.031450775511575546,0.06489812692381268,48.87400718514795,0.15509552366538285,20.450825701586734,0.00048361696780426395,0.05884922815100626,2.9442500414496252e-05,7.03625857363385e-05,0.02217279673566076,0.009277978775914787,0.009348341361651125,69.32483288673468,0.21999365058919554,,,814.0,686.0
2026_09_CLE_NO,2026,9,2026-11-08,13:00,Cleveland Browns,New Orleans Saints,Home,,,,,7,14,-7,7,-4,3,Caesars Superdome,29.9507,-90.0813,America/Chicago,False,True,9,9,Sunday,-4,3,AFC North,FirstEnergy Stadium,41.5061,-81.6994,America/New_York,NFC South,Caesars Superdome,29.9507,-90.0813,America/Chicago,Pittsburgh Steelers,Pittsburgh Steelers,Acrisure Stadium,Stade de France,Houston Texans,Carolina Panthers,FirstEnergy Stadium,Caesars Superdome,925,0,-925,925,1.0,0.0,America/New_York,America/Chicago,1.0,0.0,1.0,0.0,1.0,0,-4.705,-6.145,-4.705,-6.145,Cleveland Browns,1.4399999999999995,Cleveland Browns,1.4399999999999995,-4.705,-6.145,Cleveland Browns,1.4399999999999995,0.0,0,No,No,No,No,No,0,No,-6.94,-4.37,-7.475,-4.865,-5.498500000000001,-6.448999999999999,-5.498500000000001,-6.448999999999999,-7.733500000000001,-4.674,-8.2685,-5.169,Cleveland Browns,0.9504999999999981,Cleveland Browns,0.9504999999999981,-5.498500000000001,-6.448999999999999,Cleveland Browns,0.9504999999999981,New Orleans Saints,2.5700000000000003,New Orleans Saints,2.6099999999999994,-7.2075,-4.6175,New Orleans Saints,2.59,New Orleans Saints,3.0595000000000008,New Orleans Saints,3.0995,-8.001000000000001,-4.9215,New Orleans Saints,3.0795000000000012,Different,Different,Different,Different,Same,Same,False,Home Team,Home Team,41.5,-204.0,170.0,New Orleans Saints,Cleveland Browns,-3.5,3.5,-164,135,-164,135,-3.0595000000000008,3.0595000000000008,-3.0995,3.0995,0.3704,0.6711,0.4255,0.6212,0.4255,0.6212,0.3556,0.6444,0.4065,0.5935,0.4065,0.5935,0.3556,0.6444,-0.1444,0.1444,,,127,9,2026-11-08,CLE @ NO,0.0,70.0,0.0,Dome,True,S.Sanders,T.Shough,-5.55,-7.0,13.29,176.7,Medium,-15.0,4.0,38.26,37.0,12.204278958012104,23.0,54.0,0.666,0.3334,0.0822,0.0922,0.589,0.411,0.3748,0.6252,0.6244,0.3755,-166,+166,,,,,,,,No Bet,,No Bet,,No Bet,,No Bet,,No Bet,,No Bet,,No Bet,,No Bet,,No Bet,,,,,,,,,,,,,,nan,,,,,,,,,,,,,,,9,-0.12205,-0.06965555555555555,New Orleans Saints,Cleveland Browns,0,0,0,0,0,0,0,0,0,0,0,0,0,1.5,2.0,,,2204.232861005907,0.9317836812704696,0.9951537993005438,0.0695333665280193,0.001171302520671994,98.76572613827882,0.9180964388204589,54.50200529914953,1.663727067423801,0.07302881706111743,0.0009976187716711578,0.044807301390655634,0.02472606513736366,0.0004165151763509611,0.0007547873443210329,0.025480852481684694,2.58182350624426,153.26773143742835,,,814.0,686.0
2026_09_NYG_PHI,2026,9,2026-11-08,13:00,New York Giants,Philadelphia Eagles,Home,,,,,14,7,7,-7,3,-22,Lincoln Financial Field,39.9008,-75.1675,America/New_York,False,False,9,9,Sunday,3,-22,NFC East,MetLife Stadium,40.8136,-74.0744,America/New_York,NFC East,Lincoln Financial Field,39.9008,-75.1675,America/New_York,Houston Texans,Washington Commanders,NRG Stadium,FedExField,Washington Commanders,Pittsburgh Steelers,MetLife Stadium,Lincoln Financial Field,85,0,-85,85,0.0,0.0,America/Chicago,America/New_York,-1.0,0.0,0.0,0.0,0.0,0,-2.84,4.905,-2.84,4.905,Philadelphia Eagles,7.745,Philadelphia Eagles,7.745,-2.84,4.905,Philadelphia Eagles,7.745,0.0,0,No,No,No,No,No,1,No,-3.53,5.52,-5.014,3.682,-1.06525,4.59425,-1.06525,4.59425,-1.7422,5.196199999999999,-3.2297399999999996,3.36174,Philadelphia Eagles,5.6594999999999995,Philadelphia Eagles,5.6594999999999995,-1.06525,4.59425,Philadelphia Eagles,5.6594999999999995,Philadelphia Eagles,9.049999999999999,Philadelphia Eagles,8.696,-4.272,4.601,Philadelphia Eagles,8.873000000000001,Philadelphia Eagles,6.9384,Philadelphia Eagles,6.59148,-2.48597,4.278969999999999,Philadelphia Eagles,6.764939999999999,Same,Same,Same,Same,Same,Same,False,Home Team,Home Team,44.5,-238.0,195.0,Philadelphia Eagles,New York Giants,-5.5,5.5,-319,249,-282,224,-6.9384,6.9384,-6.59148,6.59148,0.339,0.7041,0.2865,0.7613,0.3086,0.7382,0.325,0.675,0.2734,0.7266,0.2948,0.7052,0.325,0.675,-0.175,0.175,,,128,9,2026-11-08,NYG @ PHI,12.0,50.0,0.0,Historical Avg,False,J.Dart,J.Hurts,-10.43,-11.0,13.16,173.16,Medium,-20.0,-3.0,44.3,43.0,12.748051408860281,29.0,61.0,0.785,0.214,0.0732,0.0734,0.6806,0.3194,0.4632,0.5368,0.723,0.2768,-261,+261,,,,,,,,No Bet,,No Bet,,No Bet,,No Bet,,No Bet,,No Bet,,No Bet,,No Bet,,No Bet,,,,,,,,,,,,,,nan,,,,,,,,,,,,,,,9,-0.07164444444444446,0.08977500000000001,Philadelphia Eagles,New York Giants,0,0,0,1,0,1,0,0,0,1,0,1,1,2.0,4.5,,,2204.232861005907,0.8174109103729837,0.7942857146129967,0.06563327759266444,4.841187892462428e-06,97.65294339055971,0.0034681092676326253,47.01808385471392,0.007202996171236991,0.05450896322303899,0.0009683244439547014,0.0443024623750485,0.021330815217615935,1.5733860650502892e-06,3.2678018274121394e-06,0.021334083019443346,0.010671105438869616,144.67102724527362,,,814.0,686.0
2026_09_LA_WAS,2026,9,2026-11-08,13:00,Los Angeles Rams,Washington Commanders,Home,,,,,7,7,0,0,-5,7,FedExField,38.9077,-76.8645,America/New_York,False,False,9,9,Sunday,-5,7,NFC West,SoFi Stadium,33.9535,-118.3395,America/Los_Angeles,NFC East,FedExField,38.9077,-76.8645,America/New_York,Los Angeles Chargers,Philadelphia Eagles,SoFi Stadium,FedExField,Arizona Cardinals,New York Giants,State Farm Stadium,MetLife Stadium,2309,0,-2309,2309,-3.0,0.0,America/Los_Angeles,America/New_York,-3.0,0.0,-3.0,0.0,-3.0,0,1.29,1.45,1.29,1.45,Washington Commanders,0.15999999999999992,Washington Commanders,0.15999999999999992,1.29,1.45,Washington Commanders,0.15999999999999992,-0.44999999999999996,0,No,No,No,No,No,0,No,8.12,-5.43,7.087,-1.427,1.077,1.2469999999999999,1.077,1.2469999999999999,7.906999999999999,-5.633,6.874,-1.63,Washington Commanders,0.16999999999999993,Washington Commanders,0.16999999999999993,1.077,1.2469999999999999,Washington Commanders,0.16999999999999993,Los Angeles Rams,13.549999999999999,Los Angeles Rams,8.514,7.6034999999999995,-3.4284999999999997,Los Angeles Rams,11.032,Los Angeles Rams,13.54,Los Angeles Rams,8.504,7.390499999999999,-3.6315,Los Angeles Rams,11.021999999999998,Different,Different,Different,Different,Same,Same,False,Away Team,Away Team,50.5,180.0,-217.0,Los Angeles Rams,Washington Commanders,5.5,-5.5,539,-819,302,-397,13.54,-13.54,8.504,-8.504,0.6845,0.3571,0.8912,0.1565,0.7988,0.2488,0.6571,0.3429,0.8506,0.1494,0.7625,0.2375,0.6571,0.3429,0.1571,-0.1571,,,129,9,2026-11-08,LA @ WAS,10.0,52.0,0.0,Historical Avg,False,M.Stafford,J.Daniels,10.22,10.0,13.31,177.16,Medium,3.0,19.0,56.49,56.0,14.316970045587764,39.0,75.0,0.2154,0.7834,0.074,0.072,0.3408,0.6592,0.6452,0.3548,0.2363,0.7634,+323,-323,,,,,,,,No Bet,,No Bet,,No Bet,,No Bet,,No Bet,,No Bet,,No Bet,,No Bet,,No Bet,,,,,,,,,,,,,,nan,,,,,,,,,,,,,,,9,0.1323625,0.0013888888888888913,Los Angeles Rams,Washington Commanders,1,0,0,0,0,0,0,0,1,0,0,0,0,5.0,3.0,,,2204.232861005907,0.9910613784852742,0.23657312619740875,0.0,0.004687371286312216,0.0,6.789195194195472,0.0,3.5428626268294434,0.0006837355618111291,0.010275044643181559,0.0,0.0,0.0030800716722357573,0.001607299614076459,0.001607299614076459,10.332057821024915,0.0,,,814.0,686.0
2026_09_HOU_LAC,2026,9,2026-11-08,16:05,Houston Texans,Los Angeles Chargers,Home,,,,,14,7,7,-7,7,-10,SoFi Stadium,33.9535,-118.3395,America/Los_Angeles,False,False,9,9,Sunday,7,-10,AFC South,NRG Stadium,29.6847,-95.4093,America/Chicago,AFC West,SoFi Stadium,33.9535,-118.3395,America/Los_Angeles,New York Giants,Los Angeles Rams,NRG Stadium,SoFi Stadium,Cleveland Browns,Baltimore Ravens,FirstEnergy Stadium,M&T Bank Stadium,1374,0,-1374,1374,2.0,0.0,America/Chicago,America/Los_Angeles,2.0,0.0,2.0,0.0,2.0,0,0.035,0.935,0.035,0.935,Los Angeles Chargers,0.9,Los Angeles Chargers,0.9,0.035,0.935,Los Angeles Chargers,0.9,-0.15,0,No,No,No,No,No,0,No,2.96,1.12,5.008,0.527,1.1535000000000002,-0.09949999999999996,1.1535000000000002,-0.09949999999999996,4.0785,0.08550000000000009,6.1265,-0.5075,Houston Texans,1.2530000000000001,Houston Texans,1.2530000000000001,1.1535000000000002,-0.09949999999999996,Houston Texans,1.2530000000000001,Houston Texans,1.8399999999999999,Houston Texans,4.481,3.984,0.8235000000000001,Houston Texans,3.1605,Houston Texans,3.993,Houston Texans,6.634,5.1025,-0.21099999999999994,Houston Texans,5.3135,Different,Different,Same,Same,Same,Same,False,Away Team,Away Team,43.5,-143.0,120.0,Los Angeles Chargers,Houston Texans,-2.0,2.0,171,-211,224,-282,3.993,-3.993,6.634,-6.634,0.4545,0.5885,0.6785,0.369,0.7382,0.3086,0.4358,0.5642,0.6477,0.3523,0.7052,0.2948,0.4358,0.5642,-0.0642,0.0642,,,130,9,2026-11-08,HOU @ LAC,0.0,70.0,0.0,Dome,True,C.Stroud,J.Herbert,-0.6,-1.0,13.77,189.61,Med-High,-10.0,10.0,42.57,42.0,12.18238237489144,27.0,58.0,0.5156,0.4834,0.0842,0.0816,0.4854,0.5026,0.4426,0.5574,0.4317,0.568,+132,-131,,,,,,,,No Bet,,No Bet,,No Bet,,No Bet,,No Bet,,No Bet,,No Bet,,No Bet,,No Bet,,,,,,,,,,,,,,nan,,,,,,,,,,,,,,,9,0.06662222222222222,0.08310000000000001,Los Angeles Chargers,Houston Texans,0,0,0,0,0,0,1,0,0,0,1,0,0,4.0,4.0,,,2204.232861005907,0.4924192688625531,0.8316511332603503,0.005227444476439563,3.542668169368352e-05,6.500997261224084,0.034031036261098414,5.021507632827819,0.0440576196845152,0.008460897307404559,0.002253996963775461,0.0029493241736072012,0.0022781203028323614,1.5438947882107278e-05,1.998773381157624e-05,0.0022981080366439375,0.07808865594561362,11.522504894051904,,,814.0,686.0
2026_09_LV_SF,2026,9,2026-11-08,16:05,Las Vegas Raiders,San Francisco 49ers,Home,,,,,7,14,-7,7,-6,9,Levi's Stadium,37.4031,-121.9702,America/Los_Angeles,False,True,9,9,Sunday,-6,9,AFC West,Allegiant Stadium,36.108,-115.1578,America/Los_Angeles,NFC West,Levi's Stadium,37.4031,-121.9702,America/Los_Angeles,New York Jets,Atlanta Falcons,MetLife Stadium,Mercedes-Benz Stadium,Seattle Seahawks,Dallas Cowboys,Allegiant Stadium,AT&T Stadium,387,0,-387,387,0.0,0.0,America/New_York,America/New_York,3.0,3.0,0.0,0.0,0.0,0,-2.35,3.325,-2.35,3.325,San Francisco 49ers,5.675000000000001,San Francisco 49ers,5.675000000000001,-2.35,3.325,San Francisco 49ers,5.675000000000001,0.0,0,No,No,No,No,No,0,No,-8.15,3.57,-7.588,2.606,-3.2035,2.6405,-3.2035,2.6405,-9.0035,2.8855,-8.4415,1.9215,San Francisco 49ers,5.843999999999999,San Francisco 49ers,5.843999999999999,-3.2035,2.6405,San Francisco 49ers,5.843999999999999,San Francisco 49ers,11.72,San Francisco 49ers,10.193999999999999,-7.869,3.088,San Francisco 49ers,10.957,San Francisco 49ers,11.889000000000001,San Francisco 49ers,10.363,-8.7225,2.4035,San Francisco 49ers,11.126000000000001,Same,Same,Same,Same,Same,Same,False,Home Team,Home Team,46.5,-435.0,340.0,San Francisco 49ers,Las Vegas Raiders,-8.5,8.5,-660,458,-538,389,-11.889000000000001,11.889000000000001,-10.363,10.363,0.2273,0.8131,0.1792,0.8684,0.2045,0.8433,0.2185,0.7815,0.1711,0.8289,0.1952,0.8048,0.2185,0.7815,-0.2815,0.2815,,,131,9,2026-11-08,LV @ SF,8.0,60.0,0.0,Historical Avg,False,K.Cousins,B.Purdy,-9.84,-10.0,12.15,147.64,Low,-18.0,-3.0,50.48,50.0,13.045725581629801,34.0,68.0,0.7864,0.2122,0.0824,0.0794,0.5548,0.4452,0.6012,0.3988,0.8004,0.1992,-401,+402,,,,,,,,No Bet,,No Bet,,No Bet,,No Bet,,No Bet,,No Bet,,No Bet,,No Bet,,No Bet,,,,,,,,,,,,,,nan,,,,,,,,,,,,,,,9,-0.1257,0.036533333333333334,San Francisco 49ers,Las Vegas Raiders,0,0,0,0,0,0,0,0,0,0,0,0,0,1.5,3.5,,,2204.232861005907,0.3184865017205359,0.9485962889647704,0.12365151133349192,8.122688530136553e-06,213.00308027046674,0.003912088889658643,59.55364432386051,0.013992208088184117,0.10209134875693182,0.0001986889575831341,0.09663365610712393,0.027017855226367987,1.7748074438348367e-06,6.347881086301716e-06,0.02702420310745429,0.017904296977842758,272.55672459432725,,,814.0,686.0
2026_09_GB_NE,2026,9,2026-11-08,16:25,Green Bay Packers,New England Patriots,Home,,,,,10,7,3,-3,-4,4,Gillette Stadium,42.0628,-71.2687,America/New_York,False,False,9,9,Sunday,-4,4,NFC North,Lambeau Field,44.5013,-88.0622,America/Chicago,AFC East,Gillette Stadium,42.0628,-71.2687,America/New_York,Carolina Panthers,Miami Dolphins,Lambeau Field,Hard Rock Stadium,Minnesota Vikings,Detroit Lions,Lambeau Field,FC Bayern Munich Stadium,859,0,-859,859,-1.0,0.0,America/Chicago,America/New_York,-1.0,0.0,-1.0,0.0,-1.0,0,3.535,-1.995,3.535,-1.995,Green Bay Packers,5.53,Green Bay Packers,5.53,3.535,-1.995,Green Bay Packers,5.53,0.0,0,No,No,No,No,No,0,No,5.09,5.09,2.933,4.222,3.1955,-2.0295,3.1955,-2.0295,4.750499999999999,5.0555,2.5934999999999997,4.1875,Green Bay Packers,5.225,Green Bay Packers,5.225,3.1955,-2.0295,Green Bay Packers,5.225,Tie,0.0,New England Patriots,1.2890000000000006,4.0115,4.656000000000001,New England Patriots,0.6445000000000007,New England Patriots,0.3050000000000015,New England Patriots,1.5940000000000003,3.6719999999999993,4.6215,New England Patriots,0.9495000000000009,Different,Different,Different,Different,Different,Same,False,Home Team,Home Team,46.5,-125.0,105.0,New England Patriots,Green Bay Packers,-1.5,1.5,-116,-104,-128,105,-0.3050000000000015,0.3050000000000015,-1.5940000000000003,1.5940000000000003,0.4878,0.5556,0.5098,0.537,0.4878,0.5614,0.4675,0.5325,0.487,0.513,0.4649,0.5351,0.4675,0.5325,-0.0325,0.0325,,,132,9,2026-11-08,GB @ NE,12.0,45.0,0.0,Historical Avg,False,J.Love,D.Maye,1.91,3.0,12.85,165.25,Med-Low,-7.0,11.0,50.42,50.0,13.618410047374976,33.0,68.0,0.432,0.5668,0.1118,0.0938,0.4104,0.5896,0.605,0.395,0.5032,0.4966,-101,+101,,,,,,,,No Bet,,No Bet,,No Bet,,No Bet,,No Bet,,No Bet,,No Bet,,No Bet,,No Bet,,,,,,,,,,,,,,nan,,,,,,,,,,,,,,,9,0.07775000000000001,0.0822625,New England Patriots,Green Bay Packers,0,0,1,0,0,0,1,0,1,0,1,0,0,4.0,4.0,,,2204.232861005907,0.23077776597158012,0.6407519782658689,0.00010957587931754774,0.00019915320760545665,0.12861512648655218,0.2052231708405325,0.11291562747880406,0.2337568737381466,0.0017341120329654241,0.0027075784525494072,5.8349155736594166e-05,5.122672358095357e-05,9.3104124555551e-05,0.00010604908304990566,0.00015727580663085924,0.4389800445786791,0.24153075396535625,,,814.0,686.0
2026_09_ARI_SEA,2026,9,2026-11-08,16:25,Arizona Cardinals,Seattle Seahawks,Home,,,,,7,6,1,-1,-4,3,Lumen Field,47.5952,-122.3316,America/Los_Angeles,False,True,9,9,Sunday,-4,3,NFC West,State Farm Stadium,33.5277,-112.262608,America/Denver,NFC West,Lumen Field,47.5952,-122.3316,America/Los_Angeles,Dallas Cowboys,Chicago Bears,AT&T Stadium,Lumen Field,Los Angeles Rams,Las Vegas Raiders,State Farm Stadium,Allegiant Stadium,1103,0,-1103,1103,1.0,0.0,America/Chicago,America/Los_Angeles,2.0,0.0,1.0,0.0,1.0,0,0.075,-0.13,0.075,-0.13,Arizona Cardinals,0.20500000000000002,Arizona Cardinals,0.20500000000000002,0.075,-0.13,Arizona Cardinals,0.20500000000000002,0.0,0,No,No,No,No,No,1,Yes,-4.4,10.42,-3.837,10.022,0.9325549999999999,-0.042054999999999995,0.9325549999999999,-0.042054999999999995,-3.392195,10.357695000000001,-2.838805,9.969305000000002,Arizona Cardinals,0.9746099999999999,Arizona Cardinals,0.9746099999999999,0.9325549999999999,-0.042054999999999995,Arizona Cardinals,0.9746099999999999,Seattle Seahawks,14.82,Seattle Seahawks,13.859,-4.1185,10.221,Seattle Seahawks,14.339500000000001,Seattle Seahawks,13.74989,Seattle Seahawks,12.808110000000003,-3.1155,10.163500000000003,Seattle Seahawks,13.279000000000003,Different,Different,Different,Different,Same,Same,False,Home Team,Home Team,45.5,-833.0,575.0,Seattle Seahawks,Arizona Cardinals,-13.5,13.5,-819,539,-729,494,-13.74989,13.74989,-12.808110000000003,12.808110000000003,0.1481,0.8928,0.1565,0.8912,0.1684,0.8794,0.1423,0.8577,0.1494,0.8506,0.1607,0.8393,0.1423,0.8577,-0.3577,0.3577,,,133,9,2026-11-08,ARI @ SEA,10.0,48.0,0.0,Historical Avg,False,J.Brissett,S.Darnold,-15.07,-16.0,12.72,161.82,Med-Low,-24.0,-7.0,47.05,47.0,12.853200970771406,30.0,64.0,0.8848,0.1146,0.0522,0.051,0.5512,0.4488,0.5398,0.4602,0.8581,0.1418,-605,+605,,,,,,,,No Bet,,No Bet,,No Bet,,No Bet,,No Bet,,No Bet,,No Bet,,No Bet,,No Bet,,,,,,,,,,,,,,nan,,,,,,,,,,,,,,,9,-0.1921625,0.09166250000000001,Seattle Seahawks,Arizona Cardinals,0,0,0,0,0,0,0,1,0,0,0,1,1,0.5,4.5,,,2204.232861005907,0.7499508763103196,0.999656338384818,0.3465848203624871,0.00010292260561934404,655.2430457497998,0.032282944918238285,108.71060441902354,0.1945824445282711,0.34021778467857194,0.0005431533174866011,0.2972658004249052,0.04931901993758192,1.4645886779632657e-05,8.827671883971138e-05,0.04940729665642163,0.22686538944650936,763.9536501688233,,,814.0,686.0
2026_09_TB_CHI,2026,9,2026-11-08,20:20,Tampa Bay Buccaneers,Chicago Bears,Home,,,,,7,6,1,-1,1,1,Soldier Field,41.8623,-87.6167,America/Chicago,False,False,9,9,Sunday,1,1,NFC South,Raymond James Stadium,27.9759,-82.5033,America/New_York,NFC North,Soldier Field,41.8623,-87.6167,America/Chicago,Atlanta Falcons,Seattle Seahawks,Raymond James Stadium,Lumen Field,Detroit Lions,New Orleans Saints,Ford Field,Soldier Field,1001,0,-1001,1001,1.0,0.0,America/New_York,America/Los_Angeles,1.0,-2.0,1.0,0.0,1.0,0,1.025,-1.575,1.025,-1.575,Tampa Bay Buccaneers,2.5999999999999996,Tampa Bay Buccaneers,2.5999999999999996,1.025,-1.575,Tampa Bay Buccaneers,2.5999999999999996,0.0,0,No,No,No,No,No,0,Yes,-1.4,0.9,-2.096,1.647,3.0915,-1.4364999999999997,3.0915,-1.4364999999999997,0.6665000000000001,1.0385,-0.02949999999999986,1.7855000000000003,Tampa Bay Buccaneers,4.528,Tampa Bay Buccaneers,4.528,3.0915,-1.4364999999999997,Tampa Bay Buccaneers,4.528,Chicago Bears,2.3,Chicago Bears,3.7430000000000003,-1.748,1.2735,Chicago Bears,3.0215,Chicago Bears,0.3719999999999999,Chicago Bears,1.8150000000000002,0.3185000000000001,1.4120000000000001,Chicago Bears,1.0935000000000001,Different,Different,Different,Different,Same,Same,False,Home Team,Home Team,48.5,-196.0,164.0,Chicago Bears,Tampa Bay Buccaneers,-3.5,3.5,-116,-104,-131,108,-0.3719999999999999,0.3719999999999999,-1.8150000000000002,1.8150000000000002,0.3788,0.6622,0.5098,0.537,0.4808,0.5671,0.3639,0.6361,0.487,0.513,0.4588,0.5412,0.3639,0.6361,-0.1361,0.1361,,,134,9,2026-11-08,TB @ CHI,15.0,45.0,0.0,Historical Avg,False,B.Mayfield,C.Williams,-0.16,-1.0,14.02,196.62,High,-10.0,10.0,52.76,52.0,13.80638614046601,36.0,71.0,0.509,0.4906,0.0906,0.081,0.4276,0.5724,0.611,0.389,0.5498,0.4501,-122,+122,,,,,,,,No Bet,,No Bet,,No Bet,,No Bet,,No Bet,,No Bet,,No Bet,,No Bet,,No Bet,,,,,,,,,,,,,,nan,,,,,,,,,,,,,,,9,-0.030487499999999997,0.038000000000000006,Chicago Bears,Tampa Bay Buccaneers,0,0,0,1,0,1,0,0,0,1,0,1,0,2.5,3.5,,,2204.232861005907,0.655672278686358,0.8558941299474304,0.02007920539896353,8.376273927365339e-05,28.15330533948409,0.06718779674804443,16.105939023798552,0.11744478568681245,0.036042000254830495,0.0005105424499557188,0.012772382554280702,0.00730682284468283,3.048126082168247e-05,5.328147845197092e-05,0.007360104323134801,0.18463258243485686,44.25924436328264,,,814.0,686.0
2026_09_BUF_MIN,2026,9,2026-11-09,20:15,Buffalo Bills,Minnesota Vikings,Home,,,,,8,8,0,0,9,8,U.S. Bank Stadium,44.9738,-93.2575,America/Chicago,False,False,9,9,Monday,9,8,AFC East,Highmark Stadium,42.7725,-78.7877,America/New_York,NFC North,U.S. Bank Stadium,44.9738,-93.2575,America/Chicago,Baltimore Ravens,Detroit Lions,Highmark Stadium,Ford Field,New York Jets,Green Bay Packers,MetLife Stadium,Lambeau Field,735,0,-735,735,1.0,0.0,America/New_York,America/Detroit,1.0,1.0,1.0,0.0,1.0,0,4.795,0.27,4.795,0.27,Buffalo Bills,4.525,Buffalo Bills,4.525,4.795,0.27,Buffalo Bills,4.525,0.0,0,No,No,No,No,No,0,No,6.16,-0.75,3.416,2.721,5.7225,-0.7399999999999999,5.7225,-0.7399999999999999,7.0875,-1.7599999999999998,4.343500000000001,1.711,Buffalo Bills,6.4625,Buffalo Bills,6.4625,5.7225,-0.7399999999999999,Buffalo Bills,6.4625,Buffalo Bills,6.91,Buffalo Bills,0.6949999999999998,4.788,0.9855,Buffalo Bills,3.8025,Buffalo Bills,8.8475,Buffalo Bills,2.6325000000000003,5.7155000000000005,-0.024499999999999855,Buffalo Bills,5.74,Same,Same,Same,Same,Same,Same,False,Away Team,Away Team,48.5,142.0,-169.0,Buffalo Bills,Minnesota Vikings,3.0,-3.0,314,-416,117,-142,8.8475,-8.8475,2.6325000000000003,-2.6325000000000003,0.6283,0.4132,0.8062,0.2415,0.5868,0.4608,0.6032,0.3968,0.7695,0.2305,0.5601,0.4399,0.6032,0.3968,0.1032,-0.1032,,,135,9,2026-11-09,BUF @ MIN,0.0,70.0,0.0,Dome,True,J.Allen,K.Murray,1.61,3.0,14.03,196.82,High,-9.0,11.0,51.95,51.0,13.251638892856587,35.0,69.0,0.45,0.5496,0.0876,0.082,0.488,0.4666,0.5936,0.4064,0.3793,0.6206,+164,-164,,,,,,,,No Bet,,No Bet,,No Bet,,No Bet,,No Bet,,No Bet,,No Bet,,No Bet,,No Bet,,,,,,,,,,,,,,nan,,,,,,,,,,,,,,,9,0.14524444444444443,-0.001844444444444448,Buffalo Bills,Minnesota Vikings,1,0,0,0,1,0,0,0,1,0,1,0,0,5.0,3.0,,,2204.232861005907,0.679717503693796,0.8938030772388876,0.0009177938155349801,0.0060314858833996655,0.8027388150110222,8.019422988961296,1.2202924728191749,5.27537639592149,0.0011393368979985537,0.008907535783827806,0.0003641805860042801,0.0005536132295307,0.003638192284866678,0.0023932935985329874,0.0029469068280636875,13.294799384882786,2.023031287830197,,,814.0,686.0
2026_10_WAS_NYG,2026,10,2026-11-12,20:15,Washington Commanders,New York Giants,Home,,,,,4,4,0,0,7,3,MetLife Stadium,40.8136,-74.0744,America/New_York,False,False,10,10,Thursday,7,3,NFC East,FedExField,38.9077,-76.8645,America/New_York,NFC East,MetLife Stadium,40.8136,-74.0744,America/New_York,Los Angeles Rams,Philadelphia Eagles,FedExField,Lincoln Financial Field,Cincinnati Bengals,Jacksonville Jaguars,FedExField,MetLife Stadium,198,0,-198,198,0.0,0.0,America/New_York,America/New_York,0.0,0.0,0.0,0.0,0.0,0,1.45,-2.84,1.45,-2.84,Washington Commanders,4.29,Washington Commanders,4.29,1.45,-2.84,Washington Commanders,4.29,0.0,0,No,No,No,No,No,1,No,-5.43,-3.53,-1.427,-5.014,2.2921500000000004,-3.6711500000000004,2.2921500000000004,-3.6711500000000004,-4.52595,-4.42305,-0.5778199999999999,-5.85218,Washington Commanders,5.9633,Washington Commanders,5.9633,2.2921500000000004,-3.6711500000000004,Washington Commanders,5.9633,New York Giants,1.9,Washington Commanders,3.587,-3.4284999999999997,-4.272,Washington Commanders,0.8435000000000006,New York Giants,0.10289999999999999,Washington Commanders,5.27436,-2.551885,-5.137615,Washington Commanders,2.5857300000000003,Different,Same,Different,Same,Same,Same,True,Home Team,Away Team,47.5,-125.0,105.0,New York Giants,Washington Commanders,-1.5,1.5,-110,-110,195,-244,-0.10289999999999999,0.10289999999999999,5.27436,-5.27436,0.4878,0.5556,0.5238,0.5238,0.7093,0.339,0.4675,0.5325,0.5,0.5,0.6766,0.3234,0.4675,0.5325,-0.0325,0.0325,,,136,10,2026-11-12,WAS @ NYG,12.0,48.0,0.0,Historical Avg,False,J.Daniels,J.Dart,3.86,5.0,13.82,191.08,Med-High,-7.0,14.0,51.01,51.0,13.666290376635924,34.0,69.0,0.3962,0.6028,0.0896,0.0876,0.374,0.626,0.5818,0.4182,0.438,0.5617,+128,-128,,,,,,,,No Bet,,No Bet,,No Bet,,No Bet,,No Bet,,No Bet,,No Bet,,No Bet,,No Bet,,,,,,,,,,,,,,nan,,,,,,,,,,,,,,,10,0.005624999999999996,-0.0846625,New York Giants,Washington Commanders,0,0,0,0,0,0,0,0,0,0,0,0,1,3.5,2.0,,,1712.2602860824409,0.7942836891561804,0.9910613784852742,0.014715457341039902,0.0012424252440443012,13.417239127191065,0.9945386512780622,11.779454069411875,1.1328167525252795,0.013179250641186534,0.00531603257711733,0.007835981034103748,0.006879476306936154,0.0005808338015907108,0.0006615914424535904,0.007541067749389745,2.1273554038033415,25.196693196602936,,,524.0,290.0
2026_10_NE_DET,2026,10,2026-11-15,09:30,New England Patriots,Detroit Lions,Neutral,,,,,7,7,0,0,4,10,FC Bayern Munich Stadium,42.3395,-83.045,America/Detroit,True,False,10,10,Sunday,4,10,AFC East,Gillette Stadium,42.0628,-71.2687,America/New_York,NFC North,Ford Field,42.3395,-83.045,America/Detroit,Green Bay Packers,Miami Dolphins,Gillette Stadium,Hard Rock Stadium,Los Angeles Chargers,Tampa Bay Buccaneers,SoFi Stadium,Ford Field,602,0,-602,602,0.0,0.0,America/New_York,America/New_York,0.0,0.0,0.0,0.0,0.0,0,-1.995,4.305,-1.995,4.305,Detroit Lions,6.3,Detroit Lions,6.3,-1.995,4.305,Detroit Lions,6.3,0.0,0,No,No,No,No,No,0,No,5.09,3.98,4.222,3.658,-1.7855,3.9709999999999996,-1.7855,3.9709999999999996,5.2995,3.6460000000000004,4.431500000000001,3.3239999999999994,Detroit Lions,5.7565,Detroit Lions,5.7565,-1.7855,3.9709999999999996,Detroit Lions,5.7565,New England Patriots,1.1099999999999999,New England Patriots,0.5640000000000005,4.656000000000001,3.819,New England Patriots,0.8370000000000006,New England Patriots,1.6534999999999997,New England Patriots,1.1075000000000013,4.865500000000001,3.485,New England Patriots,1.380500000000001,Different,Different,Different,Different,Same,Same,False,Away Team,Away Team,49.0,-111.0,-105.0,Pick Em,Pick Em,0.0,0.0,105,-128,101,-122,1.6534999999999997,-1.6534999999999997,1.1075000000000013,-1.1075000000000013,0.5122,0.5261,0.5614,0.4878,0.5495,0.4975,0.4933,0.5067,0.5351,0.4649,0.5248,0.4752,0.4933,0.5067,-0.0067,0.0067,,,137,10,2026-11-15,NE @ DET,10.0,60.0,0.0,Historical Avg,False,D.Maye,J.Goff,0.94,2.0,13.78,189.96,Med-High,-8.0,10.0,54.39,54.0,14.215273263598972,37.0,72.0,0.466,0.533,0.0974,0.0844,0.466,0.533,0.629,0.3472,0.4782,0.5216,+109,-109,,,,,,,,No Bet,,No Bet,,No Bet,,No Bet,,No Bet,,No Bet,,No Bet,,No Bet,,No Bet,,,,,,,,,,,,,,nan,,,,,,,,,,,,,,,10,0.09497142857142858,0.0854625,Pick Em,Detroit Lions,0,1,0,0,0,0,0,0,0,1,0,0,0,4.5,4.5,,,1712.2602860824409,0.4381306212718424,0.23070265173367382,0.0007268045638380735,2.972971479873035e-05,0.6305773017574046,0.025111441416436668,0.6139012886459989,0.025793568549986736,0.006256411262880877,0.00239220281619635,0.00036827187249675186,0.00035853269134132165,1.4665668310213682e-05,1.5064046488516668e-05,0.0003735967378298383,0.05090500996642341,1.2444785904034035,,,524.0,290.0
2026_10_KC_ATL,2026,10,2026-11-15,13:00,Kansas City Chiefs,Atlanta Falcons,Home,,,,,7,7,0,0,3,3,Mercedes-Benz Stadium,33.7489,-84.388,America/New_York,False,False,10,10,Sunday,3,3,AFC West,GEHA Field at Arrowhead Stadium,39.0489,-94.4839,America/Chicago,NFC South,Mercedes-Benz Stadium,33.7489,-84.388,America/New_York,New York Jets,Cincinnati Bengals,GEHA Field at Arrowhead Stadium,Bernabéu Stadium,Arizona Cardinals,Minnesota Vikings,GEHA Field at Arrowhead Stadium,U.S. Bank Stadium,669,0,-669,669,-1.0,0.0,America/Chicago,America/New_York,-1.0,0.0,-1.0,0.0,-1.0,0,4.395,-0.71,4.395,-0.71,Kansas City Chiefs,5.1049999999999995,Kansas City Chiefs,5.1049999999999995,4.395,-0.71,Kansas City Chiefs,5.1049999999999995,0.0,0,No,No,No,No,No,0,No,-2.17,-0.79,0.625,-0.101,6.6585,-1.254,6.6585,-1.254,0.0934999999999997,-1.334,2.8885,-0.6449999999999999,Kansas City Chiefs,7.9125,Kansas City Chiefs,7.9125,6.6585,-1.254,Kansas City Chiefs,7.9125,Atlanta Falcons,1.38,Kansas City Chiefs,0.726,-0.7725,-0.4455,Atlanta Falcons,0.32699999999999996,Kansas City Chiefs,1.4274999999999998,Kansas City Chiefs,3.5335,1.4909999999999999,-0.9895,Kansas City Chiefs,2.4805,Different,Same,Same,Same,Different,Same,False,Away Team,Away Team,45.5,185.0,-227.0,Kansas City Chiefs,Atlanta Falcons,4.5,-4.5,105,-128,156,-191,1.4274999999999998,-1.4274999999999998,3.5335,-3.5335,0.6942,0.3509,0.5614,0.4878,0.6564,0.3906,0.6643,0.3357,0.5351,0.4649,0.6269,0.3731,0.6643,0.3357,0.1643,-0.1643,,,138,10,2026-11-15,KC @ ATL,0.0,70.0,0.0,Dome,True,P.Mahomes,M.Penix,-4.45,-5.0,12.93,167.25,Med-Low,-14.0,5.0,45.14,44.0,12.726650898355691,29.0,62.0,0.6328,0.3654,0.0904,0.0932,0.7302,0.2698,0.4724,0.5276,0.4516,0.5479,+121,-121,,,,,,,,No Bet,,No Bet,,No Bet,,No Bet,,No Bet,,No Bet,,No Bet,,No Bet,,No Bet,,,,,,,,,,,,,,nan,,,,,,,,,,,,,,,10,0.057412500000000005,-0.06941428571428569,Kansas City Chiefs,Atlanta Falcons,0,0,1,0,0,0,0,0,1,0,0,0,0,4.0,2.5,,,1712.2602860824409,0.9967262221178099,0.3935791638450224,1.3018901898793348e-05,0.028079472039115767,0.007483340035134684,31.93912205440356,0.014808408654572447,16.140242772336705,0.0010624592465308157,0.034499885026285114,4.370445367424927e-06,8.64845653136842e-06,0.018653193275584606,0.009426278763531162,0.00943492722006253,48.07936482674026,0.022291748689707132,,,524.0,290.0
2026_10_HOU_CLE,2026,10,2026-11-15,13:00,Houston Texans,Cleveland Browns,Home,,,,,7,7,0,0,7,-4,FirstEnergy Stadium,41.5061,-81.6994,America/New_York,False,True,10,10,Sunday,7,-4,AFC South,NRG Stadium,29.6847,-95.4093,America/Chicago,AFC North,FirstEnergy Stadium,41.5061,-81.6994,America/New_York,Los Angeles Chargers,New Orleans Saints,SoFi Stadium,Caesars Superdome,Indianapolis Colts,Las Vegas Raiders,NRG Stadium,FirstEnergy Stadium,1119,0,-1119,1119,-1.0,0.0,America/Los_Angeles,America/Chicago,-3.0,-1.0,-1.0,0.0,-1.0,0,0.035,-4.705,0.035,-4.705,Houston Texans,4.74,Houston Texans,4.74,0.035,-4.705,Houston Texans,4.74,0.0,0,No,No,No,No,No,0,No,2.96,-6.94,5.008,-7.475,0.5535000000000001,-4.7615,0.5535000000000001,-4.7615,3.4785,-6.9965,5.5264999999999995,-7.531499999999999,Houston Texans,5.3149999999999995,Houston Texans,5.3149999999999995,0.5535000000000001,-4.7615,Houston Texans,5.3149999999999995,Houston Texans,9.9,Houston Texans,12.483,3.984,-7.2075,Houston Texans,11.1915,Houston Texans,10.475,Houston Texans,13.058,4.5024999999999995,-7.263999999999999,Houston Texans,11.766499999999999,Same,Same,Same,Same,Same,Same,False,Away Team,Away Team,38.5,170.0,-204.0,Houston Texans,Cleveland Browns,4.5,-4.5,389,-538,494,-729,10.475,-10.475,13.058,-13.058,0.6711,0.3704,0.8433,0.2045,0.8794,0.1684,0.6444,0.3556,0.8048,0.1952,0.8393,0.1607,0.6444,0.3556,0.1444,-0.1444,,,139,10,2026-11-15,HOU @ CLE,10.0,60.0,0.0,Historical Avg,False,C.Stroud,S.Sanders,15.56,16.0,13.13,172.29,Medium,7.0,24.0,40.57,40.0,11.781288677924097,26.0,56.0,0.1162,0.8834,0.048,0.0416,0.1838,0.8162,0.5618,0.4382,0.2069,0.793,+383,-383,,,,,,,,No Bet,,No Bet,,No Bet,,No Bet,,No Bet,,No Bet,,No Bet,,No Bet,,No Bet,,,,,,,,,,,,,,nan,,,,,,,,,,,,,,,10,0.05689999999999999,-0.11885714285714286,Houston Texans,Cleveland Browns,0,0,0,0,0,0,1,0,0,0,1,0,0,4.0,1.5,,,1712.2602860824409,0.994617609536474,0.8316312583403176,8.964816277284458e-05,0.04138746363669876,0.054584951630151334,45.66612149459021,0.09891603720604475,25.199988832210238,0.0010245804139611492,0.0424318393970076,3.1878886682023535e-05,5.7769276090821045e-05,0.026670081567488683,0.01471738206921008,0.014775151345300901,70.86611032680044,0.1535009888361961,,,524.0,290.0
2026_10_MIN_GB,2026,10,2026-11-15,13:00,Minnesota Vikings,Green Bay Packers,Home,,,,,6,7,-1,1,7,-3,Lambeau Field,44.5013,-88.0622,America/Chicago,False,False,10,10,Sunday,7,-3,NFC North,U.S. Bank Stadium,44.9738,-93.2575,America/Chicago,NFC North,Lambeau Field,44.5013,-88.0622,America/Chicago,Buffalo Bills,New England Patriots,U.S. Bank Stadium,Gillette Stadium,San Francisco 49ers,Los Angeles Rams,Estadio Banorte,SoFi Stadium,257,0,-257,257,0.0,0.0,America/Chicago,America/New_York,0.0,1.0,0.0,0.0,0.0,0,0.27,3.535,0.27,3.535,Green Bay Packers,3.265,Green Bay Packers,3.265,0.27,3.535,Green Bay Packers,3.265,0.0,0,No,No,No,No,Yes,1,No,-0.75,5.09,2.721,2.933,1.923445,3.7310550000000005,1.923445,3.7310550000000005,0.929195,5.260305,4.343915,3.159585,Green Bay Packers,1.8076100000000004,Green Bay Packers,1.8076100000000004,1.923445,3.7310550000000005,Green Bay Packers,1.8076100000000004,Green Bay Packers,5.84,Green Bay Packers,0.21199999999999974,0.9855,4.0115,Green Bay Packers,3.026,Green Bay Packers,4.33111,Minnesota Vikings,1.18433,2.636555,4.209944999999999,Green Bay Packers,1.5733899999999994,Same,Different,Same,Different,Same,Different,False,Home Team,Away Team,45.5,-244.0,200.0,Green Bay Packers,Minnesota Vikings,-4.5,4.5,-224,181,101,-122,-4.33111,4.33111,1.18433,-1.18433,0.3333,0.7093,0.3559,0.6914,0.5495,0.4975,0.3197,0.6803,0.3398,0.6602,0.5248,0.4752,0.3197,0.6803,-0.1803,0.1803,,,140,10,2026-11-15,MIN @ GB,15.0,38.0,0.0,Historical Avg,False,K.Murray,J.Love,0.54,1.0,12.24,149.91,Low,-8.0,9.0,49.28,49.0,13.804697218449183,32.0,68.0,0.4826,0.5158,0.106,0.1016,0.357,0.643,0.5886,0.4114,0.5746,0.425,-135,+135,,,,,,,,No Bet,,No Bet,,No Bet,,No Bet,,No Bet,,No Bet,,No Bet,,No Bet,,No Bet,,,,,,,,,,,,,,nan,,,,,,,,,,,,,,,10,0.020462499999999998,0.0631,Green Bay Packers,Minnesota Vikings,0,0,0,1,0,0,0,1,0,1,0,1,1,3.5,4.0,,,1712.2602860824409,0.6406321231407406,0.6792486854764165,0.06962460922394452,7.88647218202929e-07,81.10227288554763,0.00043171306887320837,38.11318042262175,0.00091865624258506,0.07569867761990018,0.0009748872439125582,0.047365621655049456,0.022258987568895064,2.521305156594764e-07,5.365167025434526e-07,0.022259524085597608,0.0013503693114582684,119.2154533081694,,,524.0,290.0
2026_10_MIA_IND,2026,10,2026-11-15,13:00,Miami Dolphins,Indianapolis Colts,Home,,,,,7,7,0,0,1,-16,Lucas Oil Stadium,39.7601,-86.1638,America/Indiana/Indianapolis,False,False,10,10,Sunday,1,-16,AFC East,Hard Rock Stadium,25.9602,-80.2384,America/New_York,AFC South,Lucas Oil Stadium,39.7601,-86.1638,America/Indiana/Indianapolis,Detroit Lions,Dallas Cowboys,Hard Rock Stadium,Lucas Oil Stadium,Buffalo Bills,Houston Texans,Highmark Stadium,NRG Stadium,1012,0,-1012,1012,0.0,0.0,America/New_York,America/Indiana/Indianapolis,0.0,0.0,0.0,0.0,0.0,0,0.66,-2.265,0.66,-2.265,Miami Dolphins,2.9250000000000003,Miami Dolphins,2.9250000000000003,0.66,-2.265,Miami Dolphins,2.9250000000000003,0.0,0,No,No,No,No,No,0,No,-5.46,0.93,-3.956,0.288,-0.4445,-3.7265000000000006,-0.4445,-3.7265000000000006,-6.564500000000001,-0.5315,-5.0605,-1.1735,Miami Dolphins,3.2820000000000005,Miami Dolphins,3.2820000000000005,-0.4445,-3.7265000000000006,Miami Dolphins,3.2820000000000005,Indianapolis Colts,6.39,Indianapolis Colts,4.244,-4.708,0.609,Indianapolis Colts,5.317,Indianapolis Colts,6.033,Indianapolis Colts,3.8870000000000005,-5.8125,-0.8525,Indianapolis Colts,4.96,Different,Different,Different,Different,Same,Same,False,Home Team,Home Team,47.5,-303.0,245.0,Indianapolis Colts,Miami Dolphins,-6.5,6.5,-261,208,-211,171,-6.033,6.033,-3.8870000000000005,3.8870000000000005,0.2899,0.7519,0.3247,0.723,0.369,0.6785,0.2782,0.7218,0.3099,0.6901,0.3523,0.6477,0.2782,0.7218,-0.2218,0.2218,,,141,10,2026-11-15,MIA @ IND,0.0,70.0,0.0,Dome,True,M.Willis,D.Jones,-10.5,-11.0,13.91,193.49,Med-High,-20.0,-2.0,51.48,51.0,13.526494555907462,34.0,69.0,0.773,0.2266,0.0764,0.066,0.6412,0.3588,0.601,0.399,0.7082,0.2918,-243,+243,,,,,,,,No Bet,,No Bet,,No Bet,,No Bet,,No Bet,,No Bet,,No Bet,,No Bet,,No Bet,,,,,,,,,,,,,,nan,,,,,,,,,,,,,,,10,-0.24159999999999998,-0.03127142857142857,Indianapolis Colts,Miami Dolphins,0,0,0,0,0,0,0,0,0,0,0,0,0,0.0,3.0,,,1712.2602860824409,0.9365175764385766,0.9974037982166649,0.2837149396983324,0.0001235774429812817,350.64598202874964,0.05886621525812002,135.14784178497945,0.15273053261434588,0.25168187523062874,0.0005955853644775772,0.2047854434742563,0.07892949622407608,3.437924463739257e-05,8.919819834388912e-05,0.07901869442241997,0.2115967478724659,485.7938238137291,,,524.0,290.0
2026_10_CAR_NO,2026,10,2026-11-15,13:00,Carolina Panthers,New Orleans Saints,Home,,,,,7,7,0,0,10,3,Caesars Superdome,29.9507,-90.0813,America/Chicago,False,False,10,10,Sunday,10,3,NFC South,Bank of America Stadium,35.2258,-80.8528,America/New_York,NFC South,Caesars Superdome,29.9507,-90.0813,America/Chicago,Denver Broncos,Cleveland Browns,Bank of America Stadium,Caesars Superdome,Baltimore Ravens,Chicago Bears,Bank of America Stadium,Soldier Field,648,0,-648,648,1.0,0.0,America/New_York,America/Chicago,1.0,0.0,1.0,0.0,1.0,0,-5.25,-6.145,-5.25,-6.145,Carolina Panthers,0.8949999999999996,Carolina Panthers,0.8949999999999996,-5.25,-6.145,Carolina Panthers,0.8949999999999996,0.0,0,No,No,No,No,No,1,No,-3.79,-4.37,-4.367,-4.865,-3.110525,-6.934975,-3.110525,-6.934975,-1.647375,-5.163125,-2.2235549999999997,-5.658945,Carolina Panthers,3.8244499999999997,Carolina Panthers,3.8244499999999997,-3.110525,-6.934975,Carolina Panthers,3.8244499999999997,Carolina Panthers,0.5800000000000001,Carolina Panthers,0.4980000000000002,-4.0785,-4.6175,Carolina Panthers,0.5389999999999997,Carolina Panthers,3.5157499999999997,Carolina Panthers,3.4353900000000004,-1.9354649999999998,-5.411035,Carolina Panthers,3.4755700000000003,Same,Same,Same,Same,Same,Same,False,Away Team,Away Team,43.5,-118.0,-102.0,New Orleans Saints,Carolina Panthers,-1.5,1.5,156,-191,156,-191,3.5157499999999997,-3.5157499999999997,3.4353900000000004,-3.4353900000000004,0.505,0.5413,0.6564,0.3906,0.6564,0.3906,0.4826,0.5174,0.6269,0.3731,0.6269,0.3731,0.4826,0.5174,-0.0174,0.0174,,,142,10,2026-11-15,CAR @ NO,0.0,70.0,0.0,Dome,True,B.Young,T.Shough,-2.31,-3.0,13.22,174.72,Medium,-11.0,7.0,44.68,44.0,13.230230829488967,29.0,62.100000000000364,0.5658,0.4336,0.0956,0.096,0.5464,0.4536,0.5142,0.4858,0.4573,0.5425,+119,-119,,,,,,,,No Bet,,No Bet,,No Bet,,No Bet,,No Bet,,No Bet,,No Bet,,No Bet,,No Bet,,,,,,,,,,,,,,nan,,,,,,,,,,,,,,,10,-0.08575,-0.0805375,New Orleans Saints,Carolina Panthers,0,0,0,0,0,0,0,0,0,0,0,0,1,2.0,2.0,,,1712.2602860824409,0.87410219035401,0.9959759225096888,0.0063495102090172515,0.0027132968716085,5.625180129992998,2.2420970924931196,5.24683403698226,2.4037733851138423,0.009712663637937399,0.008631681914775615,0.0032852365821455258,0.0030642736268717257,0.001309437070238262,0.0014038598013702379,0.004468133428241964,4.6458704776069615,10.872014166975259,,,524.0,290.0
2026_10_BUF_NYJ,2026,10,2026-11-15,13:00,Buffalo Bills,New York Jets,Home,,,,,6,7,-1,1,8,-11,MetLife Stadium,40.8136,-74.0744,America/New_York,False,True,10,10,Sunday,8,-11,AFC East,Highmark Stadium,42.7725,-78.7877,America/New_York,AFC East,MetLife Stadium,40.8136,-74.0744,America/New_York,Minnesota Vikings,Kansas City Chiefs,U.S. Bank Stadium,GEHA Field at Arrowhead Stadium,Miami Dolphins,Los Angeles Chargers,Highmark Stadium,SoFi Stadium,278,0,-278,278,0.0,0.0,America/Chicago,America/Chicago,-1.0,-1.0,0.0,0.0,0.0,0,4.795,-3.725,4.795,-3.725,Buffalo Bills,8.52,Buffalo Bills,8.52,4.795,-3.725,Buffalo Bills,8.52,0.0,0,No,No,No,No,Yes,1,No,6.16,-9.26,3.416,-6.95,5.384695,-3.2201950000000004,5.384695,-3.2201950000000004,6.680695,-8.686195000000001,3.9872349999999996,-6.426735,Buffalo Bills,8.604890000000001,Buffalo Bills,8.604890000000001,5.384695,-3.2201950000000004,Buffalo Bills,8.604890000000001,Buffalo Bills,15.42,Buffalo Bills,10.366,4.788,-8.105,Buffalo Bills,12.893,Buffalo Bills,15.366890000000001,Buffalo Bills,10.413969999999999,5.333965,-7.556465000000001,Buffalo Bills,12.890430000000002,Same,Same,Same,Same,Same,Same,False,Away Team,Away Team,46.5,270.0,-345.0,Buffalo Bills,New York Jets,7.0,-7.0,702,-1197,389,-538,15.366890000000001,-15.366890000000001,10.413969999999999,-10.413969999999999,0.7753,0.2703,0.9229,0.1247,0.8433,0.2045,0.7415,0.2585,0.881,0.119,0.8048,0.1952,0.7415,0.2585,0.2415,-0.2415,,,143,10,2026-11-15,BUF @ NYJ,12.0,48.0,0.0,Historical Avg,False,J.Allen,G.Smith,16.56,17.0,13.26,175.91,Medium,8.0,26.0,51.44,51.0,12.639350244174697,36.0,68.0,0.107,0.8926,0.0472,0.048,0.2064,0.7572,0.644,0.356,0.1699,0.83,+489,-488,,,,,,,,No Bet,,No Bet,,No Bet,,No Bet,,No Bet,,No Bet,,No Bet,,No Bet,,No Bet,,,,,,,,,,,,,,nan,,,,,,,,,,,,,,,10,0.1332125,-0.15682857142857146,Buffalo Bills,New York Jets,1,0,0,0,1,0,0,0,1,0,1,0,1,5.0,1.0,,,1712.2602860824409,0.9405347658725887,0.8891195469052435,0.00012301460064507717,0.26930820646188214,0.05444863445320355,341.924741134132,0.15618438083965352,119.20100550663938,0.0003718866201915552,0.2605355514347157,3.179927426675245e-05,9.121532637832472e-05,0.19969203509148561,0.06961617137039652,0.06970738669677484,461.12574664077135,0.21063301529285705,,,524.0,290.0
2026_10_JAX_TEN,2026,10,2026-11-15,13:00,Jacksonville Jaguars,Tennessee Titans,Home,,,,,10,14,-4,4,4,5,Nissan Stadium,36.1664,-86.7716,America/Chicago,False,True,10,10,Sunday,4,5,AFC South,TIAA Bank Field,30.3239,-81.6554,America/New_York,AFC South,Nissan Stadium,36.1664,-86.7716,America/Chicago,Baltimore Ravens,Cincinnati Bengals,M&T Bank Stadium,Paycor Stadium,New York Giants,Dallas Cowboys,MetLife Stadium,AT&T Stadium,500,0,-500,500,1.0,0.0,America/New_York,America/New_York,1.0,1.0,1.0,0.0,1.0,0,-1.825,-4.36,-1.825,-4.36,Jacksonville Jaguars,2.535,Jacksonville Jaguars,2.535,-1.825,-4.36,Jacksonville Jaguars,2.535,0.0,0,No,No,No,No,No,1,No,5.41,-8.19,3.85,-8.36,-1.0378299999999998,-5.431170000000001,-1.0378299999999998,-5.431170000000001,6.086520000000001,-9.150519999999998,4.54042,-9.33442,Jacksonville Jaguars,4.393340000000001,Jacksonville Jaguars,4.393340000000001,-1.0378299999999998,-5.431170000000001,Jacksonville Jaguars,4.393340000000001,Jacksonville Jaguars,13.6,Jacksonville Jaguars,12.209999999999999,4.63,-8.274999999999999,Jacksonville Jaguars,12.904999999999998,Jacksonville Jaguars,15.23704,Jacksonville Jaguars,13.874839999999999,5.313470000000001,-9.242469999999999,Jacksonville Jaguars,14.55594,Same,Same,Same,Same,Same,Same,False,Away Team,Away Team,45.5,114.0,-135.0,Jacksonville Jaguars,Tennessee Titans,2.5,-2.5,677,-1134,573,-890,15.23704,-15.23704,13.874839999999999,-13.874839999999999,0.5745,0.4673,0.919,0.1287,0.899,0.1486,0.5514,0.4486,0.8772,0.1228,0.8582,0.1418,0.5514,0.4486,0.0514,-0.0514,,,144,10,2026-11-15,JAX @ TEN,8.0,55.0,0.0,Historical Avg,False,T.Lawrence,C.Ward,15.8,16.0,12.95,167.77,Med-Low,7.0,24.0,53.59,53.0,13.390048344906592,36.0,71.0,0.105,0.8948,0.0484,0.0454,0.126,0.874,0.7274,0.2726,0.2046,0.7954,+389,-389,,,,,,,,No Bet,,No Bet,,No Bet,,No Bet,,No Bet,,No Bet,,No Bet,,No Bet,,No Bet,,,,,,,,,,,,,,nan,,,,,,,,,,,,,,,10,0.016999999999999998,-0.1202,Jacksonville Jaguars,Tennessee Titans,0,0,0,0,0,0,0,0,0,0,0,0,1,3.5,1.5,,,1712.2602860824409,0.9633821755758626,0.6806379119096073,0.004044335099945487,0.01155460782406575,3.1065345327353184,10.909171148660644,3.8184198425105986,8.875324949744586,0.0030442138716962643,0.009580019425960568,0.0018142887258355456,0.0022300463741099417,0.006371210754189854,0.005183397069875895,0.007413443443985836,19.78449609840523,6.9249543752459175,,,524.0,290.0
2026_10_LA_ARI,2026,10,2026-11-15,16:05,Los Angeles Rams,Arizona Cardinals,Home,,,,,7,7,0,0,-5,-4,State Farm Stadium,33.5277,-112.262608,America/Denver,False,True,10,10,Sunday,-5,-4,NFC West,SoFi Stadium,33.9535,-118.3395,America/Los_Angeles,NFC West,State Farm Stadium,33.5277,-112.262608,America/Denver,Washington Commanders,Seattle Seahawks,FedExField,Lumen Field,Green Bay Packers,Kansas City Chiefs,SoFi Stadium,GEHA Field at Arrowhead Stadium,350,0,-350,350,-1.0,0.0,America/New_York,America/Los_Angeles,2.0,-1.0,-1.0,0.0,-1.0,0,1.29,0.075,1.29,0.075,Los Angeles Rams,1.215,Los Angeles Rams,1.215,1.29,0.075,Los Angeles Rams,1.215,0.0,0,No,No,No,No,No,1,No,8.12,-4.4,7.087,-3.837,1.649805,-1.015305,1.649805,-1.015305,8.366755,-5.377255,7.349714999999999,-4.830214999999999,Los Angeles Rams,2.66511,Los Angeles Rams,2.66511,1.649805,-1.015305,Los Angeles Rams,2.66511,Los Angeles Rams,12.52,Los Angeles Rams,10.924,7.6034999999999995,-4.1185,Los Angeles Rams,11.722,Los Angeles Rams,13.74401,Los Angeles Rams,12.179929999999999,7.858234999999999,-5.1037349999999995,Los Angeles Rams,12.961969999999997,Same,Same,Same,Same,Same,Same,False,Away Team,Away Team,47.5,360.0,-476.0,Los Angeles Rams,Arizona Cardinals,10.5,-10.5,539,-819,458,-660,13.74401,-13.74401,12.179929999999999,-12.179929999999999,0.8264,0.2174,0.8912,0.1565,0.8684,0.1792,0.7917,0.2083,0.8506,0.1494,0.8289,0.1711,0.7917,0.2083,0.2917,-0.2917,,,145,10,2026-11-15,LA @ ARI,0.0,70.0,0.0,Dome,True,M.Stafford,J.Brissett,13.38,13.0,12.83,164.65,Med-Low,5.0,21.0,53.77,53.0,13.607949430297701,37.0,71.0,0.14,0.8594,0.062,0.052,0.419,0.581,0.6576,0.3424,0.1672,0.8326,+498,-497,,,,,,,,No Bet,,No Bet,,No Bet,,No Bet,,No Bet,,No Bet,,No Bet,,No Bet,,No Bet,,,,,,,,,,,,,,nan,,,,,,,,,,,,,,,10,0.1096,-0.17794285714285715,Los Angeles Rams,Arizona Cardinals,1,0,0,0,0,0,0,0,1,0,0,0,1,4.5,1.0,,,1712.2602860824409,0.9996374843909593,0.23260807763009744,0.00012637659532710888,0.11365034555033637,0.0450739589435161,154.06400707087104,0.1713156663254042,40.534966114516166,0.00048729040250589366,0.11538177445169205,2.6324244806636782e-05,0.0001000523505204721,0.0899769785722013,0.023673366978135074,0.023773419328655548,194.59897318538722,0.2163896252689203,,,524.0,290.0
2026_10_SEA_LV,2026,10,2026-11-15,16:05,Seattle Seahawks,Las Vegas Raiders,Home,,,,,7,7,0,0,3,-6,Allegiant Stadium,36.108,-115.1578,America/Los_Angeles,False,False,10,10,Sunday,3,-6,NFC West,Lumen Field,47.5952,-122.3316,America/Los_Angeles,AFC West,Allegiant Stadium,36.108,-115.1578,America/Los_Angeles,Arizona Cardinals,San Francisco 49ers,Lumen Field,Levi's Stadium,San Francisco 49ers,Denver Broncos,Levi's Stadium,Empower Field at Mile High,874,0,-874,874,0.0,0.0,America/Los_Angeles,America/Los_Angeles,0.0,0.0,0.0,0.0,0.0,0,-0.13,-2.35,-0.13,-2.35,Seattle Seahawks,2.22,Seattle Seahawks,2.22,-0.13,-2.35,Seattle Seahawks,2.22,0.0,0,No,No,No,No,No,0,No,10.42,-8.15,10.022,-7.588,-0.007999999999999983,-2.6215,-0.007999999999999983,-2.6215,10.542,-8.421500000000002,10.144,-7.8595,Seattle Seahawks,2.6135,Seattle Seahawks,2.6135,-0.007999999999999983,-2.6215,Seattle Seahawks,2.6135,Seattle Seahawks,18.57,Seattle Seahawks,17.61,10.221,-7.869,Seattle Seahawks,18.09,Seattle Seahawks,18.963500000000003,Seattle Seahawks,18.0035,10.343,-8.140500000000001,Seattle Seahawks,18.4835,Same,Same,Same,Same,Same,Same,False,Away Team,Away Team,43.5,250.0,-312.0,Seattle Seahawks,Las Vegas Raiders,7.0,-7.0,1190,-3245,986,-2149,18.963500000000003,-18.963500000000003,18.0035,-18.0035,0.7573,0.2857,0.9701,0.0775,0.9555,0.0921,0.7261,0.2739,0.926,0.074,0.9121,0.0879,0.7261,0.2739,0.2261,-0.2261,,,146,10,2026-11-15,SEA @ LV,0.0,70.0,0.0,Dome,True,S.Darnold,K.Cousins,14.72,15.0,12.17,148.12,Low,7.0,23.0,42.64,42.0,12.217502096234496,28.0,59.0,0.1092,0.8898,0.0572,0.0544,0.238,0.7204,0.4444,0.5556,0.1362,0.8635,+634,-633,,,,,,,,No Bet,,No Bet,,No Bet,,No Bet,,No Bet,,No Bet,,No Bet,,No Bet,,No Bet,,,,,,,,,,,,,,nan,,,,,,,,,,,,,,,10,0.07245714285714286,-0.11135714285714286,Seattle Seahawks,Las Vegas Raiders,0,0,0,0,0,0,1,0,0,0,1,0,0,4.0,1.5,,,1712.2602860824409,0.9485940042134849,0.3672736332090617,8.215154021097934e-06,0.10825083767503038,0.0038528094127817125,134.58525642874548,0.01021367256159475,50.768353857365916,0.0006823627276598392,0.09929123562297995,2.2501306863787237e-06,5.96502333471921e-06,0.07860093323583955,0.029649904439190827,0.029655869462525547,185.35361028611138,0.014066481974376462,,,524.0,290.0
2026_10_SF_DAL,2026,10,2026-11-15,16:25,San Francisco 49ers,Dallas Cowboys,Home,,,,,7,7,0,0,9,2,AT&T Stadium,32.7369,-97.0826,America/Chicago,False,False,10,10,Sunday,9,2,NFC West,Levi's Stadium,37.4031,-121.9702,America/Los_Angeles,NFC East,AT&T Stadium,32.7369,-97.0826,America/Chicago,Las Vegas Raiders,Indianapolis Colts,Levi's Stadium,Lucas Oil Stadium,Minnesota Vikings,Tennessee Titans,Estadio Banorte,AT&T Stadium,1438,0,-1438,1438,-2.0,0.0,America/Los_Angeles,America/Indiana/Indianapolis,-2.0,1.0,-2.0,0.0,-2.0,0,3.325,-0.615,3.325,-0.615,San Francisco 49ers,3.9400000000000004,San Francisco 49ers,3.9400000000000004,3.325,-0.615,San Francisco 49ers,3.9400000000000004,-0.3,0,No,No,No,No,No,0,No,3.57,-1.01,2.606,-3.616,4.984500000000001,-0.525,4.984500000000001,-0.525,5.2295,-0.92,4.2655,-3.526,San Francisco 49ers,5.509500000000001,San Francisco 49ers,5.509500000000001,4.984500000000001,-0.525,San Francisco 49ers,5.509500000000001,San Francisco 49ers,4.58,San Francisco 49ers,6.2219999999999995,3.088,-2.313,San Francisco 49ers,5.401,San Francisco 49ers,6.1495,San Francisco 49ers,7.7915,4.7475000000000005,-2.223,San Francisco 49ers,6.9705,Same,Same,Same,Same,Same,Same,False,Away Team,Away Team,52.5,-118.0,-102.0,Dallas Cowboys,San Francisco 49ers,-1.5,1.5,208,-261,282,-366,6.1495,-6.1495,7.7915,-7.7915,0.505,0.5413,0.723,0.3247,0.7854,0.2618,0.4826,0.5174,0.6901,0.3099,0.75,0.25,0.4826,0.5174,-0.0174,0.0174,,,147,10,2026-11-15,SF @ DAL,0.0,70.0,0.0,Dome,True,B.Purdy,D.Prescott,10.87,11.0,12.24,149.9,Low,3.0,19.0,65.74,65.0,14.470744158034773,47.0,85.0,0.1842,0.815,0.0754,0.0754,0.1664,0.8336,0.8208,0.1792,0.3154,0.6844,+217,-217,,,,,,,,No Bet,,No Bet,,No Bet,,No Bet,,No Bet,,No Bet,,No Bet,,No Bet,,No Bet,,,,,,,,,,,,,,nan,,,,,,,,,,,,,,,10,0.04327500000000001,0.0251,Dallas Cowboys,San Francisco 49ers,0,1,0,0,0,0,0,0,0,1,0,0,0,4.0,3.5,,,1712.2602860824409,0.4765100698544244,0.19408772777139158,0.00226514080116119,0.00028027820293016525,2.006741403176745,0.23160419726072393,1.8717692330365234,0.24830503867115328,0.007406209178573824,0.0028478096478594564,0.0011719838505207998,0.0010931569506403903,0.00013526226073409776,0.0001450159421960675,0.0012381728928364578,0.4799092359318772,3.8785106362132686,,,524.0,290.0
2026_10_PIT_CIN,2026,10,2026-11-15,20:20,Pittsburgh Steelers,Cincinnati Bengals,Home,,,,,14,7,7,-7,3,0,Paycor Stadium,39.0955,-84.5165,America/New_York,False,False,10,10,Sunday,3,0,AFC North,Acrisure Stadium,40.4468,-80.0158,America/New_York,AFC North,Paycor Stadium,39.0955,-84.5165,America/New_York,Cleveland Browns,Atlanta Falcons,Acrisure Stadium,Bernabéu Stadium,Philadelphia Eagles,Washington Commanders,Lincoln Financial Field,FedExField,256,0,-256,256,0.0,0.0,America/New_York,America/New_York,0.0,0.0,0.0,0.0,0.0,0,-0.565,1.31,-0.565,1.31,Cincinnati Bengals,1.875,Cincinnati Bengals,1.875,-0.565,1.31,Cincinnati Bengals,1.875,0.0,0,No,No,No,No,No,1,No,0.59,-0.04,0.538,-0.609,-1.064275,2.338775,-1.064275,2.338775,0.06567500000000005,1.0138249999999998,0.008505000000000006,0.44999500000000014,Cincinnati Bengals,3.4030500000000004,Cincinnati Bengals,3.4030500000000004,-1.064275,2.338775,Cincinnati Bengals,3.4030500000000004,Pittsburgh Steelers,0.63,Pittsburgh Steelers,1.147,0.5640000000000001,-0.3245,Pittsburgh Steelers,0.8885000000000001,Cincinnati Bengals,0.9481499999999997,Cincinnati Bengals,0.44149000000000016,0.037090000000000026,0.73191,Cincinnati Bengals,0.6948199999999999,Different,Different,Same,Same,Different,Different,False,Home Team,Home Team,47.5,-192.0,160.0,Cincinnati Bengals,Pittsburgh Steelers,-3.5,3.5,-122,101,-116,-104,-0.9481499999999997,0.9481499999999997,-0.44149000000000016,0.44149000000000016,0.3846,0.6575,0.4975,0.5495,0.5098,0.537,0.3691,0.6309,0.4752,0.5248,0.487,0.513,0.3691,0.6309,-0.1309,0.1309,,,148,10,2026-11-15,PIT @ CIN,10.0,48.0,0.0,Historical Avg,False,A.Rodgers,J.Burrow,1.03,2.0,13.45,180.92,Med-High,-9.0,10.0,51.23,50.0,13.277022438218783,35.0,68.0,0.4688,0.5302,0.096,0.0838,0.3766,0.6234,0.5866,0.4134,0.5344,0.4654,-115,+115,,,,,,,,No Bet,,No Bet,,No Bet,,No Bet,,No Bet,,No Bet,,No Bet,,No Bet,,No Bet,,,,,,,,,,,,,,nan,,,,,,,,,,,,,,,10,-0.05275,0.10426250000000001,Cincinnati Bengals,Pittsburgh Steelers,0,0,1,0,0,0,0,0,1,0,0,0,1,2.5,4.5,,,1712.2602860824409,0.7587187756507476,0.8296834751231326,0.0259023115791928,2.94379615792735e-06,27.981360993405975,0.0018604652523438105,16.37013844137921,0.0031800799991972637,0.023429295817777133,0.001328120135237918,0.01634176837531274,0.00956054320388006,1.0865551618909848e-06,1.857240996036365e-06,0.009562400444876096,0.005040545251541074,44.35149943478518,,,524.0,290.0
2026_10_LAC_BAL,2026,10,2026-11-16,20:15,Los Angeles Chargers,Baltimore Ravens,Home,,,,,8,11,-3,3,-13,-10,M&T Bank Stadium,39.2789,-76.6228,America/New_York,False,False,10,10,Monday,-13,-10,AFC West,SoFi Stadium,33.9535,-118.3395,America/Los_Angeles,AFC North,M&T Bank Stadium,39.2789,-76.6228,America/New_York,Houston Texans,Jacksonville Jaguars,SoFi Stadium,M&T Bank Stadium,New York Jets,Carolina Panthers,SoFi Stadium,Bank of America Stadium,2320,0,-2320,2320,-3.0,0.0,America/Los_Angeles,America/New_York,-3.0,0.0,-3.0,0.0,-3.0,0,0.935,6.69,0.935,6.69,Baltimore Ravens,5.755000000000001,Baltimore Ravens,5.755000000000001,0.935,6.69,Baltimore Ravens,5.755000000000001,-0.44999999999999996,0,No,No,No,No,No,0,No,1.12,5.1,0.527,2.881,-0.6054999999999999,6.5865,-0.6054999999999999,6.5865,-0.4204999999999998,4.996499999999999,-1.0134999999999998,2.7775,Baltimore Ravens,7.192,Baltimore Ravens,7.192,-0.6054999999999999,6.5865,Baltimore Ravens,7.192,Baltimore Ravens,3.9799999999999995,Baltimore Ravens,2.3539999999999996,0.8235000000000001,3.9905,Baltimore Ravens,3.167,Baltimore Ravens,5.416999999999999,Baltimore Ravens,3.7909999999999995,-0.7169999999999999,3.8869999999999996,Baltimore Ravens,4.603999999999999,Same,Same,Same,Same,Same,Same,False,Home Team,Home Team,48.0,-179.0,150.0,Baltimore Ravens,Los Angeles Chargers,-3.0,3.0,-244,195,-211,171,-5.416999999999999,5.416999999999999,-3.7909999999999995,3.7909999999999995,0.4,0.6416,0.339,0.7093,0.369,0.6785,0.384,0.616,0.3234,0.6766,0.3523,0.6477,0.384,0.616,-0.116,0.116,,,149,10,2026-11-16,LAC @ BAL,10.0,50.0,0.0,Historical Avg,False,J.Herbert,L.Jackson,-2.6,-3.0,13.79,190.27,Med-High,-12.0,7.0,48.84,48.0,13.399962075943623,32.0,67.0,0.5716,0.427,0.0912,0.0838,0.4968,0.4598,0.493,0.4854,0.628,0.3717,-169,+169,,,,,,,,No Bet,,No Bet,,No Bet,,No Bet,,No Bet,,No Bet,,No Bet,,No Bet,,No Bet,,,,,,,,,,,,,,nan,,,,,,,,,,,,,,,10,0.10798749999999999,0.11140000000000001,Baltimore Ravens,Los Angeles Chargers,0,0,0,0,0,0,0,0,0,0,0,0,0,4.5,4.5,,,1712.2602860824409,0.6321935500864688,0.48862253461947963,0.015303977709262706,0.000368667252732466,16.141906242407458,0.24240164952304122,10.062487008254001,0.3888526461098786,0.020693605487109048,0.0014625927832431134,0.009427250268905826,0.005876727440356879,0.00014156822504926697,0.00022709902768319905,0.006103826468040079,0.6312542956329198,26.204393250661457,,,524.0,290.0
2026_11_IND_HOU,2026,11,2026-11-19,20:15,Indianapolis Colts,Houston Texans,Home,,,,,4,4,0,0,-16,7,NRG Stadium,29.6847,-95.4093,America/Chicago,False,False,11,11,Thursday,-16,7,AFC South,Lucas Oil Stadium,39.7601,-86.1638,America/Indiana/Indianapolis,AFC South,NRG Stadium,29.6847,-95.4093,America/Chicago,Miami Dolphins,Cleveland Browns,Lucas Oil Stadium,FirstEnergy Stadium,New York Giants,Baltimore Ravens,Lucas Oil Stadium,NRG Stadium,870,0,-870,870,1.0,0.0,America/Indiana/Indianapolis,America/New_York,1.0,1.0,1.0,0.0,1.0,0,-2.265,0.035,-2.265,0.035,Houston Texans,2.3000000000000003,Houston Texans,2.3000000000000003,-2.265,0.035,Houston Texans,2.3000000000000003,0.0,0,No,No,No,No,No,1,No,0.93,2.96,0.288,5.008,-2.3038,0.11680000000000001,-2.3038,0.11680000000000001,0.8885000000000001,3.0445,0.2733999999999999,5.0656,Houston Texans,2.4206,Houston Texans,2.4206,-2.3038,0.11680000000000001,Houston Texans,2.4206,Houston Texans,2.03,Houston Texans,4.72,0.609,3.984,Houston Texans,3.375,Houston Texans,2.156,Houston Texans,4.7922,0.58095,4.05505,Houston Texans,3.4740999999999995,Same,Same,Same,Same,Same,Same,True,Home Team,Home Team,45.5,-244.0,200.0,Houston Texans,Indianapolis Colts,-5.5,5.5,-131,108,-234,188,-2.156,2.156,-4.7922,4.7922,0.3333,0.7093,0.4808,0.5671,0.3472,0.7006,0.3197,0.6803,0.4588,0.5412,0.3314,0.6686,0.3197,0.6803,-0.1803,0.1803,,,150,11,2026-11-19,IND @ HOU,0.0,70.0,0.0,Dome,True,D.Jones,C.Stroud,-1.63,-3.0,13.78,189.8,Med-High,-11.0,8.0,51.18,51.0,13.314924575200893,35.0,68.10000000000036,0.5478,0.4516,0.0852,0.0908,0.416,0.584,0.6522,0.3478,0.6095,0.3904,-156,+156,,,,,,,,No Bet,,No Bet,,No Bet,,No Bet,,No Bet,,No Bet,,No Bet,,No Bet,,No Bet,,,,,,,,,,,,,,nan,,,,,,,,,,,,,,,11,-0.00643333333333333,0.039271428571428575,Houston Texans,Indianapolis Colts,0,0,0,0,0,0,0,1,0,0,0,1,1,3.0,4.0,,,1223.7085690963927,0.7943134502871217,0.6499738756882644,0.059482946492804195,0.0,49.51889504747727,0.0,23.270896290869445,0.0,0.038809047895967376,0.004257958208321246,0.0404662484990547,0.0190166979937495,0.0,0.0,0.0190166979937495,0.0,72.78979133834672,,,393.0,131.0
2026_11_MIA_BUF,2026,11,2026-11-22,13:00,Miami Dolphins,Buffalo Bills,Home,,,,,7,7,0,0,1,8,Highmark Stadium,42.7725,-78.7877,America/New_York,False,True,11,11,Sunday,1,8,AFC East,Hard Rock Stadium,25.9602,-80.2384,America/New_York,AFC East,Highmark Stadium,42.7725,-78.7877,America/New_York,Indianapolis Colts,New York Jets,Lucas Oil Stadium,MetLife Stadium,New York Jets,Kansas City Chiefs,Hard Rock Stadium,Highmark Stadium,1164,0,-1164,1164,0.0,0.0,America/Indiana/Indianapolis,America/New_York,0.0,0.0,0.0,0.0,0.0,0,0.66,4.795,0.66,4.795,Buffalo Bills,4.135,Buffalo Bills,4.135,0.66,4.795,Buffalo Bills,4.135,0.0,0,No,No,No,No,No,1,No,-5.46,6.16,-3.956,3.416,-0.39213,4.740130000000001,-0.39213,4.740130000000001,-6.43728,6.03028,-4.97576,3.32876,Buffalo Bills,5.1322600000000005,Buffalo Bills,5.1322600000000005,-0.39213,4.740130000000001,Buffalo Bills,5.1322600000000005,Buffalo Bills,11.620000000000001,Buffalo Bills,7.372,-4.708,4.788,Buffalo Bills,9.496,Buffalo Bills,12.46756,Buffalo Bills,8.30452,-5.70652,4.67952,Buffalo Bills,10.386040000000001,Same,Same,Same,Same,Same,Same,False,Home Team,Home Team,47.5,-667.0,470.0,Buffalo Bills,Miami Dolphins,-11.5,11.5,-675,466,-397,302,-12.46756,12.46756,-8.30452,8.30452,0.1754,0.8696,0.1767,0.871,0.2488,0.7988,0.1679,0.8321,0.1686,0.8314,0.2375,0.7625,0.1679,0.8321,-0.3321,0.3321,,,151,11,2026-11-22,MIA @ BUF,15.0,40.0,0.0,Historical Avg,False,M.Willis,J.Allen,-16.33,-17.0,14.27,203.51,High,-26.0,-7.0,52.14,51.0,13.252496941144148,36.0,69.0,0.8758,0.1242,0.041,0.0472,0.6458,0.3542,0.6182,0.3818,0.8254,0.1746,-473,+473,,,,,,,,No Bet,,No Bet,,No Bet,,No Bet,,No Bet,,No Bet,,No Bet,,No Bet,,No Bet,,,,,,,,,,,,,,nan,,,,,,,,,,,,,,,11,-0.22867142857142858,0.1048,Buffalo Bills,Miami Dolphins,0,1,0,0,0,1,0,0,0,1,0,1,1,0.0,5.0,,,1223.7085690963927,0.6097027398572917,0.9973556934499379,0.2326754760819829,8.766479921363258e-05,236.92131498227758,0.018011668272380012,47.805658917827685,0.08926449773345688,0.30353161389019584,0.0008478619714391009,0.19360926364781797,0.03906621243416494,1.4718919787968909e-05,7.294587942566367e-05,0.039139158313590605,0.10727616600583689,284.72697390010524,,,393.0,131.0
2026_11_BAL_CAR,2026,11,2026-11-22,13:00,Baltimore Ravens,Carolina Panthers,Home,,,,,6,7,-1,1,-11,11,Bank of America Stadium,35.2258,-80.8528,America/New_York,False,False,11,11,Sunday,-11,11,AFC North,M&T Bank Stadium,39.2789,-76.6228,America/New_York,NFC South,Bank of America Stadium,35.2258,-80.8528,America/New_York,Los Angeles Chargers,New Orleans Saints,M&T Bank Stadium,Caesars Superdome,Houston Texans,Tampa Bay Buccaneers,NRG Stadium,Raymond James Stadium,364,0,-364,364,0.0,0.0,America/New_York,America/Chicago,0.0,-1.0,0.0,0.0,0.0,0,6.69,-5.25,6.69,-5.25,Baltimore Ravens,11.940000000000001,Baltimore Ravens,11.940000000000001,6.69,-5.25,Baltimore Ravens,11.940000000000001,0.0,0,No,No,No,No,Yes,0,No,5.1,-3.79,2.881,-4.367,5.843500000000001,-6.2285,5.843500000000001,-6.2285,4.2535,-4.7684999999999995,2.0344999999999995,-5.3454999999999995,Baltimore Ravens,12.072000000000001,Baltimore Ravens,12.072000000000001,5.843500000000001,-6.2285,Baltimore Ravens,12.072000000000001,Baltimore Ravens,8.89,Baltimore Ravens,7.247999999999999,3.9905,-4.0785,Baltimore Ravens,8.068999999999999,Baltimore Ravens,9.021999999999998,Baltimore Ravens,7.379999999999999,3.1439999999999997,-5.0569999999999995,Baltimore Ravens,8.200999999999999,Same,Same,Same,Same,Same,Same,False,Away Team,Away Team,46.5,170.0,-204.0,Baltimore Ravens,Carolina Panthers,4.5,-4.5,314,-416,268,-346,9.021999999999998,-9.021999999999998,7.379999999999999,-7.379999999999999,0.6711,0.3704,0.8062,0.2415,0.7758,0.2717,0.6444,0.3556,0.7695,0.2305,0.7406,0.2594,0.6444,0.3556,0.1444,-0.1444,,,152,11,2026-11-22,BAL @ CAR,6.0,55.0,0.0,Historical Avg,False,L.Jackson,B.Young,12.96,13.0,13.09,171.32,Medium,5.0,22.0,52.15,52.0,13.463757704084802,35.0,70.0,0.1602,0.8394,0.0564,0.0574,0.2424,0.7576,0.6556,0.3444,0.2514,0.7485,+298,-298,,,,,,,,No Bet,,No Bet,,No Bet,,No Bet,,No Bet,,No Bet,,No Bet,,No Bet,,No Bet,,,,,,,,,,,,,,nan,,,,,,,,,,,,,,,11,0.1059,-0.07737142857142856,Baltimore Ravens,Carolina Panthers,0,0,0,0,0,0,0,0,0,0,0,0,0,5.0,2.0,,,1223.7085690963927,0.9941437075942138,0.6190025774561744,1.3192432478726273e-05,0.014511280675003868,0.005740697113965097,11.442983592208163,0.010402995557477807,6.314594918356956,0.0020216779537481195,0.014577269404312768,4.691228989435063e-06,8.501203489291209e-06,0.009351069266972493,0.005160211408031376,0.005168712611520667,17.757578510565118,0.016143692671442906,,,393.0,131.0
2026_11_NO_CHI,2026,11,2026-11-22,13:00,New Orleans Saints,Chicago Bears,Home,,,,,7,14,-7,7,-4,8,Soldier Field,41.8623,-87.6167,America/Chicago,False,False,11,11,Sunday,-4,8,NFC South,Caesars Superdome,29.9507,-90.0813,America/Chicago,NFC North,Soldier Field,41.8623,-87.6167,America/Chicago,Carolina Panthers,Tampa Bay Buccaneers,Caesars Superdome,Soldier Field,Cincinnati Bengals,Detroit Lions,Paycor Stadium,Ford Field,834,0,-834,834,0.0,0.0,America/Chicago,America/Chicago,0.0,0.0,0.0,0.0,0.0,0,-6.145,-1.575,-6.145,-1.575,Chicago Bears,4.569999999999999,Chicago Bears,4.569999999999999,-6.145,-1.575,Chicago Bears,4.569999999999999,0.0,0,No,No,No,No,No,0,No,-4.37,0.9,-4.865,1.647,-5.891,-0.4614999999999998,-5.891,-0.4614999999999998,-4.1160000000000005,2.0135,-4.611000000000001,2.7605,Chicago Bears,5.4295,Chicago Bears,5.4295,-5.891,-0.4614999999999998,Chicago Bears,5.4295,Chicago Bears,5.2700000000000005,Chicago Bears,6.5120000000000005,-4.6175,1.2735,Chicago Bears,5.891,Chicago Bears,6.1295,Chicago Bears,7.371500000000001,-4.3635,2.387,Chicago Bears,6.750500000000001,Same,Same,Same,Same,Same,Same,False,Home Team,Home Team,46.5,-278.0,225.0,Chicago Bears,New Orleans Saints,-6.5,6.5,-261,208,-346,268,-6.1295,6.1295,-7.371500000000001,7.371500000000001,0.3077,0.7354,0.3247,0.723,0.2717,0.7758,0.295,0.705,0.3099,0.6901,0.2594,0.7406,0.295,0.705,-0.205,0.205,,,153,11,2026-11-22,NO @ CHI,15.0,45.0,0.0,Historical Avg,False,T.Shough,C.Williams,-1.39,-2.0,13.39,179.19,Medium,-10.0,8.0,47.92,47.0,13.523849723442968,31.0,66.0,0.5362,0.4618,0.0956,0.0896,0.3754,0.6246,0.5242,0.4758,0.668,0.3315,-201,+202,,,,,,,,No Bet,,No Bet,,No Bet,,No Bet,,No Bet,,No Bet,,No Bet,,No Bet,,No Bet,,,,,,,,,,,,,,nan,,,,,,,,,,,,,,,11,-0.06275714285714286,0.014142857142857143,Chicago Bears,New Orleans Saints,0,0,0,1,0,1,0,0,0,1,0,1,0,2.5,3.5,,,1223.7085690963927,0.6392300907968653,0.8695053604616224,0.06401101620669201,6.377601535362214e-07,55.223234479331445,0.00023022760664859903,23.107594569365645,0.0005502049582619062,0.0627322711948087,0.0042240493655366276,0.04512776642571787,0.018883249780974144,1.8813924529318532e-07,4.4962090824303613e-07,0.01888369940188239,0.0007804325649105053,78.33082904869708,,,393.0,131.0
2026_11_TEN_DAL,2026,11,2026-11-22,13:00,Tennessee Titans,Dallas Cowboys,Home,,,,,7,7,0,0,5,2,AT&T Stadium,32.7369,-97.0826,America/Chicago,False,False,11,11,Sunday,5,2,AFC South,Nissan Stadium,36.1664,-86.7716,America/Chicago,NFC East,AT&T Stadium,32.7369,-97.0826,America/Chicago,Jacksonville Jaguars,San Francisco 49ers,Nissan Stadium,AT&T Stadium,Jacksonville Jaguars,Philadelphia Eagles,TIAA Bank Field,AT&T Stadium,633,0,-633,633,0.0,0.0,America/Chicago,America/Chicago,0.0,0.0,0.0,0.0,0.0,0,-4.36,-0.615,-4.36,-0.615,Dallas Cowboys,3.745,Dallas Cowboys,3.745,-4.36,-0.615,Dallas Cowboys,3.745,0.0,0,No,No,No,No,No,0,No,-8.19,-1.01,-8.36,-3.616,-2.4440000000000004,-0.525,-2.4440000000000004,-0.525,-6.273999999999999,-0.92,-6.443999999999999,-3.526,Dallas Cowboys,1.9190000000000005,Dallas Cowboys,1.9190000000000005,-2.4440000000000004,-0.525,Dallas Cowboys,1.9190000000000005,Dallas Cowboys,7.18,Dallas Cowboys,4.744,-8.274999999999999,-2.313,Dallas Cowboys,5.961999999999998,Dallas Cowboys,5.353999999999999,Dallas Cowboys,2.9179999999999993,-6.358999999999999,-2.223,Dallas Cowboys,4.135999999999999,Same,Same,Same,Same,Same,Same,False,Home Team,Home Team,48.5,-286.0,230.0,Dallas Cowboys,Tennessee Titans,-6.5,6.5,-244,195,-164,135,-5.353999999999999,5.353999999999999,-2.9179999999999993,2.9179999999999993,0.303,0.7409,0.339,0.7093,0.4255,0.6212,0.2903,0.7097,0.3234,0.6766,0.4065,0.5935,0.2903,0.7097,-0.2097,0.2097,,,154,11,2026-11-22,TEN @ DAL,0.0,70.0,0.0,Dome,True,C.Ward,D.Prescott,-6.85,-7.0,12.88,165.99,Med-Low,-16.0,3.0,56.3,56.0,13.534252237812304,39.0,74.0,0.7076,0.2914,0.0898,0.0886,0.5362,0.4638,0.7202,0.2798,0.6719,0.3279,-205,+205,,,,,,,,No Bet,,No Bet,,No Bet,,No Bet,,No Bet,,No Bet,,No Bet,,No Bet,,No Bet,,,,,,,,,,,,,,nan,,,,,,,,,,,,,,,11,-0.10741428571428571,-0.00566666666666667,Dallas Cowboys,Tennessee Titans,0,1,0,0,0,0,0,0,0,1,0,0,0,2.0,3.0,,,1223.7085690963927,0.4748701847920369,0.9608435527279167,0.10164205719834182,0.0,88.2726679487673,0.0,36.10758842542926,0.0,0.07193008375504693,0.004173176771835421,0.07213536799366319,0.029506689204678638,0.0,0.0,0.029506689204678638,0.0,124.38025637419658,,,393.0,131.0
2026_11_TB_DET,2026,11,2026-11-22,13:00,Tampa Bay Buccaneers,Detroit Lions,Home,,,,,14,7,7,-7,8,3,Ford Field,42.3395,-83.045,America/Detroit,False,False,11,11,Sunday,8,3,NFC South,Raymond James Stadium,27.9759,-82.5033,America/New_York,NFC North,Ford Field,42.3395,-83.045,America/Detroit,Chicago Bears,New England Patriots,Soldier Field,FC Bayern Munich Stadium,Carolina Panthers,Chicago Bears,Raymond James Stadium,Ford Field,992,0,-992,992,0.0,0.0,America/Chicago,America/Detroit,-1.0,0.0,0.0,0.0,0.0,0,1.025,4.305,1.025,4.305,Detroit Lions,3.28,Detroit Lions,3.28,1.025,4.305,Detroit Lions,3.28,0.0,0,No,No,No,No,No,0,No,-1.4,3.98,-2.096,3.658,3.8164999999999996,3.0959999999999996,3.8164999999999996,3.0959999999999996,1.3915000000000002,2.771,0.6954999999999998,2.449,Tampa Bay Buccaneers,0.7204999999999999,Tampa Bay Buccaneers,0.7204999999999999,3.8164999999999996,3.0959999999999996,Tampa Bay Buccaneers,0.7204999999999999,Detroit Lions,5.38,Detroit Lions,5.754,-1.748,3.819,Detroit Lions,5.567,Detroit Lions,1.3794999999999997,Detroit Lions,1.7535,1.0434999999999999,2.61,Detroit Lions,1.5665,Different,Different,Different,Different,Same,Same,False,Home Team,Home Team,49.5,-227.0,185.0,Detroit Lions,Tampa Bay Buccaneers,-4.5,4.5,-128,105,-131,108,-1.3794999999999997,1.3794999999999997,-1.7535,1.7535,0.3509,0.6942,0.4878,0.5614,0.4808,0.5671,0.3357,0.6643,0.4649,0.5351,0.4588,0.5412,0.3357,0.6643,-0.1643,0.1643,,,155,11,2026-11-22,TB @ DET,0.0,70.0,0.0,Dome,True,B.Mayfield,J.Goff,-5.62,-6.0,13.73,188.48,Med-High,-14.0,4.0,59.25,58.0,14.148453475456229,41.0,78.0,0.655,0.3446,0.0902,0.0928,0.541,0.459,0.754,0.246,0.5989,0.401,-149,+149,,,,,,,,No Bet,,No Bet,,No Bet,,No Bet,,No Bet,,No Bet,,No Bet,,No Bet,,No Bet,,,,,,,,,,,,,,nan,,,,,,,,,,,,,,,11,-0.01137142857142857,0.0742,Detroit Lions,Tampa Bay Buccaneers,0,1,0,0,0,0,0,0,0,1,0,0,0,3.0,4.5,,,1223.7085690963927,0.43761532104621514,0.8558548907048374,0.012163358757489367,2.2013043887671106e-06,9.887711132016332,0.0009042935681780831,4.9966952085170595,0.0017894614755457271,0.01904287792732368,0.0021930496725255945,0.008080119222600187,0.0040832395348891805,7.38977883309119e-07,1.4623265054579914e-06,0.004084701861394638,0.00269375504372381,14.88440634053339,,,393.0,131.0
2026_11_ARI_KC,2026,11,2026-11-22,13:00,Arizona Cardinals,Kansas City Chiefs,Home,,,,,7,7,0,0,-4,3,GEHA Field at Arrowhead Stadium,39.0489,-94.4839,America/Chicago,False,False,11,11,Sunday,-4,3,NFC West,State Farm Stadium,33.5277,-112.262608,America/Denver,AFC West,GEHA Field at Arrowhead Stadium,39.0489,-94.4839,America/Chicago,Los Angeles Rams,Atlanta Falcons,State Farm Stadium,Mercedes-Benz Stadium,Washington Commanders,Buffalo Bills,State Farm Stadium,Highmark Stadium,1058,0,-1058,1058,-1.0,0.0,America/Denver,America/New_York,-1.0,1.0,-1.0,0.0,-1.0,0,0.075,4.395,0.075,4.395,Kansas City Chiefs,4.319999999999999,Kansas City Chiefs,4.319999999999999,0.075,4.395,Kansas City Chiefs,4.319999999999999,0.0,0,No,No,No,No,No,0,No,-4.4,-2.17,-3.837,0.625,0.7175,2.3565,0.7175,2.3565,-3.7575000000000007,-4.2085,-3.1945,-1.4135,Kansas City Chiefs,1.639,Kansas City Chiefs,1.639,0.7175,2.3565,Kansas City Chiefs,1.639,Kansas City Chiefs,2.2300000000000004,Kansas City Chiefs,4.462,-4.1185,-0.7725,Kansas City Chiefs,3.346,Arizona Cardinals,0.4509999999999992,Kansas City Chiefs,1.7810000000000001,-3.4760000000000004,-2.811,Kansas City Chiefs,0.6650000000000005,Different,Same,Different,Same,Different,Same,False,Away Team,Home Team,44.5,-588.0,440.0,Kansas City Chiefs,Arizona Cardinals,-11.5,11.5,-104,-116,-131,108,0.4509999999999992,-0.4509999999999992,-1.7810000000000001,1.7810000000000001,0.1852,0.8547,0.537,0.5098,0.4808,0.5671,0.1781,0.8219,0.513,0.487,0.4588,0.5412,0.1781,0.8219,-0.3219,0.3219,,,156,11,2026-11-22,ARI @ KC,10.0,60.0,0.0,Historical Avg,False,J.Brissett,P.Mahomes,-4.88,-6.0,12.93,167.15,Med-Low,-14.0,5.0,46.82,46.0,12.918537668137855,30.0,64.0,0.6502,0.348,0.0874,0.0894,0.3082,0.6918,0.5492,0.4508,0.6251,0.3745,-167,+167,,,,,,,,No Bet,,No Bet,,No Bet,,No Bet,,No Bet,,No Bet,,No Bet,,No Bet,,No Bet,,,,,,,,,,,,,,nan,,,,,,,,,,,,,,,11,-0.15395,0.01962857142857143,Kansas City Chiefs,Arizona Cardinals,0,0,0,1,0,0,0,0,0,1,0,0,0,1.0,3.5,,,1223.7085690963927,0.36747889547966484,0.9996006504910572,0.21655129690268904,8.539725048507768e-05,217.79994747595194,0.01861168993558278,47.19573019280576,0.08588965726027785,0.12939105591337083,0.0008946952324141924,0.1779835109243201,0.038567785978368935,1.5209250311392336e-05,7.018800017368534e-05,0.03863797397854262,0.10450134719586063,264.9956776687577,,,393.0,131.0
2026_11_JAX_NYG,2026,11,2026-11-22,13:00,Jacksonville Jaguars,New York Giants,Home,,,,,7,10,-3,3,1,6,MetLife Stadium,40.8136,-74.0744,America/New_York,False,True,11,11,Sunday,1,6,AFC South,TIAA Bank Field,30.3239,-81.6554,America/New_York,NFC East,MetLife Stadium,40.8136,-74.0744,America/New_York,Tennessee Titans,Washington Commanders,Nissan Stadium,MetLife Stadium,Tennessee Titans,Indianapolis Colts,TIAA Bank Field,Lucas Oil Stadium,839,0,-839,839,0.0,0.0,America/Chicago,America/New_York,-1.0,0.0,0.0,0.0,0.0,0,-1.825,-2.84,-1.825,-2.84,Jacksonville Jaguars,1.015,Jacksonville Jaguars,1.015,-1.825,-2.84,Jacksonville Jaguars,1.015,0.0,0,No,No,No,No,No,0,No,5.41,-3.53,3.85,-5.014,-1.1429999999999998,-3.3569999999999993,-1.1429999999999998,-3.3569999999999993,6.0920000000000005,-4.047,4.532,-5.531000000000001,Jacksonville Jaguars,2.2139999999999995,Jacksonville Jaguars,2.2139999999999995,-1.1429999999999998,-3.3569999999999993,Jacksonville Jaguars,2.2139999999999995,Jacksonville Jaguars,8.94,Jacksonville Jaguars,8.864,4.63,-4.272,Jacksonville Jaguars,8.902000000000001,Jacksonville Jaguars,10.139,Jacksonville Jaguars,10.063,5.312,-4.789,Jacksonville Jaguars,10.100999999999999,Same,Same,Same,Same,Same,Same,False,Away Team,Away Team,46.5,105.0,-125.0,Jacksonville Jaguars,New York Giants,1.5,-1.5,356,-483,356,-483,10.139,-10.139,10.063,-10.063,0.5556,0.4878,0.8285,0.2193,0.8285,0.2193,0.5325,0.4675,0.7907,0.2093,0.7907,0.2093,0.5325,0.4675,0.0325,-0.0325,,,157,11,2026-11-22,JAX @ NYG,12.0,48.0,0.0,Historical Avg,False,T.Lawrence,J.Dart,9.47,10.0,13.55,183.55,Med-High,1.0,19.0,51.45,51.0,13.317348561727401,35.0,69.0,0.2442,0.7548,0.0712,0.0726,0.2594,0.7406,0.6336,0.3664,0.2826,0.7172,+254,-254,,,,,,,,No Bet,,No Bet,,No Bet,,No Bet,,No Bet,,No Bet,,No Bet,,No Bet,,No Bet,,,,,,,,,,,,,,nan,,,,,,,,,,,,,,,11,0.014785714285714282,-0.09211428571428572,Jacksonville Jaguars,New York Giants,0,0,0,0,0,0,0,0,0,0,0,0,0,3.5,2.0,,,1223.7085690963927,0.7833192818895888,0.6717230677840029,0.0003951735324528141,0.0014215534962107974,0.22607235873816553,0.9263195312001624,0.25750487920443454,0.8132476635419268,0.004773579227599428,0.0061432998233944,0.0001847436264216906,0.0002104299060311235,0.0007569772367322495,0.0006645762594785479,0.0008750061655096714,1.7395671947420892,0.48357723794260005,,,393.0,131.0
2026_11_NYJ_LAC,2026,11,2026-11-22,16:05,New York Jets,Los Angeles Chargers,Home,,,,,7,6,1,-1,-10,-14,SoFi Stadium,33.9535,-118.3395,America/Los_Angeles,False,False,11,11,Sunday,-10,-14,AFC East,MetLife Stadium,40.8136,-74.0744,America/New_York,AFC West,SoFi Stadium,33.9535,-118.3395,America/Los_Angeles,Buffalo Bills,Baltimore Ravens,MetLife Stadium,M&T Bank Stadium,Miami Dolphins,New England Patriots,Hard Rock Stadium,SoFi Stadium,2448,0,-2448,2448,3.0,0.0,America/New_York,America/New_York,3.0,3.0,3.0,0.0,3.0,0,-3.725,0.935,-3.725,0.935,Los Angeles Chargers,4.66,Los Angeles Chargers,4.66,-3.725,0.935,Los Angeles Chargers,4.66,-0.22499999999999998,0,No,No,No,No,No,0,Yes,-9.26,1.12,-6.95,0.527,-5.042000000000001,0.1255,-5.042000000000001,0.1255,-10.577,0.31050000000000016,-8.267,-0.2825000000000001,Los Angeles Chargers,5.1675,Los Angeles Chargers,5.1675,-5.042000000000001,0.1255,Los Angeles Chargers,5.1675,Los Angeles Chargers,10.379999999999999,Los Angeles Chargers,7.477,-8.105,0.8235000000000001,Los Angeles Chargers,8.9285,Los Angeles Chargers,10.8875,Los Angeles Chargers,7.9845,-9.422,0.01400000000000004,Los Angeles Chargers,9.436,Same,Same,Same,Same,Same,Same,False,Home Team,Home Team,41.5,-417.0,330.0,Los Angeles Chargers,New York Jets,-9.5,9.5,-567,406,-366,282,-10.8875,10.8875,-7.9845,7.9845,0.2326,0.8066,0.1976,0.8501,0.2618,0.7854,0.2238,0.7762,0.1886,0.8114,0.25,0.75,0.2238,0.7762,-0.2762,0.2762,,,158,11,2026-11-22,NYJ @ LAC,0.0,70.0,0.0,Dome,True,G.Smith,J.Herbert,-13.4,-14.0,12.63,159.52,Low,-22.0,-6.0,44.23,43.0,12.238327309361612,29.0,60.0,0.8536,0.1462,0.0522,0.057,0.6422,0.3578,0.5756,0.4244,0.7978,0.2022,-395,+395,,,,,,,,No Bet,,No Bet,,No Bet,,No Bet,,No Bet,,No Bet,,No Bet,,No Bet,,No Bet,,,,,,,,,,,,,,nan,,,,,,,,,,,,,,,11,-0.13693333333333335,0.08395714285714284,Los Angeles Chargers,New York Jets,0,0,0,0,0,0,0,0,0,0,0,0,0,1.5,4.5,,,1223.7085690963927,0.4884244468920218,0.9404902711000355,0.1418826472466195,2.3209375166074093e-06,134.7661813258611,0.0006356258223143105,38.8568299159079,0.0022045253050954772,0.15563735959297786,0.0011489665638440933,0.11012931079282606,0.03175333645379344,5.194258162167382e-07,1.8015117003906712e-06,0.03175513796549383,0.002840151127409788,173.623011241769,,,393.0,131.0
2026_11_LV_DEN,2026,11,2026-11-22,16:25,Las Vegas Raiders,Denver Broncos,Home,,,,,7,14,-7,7,-13,7,Empower Field at Mile High,39.7648,-105.0076,America/Denver,False,False,11,11,Sunday,-13,7,AFC West,Allegiant Stadium,36.108,-115.1578,America/Los_Angeles,AFC West,Empower Field at Mile High,39.7648,-105.0076,America/Denver,Seattle Seahawks,Carolina Panthers,Allegiant Stadium,Bank of America Stadium,Cleveland Browns,Pittsburgh Steelers,FirstEnergy Stadium,Acrisure Stadium,607,0,-607,607,-1.0,0.0,America/Los_Angeles,America/New_York,-1.0,2.0,-1.0,0.0,-1.0,0,-2.35,2.05,-2.35,2.05,Denver Broncos,4.4,Denver Broncos,4.4,-2.35,2.05,Denver Broncos,4.4,0.0,0,No,No,No,No,No,1,No,-8.15,-0.48,-7.588,3.499,-3.56877,2.28477,-3.56877,2.28477,-9.33607,-0.27792999999999995,-8.7399,3.6669,Denver Broncos,5.853540000000001,Denver Broncos,5.853540000000001,-3.56877,2.28477,Denver Broncos,5.853540000000001,Denver Broncos,7.67,Denver Broncos,11.087,-7.869,1.5095,Denver Broncos,9.378499999999999,Denver Broncos,9.05814,Denver Broncos,12.4068,-9.037984999999999,1.694485,Denver Broncos,10.73247,Same,Same,Same,Same,Same,Same,False,Home Team,Home Team,41.5,-345.0,270.0,Denver Broncos,Las Vegas Raiders,-7.5,7.5,-416,314,-675,466,-9.05814,9.05814,-12.4068,12.4068,0.2703,0.7753,0.2415,0.8062,0.1767,0.871,0.2585,0.7415,0.2305,0.7695,0.1686,0.8314,0.2585,0.7415,-0.2415,0.2415,,,159,11,2026-11-22,LV @ DEN,10.0,45.0,0.0,Historical Avg,False,K.Cousins,B.Nix,-11.42,-12.0,12.69,161.12,Med-Low,-20.0,-3.0,38.74,38.0,11.913231676492972,24.0,54.0,0.815,0.184,0.0712,0.0648,0.6272,0.3728,0.3932,0.6068,0.7894,0.2104,-375,+375,,,,,,,,No Bet,,No Bet,,No Bet,,No Bet,,No Bet,,No Bet,,No Bet,,No Bet,,No Bet,,,,,,,,,,,,,,nan,,,,,,,,,,,,,,,11,-0.08966666666666667,0.08209999999999999,Denver Broncos,Las Vegas Raiders,0,1,0,0,0,0,0,1,0,1,0,1,1,2.0,4.5,,,1223.7085690963927,0.5483190844908141,0.9485908557437347,0.10381147722664287,0.0,94.19644823844965,0.0,32.83854601434825,0.0,0.11974780842169577,0.0017626711312858194,0.07697621036355569,0.02683526686308718,0.0,0.0,0.02683526686308718,0.0,127.0349942527979,,,393.0,131.0
2026_11_PIT_PHI,2026,11,2026-11-22,16:25,Pittsburgh Steelers,Philadelphia Eagles,Home,,,,,7,14,-7,7,-4,-15,Lincoln Financial Field,39.9008,-75.1675,America/New_York,False,True,11,11,Sunday,-4,-15,AFC North,Acrisure Stadium,40.4468,-80.0158,America/New_York,NFC East,Lincoln Financial Field,39.9008,-75.1675,America/New_York,Cincinnati Bengals,New York Giants,Paycor Stadium,Lincoln Financial Field,Denver Broncos,Dallas Cowboys,Acrisure Stadium,AT&T Stadium,259,0,-259,259,0.0,0.0,America/New_York,America/New_York,0.0,0.0,0.0,0.0,0.0,0,-0.565,4.905,-0.565,4.905,Philadelphia Eagles,5.470000000000001,Philadelphia Eagles,5.470000000000001,-0.565,4.905,Philadelphia Eagles,5.470000000000001,0.0,0,No,No,No,No,No,0,No,0.59,5.52,0.538,3.682,-2.4989999999999997,6.0520000000000005,-2.4989999999999997,6.0520000000000005,-1.344,6.667,-1.3960000000000001,4.829,Philadelphia Eagles,8.551,Philadelphia Eagles,8.551,-2.4989999999999997,6.0520000000000005,Philadelphia Eagles,8.551,Philadelphia Eagles,4.93,Philadelphia Eagles,3.144,0.5640000000000001,4.601,Philadelphia Eagles,4.037,Philadelphia Eagles,8.011,Philadelphia Eagles,6.225,-1.37,5.747999999999999,Philadelphia Eagles,7.117999999999999,Same,Same,Same,Same,Same,Same,False,Home Team,Home Team,42.5,-238.0,195.0,Philadelphia Eagles,Pittsburgh Steelers,-5.5,5.5,-366,282,-261,208,-8.011,8.011,-6.225,6.225,0.339,0.7041,0.2618,0.7854,0.3247,0.723,0.325,0.675,0.25,0.75,0.3099,0.6901,0.325,0.675,-0.175,0.175,,,160,11,2026-11-22,PIT @ PHI,12.0,50.0,0.0,Historical Avg,False,A.Rodgers,J.Hurts,-3.92,-5.0,12.94,167.49,Med-Low,-13.0,6.0,42.97,42.0,12.87628086684165,27.0,60.0,0.6192,0.38,0.0948,0.0794,0.4796,0.5204,0.496,0.504,0.6836,0.3162,-216,+216,,,,,,,,No Bet,,No Bet,,No Bet,,No Bet,,No Bet,,No Bet,,No Bet,,No Bet,,No Bet,,,,,,,,,,,,,,nan,,,,,,,,,,,,,,,11,-0.03528571428571429,0.0776,Philadelphia Eagles,Pittsburgh Steelers,0,0,1,1,0,1,0,0,1,1,0,1,0,3.0,4.5,,,1223.7085690963927,0.7603793105722406,0.8296819547731902,0.03959682799929608,6.5583538334558175e-06,32.70710996894785,0.0026082919801789697,15.747867762826736,0.005417221804987092,0.02014941441286108,0.003040778204209042,0.026727858899524854,0.012868969099771223,2.1314649958731406e-06,4.426888837582677e-06,0.012873395988608807,0.00802551378516606,48.454977731774584,,,393.0,131.0
2026_11_MIN_SF,2026,11,2026-11-22,20:20,Minnesota Vikings,San Francisco 49ers,Neutral,,,,,7,7,0,0,7,9,Estadio Banorte,37.4031,-121.9702,America/Los_Angeles,True,True,11,11,Sunday,7,9,NFC North,U.S. Bank Stadium,44.9738,-93.2575,America/Chicago,NFC West,Levi's Stadium,37.4031,-121.9702,America/Los_Angeles,Green Bay Packers,Dallas Cowboys,Lambeau Field,AT&T Stadium,Atlanta Falcons,Seattle Seahawks,U.S. Bank Stadium,Levi's Stadium,1571,0,-1571,1571,2.0,0.0,America/Chicago,America/Chicago,2.0,2.0,2.0,0.0,2.0,0,0.27,3.325,0.27,3.325,San Francisco 49ers,3.055,San Francisco 49ers,3.055,0.27,3.325,San Francisco 49ers,3.055,-0.15,0,No,No,No,No,No,0,No,-0.75,3.57,2.721,2.606,2.0300000000000002,2.1155000000000004,2.0300000000000002,2.1155000000000004,1.01,2.3604999999999996,4.481,1.3965,San Francisco 49ers,0.08550000000000013,San Francisco 49ers,0.08550000000000013,2.0300000000000002,2.1155000000000004,San Francisco 49ers,0.08550000000000013,San Francisco 49ers,4.32,Minnesota Vikings,0.11500000000000021,0.9855,3.088,San Francisco 49ers,2.1025,San Francisco 49ers,1.3504999999999996,Minnesota Vikings,3.0845,2.7455,1.8784999999999998,Minnesota Vikings,0.867,Same,Different,Same,Different,Same,Same,False,Home Team,Away Team,46.833333333333336,-200.0,168.0,San Francisco 49ers,Minnesota Vikings,-3.8333333333333335,3.8333333333333335,-128,105,135,-164,-1.3504999999999996,1.3504999999999996,3.0845,-3.0845,0.3731,0.6667,0.4878,0.5614,0.6212,0.4255,0.3589,0.6411,0.4649,0.5351,0.5935,0.4065,0.3589,0.6411,-0.1411,0.1411,,,161,11,2026-11-22,MIN @ SF,10.0,60.0,0.0,Historical Avg,False,K.Murray,B.Purdy,4.44,5.0,13.02,169.59,Med-Low,-5.0,13.0,56.37,56.0,13.437523484909022,39.0,74.0,0.3698,0.6294,0.1008,0.0934,0.2842,0.7158,0.7676,0.2324,0.4881,0.5117,+105,-105,,,,,,,,No Bet,,No Bet,,No Bet,,No Bet,,No Bet,,No Bet,,No Bet,,No Bet,,No Bet,,,,,,,,,,,,,,nan,,,,,,,,,,,,,,,11,0.04354285714285714,0.0293,San Francisco 49ers,Minnesota Vikings,0,0,0,0,0,0,0,0,0,0,0,0,0,4.0,3.5,,,1223.7085690963927,0.1938984635927222,0.6792483326856624,0.007835217567029661,0.0012508466655782099,6.146881466770883,0.5493581030241108,3.4411414107379033,0.9813136802695944,0.016253397655875513,0.002125773997222278,0.005023157982222716,0.0028120595848069455,0.0004489288682760195,0.0008019177973021903,0.003613977382109136,1.5306717832937051,9.588022877508786,,,393.0,131.0
2026_11_CIN_WAS,2026,11,2026-11-23,20:15,Cincinnati Bengals,Washington Commanders,Home,,,,,8,11,-3,3,-3,10,FedExField,38.9077,-76.8645,America/New_York,False,False,11,11,Monday,-3,10,AFC North,Paycor Stadium,39.0955,-84.5165,America/New_York,NFC East,FedExField,38.9077,-76.8645,America/New_York,Pittsburgh Steelers,New York Giants,Paycor Stadium,MetLife Stadium,New Orleans Saints,Arizona Cardinals,Paycor Stadium,State Farm Stadium,411,0,-411,411,0.0,0.0,America/New_York,America/New_York,0.0,0.0,0.0,0.0,0.0,0,1.31,1.45,1.31,1.45,Washington Commanders,0.1399999999999999,Washington Commanders,0.1399999999999999,1.31,1.45,Washington Commanders,0.1399999999999999,0.0,0,No,No,No,No,No,0,No,-0.04,-5.43,-0.609,-1.427,-0.6535000000000001,1.6219999999999999,-0.6535000000000001,1.6219999999999999,-2.0035,-5.258,-2.5725,-1.255,Washington Commanders,2.2755,Washington Commanders,2.2755,-0.6535000000000001,1.6219999999999999,Washington Commanders,2.2755,Cincinnati Bengals,5.39,Cincinnati Bengals,0.8180000000000001,-0.3245,-3.4284999999999997,Cincinnati Bengals,3.1039999999999996,Cincinnati Bengals,3.2545,Washington Commanders,1.3175,-2.288,-3.2565,Cincinnati Bengals,0.9685000000000001,Different,Different,Different,Same,Same,Different,False,Away Team,Home Team,52.5,102.0,-122.0,Cincinnati Bengals,Washington Commanders,1.5,-1.5,156,-191,-128,105,3.2545,-3.2545,-1.3175,1.3175,0.5495,0.495,0.6564,0.3906,0.4878,0.5614,0.5261,0.4739,0.6269,0.3731,0.4649,0.5351,0.5261,0.4739,0.0261,-0.0261,,,162,11,2026-11-23,CIN @ WAS,10.0,52.0,0.0,Historical Avg,False,J.Burrow,J.Daniels,2.76,3.0,13.6,184.91,Med-High,-7.0,12.0,54.73,54.0,14.036591115296748,37.0,73.0,0.411,0.5886,0.0904,0.0946,0.4318,0.5682,0.557,0.443,0.4483,0.5516,+123,-123,,,,,,,,No Bet,,No Bet,,No Bet,,No Bet,,No Bet,,No Bet,,No Bet,,No Bet,,No Bet,,,,,,,,,,,,,,nan,,,,,,,,,,,,,,,11,0.11542857142857144,0.010157142857142854,Cincinnati Bengals,Washington Commanders,0,0,0,0,0,0,0,0,0,0,0,0,0,5.0,3.5,,,1223.7085690963927,0.9902486533999114,0.7358527422666162,0.0016104192863103416,0.0009604318267867038,0.9339070909670838,0.6183193621698096,1.0367767895289783,0.5569692943019822,0.0056262598387018655,0.004964001973486547,0.0007631776997824709,0.0008472415865278707,0.0005052831840724848,0.0004551486427142189,0.0013023902292420898,1.1752886564717917,1.970683880496062,,,393.0,131.0
2026_12_GB_LA,2026,12,2026-11-25,20:00,Green Bay Packers,Los Angeles Rams,Home,,,,,10,10,0,0,-3,-5,SoFi Stadium,33.9535,-118.3395,America/Los_Angeles,False,False,12,12,Wednesday,-3,-5,NFC North,Lambeau Field,44.5013,-88.0622,America/Chicago,NFC West,SoFi Stadium,33.9535,-118.3395,America/Los_Angeles,Minnesota Vikings,Arizona Cardinals,Lambeau Field,State Farm Stadium,New Orleans Saints,Kansas City Chiefs,Caesars Superdome,SoFi Stadium,1762,0,-1762,1762,2.0,0.0,America/Chicago,America/Denver,2.0,1.0,2.0,0.0,2.0,0,3.535,1.29,3.535,1.29,Green Bay Packers,2.245,Green Bay Packers,2.245,3.535,1.29,Green Bay Packers,2.245,-0.15,0,No,No,No,No,No,0,No,5.09,8.12,2.933,7.087,3.0955000000000004,0.32800000000000007,3.0955000000000004,0.32800000000000007,4.650499999999999,7.1579999999999995,2.4935,6.125,Green Bay Packers,2.7675,Green Bay Packers,2.7675,3.0955000000000004,0.32800000000000007,Green Bay Packers,2.7675,Los Angeles Rams,3.0299999999999994,Los Angeles Rams,4.154,4.0115,7.6034999999999995,Los Angeles Rams,3.5919999999999996,Los Angeles Rams,2.5075000000000003,Los Angeles Rams,3.6315,3.5719999999999996,6.6415,Los Angeles Rams,3.0695,Different,Different,Different,Different,Same,Same,False,Home Team,Home Team,48.5,-233.0,192.0,Los Angeles Rams,Green Bay Packers,-5.0,5.0,-142,117,-191,156,-2.5075000000000003,2.5075000000000003,-3.6315,3.6315,0.3425,0.6997,0.4608,0.5868,0.3906,0.6564,0.3286,0.6714,0.4399,0.5601,0.3731,0.6269,0.3286,0.6714,-0.1714,0.1714,,,163,12,2026-11-25,GB @ LA,0.0,70.0,0.0,Dome,True,J.Love,M.Stafford,-0.45,-1.0,12.61,158.95,Low,-9.0,8.0,58.13,57.0,14.557205138497185,40.0,77.0,0.517,0.4822,0.1086,0.0938,0.3568,0.6128,0.7416,0.2584,0.5938,0.406,-146,+146,,,,,,,,No Bet,,No Bet,,No Bet,,No Bet,,No Bet,,No Bet,,No Bet,,No Bet,,No Bet,,,,,,,,,,,,,,nan,,,,,,,,,,,,,,,12,0.10218333333333335,0.0993,Los Angeles Rams,Green Bay Packers,0,1,1,0,0,0,1,0,0,0,1,0,0,4.5,4.5,,,940.1840945984582,0.10670881455258668,0.5743563161931478,0.09181775958451982,0.058026991599100484,57.959005935258794,17.927119528045544,28.36659122777188,36.62893503082708,0.37451934565113987,0.009553917887358135,0.061646443785046606,0.030171315799473214,0.01906766943946442,0.038959322159636066,0.06913063795910929,54.556054558872624,86.32559716303066,,,235.0,158.0
2026_12_CHI_DET,2026,12,2026-11-26,13:00,Chicago Bears,Detroit Lions,Home,,,,,4,4,0,0,8,3,Ford Field,42.3395,-83.045,America/Detroit,False,False,Thanksgiving,12,Thursday,8,3,NFC North,Soldier Field,41.8623,-87.6167,America/Chicago,NFC North,Ford Field,42.3395,-83.045,America/Detroit,New Orleans Saints,Tampa Bay Buccaneers,Soldier Field,Ford Field,Jacksonville Jaguars,Atlanta Falcons,Soldier Field,Mercedes-Benz Stadium,236,0,-236,236,-1.0,0.0,America/Chicago,America/Detroit,-1.0,0.0,-1.0,0.0,-1.0,0,-1.575,4.305,-1.575,4.305,Detroit Lions,5.88,Detroit Lions,5.88,-1.575,4.305,Detroit Lions,5.88,0.0,0,No,No,No,No,No,1,No,0.9,3.98,1.647,3.658,-1.387905,3.570405,-1.387905,3.570405,1.0590950000000001,3.273405,1.7954050000000001,2.9620949999999997,Detroit Lions,4.95831,Detroit Lions,4.95831,-1.387905,3.570405,Detroit Lions,4.95831,Detroit Lions,3.08,Detroit Lions,2.011,1.2735,3.819,Detroit Lions,2.5454999999999997,Detroit Lions,2.21431,Detroit Lions,1.1666899999999996,1.4272500000000001,3.11775,Detroit Lions,1.6905,Same,Same,Same,Same,Same,Same,False,Home Team,Home Team,53.0,-136.0,115.0,Detroit Lions,Chicago Bears,-2.5,2.5,-131,108,-122,101,-2.21431,2.21431,-1.1666899999999996,1.1666899999999996,0.4651,0.5763,0.4808,0.5671,0.4975,0.5495,0.4466,0.5534,0.4588,0.5412,0.4752,0.5248,0.4466,0.5534,-0.0534,0.0534,,,164,12,2026-11-26,CHI @ DET,0.0,70.0,0.0,Dome,True,C.Williams,J.Goff,-5.0,-6.0,13.82,190.98,Med-High,-14.0,5.0,57.97,57.0,14.202971697535984,40.0,77.0,0.6394,0.3596,0.087,0.0746,0.609,0.391,0.6104,0.3582,0.5647,0.435,-130,+130,,,,,,,,No Bet,,No Bet,,No Bet,,No Bet,,No Bet,,No Bet,,No Bet,,No Bet,,No Bet,,,,,,,,,,,,,,nan,,,,,,,,,,,,,,,12,0.025400000000000002,0.07766666666666666,Detroit Lions,Chicago Bears,0,1,1,0,1,0,0,0,0,0,1,0,1,2.0,4.0,,,940.1840945984582,0.4270985390789141,0.580493472302041,0.09919110118167357,0.10379342791631567,51.608919456426534,43.58142976067459,41.64897620028928,54.003500290096994,0.1261695751152554,0.027668815134389933,0.05489235539393816,0.04429874578773541,0.04635414490742658,0.05743928300888909,0.1017380287966245,97.58493005077158,93.25789565671582,,,235.0,158.0
2026_12_PHI_DAL,2026,12,2026-11-26,16:30,Philadelphia Eagles,Dallas Cowboys,Home,,,,,4,4,0,0,-15,2,AT&T Stadium,32.7369,-97.0826,America/Chicago,False,False,Thanksgiving,12,Thursday,-15,2,NFC East,Lincoln Financial Field,39.9008,-75.1675,America/New_York,NFC East,AT&T Stadium,32.7369,-97.0826,America/Chicago,Pittsburgh Steelers,Tennessee Titans,Lincoln Financial Field,AT&T Stadium,Arizona Cardinals,Seattle Seahawks,State Farm Stadium,Lumen Field,1311,0,-1311,1311,1.0,0.0,America/New_York,America/Chicago,1.0,0.0,1.0,0.0,1.0,0,4.905,-0.615,4.905,-0.615,Philadelphia Eagles,5.5200000000000005,Philadelphia Eagles,5.5200000000000005,4.905,-0.615,Philadelphia Eagles,5.5200000000000005,0.0,0,No,No,No,No,No,1,No,5.52,-1.01,3.682,-3.616,2.8241700000000005,-0.49117,2.8241700000000005,-0.49117,3.42907,-0.87607,1.58339,-3.4743899999999996,Philadelphia Eagles,3.3153400000000004,Philadelphia Eagles,3.3153400000000004,2.8241700000000005,-0.49117,Philadelphia Eagles,3.3153400000000004,Philadelphia Eagles,6.529999999999999,Philadelphia Eagles,7.298,4.601,-2.313,Philadelphia Eagles,6.914,Philadelphia Eagles,4.30514,Philadelphia Eagles,5.057779999999999,2.50623,-2.17523,Philadelphia Eagles,4.6814599999999995,Same,Same,Same,Same,Same,Same,False,Away Team,Away Team,49.5,-126.0,106.0,Dallas Cowboys,Philadelphia Eagles,-1.25,1.25,181,-224,188,-234,4.30514,-4.30514,5.057779999999999,-5.057779999999999,0.4854,0.5575,0.6914,0.3559,0.7006,0.3472,0.4654,0.5346,0.6602,0.3398,0.6686,0.3314,0.4654,0.5346,-0.0346,0.0346,,,165,12,2026-11-26,PHI @ DAL,0.0,70.0,0.0,Dome,True,J.Hurts,D.Prescott,8.02,8.0,12.85,165.05,Med-Low,-1.0,17.0,54.62,54.0,14.026213729097202,36.0,73.0,0.264,0.7356,0.0788,0.079,0.2478,0.7522,0.6332,0.3668,0.3674,0.6324,+172,-172,,,,,,,,No Bet,,No Bet,,No Bet,,No Bet,,No Bet,,No Bet,,No Bet,,No Bet,,No Bet,,,,,,,,,,,,,,nan,,,,,,,,,,,,,,,12,0.0963,-0.013720000000000006,Dallas Cowboys,Philadelphia Eagles,0,1,1,0,1,0,0,0,0,0,1,0,1,4.5,0.5,,,940.1840945984582,0.3809814788929359,0.7255913257968581,0.15534197485486523,0.09170288000940462,78.07835885880816,40.125666020062084,67.97169512324976,46.091923193651034,0.06860885874226741,0.06025544660098219,0.08304581975741095,0.07229615509745428,0.042678520356376905,0.04902435965302771,0.121320514750482,86.21758921371313,146.05005398205793,,,235.0,158.0
2026_12_KC_BUF,2026,12,2026-11-26,20:20,Kansas City Chiefs,Buffalo Bills,Home,,,,,4,4,0,0,3,8,Highmark Stadium,42.7725,-78.7877,America/New_York,False,False,Thanksgiving,12,Thursday,3,8,AFC West,GEHA Field at Arrowhead Stadium,39.0489,-94.4839,America/Chicago,AFC East,Highmark Stadium,42.7725,-78.7877,America/New_York,Arizona Cardinals,Miami Dolphins,GEHA Field at Arrowhead Stadium,Highmark Stadium,Los Angeles Rams,New England Patriots,SoFi Stadium,Gillette Stadium,857,0,-857,857,-1.0,0.0,America/Chicago,America/New_York,-1.0,0.0,-1.0,0.0,-1.0,0,4.395,4.795,4.395,4.795,Buffalo Bills,0.40000000000000036,Buffalo Bills,0.40000000000000036,4.395,4.795,Buffalo Bills,0.40000000000000036,0.0,0,No,No,Yes,No,No,0,No,-2.17,6.16,0.625,3.416,6.6585,4.5425,6.6585,4.5425,0.0934999999999997,5.907500000000001,2.8885,3.1635,Kansas City Chiefs,2.1159999999999997,Kansas City Chiefs,2.1159999999999997,6.6585,4.5425,Kansas City Chiefs,2.1159999999999997,Buffalo Bills,8.33,Buffalo Bills,2.791,-0.7725,4.788,Buffalo Bills,5.5605,Buffalo Bills,5.814000000000001,Buffalo Bills,0.2749999999999999,1.4909999999999999,4.535500000000001,Buffalo Bills,3.044500000000001,Different,Different,Different,Different,Same,Same,False,Home Team,Home Team,50.5,-150.0,127.0,Buffalo Bills,Kansas City Chiefs,-2.5,2.5,-261,208,-116,-104,-5.814000000000001,5.814000000000001,-0.2749999999999999,0.2749999999999999,0.4405,0.6,0.3247,0.723,0.5098,0.537,0.4234,0.5766,0.3099,0.6901,0.487,0.513,0.4234,0.5766,-0.0766,0.0766,,,166,12,2026-11-26,KC @ BUF,15.0,40.0,0.0,Historical Avg,False,P.Mahomes,J.Allen,-7.73,-8.0,13.48,181.83,Med-High,-17.0,2.0,51.18,50.0,13.375907407716157,35.0,68.0,0.7228,0.2766,0.0796,0.0786,0.6912,0.3088,0.4968,0.5032,0.6256,0.3742,-167,+167,,,,,,,,No Bet,,No Bet,,No Bet,,No Bet,,No Bet,,No Bet,,No Bet,,No Bet,,No Bet,,,,,,,,,,,,,,nan,,,,,,,,,,,,,,,12,0.03566666666666667,0.1095,Buffalo Bills,Kansas City Chiefs,0,1,1,0,0,1,0,0,0,0,0,1,0,2.5,5.0,,,940.1840945984582,0.3577081397109619,0.13582219257727018,0.09747075410175186,0.08685206754723525,52.839885023928076,34.573545216647695,38.80056767105645,47.08338727425381,0.189363981215943,0.01935763664475907,0.05620163681507012,0.04126911728668174,0.0367731653994994,0.050078902147735846,0.09134801943441759,81.6569324909015,91.64045269498453,,,235.0,158.0
2026_12_DEN_PIT,2026,12,2026-11-27,15:00,Denver Broncos,Pittsburgh Steelers,Home,,,,,5,5,0,0,7,-4,Acrisure Stadium,40.4468,-80.0158,America/New_York,False,False,Thanksgiving,12,Friday,7,-4,AFC West,Empower Field at Mile High,39.7648,-105.0076,America/Denver,AFC North,Acrisure Stadium,40.4468,-80.0158,America/New_York,Las Vegas Raiders,Philadelphia Eagles,Empower Field at Mile High,Lincoln Financial Field,Miami Dolphins,Houston Texans,Empower Field at Mile High,Acrisure Stadium,1316,0,-1316,1316,-2.0,0.0,America/Denver,America/New_York,-2.0,0.0,-2.0,0.0,-2.0,0,2.05,-0.565,2.05,-0.565,Denver Broncos,2.6149999999999998,Denver Broncos,2.6149999999999998,2.05,-0.565,Denver Broncos,2.6149999999999998,-0.3,0,No,No,No,No,No,0,No,-0.48,0.59,3.499,0.538,2.5305,0.4440000000000002,2.5305,0.4440000000000002,0.0004999999999999449,1.599,3.9795000000000007,1.5470000000000002,Denver Broncos,2.0865,Denver Broncos,2.0865,2.5305,0.4440000000000002,Denver Broncos,2.0865,Pittsburgh Steelers,1.0699999999999998,Denver Broncos,2.9610000000000003,1.5095,0.5640000000000001,Denver Broncos,0.9455,Pittsburgh Steelers,1.5985,Denver Broncos,2.4325000000000006,1.9900000000000002,1.573,Denver Broncos,0.41700000000000026,Different,Same,Different,Same,Same,Same,False,Home Team,Away Team,39.5,108.0,-128.0,Denver Broncos,Pittsburgh Steelers,1.5,-1.5,-128,105,117,-142,-1.5985,1.5985,2.4325000000000006,-2.4325000000000006,0.5614,0.4808,0.4878,0.5614,0.5868,0.4608,0.5387,0.4613,0.4649,0.5351,0.5601,0.4399,0.5387,0.4613,0.0387,-0.0387,,,167,12,2026-11-27,DEN @ PIT,12.0,45.0,0.0,Historical Avg,False,B.Nix,A.Rodgers,1.82,3.0,13.26,175.83,Medium,-7.0,11.0,41.87,41.0,12.656687929702223,26.0,59.0,0.4424,0.5554,0.0946,0.0882,0.4626,0.5374,0.5568,0.4432,0.4697,0.5298,+113,-113,,,,,,,,No Bet,,No Bet,,No Bet,,No Bet,,No Bet,,No Bet,,No Bet,,No Bet,,No Bet,,,,,,,,,,,,,,nan,,,,,,,,,,,,,,,12,0.08933333333333333,-0.034716666666666667,Denver Broncos,Pittsburgh Steelers,1,0,0,1,0,0,1,0,0,0,1,0,0,4.5,0.0,,,940.1840945984582,0.8296791805378091,0.4481297186212715,0.1265593785881034,0.08924366461703007,54.8896786437698,45.19987885274827,64.09943612702968,38.7055951638626,0.07643513298710305,0.04806729002080198,0.058381841342692094,0.06817753724541131,0.048075562129194095,0.04116810248783597,0.10934563973324729,83.90547401661087,118.98911477079949,,,235.0,158.0
2026_12_NO_CIN,2026,13,2026-11-29,13:00,New Orleans Saints,Cincinnati Bengals,Home,,,,,7,6,1,-1,-3,-4,Paycor Stadium,39.0955,-84.5165,America/New_York,False,True,12,12,Sunday,-3,-4,NFC South,Caesars Superdome,29.9507,-90.0813,America/Chicago,AFC North,Paycor Stadium,39.0955,-84.5165,America/New_York,Chicago Bears,Washington Commanders,Soldier Field,FedExField,Green Bay Packers,Cleveland Browns,Caesars Superdome,FirstEnergy Stadium,706,0,-706,706,-1.0,0.0,America/Chicago,America/New_York,-1.0,0.0,-1.0,0.0,-1.0,0,-6.145,1.31,-6.145,1.31,Cincinnati Bengals,7.455,Cincinnati Bengals,7.455,-6.145,1.31,Cincinnati Bengals,7.455,0.0,0,No,No,No,No,No,0,Yes,-4.37,-0.04,-4.865,-0.609,-5.316,2.5985000000000005,-5.316,2.5985000000000005,-3.5410000000000004,1.2485,-4.0360000000000005,0.6795,Cincinnati Bengals,7.9145,Cincinnati Bengals,7.9145,-5.316,2.5985000000000005,Cincinnati Bengals,7.9145,Cincinnati Bengals,4.33,Cincinnati Bengals,4.256,-4.6175,-0.3245,Cincinnati Bengals,4.292999999999999,Cincinnati Bengals,4.7895,Cincinnati Bengals,4.7155000000000005,-3.7885000000000004,0.964,Cincinnati Bengals,4.7525,Same,Same,Same,Same,Same,Same,False,Home Team,Home Team,48.5,-294.0,235.0,Cincinnati Bengals,New Orleans Saints,-6.5,6.5,-234,188,-224,181,-4.7895,4.7895,-4.7155000000000005,4.7155000000000005,0.2985,0.7462,0.3472,0.7006,0.3559,0.6914,0.2857,0.7143,0.3314,0.6686,0.3398,0.6602,0.2857,0.7143,-0.2143,0.2143,,,168,13,2026-11-29,NO @ CIN,10.0,48.0,0.0,Historical Avg,False,T.Shough,J.Burrow,-4.8,-6.0,13.99,195.67,High,-14.0,5.0,48.87,49.0,13.30491406164044,32.0,67.0,0.6404,0.3592,0.079,0.0768,0.4792,0.5208,0.5026,0.4974,0.6709,0.329,-204,+204,,,,,,,,No Bet,,No Bet,,No Bet,,No Bet,,No Bet,,No Bet,,No Bet,,No Bet,,No Bet,,,,,,,,,,,,,,nan,,,,,,,,,,,,,,,13,-0.0375,0.09895,Cincinnati Bengals,New Orleans Saints,0,0,0,0,0,0,0,0,0,0,0,0,0,3.0,4.5,,,476.78348729636946,0.7351950845103085,0.8695051155865944,0.18551019388749884,2.977224714234856e-06,63.17854723903626,0.00040554874489678454,25.269649931671083,0.001013942836821047,0.2264860106155023,0.0006125477318848819,0.13250993149384044,0.053000262393658404,8.505931008568985e-07,2.1266316133779574e-06,0.05300238902527178,0.0014194915817178316,88.44819717070735,,,211.0,24.0
2026_12_LV_CLE,2026,13,2026-11-29,13:00,Las Vegas Raiders,Cleveland Browns,Home,,,,,7,14,-7,7,-20,3,FirstEnergy Stadium,41.5061,-81.6994,America/New_York,False,True,12,12,Sunday,-20,3,AFC West,Allegiant Stadium,36.108,-115.1578,America/Los_Angeles,AFC North,FirstEnergy Stadium,41.5061,-81.6994,America/New_York,Denver Broncos,Houston Texans,Empower Field at Mile High,FirstEnergy Stadium,Los Angeles Chargers,Cincinnati Bengals,Allegiant Stadium,FirstEnergy Stadium,1826,0,-1826,1826,-3.0,0.0,America/Denver,America/New_York,-2.0,0.0,-3.0,0.0,-3.0,0,-2.35,-4.705,-2.35,-4.705,Las Vegas Raiders,2.355,Las Vegas Raiders,2.355,-2.35,-4.705,Las Vegas Raiders,2.355,-0.44999999999999996,0,No,No,No,No,No,0,No,-8.15,-6.94,-7.588,-7.475,-4.5785,-3.8864999999999994,-4.5785,-3.8864999999999994,-10.378499999999999,-6.121499999999999,-9.8165,-6.6564999999999985,Cleveland Browns,0.6920000000000006,Cleveland Browns,0.6920000000000006,-4.5785,-3.8864999999999994,Cleveland Browns,0.6920000000000006,Cleveland Browns,1.21,Cleveland Browns,0.11300000000000043,-7.869,-7.2075,Cleveland Browns,0.6615000000000002,Cleveland Browns,4.257,Cleveland Browns,3.160000000000001,-10.0975,-6.388999999999999,Cleveland Browns,3.708500000000001,Different,Different,Same,Same,Same,Same,False,Home Team,Home Team,39.5,-125.0,105.0,Cleveland Browns,Las Vegas Raiders,-1.5,1.5,-224,181,-164,135,-4.257,4.257,-3.160000000000001,3.160000000000001,0.4878,0.5556,0.3559,0.6914,0.4255,0.6212,0.4675,0.5325,0.3398,0.6602,0.4065,0.5935,0.4675,0.5325,-0.0325,0.0325,,,169,13,2026-11-29,LV @ CLE,10.0,60.0,0.0,Historical Avg,False,K.Cousins,S.Sanders,2.45,3.0,12.72,161.77,Med-Low,-7.0,12.0,34.24,33.0,11.25627032743692,20.0,49.0,0.4244,0.5748,0.0966,0.0896,0.4042,0.5958,0.309,0.691,0.5526,0.4472,-124,+124,,,,,,,,No Bet,,No Bet,,No Bet,,No Bet,,No Bet,,No Bet,,No Bet,,No Bet,,No Bet,,,,,,,,,,,,,,nan,,,,,,,,,,,,,,,13,-0.10110000000000001,-0.1440833333333333,Cleveland Browns,Las Vegas Raiders,0,0,0,0,0,0,0,0,0,0,0,0,0,2.0,1.5,,,476.78348729636946,0.994573003367155,0.9485908557437348,0.0689118859976105,0.004855693408148869,17.495846264023886,1.0823159990072813,15.3602030580867,1.2327984373719298,0.03548367272385666,0.009315579165436237,0.03669557929372759,0.03221630670388291,0.0022700366683095965,0.0025856567398392727,0.03480196344372218,2.3151144363792113,32.856049322110586,,,211.0,24.0
2026_12_BAL_HOU,2026,13,2026-11-29,13:00,Baltimore Ravens,Houston Texans,Home,,,,,7,10,-3,3,-14,10,NRG Stadium,29.6847,-95.4093,America/Chicago,False,True,12,12,Sunday,-14,10,AFC North,M&T Bank Stadium,39.2789,-76.6228,America/New_York,AFC South,NRG Stadium,29.6847,-95.4093,America/Chicago,Carolina Panthers,Indianapolis Colts,Bank of America Stadium,NRG Stadium,Tampa Bay Buccaneers,Pittsburgh Steelers,M&T Bank Stadium,Acrisure Stadium,1254,0,-1254,1254,1.0,0.0,America/New_York,America/Chicago,1.0,0.0,1.0,0.0,1.0,0,6.69,0.035,6.69,0.035,Baltimore Ravens,6.655,Baltimore Ravens,6.655,6.69,0.035,Baltimore Ravens,6.655,0.0,0,No,No,No,No,No,0,No,5.1,2.96,2.881,5.008,5.668500000000001,0.5165,5.668500000000001,0.5165,4.0785,3.4415,1.8594999999999997,5.4895,Baltimore Ravens,5.152000000000001,Baltimore Ravens,5.152000000000001,5.668500000000001,0.5165,Baltimore Ravens,5.152000000000001,Baltimore Ravens,2.1399999999999997,Houston Texans,2.1270000000000002,3.9905,3.984,Baltimore Ravens,0.00649999999999995,Baltimore Ravens,0.637,Houston Texans,3.63,2.969,4.4655,Houston Texans,1.4964999999999997,Same,Different,Same,Different,Same,Same,False,Away Team,Home Team,45.5,-122.0,102.0,Houston Texans,Baltimore Ravens,-1.5,1.5,-104,-116,-191,156,0.637,-0.637,-3.63,3.63,0.495,0.5495,0.537,0.5098,0.3906,0.6564,0.4739,0.5261,0.513,0.487,0.3731,0.6269,0.4739,0.5261,-0.0261,0.0261,,,170,13,2026-11-29,BAL @ HOU,0.0,70.0,0.0,Dome,True,L.Jackson,C.Stroud,1.14,2.0,13.45,180.98,Med-High,-8.0,11.0,48.83,48.0,13.151484940919419,33.0,66.0,0.476,0.523,0.0942,0.0884,0.454,0.546,0.58,0.42,0.529,0.4708,-112,+112,,,,,,,,No Bet,,No Bet,,No Bet,,No Bet,,No Bet,,No Bet,,No Bet,,No Bet,,No Bet,,,,,,,,,,,,,,nan,,,,,,,,,,,,,,,13,0.1323,0.041466666666666666,Houston Texans,Baltimore Ravens,0,0,0,0,0,0,0,1,0,0,0,1,0,5.0,4.0,,,476.78348729636946,0.7416440897523361,0.6068315742899325,0.01261888816431794,0.0020036712622827466,3.1652688152681194,0.4527249025086667,2.85120868951827,0.5025924693180197,0.00918105259624565,0.004428616604536457,0.0066387970632476685,0.005980091101070271,0.0009495398111957936,0.001054131451086953,0.007034222552157224,0.9553173718266864,6.016477504786389,,,211.0,24.0
2026_12_NYG_IND,2026,13,2026-11-29,13:00,New York Giants,Indianapolis Colts,Home,,,,,7,10,-3,3,3,-13,Lucas Oil Stadium,39.7601,-86.1638,America/Indiana/Indianapolis,False,False,12,12,Sunday,3,-13,NFC East,MetLife Stadium,40.8136,-74.0744,America/New_York,AFC South,Lucas Oil Stadium,39.7601,-86.1638,America/Indiana/Indianapolis,Jacksonville Jaguars,Houston Texans,MetLife Stadium,NRG Stadium,San Francisco 49ers,Philadelphia Eagles,MetLife Stadium,Lincoln Financial Field,640,0,-640,640,0.0,0.0,America/New_York,America/Chicago,0.0,-1.0,0.0,0.0,0.0,0,-2.84,-2.265,-2.84,-2.265,Indianapolis Colts,0.5749999999999997,Indianapolis Colts,0.5749999999999997,-2.84,-2.265,Indianapolis Colts,0.5749999999999997,0.0,0,No,No,No,No,No,0,No,-3.53,0.93,-5.014,0.288,-1.873,-3.3514999999999997,-1.873,-3.3514999999999997,-2.5629999999999997,-0.15649999999999997,-4.047,-0.7985000000000001,New York Giants,1.4784999999999997,New York Giants,1.4784999999999997,-1.873,-3.3514999999999997,New York Giants,1.4784999999999997,Indianapolis Colts,4.46,Indianapolis Colts,5.3020000000000005,-4.272,0.609,Indianapolis Colts,4.881,Indianapolis Colts,2.4065,Indianapolis Colts,3.2484999999999995,-3.3049999999999997,-0.47750000000000004,Indianapolis Colts,2.8274999999999997,Different,Different,Different,Different,Same,Same,False,Home Team,Home Team,47.5,-135.0,114.0,Indianapolis Colts,New York Giants,-2.5,2.5,-142,117,-164,135,-2.4065,2.4065,-3.2484999999999995,3.2484999999999995,0.4673,0.5745,0.4608,0.5868,0.4255,0.6212,0.4486,0.5514,0.4399,0.5601,0.4065,0.5935,0.4486,0.5514,-0.0514,0.0514,,,171,13,2026-11-29,NYG @ IND,0.0,70.0,0.0,Dome,True,J.Dart,D.Jones,-9.34,-10.0,13.22,174.89,Medium,-18.0,-1.0,54.44,54.0,13.457669106184559,37.0,71.0,0.7628,0.237,0.0762,0.0714,0.731,0.269,0.6846,0.3154,0.617,0.383,-161,+161,,,,,,,,No Bet,,No Bet,,No Bet,,No Bet,,No Bet,,No Bet,,No Bet,,No Bet,,No Bet,,,,,,,,,,,,,,nan,,,,,,,,,,,,,,,13,-0.0989,-0.018,Indianapolis Colts,New York Giants,0,0,0,0,0,0,0,0,0,0,0,0,0,2.0,3.0,,,476.78348729636946,0.6499738756882644,0.7830788264723604,0.027902572118074807,0.0016996092898762273,7.335541981341375,0.3635210560188463,5.967943657652777,0.44682458824964744,0.027215746346466663,0.004371963306217378,0.015385478265906449,0.012517093852168358,0.0007624447274384756,0.0009371645624377517,0.01345425841460611,0.8103456442684938,13.303485638994152,,,211.0,24.0
2026_12_NYJ_MIA,2026,13,2026-11-29,13:00,New York Jets,Miami Dolphins,Home,,,,,7,7,0,0,-10,1,Hard Rock Stadium,25.9602,-80.2384,America/New_York,False,True,12,12,Sunday,-10,1,AFC East,MetLife Stadium,40.8136,-74.0744,America/New_York,AFC East,Hard Rock Stadium,25.9602,-80.2384,America/New_York,Los Angeles Chargers,Buffalo Bills,SoFi Stadium,Highmark Stadium,Denver Broncos,Denver Broncos,MetLife Stadium,Empower Field at Mile High,1085,0,-1085,1085,0.0,0.0,America/Los_Angeles,America/New_York,-3.0,0.0,0.0,0.0,0.0,0,-3.725,0.66,-3.725,0.66,Miami Dolphins,4.385,Miami Dolphins,4.385,-3.725,0.66,Miami Dolphins,4.385,0.0,0,No,No,No,No,No,1,No,-9.26,-5.46,-6.95,-3.956,-5.047185,1.794685,-5.047185,1.794685,-10.588035,-4.319464999999999,-8.286095000000001,-2.807405,Miami Dolphins,6.84187,Miami Dolphins,6.84187,-5.047185,1.794685,Miami Dolphins,6.84187,Miami Dolphins,3.8,Miami Dolphins,2.994,-8.105,-4.708,Miami Dolphins,3.3970000000000002,Miami Dolphins,6.26857,Miami Dolphins,5.478690000000001,-9.437065,-3.5634349999999997,Miami Dolphins,5.87363,Same,Same,Same,Same,Same,Same,False,Home Team,Home Team,40.5,-125.0,105.0,Miami Dolphins,New York Jets,-1.5,1.5,-282,224,-244,195,-6.26857,6.26857,-5.478690000000001,5.478690000000001,0.4878,0.5556,0.3086,0.7382,0.339,0.7093,0.4675,0.5325,0.2948,0.7052,0.3234,0.6766,0.4675,0.5325,-0.0325,0.0325,,,172,13,2026-11-29,NYJ @ MIA,10.0,75.0,0.0,Historical Avg,False,G.Smith,M.Willis,-5.07,-6.0,12.99,168.71,Med-Low,-14.0,4.0,42.4,42.0,12.382066917773916,27.0,59.0,0.6582,0.3404,0.086,0.09,0.638,0.362,0.5356,0.4644,0.6431,0.3565,-180,+181,,,,,,,,No Bet,,No Bet,,No Bet,,No Bet,,No Bet,,No Bet,,No Bet,,No Bet,,No Bet,,,,,,,,,,,,,,nan,,,,,,,,,,,,,,,13,-0.15782000000000002,-0.2722,Miami Dolphins,New York Jets,0,0,0,0,0,0,0,0,0,0,0,0,1,1.5,0.0,,,476.78348729636946,0.9973365358526378,0.9404895950347565,0.07067822959977237,0.006459650303049065,17.944298307753147,1.439832024659801,15.753914476759805,1.6400225735429819,0.03510138586575597,0.009435852453466972,0.037636157261878786,0.03304207233789358,0.003019886516675438,0.003439763786373627,0.036481836124267204,3.079854598202783,33.698212784512954,,,211.0,24.0
2026_12_ATL_MIN,2026,13,2026-11-29,13:00,Atlanta Falcons,Minnesota Vikings,Home,,,,,14,7,7,-7,10,0,U.S. Bank Stadium,44.9738,-93.2575,America/Chicago,False,False,12,12,Sunday,10,0,NFC South,Mercedes-Benz Stadium,33.7489,-84.388,America/New_York,NFC North,U.S. Bank Stadium,44.9738,-93.2575,America/Chicago,Kansas City Chiefs,San Francisco 49ers,Mercedes-Benz Stadium,Estadio Banorte,Detroit Lions,Carolina Panthers,Mercedes-Benz Stadium,U.S. Bank Stadium,907,0,-907,907,1.0,0.0,America/New_York,America/Los_Angeles,1.0,-2.0,1.0,0.0,1.0,0,-0.71,0.27,-0.71,0.27,Minnesota Vikings,0.98,Minnesota Vikings,0.98,-0.71,0.27,Minnesota Vikings,0.98,0.0,0,No,No,No,No,No,0,No,-0.79,-0.75,-0.101,2.721,1.084,-1.665,1.084,-1.665,1.004,-2.6849999999999996,1.693,0.7860000000000003,Atlanta Falcons,2.749,Atlanta Falcons,2.749,1.084,-1.665,Atlanta Falcons,2.749,Minnesota Vikings,0.040000000000000036,Minnesota Vikings,2.822,-0.4455,0.9855,Minnesota Vikings,1.431,Atlanta Falcons,3.6889999999999996,Atlanta Falcons,0.9069999999999998,1.3485,-0.9494999999999997,Atlanta Falcons,2.2979999999999996,Different,Different,Same,Same,Different,Different,False,Away Team,Away Team,43.5,-217.0,180.0,Minnesota Vikings,Atlanta Falcons,-4.5,4.5,156,-191,101,-122,3.6889999999999996,-3.6889999999999996,0.9069999999999998,-0.9069999999999998,0.3571,0.6845,0.6564,0.3906,0.5495,0.4975,0.3429,0.6571,0.6269,0.3731,0.5248,0.4752,0.3429,0.6571,-0.1571,0.1571,,,173,13,2026-11-29,ATL @ MIN,0.0,70.0,0.0,Dome,True,M.Penix,K.Murray,-1.16,-3.0,13.36,178.56,Medium,-10.0,8.0,45.37,45.0,13.089985927659253,29.0,63.0,0.537,0.4614,0.0874,0.0902,0.4334,0.5666,0.534,0.466,0.5106,0.489,-104,+104,,,,,,,,No Bet,,No Bet,,No Bet,,No Bet,,No Bet,,No Bet,,No Bet,,No Bet,,No Bet,,,,,,,,,,,,,,nan,,,,,,,,,,,,,,,13,-0.054799999999999995,0.024616666666666665,Minnesota Vikings,Atlanta Falcons,0,0,0,0,0,0,0,0,0,0,0,0,0,2.5,3.5,,,476.78348729636946,0.6786640236060043,0.9967201068218776,0.12696628545777425,0.00012119054699335443,39.77782996853788,0.019813328341473917,20.757598381086044,0.03796832328137215,0.14364078710489397,0.0021044460005107367,0.08342954617430345,0.04353673928347079,4.155623856402123e-05,7.96343084293332e-05,0.043616373591900126,0.05778165162284607,60.53542834962393,,,211.0,24.0
2026_12_TEN_JAX,2026,13,2026-11-29,16:05,Tennessee Titans,Jacksonville Jaguars,Home,,,,,7,7,0,0,5,1,TIAA Bank Field,30.3239,-81.6554,America/New_York,False,True,12,12,Sunday,5,1,AFC South,Nissan Stadium,36.1664,-86.7716,America/Chicago,AFC South,TIAA Bank Field,30.3239,-81.6554,America/New_York,Dallas Cowboys,New York Giants,AT&T Stadium,MetLife Stadium,Washington Commanders,Chicago Bears,Nissan Stadium,Soldier Field,500,0,-500,500,-1.0,0.0,America/Chicago,America/New_York,-1.0,0.0,-1.0,0.0,-1.0,0,-4.36,-1.825,-4.36,-1.825,Jacksonville Jaguars,2.535,Jacksonville Jaguars,2.535,-4.36,-1.825,Jacksonville Jaguars,2.535,0.0,0,No,No,No,No,No,1,No,-8.19,5.41,-8.36,3.85,-2.5201300000000004,-2.63087,-2.5201300000000004,-2.63087,-6.239479999999999,4.49348,-6.423379999999998,2.9473800000000003,Tennessee Titans,0.1107399999999994,Tennessee Titans,0.1107399999999994,-2.5201300000000004,-2.63087,Tennessee Titans,0.1107399999999994,Jacksonville Jaguars,13.6,Jacksonville Jaguars,12.209999999999999,-8.274999999999999,4.63,Jacksonville Jaguars,12.904999999999998,Jacksonville Jaguars,10.732959999999999,Jacksonville Jaguars,9.370759999999999,-6.331429999999998,3.7204300000000003,Jacksonville Jaguars,10.051859999999998,Different,Different,Different,Different,Same,Same,False,Home Team,Home Team,45.5,-233.0,190.0,Jacksonville Jaguars,Tennessee Titans,-5.5,5.5,-538,389,-436,327,-10.732959999999999,10.732959999999999,-9.370759999999999,9.370759999999999,0.3448,0.6997,0.2045,0.8433,0.2342,0.8134,0.3301,0.6699,0.1952,0.8048,0.2235,0.7765,0.3301,0.6699,-0.1699,0.1699,,,174,13,2026-11-29,TEN @ JAX,10.0,60.0,0.0,Historical Avg,False,C.Ward,T.Lawrence,-13.78,-14.0,12.86,165.32,Med-Low,-22.0,-6.0,52.54,52.0,13.223873661182694,36.0,70.0,0.862,0.1376,0.0536,0.054,0.7612,0.2388,0.6976,0.3024,0.7783,0.2216,-351,+351,,,,,,,,No Bet,,No Bet,,No Bet,,No Bet,,No Bet,,No Bet,,No Bet,,No Bet,,No Bet,,,,,,,,,,,,,,nan,,,,,,,,,,,,,,,13,-0.09700000000000002,-0.011066666666666669,Jacksonville Jaguars,Tennessee Titans,0,0,0,0,0,0,0,0,0,0,0,0,1,2.0,3.0,,,476.78348729636946,0.6707378144314712,0.9608435527279168,0.16426073936613628,0.001280242051013231,52.464429773566465,0.20149246881659635,25.852378367300027,0.4089058008489484,0.17131497585018368,0.001432319156044,0.1100382693013747,0.05422247006476158,0.00042260790103946757,0.0008576341499737634,0.055080104214735345,0.6103982696655448,78.31680814086648,,,211.0,24.0
2026_12_WAS_ARI,2026,13,2026-11-29,16:25,Washington Commanders,Arizona Cardinals,Home,,,,,6,7,-1,1,9,-3,State Farm Stadium,33.5277,-112.262608,America/Denver,False,False,12,12,Sunday,9,-3,NFC East,FedExField,38.9077,-76.8645,America/New_York,NFC West,State Farm Stadium,33.5277,-112.262608,America/Denver,Cincinnati Bengals,Kansas City Chiefs,FedExField,GEHA Field at Arrowhead Stadium,Tennessee Titans,Philadelphia Eagles,Nissan Stadium,State Farm Stadium,1994,0,-1994,1994,2.0,0.0,America/New_York,America/Chicago,2.0,1.0,2.0,0.0,2.0,0,1.45,0.075,1.45,0.075,Washington Commanders,1.375,Washington Commanders,1.375,1.45,0.075,Washington Commanders,1.375,-0.15,0,No,No,No,No,Yes,0,No,-5.43,-4.4,-1.427,-3.837,2.328,-0.9175,2.328,-0.9175,-4.552,-5.3925,-0.549,-4.8294999999999995,Washington Commanders,3.2455,Washington Commanders,3.2455,2.328,-0.9175,Washington Commanders,3.2455,Arizona Cardinals,1.0299999999999994,Washington Commanders,2.41,-3.4284999999999997,-4.1185,Washington Commanders,0.6900000000000004,Washington Commanders,0.8405000000000005,Washington Commanders,4.280499999999999,-2.5505,-5.111,Washington Commanders,2.5604999999999998,Different,Same,Same,Same,Different,Same,False,Away Team,Away Team,47.5,180.0,-217.0,Washington Commanders,Arizona Cardinals,4.5,-4.5,101,-122,181,-224,0.8405000000000005,-0.8405000000000005,4.280499999999999,-4.280499999999999,0.6845,0.3571,0.5495,0.4975,0.6914,0.3559,0.6571,0.3429,0.5248,0.4752,0.6602,0.3398,0.6571,0.3429,0.1571,-0.1571,,,175,13,2026-11-29,WAS @ ARI,0.0,70.0,0.0,Dome,True,J.Daniels,J.Brissett,3.86,5.0,13.07,170.83,Medium,-6.0,13.0,49.77,49.0,13.391800180050945,33.0,67.0,0.3836,0.6154,0.0952,0.0972,0.4972,0.5028,0.5416,0.4584,0.3854,0.6144,+159,-159,,,,,,,,No Bet,,No Bet,,No Bet,,No Bet,,No Bet,,No Bet,,No Bet,,No Bet,,No Bet,,,,,,,,,,,,,,nan,,,,,,,,,,,,,,,13,-0.01433333333333333,-0.15332,Washington Commanders,Arizona Cardinals,0,0,0,0,0,0,0,0,0,0,0,0,0,3.0,1.5,,,476.78348729636946,0.9995808546978264,0.989255329755816,9.34259716596854e-05,0.19523137343700137,0.015274124080123914,61.164901761924014,0.029269836491832676,31.918193295029287,0.002194815196090825,0.20721362675282748,3.2035765682106125e-05,6.139020597757928e-05,0.1282865354854536,0.06694483795154776,0.06700622815752534,93.0830950569533,0.04454396057195659,,,211.0,24.0
2026_12_SEA_SF,2026,13,2026-11-29,16:25,Seattle Seahawks,San Francisco 49ers,Home,,,,,14,7,7,-7,10,2,Levi's Stadium,37.4031,-121.9702,America/Los_Angeles,False,False,12,12,Sunday,10,2,NFC West,Lumen Field,47.5952,-122.3316,America/Los_Angeles,NFC West,Levi's Stadium,37.4031,-121.9702,America/Los_Angeles,Las Vegas Raiders,Minnesota Vikings,Allegiant Stadium,Estadio Banorte,Dallas Cowboys,New York Giants,Lumen Field,MetLife Stadium,704,0,-704,704,0.0,0.0,America/Los_Angeles,America/Los_Angeles,0.0,0.0,0.0,0.0,0.0,0,-0.13,3.325,-0.13,3.325,San Francisco 49ers,3.455,San Francisco 49ers,3.455,-0.13,3.325,San Francisco 49ers,3.455,0.0,0,No,No,No,No,No,1,No,10.42,3.57,10.022,2.606,0.870735,1.2367650000000003,0.870735,1.2367650000000003,11.317684999999999,1.584815,10.914025,0.6264750000000001,San Francisco 49ers,0.3660300000000003,San Francisco 49ers,0.3660300000000003,0.870735,1.2367650000000003,San Francisco 49ers,0.3660300000000003,Seattle Seahawks,6.85,Seattle Seahawks,7.416,10.221,3.088,Seattle Seahawks,7.133,Seattle Seahawks,9.732869999999998,Seattle Seahawks,10.28755,11.115855,1.105645,Seattle Seahawks,10.01021,Different,Different,Different,Different,Same,Same,False,Away Team,Away Team,46.5,-110.0,-110.0,San Francisco 49ers,Seattle Seahawks,-1.5,1.5,327,-436,389,-538,9.732869999999998,-9.732869999999998,10.28755,-10.28755,0.5238,0.5238,0.8134,0.2342,0.8433,0.2045,0.5,0.5,0.7765,0.2235,0.8048,0.1952,0.5,0.5,0.0,0.0,,,176,13,2026-11-29,SEA @ SF,8.0,60.0,0.0,Historical Avg,False,S.Darnold,B.Purdy,5.73,6.0,12.78,163.43,Med-Low,-3.0,14.0,57.76,57.0,13.872804817436903,40.0,76.0,0.332,0.6668,0.0936,0.0946,0.3028,0.6972,0.7896,0.2104,0.3127,0.687,+220,-219,,,,,,,,No Bet,,No Bet,,No Bet,,No Bet,,No Bet,,No Bet,,No Bet,,No Bet,,No Bet,,,,,,,,,,,,,,nan,,,,,,,,,,,,,,,13,0.08453333333333334,0.034183333333333336,San Francisco 49ers,Seattle Seahawks,0,0,0,0,0,0,1,0,0,0,1,0,1,4.5,4.0,,,476.78348729636946,0.18736050841768162,0.2572921720772454,0.005594231000030819,0.006595453093621803,1.333618482468075,1.572301563138316,1.333618482468075,1.572301563138316,0.0033600939343398075,0.003372133747813988,0.0027971155000154095,0.0027971155000154095,0.0032977265468109016,0.0032977265468109016,0.0060948420468263115,3.144603126276632,2.66723696493615,,,211.0,24.0
2026_12_NE_LAC,2026,13,2026-11-29,20:20,New England Patriots,Los Angeles Chargers,Home,,,,,14,7,7,-7,11,-21,SoFi Stadium,33.9535,-118.3395,America/Los_Angeles,False,False,12,12,Sunday,11,-21,AFC East,Gillette Stadium,42.0628,-71.2687,America/New_York,AFC West,SoFi Stadium,33.9535,-118.3395,America/Los_Angeles,Detroit Lions,New York Jets,FC Bayern Munich Stadium,SoFi Stadium,Buffalo Bills,Tampa Bay Buccaneers,Gillette Stadium,Raymond James Stadium,2588,0,-2588,2588,3.0,0.0,America/Detroit,America/Los_Angeles,3.0,0.0,3.0,0.0,3.0,0,-1.995,0.935,-1.995,0.935,Los Angeles Chargers,2.93,Los Angeles Chargers,2.93,-1.995,0.935,Los Angeles Chargers,2.93,-0.22499999999999998,0,No,No,No,No,No,0,No,5.09,1.12,4.222,0.527,-0.9105000000000002,-0.6495,-0.9105000000000002,-0.6495,6.1745,-0.46449999999999997,5.306500000000001,-1.0575,Los Angeles Chargers,0.26100000000000023,Los Angeles Chargers,0.26100000000000023,-0.9105000000000002,-0.6495,Los Angeles Chargers,0.26100000000000023,New England Patriots,3.9699999999999998,New England Patriots,3.6950000000000003,4.656000000000001,0.8235000000000001,New England Patriots,3.8325000000000005,New England Patriots,6.639,New England Patriots,6.364000000000001,5.740500000000001,-0.761,New England Patriots,6.501500000000001,Different,Different,Different,Different,Same,Same,False,Away Team,Away Team,45.5,-125.0,105.0,Los Angeles Chargers,New England Patriots,-2.0,2.0,224,-282,224,-282,6.639,-6.639,6.364000000000001,-6.364000000000001,0.4878,0.5556,0.7382,0.3086,0.7382,0.3086,0.4675,0.5325,0.7052,0.2948,0.7052,0.2948,0.4675,0.5325,-0.0325,0.0325,,,177,13,2026-11-29,NE @ LAC,0.0,70.0,0.0,Dome,True,D.Maye,J.Herbert,0.66,1.0,14.14,199.91,High,-10.0,11.0,44.0,43.0,12.827490202724,28.0,61.0,0.4828,0.5164,0.0892,0.0762,0.4486,0.5362,0.439,0.561,0.4012,0.5986,+149,-149,,,,,,,,No Bet,,No Bet,,No Bet,,No Bet,,No Bet,,No Bet,,No Bet,,No Bet,,No Bet,,,,,,,,,,,,,,nan,,,,,,,,,,,,,,,13,0.11621666666666668,0.09253333333333331,Los Angeles Chargers,New England Patriots,0,0,0,0,0,0,0,0,0,0,0,0,0,5.0,4.5,,,476.78348729636946,0.345084241393844,0.23068213096422707,0.008356938169320493,0.0009384751875283,2.121719690757766,0.20918262846427574,1.8627304327309966,0.23826684418658142,0.010335140820549486,0.0031030840629205554,0.004450069575163162,0.003906868594157331,0.0004387371501694803,0.0004997380373588197,0.0044066066315161505,0.44744947265085716,3.984450123488762,,,211.0,24.0
2026_12_CAR_TB,2026,13,2026-11-30,20:15,Carolina Panthers,Tampa Bay Buccaneers,Home,,,,,8,8,0,0,11,8,Raymond James Stadium,27.9759,-82.5033,America/New_York,False,False,12,12,Monday,11,8,NFC South,Bank of America Stadium,35.2258,-80.8528,America/New_York,NFC South,Raymond James Stadium,27.9759,-82.5033,America/New_York,Baltimore Ravens,Detroit Lions,Bank of America Stadium,Ford Field,Minnesota Vikings,Los Angeles Chargers,U.S. Bank Stadium,Raymond James Stadium,510,0,-510,510,0.0,0.0,America/New_York,America/Detroit,0.0,0.0,0.0,0.0,0.0,0,-5.25,1.025,-5.25,1.025,Tampa Bay Buccaneers,6.275,Tampa Bay Buccaneers,6.275,-5.25,1.025,Tampa Bay Buccaneers,6.275,0.0,0,No,No,No,No,No,1,No,-3.79,-1.4,-4.367,-2.096,-3.0699500000000004,-0.46805000000000024,-3.0699500000000004,-0.46805000000000024,-1.6488000000000003,-2.8541999999999996,-2.2269900000000002,-3.54901,Tampa Bay Buccaneers,2.6019,Tampa Bay Buccaneers,2.6019,-3.0699500000000004,-0.46805000000000024,Tampa Bay Buccaneers,2.6019,Tampa Bay Buccaneers,2.39,Tampa Bay Buccaneers,2.271,-4.0785,-1.748,Tampa Bay Buccaneers,2.3305,Carolina Panthers,1.2053999999999994,Carolina Panthers,1.3220199999999998,-1.9378950000000001,-3.201605,Carolina Panthers,1.2637099999999997,Different,Different,Different,Different,Different,Different,False,Away Team,Away Team,44.5,-192.0,160.0,Tampa Bay Buccaneers,Carolina Panthers,-3.5,3.5,101,-122,105,-128,1.2053999999999994,-1.2053999999999994,1.3220199999999998,-1.3220199999999998,0.3846,0.6575,0.5495,0.4975,0.5614,0.4878,0.3691,0.6309,0.5248,0.4752,0.5351,0.4649,0.3691,0.6309,-0.1309,0.1309,,,178,13,2026-11-30,CAR @ TB,8.0,75.0,0.0,Historical Avg,False,B.Young,B.Mayfield,-4.24,-5.0,14.02,196.67,High,-14.0,6.0,50.66,50.0,13.528601870618958,33.0,68.0,0.6154,0.3842,0.0916,0.0874,0.5344,0.4656,0.656,0.344,0.5466,0.4533,-121,+121,,,,,,,,No Bet,,No Bet,,No Bet,,No Bet,,No Bet,,No Bet,,No Bet,,No Bet,,No Bet,,,,,,,,,,,,,,nan,,,,,,,,,,,,,,,13,-0.06845,-0.035083333333333334,Tampa Bay Buccaneers,Carolina Panthers,0,0,0,0,0,0,0,0,0,0,0,0,1,2.5,3.0,,,476.78348729636946,0.8558539288787723,0.994137601665442,0.10977338897123975,0.00014488549233499342,33.020132025096004,0.02549706269956322,19.318007180952506,0.04358194759456634,0.08859508684304271,0.0017010631214134798,0.06925603110195516,0.04051735786928459,5.3477235220846066e-05,9.140825711414735e-05,0.04060876612639874,0.06907901029412956,52.33813920604851,,,211.0,24.0
2026_13_KC_LA,2026,14,2026-12-03,20:15,Kansas City Chiefs,Los Angeles Rams,Home,,,,,7,8,-1,1,2,-4,SoFi Stadium,33.9535,-118.3395,America/Los_Angeles,False,True,13,13,Thursday,2,-4,AFC West,GEHA Field at Arrowhead Stadium,39.0489,-94.4839,America/Chicago,NFC West,SoFi Stadium,33.9535,-118.3395,America/Los_Angeles,Buffalo Bills,Green Bay Packers,Highmark Stadium,SoFi Stadium,Cincinnati Bengals,San Francisco 49ers,Paycor Stadium,Levi's Stadium,1366,0,-1366,1366,2.0,0.0,America/New_York,America/Los_Angeles,3.0,0.0,2.0,0.0,2.0,0,4.395,1.29,4.395,1.29,Kansas City Chiefs,3.1049999999999995,Kansas City Chiefs,3.1049999999999995,4.395,1.29,Kansas City Chiefs,3.1049999999999995,-0.15,0,No,No,No,No,No,0,No,-2.17,8.12,0.625,7.087,6.608499999999999,0.45300000000000007,6.608499999999999,0.45300000000000007,0.04349999999999987,7.282999999999999,2.8385,6.25,Kansas City Chiefs,6.155499999999999,Kansas City Chiefs,6.155499999999999,6.608499999999999,0.45300000000000007,Kansas City Chiefs,6.155499999999999,Los Angeles Rams,10.29,Los Angeles Rams,6.462,-0.7725,7.6034999999999995,Los Angeles Rams,8.376,Los Angeles Rams,7.239499999999999,Los Angeles Rams,3.4115,1.4409999999999998,6.766499999999999,Los Angeles Rams,5.325499999999999,Different,Different,Different,Different,Same,Same,True,Home Team,Home Team,47.5,-204.0,170.0,Los Angeles Rams,Kansas City Chiefs,-4.5,4.5,-319,249,-191,156,-7.239499999999999,7.239499999999999,-3.4115,3.4115,0.3704,0.6711,0.2865,0.7613,0.3906,0.6564,0.3556,0.6444,0.2734,0.7266,0.3731,0.6269,0.3556,0.6444,-0.1444,0.1444,,,179,14,2026-12-03,KC @ LA,0.0,70.0,0.0,Dome,True,P.Mahomes,M.Stafford,-7.87,-8.0,12.85,165.13,Med-Low,-17.0,1.0,54.01,53.0,13.42006575516583,37.0,71.10000000000036,0.7394,0.2582,0.0802,0.0776,0.6264,0.3736,0.67,0.33,0.6843,0.3151,-217,+217,,,,,,,,No Bet,,No Bet,,No Bet,,No Bet,,No Bet,,No Bet,,No Bet,,No Bet,,No Bet,,,,,,,,,,,,,,nan,,,,,,,,,,,,,,,14,0.07168,0.09028,Los Angeles Rams,Kansas City Chiefs,0,0,0,0,0,0,0,0,0,0,0,0,0,4.0,4.5,,,304.38449501625286,0.0,0.06330805117380182,0.0,4.495817907575406e-05,0.0,0.004866234028943295,0.0,0.00881833860588037,0.023327310202057527,0.0016835226291596246,0.0,0.0,1.5987128479338145e-05,2.8971050596415916e-05,2.8971050596415916e-05,0.013684572634823665,0.0,0.0,4.495817907575406e-05,45.0,166.0
2026_13_DET_ATL,2026,14,2026-12-06,13:00,Detroit Lions,Atlanta Falcons,Home,,,,,10,7,3,-3,6,7,Mercedes-Benz Stadium,33.7489,-84.388,America/New_York,False,False,13,13,Sunday,6,7,NFC North,Ford Field,42.3395,-83.045,America/Detroit,NFC South,Mercedes-Benz Stadium,33.7489,-84.388,America/New_York,Chicago Bears,Minnesota Vikings,Ford Field,U.S. Bank Stadium,Tennessee Titans,Cleveland Browns,Ford Field,FirstEnergy Stadium,598,0,-598,598,0.0,0.0,America/Detroit,America/Chicago,0.0,-1.0,0.0,0.0,0.0,0,4.305,-0.71,4.305,-0.71,Detroit Lions,5.015,Detroit Lions,5.015,4.305,-0.71,Detroit Lions,5.015,0.0,0,No,No,No,No,No,0,No,3.98,-0.79,3.658,-0.101,5.663999999999999,-1.279,5.663999999999999,-1.279,5.3389999999999995,-1.359,5.0169999999999995,-0.6699999999999999,Detroit Lions,6.942999999999999,Detroit Lions,6.942999999999999,5.663999999999999,-1.279,Detroit Lions,6.942999999999999,Detroit Lions,4.77,Detroit Lions,3.759,3.819,-0.4455,Detroit Lions,4.2645,Detroit Lions,6.6979999999999995,Detroit Lions,5.686999999999999,5.177999999999999,-1.0145,Detroit Lions,6.192499999999999,Same,Same,Same,Same,Same,Same,False,Away Team,Away Team,48.5,154.0,-185.0,Detroit Lions,Atlanta Falcons,3.5,-3.5,224,-282,195,-244,6.6979999999999995,-6.6979999999999995,5.686999999999999,-5.686999999999999,0.6491,0.3937,0.7382,0.3086,0.7093,0.339,0.6225,0.3775,0.7052,0.2948,0.6766,0.3234,0.6225,0.3775,0.1225,-0.1225,,,180,14,2026-12-06,DET @ ATL,0.0,70.0,0.0,Dome,True,J.Goff,M.Penix,0.45,1.0,13.53,182.97,Med-High,-9.0,10.0,53.11,53.0,13.915922420715196,36.0,71.0,0.491,0.5082,0.0884,0.0892,0.5728,0.4272,0.6172,0.3828,0.3717,0.6281,+169,-169,,,,,,,,No Bet,,No Bet,,No Bet,,No Bet,,No Bet,,No Bet,,No Bet,,No Bet,,No Bet,,,,,,,,,,,,,,nan,,,,,,,,,,,,,,,14,0.06870000000000001,-0.041260000000000005,Detroit Lions,Atlanta Falcons,0,0,0,0,0,0,0,0,0,0,0,0,0,4.0,3.0,,,304.38449501625286,0.9966550137285503,0.3188546069136494,0.00221485900791639,0.024741527488116328,0.254498699597953,4.68800850062464,0.41967004105887623,2.842928849776387,0.0027663097945425067,0.039274652424675115,0.0008361092754884373,0.0013787497324279528,0.015401600861352416,0.009339926626763912,0.010718676359191864,7.530937350401027,0.6741687406568292,0.00221485900791639,0.024741527488116328,45.0,166.0
2026_13_JAX_CHI,2026,14,2026-12-06,13:00,Jacksonville Jaguars,Chicago Bears,Home,,,,,7,10,-3,3,-2,11,Soldier Field,41.8623,-87.6167,America/Chicago,False,False,13,13,Sunday,-2,11,AFC South,TIAA Bank Field,30.3239,-81.6554,America/New_York,NFC North,Soldier Field,41.8623,-87.6167,America/Chicago,Tennessee Titans,Detroit Lions,TIAA Bank Field,Ford Field,Pittsburgh Steelers,Miami Dolphins,TIAA Bank Field,Hard Rock Stadium,863,0,-863,863,1.0,0.0,America/New_York,America/Detroit,1.0,1.0,1.0,0.0,1.0,0,-1.825,-1.575,-1.825,-1.575,Chicago Bears,0.25,Chicago Bears,0.25,-1.825,-1.575,Chicago Bears,0.25,0.0,0,No,No,No,No,No,0,No,5.41,0.9,3.85,1.647,-1.2180000000000002,-0.6115,-1.2180000000000002,-0.6115,6.017000000000001,1.8635000000000002,4.457,2.6104999999999996,Chicago Bears,0.6065000000000002,Chicago Bears,0.6065000000000002,-1.2180000000000002,-0.6115,Chicago Bears,0.6065000000000002,Jacksonville Jaguars,4.51,Jacksonville Jaguars,2.2030000000000003,4.63,1.2735,Jacksonville Jaguars,3.3564999999999996,Jacksonville Jaguars,4.153500000000001,Jacksonville Jaguars,1.8465000000000003,5.237,2.237,Jacksonville Jaguars,3.0,Different,Different,Different,Different,Same,Same,False,Away Team,Away Team,47.5,-154.0,130.0,Chicago Bears,Jacksonville Jaguars,-3.0,3.0,171,-211,108,-131,4.153500000000001,-4.153500000000001,1.8465000000000003,-1.8465000000000003,0.4348,0.6063,0.6785,0.369,0.5671,0.4808,0.4176,0.5824,0.6477,0.3523,0.5412,0.4588,0.4176,0.5824,-0.0824,0.0824,,,181,14,2026-12-06,JAX @ CHI,18.0,32.0,0.0,Historical Avg,False,T.Lawrence,C.Williams,3.94,5.0,13.9,193.19,Med-High,-7.0,14.0,43.38,43.0,12.7957657513817,27.0,60.0,0.3846,0.6148,0.079,0.085,0.317,0.6468,0.3574,0.6426,0.4445,0.5553,+125,-125,,,,,,,,No Bet,,No Bet,,No Bet,,No Bet,,No Bet,,No Bet,,No Bet,,No Bet,,No Bet,,,,,,,,,,,,,,nan,,,,,,,,,,,,,,,14,0.003199999999999997,0.013999999999999999,Chicago Bears,Jacksonville Jaguars,0,0,0,0,0,1,0,0,0,0,0,1,0,3.5,3.5,,,304.38449501625286,0.4890863012865224,0.4983754548744737,0.010562804358567792,4.556477069910237e-05,1.8725056142596481,0.0057917819789791375,1.3426482563784838,0.008077427740798492,0.013785115436150566,0.002881242969259122,0.006151777258429882,0.00441102710013791,1.902784824394515e-05,2.653692245515722e-05,0.004437564022593067,0.013869209719777629,3.215153870638132,0.010562804358567792,4.556477069910237e-05,45.0,166.0
2026_13_CIN_CLE,2026,14,2026-12-06,13:00,Cincinnati Bengals,Cleveland Browns,Home,,,,,7,7,0,0,-4,3,FirstEnergy Stadium,41.5061,-81.6994,America/New_York,False,False,13,13,Sunday,-4,3,AFC North,Paycor Stadium,39.0955,-84.5165,America/New_York,AFC North,FirstEnergy Stadium,41.5061,-81.6994,America/New_York,New Orleans Saints,Las Vegas Raiders,Paycor Stadium,FirstEnergy Stadium,Kansas City Chiefs,Atlanta Falcons,Paycor Stadium,FirstEnergy Stadium,223,0,-223,223,0.0,0.0,America/New_York,America/New_York,0.0,0.0,0.0,0.0,0.0,0,1.31,-4.705,1.31,-4.705,Cincinnati Bengals,6.015000000000001,Cincinnati Bengals,6.015000000000001,1.31,-4.705,Cincinnati Bengals,6.015000000000001,0.0,0,No,No,No,No,No,1,No,-0.04,-6.94,-0.609,-7.475,-0.5178299999999999,-4.37217,-0.5178299999999999,-4.37217,-1.87668,-6.598319999999999,-2.44534,-7.133659999999999,Cincinnati Bengals,3.8543399999999997,Cincinnati Bengals,3.8543399999999997,-0.5178299999999999,-4.37217,Cincinnati Bengals,3.8543399999999997,Cincinnati Bengals,6.9,Cincinnati Bengals,6.866,-0.3245,-7.2075,Cincinnati Bengals,6.882999999999999,Cincinnati Bengals,4.721639999999999,Cincinnati Bengals,4.688319999999999,-2.16101,-6.865989999999999,Cincinnati Bengals,4.704979999999999,Same,Same,Same,Same,Same,Same,False,Away Team,Away Team,45.5,185.0,-227.0,Cincinnati Bengals,Cleveland Browns,4.5,-4.5,181,-224,181,-224,4.721639999999999,-4.721639999999999,4.688319999999999,-4.688319999999999,0.6942,0.3509,0.6914,0.3559,0.6914,0.3559,0.6643,0.3357,0.6602,0.3398,0.6602,0.3398,0.6643,0.3357,0.1643,-0.1643,,,182,14,2026-12-06,CIN @ CLE,10.0,60.0,0.0,Historical Avg,False,J.Burrow,S.Sanders,12.19,13.0,13.22,174.66,Medium,4.0,21.0,45.1,45.0,12.37200277443107,29.0,61.0,0.1766,0.8226,0.0632,0.052,0.258,0.742,0.4824,0.5176,0.298,0.7018,+236,-235,,,,,,,,No Bet,,No Bet,,No Bet,,No Bet,,No Bet,,No Bet,,No Bet,,No Bet,,No Bet,,,,,,,,,,,,,,nan,,,,,,,,,,,,,,,14,0.08588,-0.14004,Cincinnati Bengals,Cleveland Browns,0,0,0,0,0,0,0,0,0,0,0,0,1,4.5,1.5,,,304.38449501625286,0.9370935766864705,0.5276334370759909,0.00010539884921029588,0.06273569593325413,0.0107698520327215,12.685322087692642,0.02131192345944859,6.410451038444106,0.0020441737931438356,0.08162431404664504,3.538239367989633e-05,7.001645553039956e-05,0.04167532280846072,0.021060373124793412,0.021130389580323813,19.09577312613675,0.032081775492170096,0.00010539884921029588,0.06273569593325413,45.0,166.0
2026_13_GB_NO,2026,14,2026-12-06,13:00,Green Bay Packers,New Orleans Saints,Home,,,,,11,7,4,-4,1,-7,Caesars Superdome,29.9507,-90.0813,America/Chicago,False,True,13,13,Sunday,1,-7,NFC North,Lambeau Field,44.5013,-88.0622,America/Chicago,NFC South,Caesars Superdome,29.9507,-90.0813,America/Chicago,Los Angeles Rams,Cincinnati Bengals,SoFi Stadium,Paycor Stadium,Buffalo Bills,Carolina Panthers,Lambeau Field,Bank of America Stadium,1011,0,-1011,1011,0.0,0.0,America/Los_Angeles,America/New_York,-2.0,1.0,0.0,0.0,0.0,0,3.535,-6.145,3.535,-6.145,Green Bay Packers,9.68,Green Bay Packers,9.68,3.535,-6.145,Green Bay Packers,9.68,0.0,0,No,No,No,No,No,0,No,5.09,-4.37,2.933,-4.865,3.5955,-7.773999999999999,3.5955,-7.773999999999999,5.150499999999999,-5.999,2.9934999999999996,-6.494,Green Bay Packers,11.369499999999999,Green Bay Packers,11.369499999999999,3.5955,-7.773999999999999,Green Bay Packers,11.369499999999999,Green Bay Packers,9.46,Green Bay Packers,7.798,4.0115,-4.6175,Green Bay Packers,8.629,Green Bay Packers,11.1495,Green Bay Packers,9.487499999999999,4.071999999999999,-6.246499999999999,Green Bay Packers,10.318499999999998,Same,Same,Same,Same,Same,Same,False,Away Team,Away Team,45.5,185.0,-227.0,Green Bay Packers,New Orleans Saints,4.5,-4.5,406,-567,327,-436,11.1495,-11.1495,9.487499999999999,-9.487499999999999,0.6942,0.3509,0.8501,0.1976,0.8134,0.2342,0.6643,0.3357,0.8114,0.1886,0.7765,0.2235,0.6643,0.3357,0.1643,-0.1643,,,183,14,2026-12-06,GB @ NO,0.0,70.0,0.0,Dome,True,J.Love,T.Shough,10.84,11.0,12.41,153.9,Low,3.0,19.0,49.19,49.0,13.41645082987949,33.0,67.0,0.1866,0.8108,0.0704,0.0756,0.2856,0.7144,0.5898,0.4102,0.2336,0.7658,+328,-327,,,,,,,,No Bet,,No Bet,,No Bet,,No Bet,,No Bet,,No Bet,,No Bet,,No Bet,,No Bet,,,,,,,,,,,,,,nan,,,,,,,,,,,,,,,14,0.08976,-0.012139999999999998,Green Bay Packers,New Orleans Saints,0,0,0,0,0,0,1,0,0,0,1,0,0,4.5,3.0,,,304.38449501625286,0.8695037832298168,0.5367561894989487,1.1539823490720883e-06,0.06273569593325413,0.00011791608011849822,12.685322087692642,0.00023333825446147862,6.410451038444106,0.0017829303226844365,0.08298376295776866,3.8739187458350003e-07,7.665904744885883e-07,0.04167532280846072,0.021060373124793412,0.0210611397152679,19.09577312613675,0.00035125433457997685,1.1539823490720883e-06,0.06273569593325413,45.0,166.0
2026_13_SF_NYG,2026,14,2026-12-06,13:00,San Francisco 49ers,New York Giants,Home,,,,,7,7,0,0,2,3,MetLife Stadium,40.8136,-74.0744,America/New_York,False,False,13,13,Sunday,2,3,NFC West,Levi's Stadium,37.4031,-121.9702,America/Los_Angeles,NFC East,MetLife Stadium,40.8136,-74.0744,America/New_York,Seattle Seahawks,Indianapolis Colts,Levi's Stadium,Lucas Oil Stadium,Los Angeles Rams,Seattle Seahawks,Levi's Stadium,Lumen Field,2545,0,-2545,2545,-3.0,0.0,America/Los_Angeles,America/Indiana/Indianapolis,-3.0,0.0,-3.0,0.0,-3.0,0,3.325,-2.84,3.325,-2.84,San Francisco 49ers,6.165,San Francisco 49ers,6.165,3.325,-2.84,San Francisco 49ers,6.165,-0.44999999999999996,0,No,No,No,No,No,0,No,3.57,-3.53,2.606,-5.014,4.4094999999999995,-3.732,4.4094999999999995,-3.732,4.6545000000000005,-4.422,3.6904999999999997,-5.906,San Francisco 49ers,8.1415,San Francisco 49ers,8.1415,4.4094999999999995,-3.732,San Francisco 49ers,8.1415,San Francisco 49ers,7.1,San Francisco 49ers,7.62,3.088,-4.272,San Francisco 49ers,7.36,San Francisco 49ers,9.0765,San Francisco 49ers,9.596499999999999,4.1725,-5.164,San Francisco 49ers,9.336500000000001,Same,Same,Same,Same,Same,Same,False,Away Team,Away Team,47.5,140.0,-167.0,San Francisco 49ers,New York Giants,3.0,-3.0,314,-416,327,-436,9.0765,-9.0765,9.596499999999999,-9.596499999999999,0.6255,0.4167,0.8062,0.2415,0.8134,0.2342,0.6002,0.3998,0.7695,0.2305,0.7765,0.2235,0.6002,0.3998,0.1002,-0.1002,,,184,14,2026-12-06,SF @ NYG,15.0,38.0,0.0,Historical Avg,False,B.Purdy,J.Dart,13.26,13.0,12.43,154.62,Low,6.0,21.0,54.09,54.0,13.246880650530294,37.0,71.0,0.1424,0.8572,0.055,0.066,0.1674,0.7992,0.6776,0.3224,0.249,0.7508,+302,-301,,,,,,,,No Bet,,No Bet,,No Bet,,No Bet,,No Bet,,No Bet,,No Bet,,No Bet,,No Bet,,,,,,,,,,,,,,nan,,,,,,,,,,,,,,,14,0.020980000000000006,-0.09864000000000002,San Francisco 49ers,New York Giants,0,0,0,0,0,0,0,0,0,0,0,0,0,3.5,2.0,,,304.38449501625286,0.7818845440369181,0.18297914700044882,3.206503375946451e-05,0.009803031443926049,0.003902087623599771,1.7909312435678646,0.005858011484953934,1.192959532120014,0.0019518180416418188,0.014834141919933935,1.281960049703391e-05,1.9245433262430598e-05,0.0058837794726444145,0.0039192519712816344,0.003938497404544065,2.9838907756878785,0.009760099108553704,3.206503375946451e-05,0.009803031443926049,45.0,166.0
2026_13_LAC_TB,2026,14,2026-12-06,13:00,Los Angeles Chargers,Tampa Bay Buccaneers,Home,,,,,7,6,1,-1,-20,7,Raymond James Stadium,27.9759,-82.5033,America/New_York,False,False,13,13,Sunday,-20,7,AFC West,SoFi Stadium,33.9535,-118.3395,America/Los_Angeles,NFC South,Raymond James Stadium,27.9759,-82.5033,America/New_York,New England Patriots,Carolina Panthers,SoFi Stadium,Raymond James Stadium,Las Vegas Raiders,Baltimore Ravens,Allegiant Stadium,M&T Bank Stadium,2150,0,-2150,2150,-3.0,0.0,America/Los_Angeles,America/New_York,-3.0,0.0,-3.0,0.0,-3.0,0,0.935,1.025,0.935,1.025,Tampa Bay Buccaneers,0.08999999999999986,Tampa Bay Buccaneers,0.08999999999999986,0.935,1.025,Tampa Bay Buccaneers,0.08999999999999986,-0.44999999999999996,0,No,No,No,No,No,0,Yes,1.12,-1.4,0.527,-2.096,-0.6554999999999999,-0.5915000000000001,-0.6554999999999999,-0.5915000000000001,-0.47049999999999986,-3.0164999999999997,-1.0635,-3.7125000000000004,Tampa Bay Buccaneers,0.06399999999999972,Tampa Bay Buccaneers,0.06399999999999972,-0.6554999999999999,-0.5915000000000001,Tampa Bay Buccaneers,0.06399999999999972,Los Angeles Chargers,2.52,Los Angeles Chargers,2.623,0.8235000000000001,-1.748,Los Angeles Chargers,2.5715000000000003,Los Angeles Chargers,2.546,Los Angeles Chargers,2.6490000000000005,-0.7669999999999999,-3.3645,Los Angeles Chargers,2.5975,Different,Different,Different,Different,Same,Same,False,Away Team,Away Team,46.5,120.0,-143.0,Los Angeles Chargers,Tampa Bay Buccaneers,2.0,-2.0,117,-142,117,-142,2.546,-2.546,2.6490000000000005,-2.6490000000000005,0.5885,0.4545,0.5868,0.4608,0.5868,0.4608,0.5642,0.4358,0.5601,0.4399,0.5601,0.4399,0.5642,0.4358,0.0642,-0.0642,,,185,14,2026-12-06,LAC @ TB,10.0,70.0,0.0,Historical Avg,False,J.Herbert,B.Mayfield,7.07,7.0,13.93,194.1,Med-High,-3.0,17.0,48.82,48.0,13.214249643423866,32.0,66.0,0.3066,0.6926,0.0828,0.071,0.3216,0.6614,0.548,0.452,0.4056,0.5943,+147,-146,,,,,,,,No Bet,,No Bet,,No Bet,,No Bet,,No Bet,,No Bet,,No Bet,,No Bet,,No Bet,,,,,,,,,,,,,,nan,,,,,,,,,,,,,,,14,0.0982,-0.029259999999999998,Los Angeles Chargers,Tampa Bay Buccaneers,0,0,0,0,0,0,0,0,0,0,0,0,0,4.5,3.0,,,304.38449501625286,0.7473722796300717,0.3381137165297425,0.00013961870907285609,0.0045383278588739286,0.018520528277548423,0.7793839806441328,0.023977241978414,0.6020126528973999,0.002866151592375733,0.013969374402923125,6.084583341395068e-05,7.87728756589054e-05,0.0025605245779766707,0.001977803280897258,0.0020565761565561635,1.3813966335415329,0.04249777025596242,0.00013961870907285609,0.0045383278588739286,45.0,166.0
2026_13_WAS_TEN,2026,14,2026-12-06,13:00,Washington Commanders,Tennessee Titans,Home,,,,,7,7,0,0,9,5,Nissan Stadium,36.1664,-86.7716,America/Chicago,False,True,13,13,Sunday,9,5,NFC East,FedExField,38.9077,-76.8645,America/New_York,AFC South,Nissan Stadium,36.1664,-86.7716,America/Chicago,Arizona Cardinals,Jacksonville Jaguars,State Farm Stadium,TIAA Bank Field,Houston Texans,Detroit Lions,FedExField,Ford Field,574,0,-574,574,1.0,0.0,America/Denver,America/New_York,-1.0,1.0,1.0,0.0,1.0,0,1.45,-4.36,1.45,-4.36,Washington Commanders,5.8100000000000005,Washington Commanders,5.8100000000000005,1.45,-4.36,Washington Commanders,5.8100000000000005,0.0,0,No,No,No,No,No,0,No,-5.43,-8.19,-1.427,-8.36,2.528,-5.776,2.528,-5.776,-4.351999999999999,-9.606,-0.3490000000000001,-9.776,Washington Commanders,8.304,Washington Commanders,8.304,2.528,-5.776,Washington Commanders,8.304,Washington Commanders,2.76,Washington Commanders,6.933,-3.4284999999999997,-8.274999999999999,Washington Commanders,4.846499999999999,Washington Commanders,5.2540000000000004,Washington Commanders,9.427,-2.3505,-9.690999999999999,Washington Commanders,7.340499999999999,Same,Same,Same,Same,Same,Same,False,Away Team,Away Team,46.5,105.0,-125.0,Washington Commanders,Tennessee Titans,1.5,-1.5,195,-244,327,-436,5.2540000000000004,-5.2540000000000004,9.427,-9.427,0.5556,0.4878,0.7093,0.339,0.8134,0.2342,0.5325,0.4675,0.6766,0.3234,0.7765,0.2235,0.5325,0.4675,0.0325,-0.0325,,,186,14,2026-12-06,WAS @ TEN,10.0,45.0,0.0,Historical Avg,False,J.Daniels,C.Ward,11.33,11.0,12.99,168.78,Med-Low,3.0,20.0,51.01,51.0,13.272384774392275,34.0,68.0,0.194,0.8052,0.0666,0.068,0.2094,0.7906,0.6168,0.3832,0.3021,0.6977,+231,-231,,,,,,,,No Bet,,No Bet,,No Bet,,No Bet,,No Bet,,No Bet,,No Bet,,No Bet,,No Bet,,,,,,,,,,,,,,nan,,,,,,,,,,,,,,,14,-0.023699999999999995,-0.10990000000000003,Washington Commanders,Tennessee Titans,0,0,0,0,0,0,0,0,0,0,0,0,0,3.0,2.0,,,304.38449501625286,0.960181585800837,0.7883091489766075,0.002730136581655234,0.013533977705412988,0.38849775691245647,2.1936513062179372,0.44251348782007077,1.9258816632054194,0.005283158151103185,0.014274940975713413,0.001276338851923822,0.0014537977297314122,0.007206843128132415,0.006327134577280572,0.007780932307011984,4.119532969423357,0.8310112447325272,0.002730136581655234,0.013533977705412988,45.0,166.0
2026_13_PHI_ARI,2026,14,2026-12-06,16:05,Philadelphia Eagles,Arizona Cardinals,Home,,,,,10,7,3,-3,-12,-6,State Farm Stadium,33.5277,-112.262608,America/Denver,False,True,13,13,Sunday,-12,-6,NFC East,Lincoln Financial Field,39.9008,-75.1675,America/New_York,NFC West,State Farm Stadium,33.5277,-112.262608,America/Denver,Dallas Cowboys,Washington Commanders,AT&T Stadium,State Farm Stadium,Indianapolis Colts,New York Jets,Lincoln Financial Field,State Farm Stadium,2084,0,-2084,2084,2.0,0.0,America/Chicago,America/Denver,1.0,0.0,2.0,0.0,2.0,0,4.905,0.075,4.905,0.075,Philadelphia Eagles,4.83,Philadelphia Eagles,4.83,4.905,0.075,Philadelphia Eagles,4.83,-0.15,0,No,No,No,No,No,0,No,5.52,-4.4,3.682,-3.837,3.1579999999999995,-1.3675,3.1579999999999995,-1.3675,3.7729999999999997,-5.842499999999999,1.9349999999999998,-5.2795000000000005,Philadelphia Eagles,4.525499999999999,Philadelphia Eagles,4.525499999999999,3.1579999999999995,-1.3675,Philadelphia Eagles,4.525499999999999,Philadelphia Eagles,9.92,Philadelphia Eagles,7.519,4.601,-4.1185,Philadelphia Eagles,8.7195,Philadelphia Eagles,9.615499999999999,Philadelphia Eagles,7.2145,2.8539999999999996,-5.561,Philadelphia Eagles,8.415,Same,Same,Same,Same,Same,Same,False,Away Team,Away Team,43.5,310.0,-400.0,Philadelphia Eagles,Arizona Cardinals,8.5,-8.5,327,-436,249,-319,9.615499999999999,-9.615499999999999,7.2145,-7.2145,0.8,0.2439,0.8134,0.2342,0.7613,0.2865,0.7664,0.2336,0.7765,0.2235,0.7266,0.2734,0.7664,0.2336,0.2664,-0.2664,,,187,14,2026-12-06,PHI @ ARI,0.0,70.0,0.0,Dome,True,J.Hurts,J.Brissett,10.24,11.0,12.43,154.6,Low,3.0,18.0,43.6,43.0,12.570599060989514,28.0,60.100000000000364,0.2062,0.7926,0.0672,0.072,0.4128,0.5872,0.4832,0.5168,0.2342,0.7655,+327,-326,,,,,,,,No Bet,,No Bet,,No Bet,,No Bet,,No Bet,,No Bet,,No Bet,,No Bet,,No Bet,,,,,,,,,,,,,,nan,,,,,,,,,,,,,,,14,0.06228,-0.12505,Philadelphia Eagles,Arizona Cardinals,0,0,0,0,1,0,0,0,0,0,1,0,0,4.0,2.0,,,304.38449501625286,0.9995306743360464,0.6414322324364795,0.00019365950650948528,0.42241469214468513,0.013770007775555225,98.54101638412628,0.04517694331843119,30.03546637177962,0.0010620189456986688,0.3005719141310946,4.523886072061576e-05,0.00014842064578886953,0.3237386200596867,0.09867607208499846,0.09882449273078732,128.5764827559059,0.05894695109398641,0.00019365950650948528,0.42241469214468513,45.0,166.0
2026_13_MIA_DEN,2026,14,2026-12-06,16:05,Miami Dolphins,Denver Broncos,Home,,,,,7,9,-2,2,-1,9,Empower Field at Mile High,39.7648,-105.0076,America/Denver,False,False,13,13,Sunday,-1,9,AFC East,Hard Rock Stadium,25.9602,-80.2384,America/New_York,AFC West,Empower Field at Mile High,39.7648,-105.0076,America/Denver,New York Jets,Pittsburgh Steelers,Hard Rock Stadium,Acrisure Stadium,Chicago Bears,New York Jets,Hard Rock Stadium,MetLife Stadium,1715,0,-1715,1715,2.0,0.0,America/New_York,America/New_York,2.0,2.0,2.0,0.0,2.0,0,0.66,2.05,0.66,2.05,Denver Broncos,1.3899999999999997,Denver Broncos,1.3899999999999997,0.66,2.05,Denver Broncos,1.3899999999999997,-0.15,0,No,No,No,No,No,0,No,-5.46,-0.48,-3.956,3.499,-0.6945000000000001,2.0694999999999997,-0.6945000000000001,2.0694999999999997,-6.814500000000001,-0.46049999999999996,-5.310499999999999,3.5185000000000004,Denver Broncos,2.764,Denver Broncos,2.764,-0.6945000000000001,2.0694999999999997,Denver Broncos,2.764,Denver Broncos,4.98,Denver Broncos,7.455,-4.708,1.5095,Denver Broncos,6.2175,Denver Broncos,6.354000000000001,Denver Broncos,8.829,-6.0625,1.5290000000000001,Denver Broncos,7.5915,Same,Same,Same,Same,Same,Same,False,Home Team,Home Team,42.5,-476.0,360.0,Denver Broncos,Miami Dolphins,-9.5,9.5,-282,224,-416,314,-6.354000000000001,6.354000000000001,-8.829,8.829,0.2174,0.8264,0.3086,0.7382,0.2415,0.8062,0.2083,0.7917,0.2948,0.7052,0.2305,0.7695,0.2083,0.7917,-0.2917,0.2917,,,188,14,2026-12-06,MIA @ DEN,12.0,35.0,0.0,Historical Avg,False,M.Willis,B.Nix,-11.26,-12.0,13.43,180.37,Med-High,-20.0,-3.0,41.65,41.0,12.748408474147851,26.0,58.0,0.8016,0.198,0.066,0.0758,0.5814,0.4186,0.4634,0.5366,0.767,0.2329,-329,+329,,,,,,,,No Bet,,No Bet,,No Bet,,No Bet,,No Bet,,No Bet,,No Bet,,No Bet,,No Bet,,,,,,,,,,,,,,nan,,,,,,,,,,,,,,,14,-0.2683,0.04886,Denver Broncos,Miami Dolphins,0,0,0,0,0,0,0,1,0,0,0,1,0,0.0,4.0,,,304.38449501625286,0.3533280317821214,0.9383838013948759,0.2975097940097803,9.884239371997688e-05,71.69426857182503,0.00626693298414938,18.863099840231346,0.023819159114503427,0.247103968484708,0.0006890173145237318,0.23553850391754302,0.06197129009223726,2.0588870611871187e-05,7.82535231081057e-05,0.062049543615345364,0.030086092098652806,90.55736841205638,0.2975097940097803,9.884239371997688e-05,45.0,166.0
2026_13_CAR_MIN,2026,14,2026-12-06,16:25,Carolina Panthers,Minnesota Vikings,Home,,,,,6,7,-1,1,10,1,U.S. Bank Stadium,44.9738,-93.2575,America/Chicago,False,True,13,13,Sunday,10,1,NFC South,Bank of America Stadium,35.2258,-80.8528,America/New_York,NFC North,U.S. Bank Stadium,44.9738,-93.2575,America/Chicago,Tampa Bay Buccaneers,Atlanta Falcons,Raymond James Stadium,U.S. Bank Stadium,New Orleans Saints,New England Patriots,Bank of America Stadium,Gillette Stadium,937,0,-937,937,1.0,0.0,America/New_York,America/Chicago,1.0,0.0,1.0,0.0,1.0,0,-5.25,0.27,-5.25,0.27,Minnesota Vikings,5.52,Minnesota Vikings,5.52,-5.25,0.27,Minnesota Vikings,5.52,0.0,0,No,No,No,No,Yes,0,No,-3.79,-0.75,-4.367,2.721,-3.1965,-1.015,-3.1965,-1.015,-1.7365,-2.035,-2.3135,1.4360000000000002,Minnesota Vikings,2.1814999999999998,Minnesota Vikings,2.1814999999999998,-3.1965,-1.015,Minnesota Vikings,2.1814999999999998,Minnesota Vikings,3.04,Minnesota Vikings,7.088,-4.0785,0.9855,Minnesota Vikings,5.064,Carolina Panthers,0.2985000000000002,Minnesota Vikings,3.7495000000000003,-2.025,-0.2995,Minnesota Vikings,1.7254999999999998,Different,Same,Different,Same,Different,Same,False,Away Team,Home Team,42.5,-192.0,160.0,Minnesota Vikings,Carolina Panthers,-3.5,3.5,-104,-116,-191,156,0.2985000000000002,-0.2985000000000002,-3.7495000000000003,3.7495000000000003,0.3846,0.6575,0.537,0.5098,0.3906,0.6564,0.3691,0.6309,0.513,0.487,0.3731,0.6269,0.3691,0.6309,-0.1309,0.1309,,,189,14,2026-12-06,CAR @ MIN,0.0,70.0,0.0,Dome,True,B.Young,K.Murray,-12.28,-13.0,13.17,173.54,Medium,-21.0,-4.0,46.74,46.0,12.962915983611081,30.0,64.0,0.8224,0.177,0.0666,0.0692,0.7598,0.2402,0.6206,0.3794,0.6418,0.358,-179,+179,,,,,,,,No Bet,,No Bet,,No Bet,,No Bet,,No Bet,,No Bet,,No Bet,,No Bet,,No Bet,,,,,,,,,,,,,,nan,,,,,,,,,,,,,,,14,-0.05595999999999999,0.003360000000000002,Minnesota Vikings,Carolina Panthers,0,0,0,0,0,0,0,0,0,0,0,0,0,2.5,3.5,,,304.38449501625286,0.5479811845658162,0.9940538356947142,0.04471971689177713,0.0018330811369563374,8.587803508924262,0.2059435808640445,5.024184934449113,0.3520178953322289,0.050725826453597876,0.0022863779263141938,0.028213669387022192,0.01650604750475494,0.0006765902476505841,0.0011564908893057532,0.017662538394060692,0.5579614761962735,13.611988443373376,0.04471971689177713,0.0018330811369563374,45.0,166.0
2026_13_BUF_NE,2026,14,2026-12-06,16:25,Buffalo Bills,New England Patriots,Home,,,,,10,7,3,-3,11,8,Gillette Stadium,42.0628,-71.2687,America/New_York,False,False,13,13,Sunday,11,8,AFC East,Highmark Stadium,42.7725,-78.7877,America/New_York,AFC East,Gillette Stadium,42.0628,-71.2687,America/New_York,Kansas City Chiefs,Los Angeles Chargers,Highmark Stadium,SoFi Stadium,Green Bay Packers,Minnesota Vikings,Lambeau Field,Gillette Stadium,386,0,-386,386,0.0,0.0,America/New_York,America/Los_Angeles,0.0,-3.0,0.0,0.0,0.0,0,4.795,-1.995,4.795,-1.995,Buffalo Bills,6.79,Buffalo Bills,6.79,4.795,-1.995,Buffalo Bills,6.79,0.0,0,No,No,No,No,No,1,No,6.16,5.09,3.416,4.222,5.894479999999999,-1.7514800000000004,5.894479999999999,-1.7514800000000004,7.31668,5.27632,4.5914399999999995,4.38956,Buffalo Bills,7.645959999999999,Buffalo Bills,7.645959999999999,5.894479999999999,-1.7514800000000004,Buffalo Bills,7.645959999999999,Buffalo Bills,1.0700000000000003,New England Patriots,0.8060000000000005,4.788,4.656000000000001,Buffalo Bills,0.13199999999999967,Buffalo Bills,2.0403599999999997,Buffalo Bills,0.20187999999999917,5.95406,4.832940000000001,Buffalo Bills,1.1211199999999995,Same,Different,Same,Same,Same,Different,False,Away Team,Away Team,48.5,-122.0,102.0,New England Patriots,Buffalo Bills,-1.5,1.5,108,-131,-110,-110,2.0403599999999997,-2.0403599999999997,0.20187999999999917,-0.20187999999999917,0.495,0.5495,0.5671,0.4808,0.5238,0.5238,0.4739,0.5261,0.5412,0.4588,0.5,0.5,0.4739,0.5261,-0.0261,0.0261,,,190,14,2026-12-06,BUF @ NE,15.0,35.0,0.0,Historical Avg,False,J.Allen,D.Maye,1.61,3.0,14.43,208.2,High,-9.0,11.0,52.27,52.0,13.879943631263112,35.0,71.0,0.451,0.5484,0.0836,0.078,0.4298,0.5702,0.5986,0.4014,0.484,0.5159,+107,-107,,,,,,,,No Bet,,No Bet,,No Bet,,No Bet,,No Bet,,No Bet,,No Bet,,No Bet,,No Bet,,,,,,,,,,,,,,nan,,,,,,,,,,,,,,,14,0.13662000000000002,0.13424,New England Patriots,Buffalo Bills,0,0,0,0,1,0,0,0,0,0,1,0,1,5.0,5.0,,,304.38449501625286,0.229994899413707,0.24688239504526477,0.0006561829443722695,3.499370747123724e-05,0.10507896004011852,0.005047765743079919,0.09465295412091267,0.005603776234299104,0.006204925768605393,0.005210825167308483,0.000345217847034251,0.00031096509733801847,1.6583517970619328e-05,1.8410189500617914e-05,0.00032937528683863636,0.010651541977379022,0.19973191416103117,0.0006561829443722695,3.499370747123724e-05,45.0,166.0
2026_13_HOU_PIT,2026,14,2026-12-06,20:20,Houston Texans,Pittsburgh Steelers,Home,,,,,7,9,-2,2,8,-2,Acrisure Stadium,40.4468,-80.0158,America/New_York,False,False,13,13,Sunday,8,-2,AFC South,NRG Stadium,29.6847,-95.4093,America/Chicago,AFC North,Acrisure Stadium,40.4468,-80.0158,America/New_York,Baltimore Ravens,Denver Broncos,NRG Stadium,Acrisure Stadium,Washington Commanders,Jacksonville Jaguars,FedExField,TIAA Bank Field,1141,0,-1141,1141,-1.0,0.0,America/Chicago,America/New_York,-1.0,0.0,-1.0,0.0,-1.0,0,0.035,-0.565,0.035,-0.565,Houston Texans,0.6,Houston Texans,0.6,0.035,-0.565,Houston Texans,0.6,0.0,0,No,No,No,No,No,0,No,2.96,0.59,5.008,0.538,0.4535,0.6940000000000002,0.4535,0.6940000000000002,3.3785,1.8490000000000002,5.4265,1.7970000000000002,Pittsburgh Steelers,0.24050000000000016,Pittsburgh Steelers,0.24050000000000016,0.4535,0.6940000000000002,Pittsburgh Steelers,0.24050000000000016,Houston Texans,2.37,Houston Texans,4.47,3.984,0.5640000000000001,Houston Texans,3.42,Houston Texans,1.5294999999999996,Houston Texans,3.6294999999999997,4.4025,1.8230000000000002,Houston Texans,2.5794999999999995,Different,Different,Different,Different,Same,Same,False,Away Team,Away Team,41.5,102.0,-122.0,Houston Texans,Pittsburgh Steelers,1.5,-1.5,105,-128,156,-191,1.5294999999999996,-1.5294999999999996,3.6294999999999997,-3.6294999999999997,0.5495,0.495,0.5614,0.4878,0.6564,0.3906,0.5261,0.4739,0.5351,0.4649,0.6269,0.3731,0.5261,0.4739,0.0261,-0.0261,,,191,14,2026-12-06,HOU @ PIT,12.0,35.0,0.0,Historical Avg,False,C.Stroud,A.Rodgers,0.78,2.0,13.4,179.47,Medium,-9.0,10.0,42.82,42.5,12.698025224771046,26.0,60.0,0.469,0.5292,0.0898,0.084,0.4914,0.5086,0.5244,0.4756,0.4452,0.5543,+125,-124,,,,,,,,No Bet,,No Bet,,No Bet,,No Bet,,No Bet,,No Bet,,No Bet,,No Bet,,No Bet,,,,,,,,,,,,,,nan,,,,,,,,,,,,,,,14,0.044539999999999996,-0.03644,Houston Texans,Pittsburgh Steelers,0,0,0,0,0,0,1,0,0,0,1,0,0,4.0,3.0,,,304.38449501625286,0.7145542231802772,0.7312451736869855,0.0008862370342723228,0.004525828586319181,0.12783775327394337,0.7247511768615195,0.1419190588677392,0.6528408719153659,0.006071598834973781,0.006244458437028586,0.0004199877305416538,0.00046624930373066905,0.0023810384192625212,0.0021447901670566595,0.0026110394707873283,1.3775920487768853,0.26975681214168257,0.0008862370342723228,0.004525828586319181,45.0,166.0
2026_13_DAL_SEA,2026,14,2026-12-07,20:15,Dallas Cowboys,Seattle Seahawks,Home,,,,,11,8,3,-3,5,7,Lumen Field,47.5952,-122.3316,America/Los_Angeles,False,False,13,13,Monday,5,7,NFC East,AT&T Stadium,32.7369,-97.0826,America/Chicago,NFC West,Lumen Field,47.5952,-122.3316,America/Los_Angeles,Philadelphia Eagles,San Francisco 49ers,AT&T Stadium,Levi's Stadium,Los Angeles Rams,New York Giants,SoFi Stadium,Lumen Field,1668,0,-1668,1668,2.0,0.0,America/Chicago,America/Los_Angeles,2.0,0.0,2.0,0.0,2.0,0,-0.615,-0.13,-0.615,-0.13,Seattle Seahawks,0.485,Seattle Seahawks,0.485,-0.615,-0.13,Seattle Seahawks,0.485,-0.15,0,No,No,No,No,No,0,No,-1.01,10.42,-3.616,10.022,-0.13,0.02300000000000005,-0.13,0.02300000000000005,-0.525,10.573,-3.1310000000000002,10.175,Seattle Seahawks,0.15300000000000005,Seattle Seahawks,0.15300000000000005,-0.13,0.02300000000000005,Seattle Seahawks,0.15300000000000005,Seattle Seahawks,11.43,Seattle Seahawks,13.638,-2.313,10.221,Seattle Seahawks,12.534,Seattle Seahawks,11.098,Seattle Seahawks,13.306000000000001,-1.828,10.374,Seattle Seahawks,12.202,Same,Same,Same,Same,Same,Same,False,Home Team,Home Team,48.5,-227.0,185.0,Seattle Seahawks,Dallas Cowboys,-4.5,4.5,-567,406,-819,539,-11.098,11.098,-13.306000000000001,13.306000000000001,0.3509,0.6942,0.1976,0.8501,0.1565,0.8912,0.3357,0.6643,0.1886,0.8114,0.1494,0.8506,0.3357,0.6643,-0.1643,0.1643,,,192,14,2026-12-07,DAL @ SEA,12.0,42.0,0.0,Historical Avg,False,D.Prescott,S.Darnold,-14.35,-14.0,13.03,169.73,Med-Low,-23.0,-6.0,58.37,57.0,13.870133354797133,41.0,77.0,0.8628,0.1372,0.052,0.0598,0.7848,0.2152,0.7602,0.2398,0.7973,0.2027,-393,+393,,,,,,,,No Bet,,No Bet,,No Bet,,No Bet,,No Bet,,No Bet,,No Bet,,No Bet,,No Bet,,,,,,,,,,,,,,nan,,,,,,,,,,,,,,,14,0.023925,0.06858,Seattle Seahawks,Dallas Cowboys,0,0,0,0,0,0,0,1,0,0,0,1,0,3.5,4.0,,,304.38449501625286,0.25212666072932216,0.21722086020717477,0.03315940580194392,2.750007049272279e-06,6.704918732099318,0.00028100087649448794,3.3882902579643854,0.0005560586304893904,0.06586330286369245,0.0026328460126767393,0.022027793274231343,0.011131612527712574,9.231773664407041e-07,1.826829682831575e-06,0.011133439357395405,0.0008370595069838783,10.093208990063705,0.03315940580194392,2.750007049272279e-06,45.0,166.0
2026_14_MIN_NE,2026,15,2026-12-10,20:15,Minnesota Vikings,New England Patriots,Home,,,,,4,4,0,0,1,8,Gillette Stadium,42.0628,-71.2687,America/New_York,False,False,14,14,Thursday,1,8,NFC North,U.S. Bank Stadium,44.9738,-93.2575,America/Chicago,AFC East,Gillette Stadium,42.0628,-71.2687,America/New_York,Carolina Panthers,Buffalo Bills,U.S. Bank Stadium,Gillette Stadium,Detroit Lions,Kansas City Chiefs,U.S. Bank Stadium,GEHA Field at Arrowhead Stadium,1116,0,-1116,1116,-1.0,0.0,America/Chicago,America/New_York,-1.0,0.0,-1.0,0.0,-1.0,0,0.27,-1.995,0.27,-1.995,Minnesota Vikings,2.265,Minnesota Vikings,2.265,0.27,-1.995,Minnesota Vikings,2.265,0.0,0,No,No,No,No,No,0,No,-0.75,5.09,2.721,4.222,1.6549999999999998,-1.6045000000000003,1.6549999999999998,-1.6045000000000003,0.635,5.4805,4.106,4.612500000000001,Minnesota Vikings,3.2595,Minnesota Vikings,3.2595,1.6549999999999998,-1.6045000000000003,Minnesota Vikings,3.2595,New England Patriots,5.84,New England Patriots,1.5010000000000003,0.9855,4.656000000000001,New England Patriots,3.6705000000000005,New England Patriots,4.8455,New England Patriots,0.5065000000000008,2.3705,5.0465,New England Patriots,2.676,Different,Different,Different,Different,Same,Same,True,Home Team,Home Team,43.5,-217.0,180.0,New England Patriots,Minnesota Vikings,-4.5,4.5,-234,188,-116,-104,-4.8455,4.8455,-0.5065000000000008,0.5065000000000008,0.3571,0.6845,0.3472,0.7006,0.5098,0.537,0.3429,0.6571,0.3314,0.6686,0.487,0.513,0.3429,0.6571,-0.1571,0.1571,,,193,15,2026-12-10,MIN @ NE,15.0,35.0,0.0,Historical Avg,False,K.Murray,D.Maye,2.68,3.0,13.48,181.61,Med-High,-7.0,12.0,44.76,44.0,13.128333153385363,29.0,62.0,0.4216,0.577,0.0998,0.0894,0.3114,0.6886,0.5138,0.4862,0.5651,0.4346,-130,+130,,,,,,,,No Bet,,No Bet,,No Bet,,No Bet,,No Bet,,No Bet,,No Bet,,No Bet,,No Bet,,,,,,,,,,,,,,nan,,,,,,,,,,,,,,,15,0.043475,0.128525,New England Patriots,Minnesota Vikings,0,0,0,0,0,0,0,0,0,0,0,0,0,3.5,4.5,,,224.0990740526256,0.22952600430343342,0.5096597254289187,0.0132441922286476,0.00016718895093666752,1.9502801693862954,0.012847396271271131,1.0177310456286115,0.024619492825465914,0.03119387374144064,0.0017790621378287541,0.008702758713444338,0.004541433515203261,5.732909127618329e-05,0.00010985985966048423,0.004651293374863746,0.037466889096737045,2.968011215014907,0.0132441922286476,0.00016718895093666752,31.0,14.0
2026_14_TB_BAL,2026,15,2026-12-13,13:00,Tampa Bay Buccaneers,Baltimore Ravens,Home,,,,,7,14,-7,7,0,-7,M&T Bank Stadium,39.2789,-76.6228,America/New_York,False,False,14,14,Sunday,0,-7,NFC South,Raymond James Stadium,27.9759,-82.5033,America/New_York,AFC North,M&T Bank Stadium,39.2789,-76.6228,America/New_York,Los Angeles Chargers,Houston Texans,Raymond James Stadium,NRG Stadium,New Orleans Saints,Pittsburgh Steelers,Raymond James Stadium,Acrisure Stadium,850,0,-850,850,0.0,0.0,America/New_York,America/Chicago,0.0,-1.0,0.0,0.0,0.0,0,1.025,6.69,1.025,6.69,Baltimore Ravens,5.665000000000001,Baltimore Ravens,5.665000000000001,1.025,6.69,Baltimore Ravens,5.665000000000001,0.0,0,No,No,No,No,No,0,No,-1.4,5.1,-2.096,2.881,2.3665,7.036500000000001,2.3665,7.036500000000001,-0.058499999999999774,5.4465,-0.7545,3.2274999999999996,Baltimore Ravens,4.670000000000002,Baltimore Ravens,4.670000000000002,2.3665,7.036500000000001,Baltimore Ravens,4.670000000000002,Baltimore Ravens,6.5,Baltimore Ravens,4.977,-1.748,3.9905,Baltimore Ravens,5.7385,Baltimore Ravens,5.505,Baltimore Ravens,3.9819999999999993,-0.40649999999999986,4.337,Baltimore Ravens,4.743499999999999,Same,Same,Same,Same,Same,Same,False,Home Team,Home Team,48.5,-256.0,210.0,Baltimore Ravens,Tampa Bay Buccaneers,-6.0,6.0,-244,195,-211,171,-5.505,5.505,-3.9819999999999993,3.9819999999999993,0.3226,0.7191,0.339,0.7093,0.369,0.6785,0.3097,0.6903,0.3234,0.6766,0.3523,0.6477,0.3097,0.6903,-0.1903,0.1903,,,194,15,2026-12-13,TB @ BAL,12.0,40.0,0.0,Historical Avg,False,B.Mayfield,L.Jackson,-7.13,-7.0,13.57,184.26,Med-High,-16.0,3.0,55.19,55.0,13.579604087359613,38.0,73.0,0.7012,0.2974,0.077,0.078,0.5452,0.427,0.6814,0.3186,0.679,0.3207,-212,+212,,,,,,,,No Bet,,No Bet,,No Bet,,No Bet,,No Bet,,No Bet,,No Bet,,No Bet,,No Bet,,,,,,,,,,,,,,nan,,,,,,,,,,,,,,,15,0.011000000000000003,0.1178,Baltimore Ravens,Tampa Bay Buccaneers,0,0,0,0,0,0,0,0,0,0,0,0,0,3.0,4.5,,,224.0990740526256,0.6053442288110358,0.7472896352534456,0.11570862912420053,1.8567407069291664e-06,17.899614745170076,0.00012886427252342594,8.030581901461932,0.00028722960065521774,0.1413955693837774,0.0011746503795390109,0.07987366668443563,0.0358349624397649,5.750325969359628e-07,1.2817081099932035e-06,0.035836244147874896,0.0004160938731786437,25.93019664663201,0.11570862912420053,1.8567407069291664e-06,31.0,14.0
2026_14_NO_CAR,2026,15,2026-12-13,13:00,New Orleans Saints,Carolina Panthers,Home,,,,,7,7,0,0,-7,10,Bank of America Stadium,35.2258,-80.8528,America/New_York,False,False,14,14,Sunday,-7,10,NFC South,Caesars Superdome,29.9507,-90.0813,America/Chicago,NFC South,Bank of America Stadium,35.2258,-80.8528,America/New_York,Green Bay Packers,Minnesota Vikings,Caesars Superdome,U.S. Bank Stadium,Tampa Bay Buccaneers,Cincinnati Bengals,Raymond James Stadium,Bank of America Stadium,648,0,-648,648,-1.0,0.0,America/Chicago,America/Chicago,-1.0,-1.0,-1.0,0.0,-1.0,0,-6.145,-5.25,-6.145,-5.25,Carolina Panthers,0.8949999999999996,Carolina Panthers,0.8949999999999996,-6.145,-5.25,Carolina Panthers,0.8949999999999996,0.0,0,No,No,No,No,No,1,No,-4.37,-3.79,-4.865,-4.367,-5.598624999999999,-6.345875,-5.598624999999999,-6.345875,-3.826775,-4.882725,-4.322595,-5.458905,New Orleans Saints,0.7472500000000011,New Orleans Saints,0.7472500000000011,-5.598624999999999,-6.345875,New Orleans Saints,0.7472500000000011,Carolina Panthers,0.5800000000000001,Carolina Panthers,0.4980000000000002,-4.6175,-4.0785,Carolina Panthers,0.5389999999999997,New Orleans Saints,1.0559499999999997,New Orleans Saints,1.13631,-4.074685,-5.170814999999999,New Orleans Saints,1.0961299999999996,Different,Different,Same,Same,Different,Different,False,Away Team,Away Team,43.5,-135.0,114.0,Carolina Panthers,New Orleans Saints,-2.5,2.5,101,-122,101,-122,1.0559499999999997,-1.0559499999999997,1.13631,-1.13631,0.4673,0.5745,0.5495,0.4975,0.5495,0.4975,0.4486,0.5514,0.5248,0.4752,0.5248,0.4752,0.4486,0.5514,-0.0514,0.0514,,,195,15,2026-12-13,NO @ CAR,8.0,48.0,0.0,Historical Avg,False,T.Shough,B.Young,4.09,5.0,13.15,172.8,Medium,-6.0,13.0,44.77,44.0,13.128121597370093,29.0,61.0,0.3736,0.625,0.099,0.0888,0.3416,0.6584,0.5122,0.4878,0.4688,0.5308,+113,-113,,,,,,,,No Bet,,No Bet,,No Bet,,No Bet,,No Bet,,No Bet,,No Bet,,No Bet,,No Bet,,,,,,,,,,,,,,nan,,,,,,,,,,,,,,,15,-0.002324999999999998,-0.08279999999999998,Carolina Panthers,New Orleans Saints,0,0,0,0,0,0,0,0,0,0,0,0,1,3.0,2.0,,,224.0990740526256,0.9931348511708615,0.8695032570514709,0.0611166647548167,0.01058771825569205,7.552078052579574,1.064392258843398,6.144109928159588,1.3083055985872707,0.049417755055475854,0.005099254880714157,0.03369972894580593,0.02741693580901077,0.004749650409503454,0.005838067846188596,0.033255003655199365,2.3726978574306687,13.696187980739163,0.0611166647548167,0.01058771825569205,31.0,14.0
2026_14_ATL_CLE,2026,15,2026-12-13,13:00,Atlanta Falcons,Cleveland Browns,Home,,,,,7,7,0,0,7,3,FirstEnergy Stadium,41.5061,-81.6994,America/New_York,False,False,14,14,Sunday,7,3,NFC South,Mercedes-Benz Stadium,33.7489,-84.388,America/New_York,AFC North,FirstEnergy Stadium,41.5061,-81.6994,America/New_York,Detroit Lions,Cincinnati Bengals,Mercedes-Benz Stadium,FirstEnergy Stadium,Washington Commanders,New York Giants,FedExField,MetLife Stadium,555,0,-555,555,0.0,0.0,America/New_York,America/New_York,0.0,0.0,0.0,0.0,0.0,0,-0.71,-4.705,-0.71,-4.705,Atlanta Falcons,3.995,Atlanta Falcons,3.995,-0.71,-4.705,Atlanta Falcons,3.995,0.0,0,No,No,No,No,No,0,No,-0.79,-6.94,-0.101,-7.475,0.334,-4.411499999999999,0.334,-4.411499999999999,0.25399999999999995,-6.6465,0.943,-7.181499999999999,Atlanta Falcons,4.745499999999999,Atlanta Falcons,4.745499999999999,0.334,-4.411499999999999,Atlanta Falcons,4.745499999999999,Atlanta Falcons,6.15,Atlanta Falcons,7.374,-0.4455,-7.2075,Atlanta Falcons,6.762,Atlanta Falcons,6.900499999999999,Atlanta Falcons,8.1245,0.5984999999999999,-6.914,Atlanta Falcons,7.512499999999999,Same,Same,Same,Same,Same,Same,False,Away Team,Away Team,40.5,-125.0,105.0,Cleveland Browns,Atlanta Falcons,-1.5,1.5,249,-319,282,-366,6.900499999999999,-6.900499999999999,8.1245,-8.1245,0.4878,0.5556,0.7613,0.2865,0.7854,0.2618,0.4675,0.5325,0.7266,0.2734,0.75,0.25,0.4675,0.5325,-0.0325,0.0325,,,196,15,2026-12-13,ATL @ CLE,10.0,60.0,0.0,Historical Avg,False,M.Penix,S.Sanders,16.26,17.0,12.71,161.52,Med-Low,9.0,24.0,41.13,41.0,12.125838454789275,26.0,57.0,0.1054,0.8936,0.0412,0.0506,0.095,0.905,0.5036,0.4964,0.2903,0.7094,+244,-244,,,,,,,,No Bet,,No Bet,,No Bet,,No Bet,,No Bet,,No Bet,,No Bet,,No Bet,,No Bet,,,,,,,,,,,,,,nan,,,,,,,,,,,,,,,15,-0.04345,-0.183175,Cleveland Browns,Atlanta Falcons,0,0,0,0,0,0,0,0,0,0,0,0,0,2.5,1.0,,,224.0990740526256,0.9370455182458981,0.9955193611129656,0.015640686175488104,0.0020699142126993117,1.8664462016452172,0.21685728881802838,1.6386170878293693,0.2470085696162569,0.027378354539045278,0.00825208836184034,0.008328665388447416,0.0073120207870406885,0.0009676848944369283,0.0011022293182623834,0.008414250105303072,0.4638658584342853,3.5050632894745863,0.015640686175488104,0.0020699142126993117,31.0,14.0
2026_14_TEN_DET,2026,15,2026-12-13,13:00,Tennessee Titans,Detroit Lions,Home,,,,,7,7,0,0,5,6,Ford Field,42.3395,-83.045,America/Detroit,False,False,14,14,Sunday,5,6,AFC South,Nissan Stadium,36.1664,-86.7716,America/Chicago,NFC North,Ford Field,42.3395,-83.045,America/Detroit,Washington Commanders,Atlanta Falcons,Nissan Stadium,Mercedes-Benz Stadium,Indianapolis Colts,Minnesota Vikings,Nissan Stadium,U.S. Bank Stadium,470,0,-470,470,-1.0,0.0,America/Chicago,America/New_York,-1.0,0.0,-1.0,0.0,-1.0,0,-4.36,4.305,-4.36,4.305,Detroit Lions,8.665,Detroit Lions,8.665,-4.36,4.305,Detroit Lions,8.665,0.0,0,No,No,No,No,No,0,No,-8.19,3.98,-8.36,3.658,-2.5190000000000006,3.7709999999999995,-2.5190000000000006,3.7709999999999995,-6.348999999999998,3.446,-6.518999999999998,3.124,Detroit Lions,6.29,Detroit Lions,6.29,-2.5190000000000006,3.7709999999999995,Detroit Lions,6.29,Detroit Lions,12.17,Detroit Lions,12.017999999999999,-8.274999999999999,3.819,Detroit Lions,12.093999999999998,Detroit Lions,9.794999999999998,Detroit Lions,9.642999999999999,-6.433999999999998,3.285,Detroit Lions,9.718999999999998,Same,Same,Same,Same,Same,Same,False,Home Team,Home Team,47.5,-345.0,275.0,Detroit Lions,Tennessee Titans,-7.5,7.5,-483,356,-436,327,-9.794999999999998,9.794999999999998,-9.642999999999999,9.642999999999999,0.2667,0.7753,0.2193,0.8285,0.2342,0.8134,0.2559,0.7441,0.2093,0.7907,0.2235,0.7765,0.2559,0.7441,-0.2441,0.2441,,,197,15,2026-12-13,TEN @ DET,0.0,70.0,0.0,Dome,True,C.Ward,J.Goff,-15.2,-15.0,13.0,168.95,Med-Low,-24.0,-7.0,54.61,54.0,13.416911071500031,38.0,72.0,0.8786,0.1214,0.0518,0.0528,0.723,0.277,0.6766,0.3234,0.7975,0.2025,-394,+394,,,,,,,,No Bet,,No Bet,,No Bet,,No Bet,,No Bet,,No Bet,,No Bet,,No Bet,,No Bet,,,,,,,,,,,,,,nan,,,,,,,,,,,,,,,15,-0.07635,0.024849999999999997,Detroit Lions,Tennessee Titans,0,0,0,0,0,0,0,0,0,0,0,0,0,2.5,3.5,,,224.0990740526256,0.2979352500602438,0.9584479875762356,0.2636728957909934,0.0,43.96801462403479,0.0,15.120837175501281,0.0,0.14773157840944612,0.0016520962968766604,0.1961990017580782,0.0674738940329152,0.0,0.0,0.0674738940329152,0.0,59.088851799536066,0.2636728957909934,0.0,31.0,14.0
2026_14_CHI_MIA,2026,15,2026-12-13,13:00,Chicago Bears,Miami Dolphins,Home,,,,,7,7,0,0,11,-1,Hard Rock Stadium,25.9602,-80.2384,America/New_York,False,False,14,14,Sunday,11,-1,NFC North,Soldier Field,41.8623,-87.6167,America/Chicago,AFC East,Hard Rock Stadium,25.9602,-80.2384,America/New_York,Jacksonville Jaguars,Denver Broncos,Soldier Field,Empower Field at Mile High,Buffalo Bills,Green Bay Packers,Highmark Stadium,Lambeau Field,1175,0,-1175,1175,-1.0,0.0,America/Chicago,America/Denver,-1.0,-2.0,-1.0,0.0,-1.0,0,-1.575,0.66,-1.575,0.66,Miami Dolphins,2.235,Miami Dolphins,2.235,-1.575,0.66,Miami Dolphins,2.235,0.0,0,No,No,No,No,No,0,No,0.9,-5.46,1.647,-3.956,-1.2885,1.7645,-1.2885,1.7645,1.1865,-4.355499999999999,1.9335,-2.8515,Miami Dolphins,3.053,Miami Dolphins,3.053,-1.2885,1.7645,Miami Dolphins,3.053,Chicago Bears,6.36,Chicago Bears,5.603,1.2735,-4.708,Chicago Bears,5.9815000000000005,Chicago Bears,5.542,Chicago Bears,4.785,1.56,-3.6034999999999995,Chicago Bears,5.163499999999999,Different,Different,Different,Different,Same,Same,False,Away Team,Away Team,46.5,200.0,-244.0,Chicago Bears,Miami Dolphins,5.5,-5.5,195,-244,188,-234,5.542,-5.542,4.785,-4.785,0.7093,0.3333,0.7093,0.339,0.7006,0.3472,0.6803,0.3197,0.6766,0.3234,0.6686,0.3314,0.6803,0.3197,0.1803,-0.1803,,,198,15,2026-12-13,CHI @ MIA,10.0,70.0,0.0,Historical Avg,False,C.Williams,M.Willis,5.8,7.0,14.14,199.95,High,-4.0,16.0,46.81,46.0,13.229330424352373,30.0,64.0,0.3324,0.6668,0.0774,0.0806,0.4596,0.5404,0.4956,0.5044,0.3267,0.6731,+206,-206,,,,,,,,No Bet,,No Bet,,No Bet,,No Bet,,No Bet,,No Bet,,No Bet,,No Bet,,No Bet,,,,,,,,,,,,,,nan,,,,,,,,,,,,,,,15,-0.027575,-0.2903,Chicago Bears,Miami Dolphins,0,0,0,0,1,0,0,0,0,0,1,0,0,3.0,0.0,,,224.0990740526256,0.9383558363842632,0.4807305969081102,0.00024776712654959456,0.15407597035800732,0.0177511454498499,23.489590442559976,0.03777323819059395,11.038691848429258,0.001938354765409038,0.15344756613093546,7.921115035790538e-05,0.0001685559761916892,0.10481788263455238,0.04925808772345494,0.04942664369964663,34.52828229098923,0.055524383640443854,0.00024776712654959456,0.15407597035800732,31.0,14.0
2026_14_DEN_NYJ,2026,15,2026-12-13,13:00,Denver Broncos,New York Jets,Home,,,,,7,14,-7,7,2,-3,MetLife Stadium,40.8136,-74.0744,America/New_York,False,False,14,14,Sunday,2,-3,AFC West,Empower Field at Mile High,39.7648,-105.0076,America/Denver,AFC East,MetLife Stadium,40.8136,-74.0744,America/New_York,Miami Dolphins,Miami Dolphins,Empower Field at Mile High,Hard Rock Stadium,Las Vegas Raiders,Arizona Cardinals,Allegiant Stadium,State Farm Stadium,1622,0,-1622,1622,-2.0,0.0,America/Denver,America/New_York,-2.0,0.0,-2.0,0.0,-2.0,0,2.05,-3.725,2.05,-3.725,Denver Broncos,5.775,Denver Broncos,5.775,2.05,-3.725,Denver Broncos,5.775,-0.3,0,No,No,No,No,No,0,No,-0.48,-9.26,3.499,-6.95,1.7554999999999998,-2.458,1.7554999999999998,-2.458,-0.7745,-7.992999999999999,3.2045000000000003,-5.683,Denver Broncos,4.2135,Denver Broncos,4.2135,1.7554999999999998,-2.458,Denver Broncos,4.2135,Denver Broncos,8.78,Denver Broncos,10.449,1.5095,-8.105,Denver Broncos,9.6145,Denver Broncos,7.2185,Denver Broncos,8.8875,1.2150000000000003,-6.837999999999999,Denver Broncos,8.052999999999999,Same,Same,Same,Same,Same,Same,False,Away Team,Away Team,39.5,190.0,-233.0,Denver Broncos,New York Jets,5.5,-5.5,249,-319,314,-416,7.2185,-7.2185,8.8875,-8.8875,0.6997,0.3448,0.7613,0.2865,0.8062,0.2415,0.6699,0.3301,0.7266,0.2734,0.7695,0.2305,0.6699,0.3301,0.1699,-0.1699,,,199,15,2026-12-13,DEN @ NYJ,15.0,38.0,0.0,Historical Avg,False,B.Nix,G.Smith,13.34,14.0,12.53,157.05,Low,5.0,22.0,40.59,40.0,12.164206502027364,25.0,57.0,0.1412,0.8584,0.0666,0.0662,0.2508,0.7492,0.5286,0.4714,0.2438,0.7561,+310,-310,,,,,,,,No Bet,,No Bet,,No Bet,,No Bet,,No Bet,,No Bet,,No Bet,,No Bet,,No Bet,,,,,,,,,,,,,,nan,,,,,,,,,,,,,,,15,0.018600000000000002,-0.1548,Denver Broncos,New York Jets,0,0,0,0,0,0,1,0,0,0,1,0,0,3.5,1.5,,,224.0990740526256,0.9357592883068039,0.033405832750683526,0.00014790928830063559,0.018573362329092527,0.01094160503560044,2.7883068836656815,0.022204729516354844,1.3739664163278715,0.0019416812383956671,0.03086297311259454,4.8824856068039806e-05,9.908443223259579e-05,0.012442295424259085,0.006131066904833442,0.006230151337066038,4.162273299993553,0.03314633455195529,0.00014790928830063559,0.018573362329092527,31.0,14.0
2026_14_IND_PHI,2026,15,2026-12-13,13:00,Indianapolis Colts,Philadelphia Eagles,Home,,,,,14,7,7,-7,-6,-19,Lincoln Financial Field,39.9008,-75.1675,America/New_York,False,False,14,14,Sunday,-6,-19,AFC South,Lucas Oil Stadium,39.7601,-86.1638,America/Indiana/Indianapolis,NFC East,Lincoln Financial Field,39.9008,-75.1675,America/New_York,New York Giants,Arizona Cardinals,Lucas Oil Stadium,State Farm Stadium,Tennessee Titans,Seattle Seahawks,Nissan Stadium,Lincoln Financial Field,583,0,-583,583,0.0,0.0,America/Indiana/Indianapolis,America/Denver,0.0,-2.0,0.0,0.0,0.0,0,-2.265,4.905,-2.265,4.905,Philadelphia Eagles,7.17,Philadelphia Eagles,7.17,-2.265,4.905,Philadelphia Eagles,7.17,0.0,0,No,No,No,No,No,0,No,0.93,5.52,0.288,3.682,-1.3785,4.802,-1.3785,4.802,1.8165,5.416999999999999,1.1744999999999999,3.5789999999999997,Philadelphia Eagles,6.180499999999999,Philadelphia Eagles,6.180499999999999,-1.3785,4.802,Philadelphia Eagles,6.180499999999999,Philadelphia Eagles,4.59,Philadelphia Eagles,3.394,0.609,4.601,Philadelphia Eagles,3.992,Philadelphia Eagles,3.600499999999999,Philadelphia Eagles,2.4044999999999996,1.4954999999999998,4.497999999999999,Philadelphia Eagles,3.0024999999999995,Same,Same,Same,Same,Same,Same,False,Home Team,Home Team,46.5,-244.0,200.0,Philadelphia Eagles,Indianapolis Colts,-5.5,5.5,-191,156,-142,117,-3.600499999999999,3.600499999999999,-2.4044999999999996,2.4044999999999996,0.3333,0.7093,0.3906,0.6564,0.4608,0.5868,0.3197,0.6803,0.3731,0.6269,0.4399,0.5601,0.3197,0.6803,-0.1803,0.1803,,,200,15,2026-12-13,IND @ PHI,15.0,40.0,0.0,Historical Avg,False,D.Jones,J.Hurts,-2.64,-4.0,13.69,187.32,Med-High,-12.0,7.0,48.51,48.0,13.579970351917261,32.0,67.0,0.5796,0.4196,0.0916,0.0908,0.4442,0.5558,0.5438,0.4562,0.6117,0.3881,-158,+158,,,,,,,,No Bet,,No Bet,,No Bet,,No Bet,,No Bet,,No Bet,,No Bet,,No Bet,,No Bet,,,,,,,,,,,,,,nan,,,,,,,,,,,,,,,15,0.022575,0.032775,Philadelphia Eagles,Indianapolis Colts,0,0,0,0,0,1,0,0,0,0,0,1,0,3.5,3.5,,,224.0990740526256,0.2017114669638578,0.625874284212852,0.06180781686920915,2.206504412331881e-05,9.42288600248962,0.0015808384794420535,4.428188527114406,0.00336391747752402,0.08412330114114683,0.0019399789410021525,0.04204785781612299,0.01975995905308616,7.054194606225023e-06,1.5010849517093786e-05,0.019774969902603256,0.0049447559569660736,13.851074529604023,0.06180781686920915,2.206504412331881e-05,31.0,14.0
2026_14_HOU_WAS,2026,15,2026-12-13,13:00,Houston Texans,Washington Commanders,Home,,,,,7,7,0,0,8,9,FedExField,38.9077,-76.8645,America/New_York,False,True,14,14,Sunday,8,9,AFC South,NRG Stadium,29.6847,-95.4093,America/Chicago,NFC East,FedExField,38.9077,-76.8645,America/New_York,Pittsburgh Steelers,Tennessee Titans,Acrisure Stadium,Nissan Stadium,Jacksonville Jaguars,Atlanta Falcons,NRG Stadium,FedExField,1231,0,-1231,1231,-1.0,0.0,America/New_York,America/Chicago,0.0,-1.0,0.0,0.0,0.0,0,0.035,1.45,0.035,1.45,Washington Commanders,1.415,Washington Commanders,1.415,0.035,1.45,Washington Commanders,1.415,0.0,0,No,No,No,No,No,0,No,2.96,-5.43,5.008,-1.427,0.6785000000000001,1.347,0.6785000000000001,1.347,3.6035,-5.5329999999999995,5.6515,-1.5300000000000002,Washington Commanders,0.6684999999999999,Washington Commanders,0.6684999999999999,0.6785000000000001,1.347,Washington Commanders,0.6684999999999999,Houston Texans,8.39,Houston Texans,6.4350000000000005,3.984,-3.4284999999999997,Houston Texans,7.4125,Houston Texans,9.1365,Houston Texans,7.181500000000001,4.6275,-3.5315,Houston Texans,8.159,Different,Different,Different,Different,Same,Same,False,Away Team,Away Team,44.5,102.0,-122.0,Houston Texans,Washington Commanders,1.5,-1.5,314,-416,249,-319,9.1365,-9.1365,7.181500000000001,-7.181500000000001,0.5495,0.495,0.8062,0.2415,0.7613,0.2865,0.5261,0.4739,0.7695,0.2305,0.7266,0.2734,0.5261,0.4739,0.0261,-0.0261,,,201,15,2026-12-13,HOU @ WAS,12.0,42.0,0.0,Historical Avg,False,C.Stroud,J.Daniels,5.13,6.0,13.35,178.18,Medium,-5.0,14.0,46.9,46.0,13.07435126391342,30.0,64.0,0.3442,0.6556,0.0882,0.0796,0.3626,0.6374,0.5524,0.4476,0.3305,0.6694,+203,-202,,,,,,,,No Bet,,No Bet,,No Bet,,No Bet,,No Bet,,No Bet,,No Bet,,No Bet,,No Bet,,,,,,,,,,,,,,nan,,,,,,,,,,,,,,,15,0.04915,-0.023099999999999996,Houston Texans,Washington Commanders,0,0,0,0,0,0,1,0,0,0,1,0,0,3.5,3.0,,,224.0990740526256,0.7785203923050704,0.7280111077724993,0.003941252878500797,0.013398034089907838,0.4185632280899079,1.5796084284158172,0.4646678925893661,1.4228786052580418,0.008933458855402898,0.0068578393136640705,0.0018677597391215277,0.0020734931393792694,0.007048705734700514,0.006349328355207324,0.008422821494586594,3.0024870336738587,0.883231120679274,0.003941252878500797,0.013398034089907838,31.0,14.0
2026_14_LAC_LV,2026,15,2026-12-13,16:05,Los Angeles Chargers,Las Vegas Raiders,Home,,,,,7,14,-7,7,-27,-13,Allegiant Stadium,36.108,-115.1578,America/Los_Angeles,False,True,14,14,Sunday,-27,-13,AFC West,SoFi Stadium,33.9535,-118.3395,America/Los_Angeles,AFC West,Allegiant Stadium,36.108,-115.1578,America/Los_Angeles,Tampa Bay Buccaneers,Cleveland Browns,Raymond James Stadium,FirstEnergy Stadium,San Francisco 49ers,Denver Broncos,SoFi Stadium,Allegiant Stadium,233,0,-233,233,0.0,0.0,America/New_York,America/New_York,3.0,3.0,0.0,0.0,0.0,0,0.935,-2.35,0.935,-2.35,Los Angeles Chargers,3.285,Los Angeles Chargers,3.285,0.935,-2.35,Los Angeles Chargers,3.285,0.0,0,No,No,No,No,No,1,No,1.12,-8.15,0.527,-7.588,-0.9456600000000001,-2.43134,-0.9456600000000001,-2.43134,-0.8205100000000001,-8.17149,-1.40196,-7.62104,Los Angeles Chargers,1.48568,Los Angeles Chargers,1.48568,-0.9456600000000001,-2.43134,Los Angeles Chargers,1.48568,Los Angeles Chargers,9.27,Los Angeles Chargers,8.115,0.8235000000000001,-7.869,Los Angeles Chargers,8.692499999999999,Los Angeles Chargers,7.35098,Los Angeles Chargers,6.21908,-1.1112350000000002,-7.896265,Los Angeles Chargers,6.785029999999999,Same,Same,Same,Same,Same,Same,False,Away Team,Away Team,43.5,190.0,-233.0,Los Angeles Chargers,Las Vegas Raiders,5.5,-5.5,268,-346,208,-261,7.35098,-7.35098,6.21908,-6.21908,0.6997,0.3448,0.7758,0.2717,0.723,0.3247,0.6699,0.3301,0.7406,0.2594,0.6901,0.3099,0.6699,0.3301,0.1699,-0.1699,,,202,15,2026-12-13,LAC @ LV,0.0,70.0,0.0,Dome,True,J.Herbert,K.Cousins,10.65,11.0,12.67,160.45,Med-Low,3.0,19.0,39.31,39.0,11.960465768032517,25.0,55.0,0.2006,0.7986,0.0696,0.066,0.3094,0.6906,0.3408,0.6592,0.275,0.7248,+264,-263,,,,,,,,No Bet,,No Bet,,No Bet,,No Bet,,No Bet,,No Bet,,No Bet,,No Bet,,No Bet,,,,,,,,,,,,,,nan,,,,,,,,,,,,,,,15,0.08027499999999999,-0.0839,Los Angeles Chargers,Las Vegas Raiders,0,0,0,0,0,0,0,0,0,0,0,0,1,4.0,2.0,,,224.0990740526256,0.9450351030141173,0.3346358619962556,0.00012687082607320518,0.04363155478193875,0.009385282597072737,6.550142208390342,0.019046352050224254,3.227648817718542,0.002153465307959295,0.06324139996226695,4.188005968676503e-05,8.499076638644016e-05,0.02922877854842077,0.014402776233517982,0.014487766999904422,9.777791026108885,0.02843163464729699,0.00012687082607320518,0.04363155478193875,31.0,14.0
2026_14_KC_CIN,2026,15,2026-12-13,16:25,Kansas City Chiefs,Cincinnati Bengals,Home,,,,,10,7,3,-3,5,-7,Paycor Stadium,39.0955,-84.5165,America/New_York,False,True,14,14,Sunday,5,-7,AFC West,GEHA Field at Arrowhead Stadium,39.0489,-94.4839,America/Chicago,AFC North,Paycor Stadium,39.0955,-84.5165,America/New_York,Los Angeles Rams,Cleveland Browns,SoFi Stadium,FirstEnergy Stadium,New England Patriots,Carolina Panthers,GEHA Field at Arrowhead Stadium,Bank of America Stadium,534,0,-534,534,-1.0,0.0,America/Los_Angeles,America/New_York,-3.0,0.0,-1.0,0.0,-1.0,0,4.395,1.31,4.395,1.31,Kansas City Chiefs,3.0849999999999995,Kansas City Chiefs,3.0849999999999995,4.395,1.31,Kansas City Chiefs,3.0849999999999995,0.0,0,No,No,No,No,No,0,No,-2.17,-0.04,0.625,-0.609,6.983499999999999,2.3235,6.983499999999999,2.3235,0.41849999999999987,0.9735,3.2135,0.4045000000000001,Kansas City Chiefs,4.659999999999999,Kansas City Chiefs,4.659999999999999,6.983499999999999,2.3235,Kansas City Chiefs,4.659999999999999,Cincinnati Bengals,2.13,Kansas City Chiefs,1.234,-0.7725,-0.3245,Cincinnati Bengals,0.44799999999999995,Cincinnati Bengals,0.5550000000000002,Kansas City Chiefs,2.8089999999999997,1.8159999999999998,0.6890000000000001,Kansas City Chiefs,1.1269999999999998,Different,Same,Different,Same,Same,Same,False,Home Team,Away Team,48.5,-125.0,105.0,Cincinnati Bengals,Kansas City Chiefs,-1.5,1.5,-116,-104,135,-164,-0.5550000000000002,0.5550000000000002,2.8089999999999997,-2.8089999999999997,0.4878,0.5556,0.5098,0.537,0.6212,0.4255,0.4675,0.5325,0.487,0.513,0.5935,0.4065,0.4675,0.5325,-0.0325,0.0325,,,203,15,2026-12-13,KC @ CIN,12.0,38.0,0.0,Historical Avg,False,P.Mahomes,J.Burrow,-1.01,-2.0,13.12,172.06,Medium,-10.0,8.0,49.29,49.0,13.114147475638763,33.0,66.0,0.5354,0.4636,0.09,0.097,0.5084,0.4916,0.5142,0.4858,0.4968,0.5029,+101,-101,,,,,,,,No Bet,,No Bet,,No Bet,,No Bet,,No Bet,,No Bet,,No Bet,,No Bet,,No Bet,,,,,,,,,,,,,,nan,,,,,,,,,,,,,,,15,0.097725,0.09922500000000001,Cincinnati Bengals,Kansas City Chiefs,0,0,0,0,0,0,0,0,0,0,0,0,0,4.0,4.0,,,224.0990740526256,0.47102757138324053,0.06328633651902456,0.003863531567844958,0.00030225766520896815,0.4610458734887041,0.031666422405113394,0.40476797343843984,0.036069240493524876,0.009212154021976955,0.0034204782443028048,0.00205733055987744,0.001806201007967518,0.00014130545848519262,0.00016095220672377554,0.0019671532146912935,0.06773566289863828,0.865813846927144,0.003863531567844958,0.00030225766520896815,31.0,14.0
2026_14_NYG_SEA,2026,15,2026-12-13,16:25,New York Giants,Seattle Seahawks,Home,,,,,7,6,1,-1,4,6,Lumen Field,47.5952,-122.3316,America/Los_Angeles,False,False,14,14,Sunday,4,6,NFC East,MetLife Stadium,40.8136,-74.0744,America/New_York,NFC West,Lumen Field,47.5952,-122.3316,America/Los_Angeles,San Francisco 49ers,Dallas Cowboys,MetLife Stadium,Lumen Field,Cleveland Browns,Philadelphia Eagles,MetLife Stadium,Lincoln Financial Field,2394,0,-2394,2394,3.0,0.0,America/New_York,America/Los_Angeles,3.0,0.0,3.0,0.0,3.0,0,-2.84,-0.13,-2.84,-0.13,Seattle Seahawks,2.71,Seattle Seahawks,2.71,-2.84,-0.13,Seattle Seahawks,2.71,-0.22499999999999998,0,No,No,No,No,No,0,Yes,-3.53,10.42,-5.014,10.022,-1.5229999999999995,0.09800000000000003,-1.5229999999999995,0.09800000000000003,-2.212999999999999,10.648000000000001,-3.697,10.250000000000002,Seattle Seahawks,1.6209999999999996,Seattle Seahawks,1.6209999999999996,-1.5229999999999995,0.09800000000000003,Seattle Seahawks,1.6209999999999996,Seattle Seahawks,13.95,Seattle Seahawks,15.036000000000001,-4.272,10.221,Seattle Seahawks,14.493,Seattle Seahawks,12.861,Seattle Seahawks,13.947000000000003,-2.9549999999999996,10.449000000000002,Seattle Seahawks,13.404000000000002,Same,Same,Same,Same,Same,Same,False,Home Team,Home Team,45.5,-400.0,310.0,Seattle Seahawks,New York Giants,-7.5,7.5,-729,494,-890,573,-12.861,12.861,-13.947000000000003,13.947000000000003,0.2439,0.8,0.1684,0.8794,0.1486,0.899,0.2336,0.7664,0.1607,0.8393,0.1418,0.8582,0.2336,0.7664,-0.2664,0.2664,,,204,15,2026-12-13,NYG @ SEA,12.0,42.0,0.0,Historical Avg,False,J.Dart,S.Darnold,-16.54,-17.0,12.9,166.43,Med-Low,-25.0,-8.0,48.17,47.0,12.902210413983852,32.0,65.0,0.8974,0.102,0.0438,0.0424,0.764,0.236,0.5704,0.4296,0.8403,0.1595,-526,+527,,,,,,,,No Bet,,No Bet,,No Bet,,No Bet,,No Bet,,No Bet,,No Bet,,No Bet,,No Bet,,,,,,,,,,,,,,nan,,,,,,,,,,,,,,,15,-0.0567,0.019124999999999996,Seattle Seahawks,New York Giants,0,0,0,0,0,0,0,1,0,0,0,1,0,2.5,3.5,,,224.0990740526256,0.22220722103308868,0.7818671317042698,0.18213237455938622,2.8413838906413557e-07,31.281149792821065,1.4874515014789296e-05,9.534546700943373,4.8800634877288166e-05,0.14690949764902514,0.0007979270724569437,0.1395862518623136,0.042546122697072614,6.637472768538207e-08,2.177636613787535e-07,0.042546340460733995,6.367514989207746e-05,40.815696493764435,0.18213237455938622,2.8413838906413557e-07,31.0,14.0
2026_14_LA_SF,2026,15,2026-12-13,16:25,Los Angeles Rams,San Francisco 49ers,Home,,,,,10,7,3,-3,-1,-1,Levi's Stadium,37.4031,-121.9702,America/Los_Angeles,False,False,14,14,Sunday,-1,-1,NFC West,SoFi Stadium,33.9535,-118.3395,America/Los_Angeles,NFC West,Levi's Stadium,37.4031,-121.9702,America/Los_Angeles,Kansas City Chiefs,New York Giants,SoFi Stadium,MetLife Stadium,Dallas Cowboys,Los Angeles Chargers,SoFi Stadium,SoFi Stadium,313,0,-313,313,0.0,0.0,America/Los_Angeles,America/New_York,0.0,3.0,0.0,0.0,0.0,0,1.29,3.325,1.29,3.325,San Francisco 49ers,2.035,San Francisco 49ers,2.035,1.29,3.325,San Francisco 49ers,2.035,0.0,0,No,No,No,No,No,1,No,8.12,3.57,7.087,2.606,2.1691350000000003,1.3983650000000003,2.1691350000000003,1.3983650000000003,8.933284999999998,1.709215,7.900974999999999,0.744525,Los Angeles Rams,0.77077,Los Angeles Rams,0.77077,2.1691350000000003,1.3983650000000003,Los Angeles Rams,0.77077,Los Angeles Rams,4.549999999999999,Los Angeles Rams,4.481,7.6034999999999995,3.088,Los Angeles Rams,4.515499999999999,Los Angeles Rams,7.2240699999999975,Los Angeles Rams,7.156449999999999,8.417129999999998,1.22687,Los Angeles Rams,7.1902599999999985,Different,Different,Same,Same,Same,Same,False,Away Team,Away Team,49.5,110.0,-130.0,Los Angeles Rams,San Francisco 49ers,2.5,-2.5,249,-319,249,-319,7.2240699999999975,-7.2240699999999975,7.156449999999999,-7.156449999999999,0.5652,0.4762,0.7613,0.2865,0.7613,0.2865,0.5427,0.4573,0.7266,0.2734,0.7266,0.2734,0.5427,0.4573,0.0427,-0.0427,,,205,15,2026-12-13,LA @ SF,8.0,55.0,0.0,Historical Avg,False,M.Stafford,B.Purdy,4.67,5.0,13.15,172.89,Medium,-5.0,13.0,64.86,65.0,14.474890690160613,47.0,84.0,0.3628,0.6362,0.1002,0.087,0.4052,0.5948,0.857,0.143,0.3417,0.658,+193,-192,,,,,,,,No Bet,,No Bet,,No Bet,,No Bet,,No Bet,,No Bet,,No Bet,,No Bet,,No Bet,,,,,,,,,,,,,,nan,,,,,,,,,,,,,,,15,0.10217499999999999,0.03690000000000001,Los Angeles Rams,San Francisco 49ers,0,0,0,0,0,0,0,0,0,0,0,0,1,4.0,3.5,,,224.0990740526256,0.1749874529198777,0.0,0.00015011418921988118,0.0,0.015383778153737456,0.0,0.01825667265259855,0.0,0.003334311096459368,0.006620155260313582,6.864721873025167e-05,8.146697048962952e-05,0.0,0.0,8.146697048962952e-05,0.0,0.03364045080633601,0.00015011418921988118,0.0,31.0,14.0
2026_14_BUF_GB,2026,15,2026-12-13,20:20,Buffalo Bills,Green Bay Packers,Home,,,,,7,7,0,0,11,1,Lambeau Field,44.5013,-88.0622,America/Chicago,False,True,14,14,Sunday,11,1,AFC East,Highmark Stadium,42.7725,-78.7877,America/New_York,NFC North,Lambeau Field,44.5013,-88.0622,America/Chicago,New England Patriots,New Orleans Saints,Gillette Stadium,Caesars Superdome,Chicago Bears,Miami Dolphins,Highmark Stadium,Lambeau Field,478,0,-478,478,1.0,0.0,America/New_York,America/Chicago,1.0,0.0,1.0,0.0,1.0,0,4.795,3.535,4.795,3.535,Buffalo Bills,1.2599999999999998,Buffalo Bills,1.2599999999999998,4.795,3.535,Buffalo Bills,1.2599999999999998,0.0,0,No,No,No,No,No,0,No,6.16,5.09,3.416,2.933,5.8225,3.8745,5.8225,3.8745,7.1875,5.4295,4.4435,3.2724999999999995,Buffalo Bills,1.948,Buffalo Bills,1.948,5.8225,3.8745,Buffalo Bills,1.948,Buffalo Bills,1.0700000000000003,Buffalo Bills,0.4830000000000001,4.788,4.0115,Buffalo Bills,0.7765000000000004,Buffalo Bills,1.758,Buffalo Bills,1.1710000000000007,5.8155,4.351,Buffalo Bills,1.4645000000000001,Same,Same,Same,Same,Same,Same,False,Away Team,Away Team,49.5,-125.0,105.0,Green Bay Packers,Buffalo Bills,-1.5,1.5,108,-131,101,-122,1.758,-1.758,1.1710000000000007,-1.1710000000000007,0.4878,0.5556,0.5671,0.4808,0.5495,0.4975,0.4675,0.5325,0.5412,0.4588,0.5248,0.4752,0.4675,0.5325,-0.0325,0.0325,,,206,15,2026-12-13,BUF @ GB,15.0,25.0,0.0,Historical Avg,False,J.Allen,J.Love,-0.97,-1.0,13.44,180.61,Med-High,-10.0,8.0,53.87,53.0,14.042215755523234,36.0,72.0,0.5252,0.474,0.0966,0.0932,0.4994,0.5006,0.6186,0.3814,0.4979,0.5019,+101,-101,,,,,,,,No Bet,,No Bet,,No Bet,,No Bet,,No Bet,,No Bet,,No Bet,,No Bet,,No Bet,,,,,,,,,,,,,,nan,,,,,,,,,,,,,,,15,0.1789,0.104075,Green Bay Packers,Buffalo Bills,0,0,0,0,1,0,0,1,0,0,1,1,0,5.0,4.0,,,224.0990740526256,0.4801503238061983,0.246859870339331,0.003863531567844958,0.00022236736031997154,0.4610458734887041,0.023296609388331047,0.40476797343843984,0.026535710158901136,0.009651711758587587,0.005520590658818822,0.00205733055987744,0.001806201007967518,0.0001039567409495867,0.00011841061937038484,0.0019246116273379029,0.04983231954723218,0.865813846927144,0.003863531567844958,0.00022236736031997154,31.0,14.0
2026_14_PIT_JAX,2026,15,2026-12-14,20:15,Pittsburgh Steelers,Jacksonville Jaguars,Home,,,,,8,8,0,0,-2,-2,TIAA Bank Field,30.3239,-81.6554,America/New_York,False,False,14,14,Monday,-2,-2,AFC North,Acrisure Stadium,40.4468,-80.0158,America/New_York,AFC South,TIAA Bank Field,30.3239,-81.6554,America/New_York,Houston Texans,Chicago Bears,Acrisure Stadium,Soldier Field,Baltimore Ravens,Houston Texans,Acrisure Stadium,NRG Stadium,705,0,-705,705,0.0,0.0,America/New_York,America/Chicago,0.0,-1.0,0.0,0.0,0.0,0,-0.565,-1.825,-0.565,-1.825,Pittsburgh Steelers,1.26,Pittsburgh Steelers,1.26,-0.565,-1.825,Pittsburgh Steelers,1.26,0.0,0,No,No,No,No,No,0,No,0.59,5.41,0.538,3.85,-1.874,-2.782,-1.874,-2.782,-0.7190000000000001,4.453,-0.771,2.893,Pittsburgh Steelers,0.9079999999999999,Pittsburgh Steelers,0.9079999999999999,-1.874,-2.782,Pittsburgh Steelers,0.9079999999999999,Jacksonville Jaguars,4.82,Jacksonville Jaguars,3.3120000000000003,0.5640000000000001,4.63,Jacksonville Jaguars,4.066,Jacksonville Jaguars,5.172000000000001,Jacksonville Jaguars,3.6639999999999997,-0.7450000000000001,3.673,Jacksonville Jaguars,4.418,Different,Different,Different,Different,Same,Same,False,Home Team,Home Team,44.5,-161.0,136.0,Jacksonville Jaguars,Pittsburgh Steelers,-3.0,3.0,-234,188,-191,156,-5.172000000000001,5.172000000000001,-3.6639999999999997,3.6639999999999997,0.4237,0.6169,0.3472,0.7006,0.3906,0.6564,0.4072,0.5928,0.3314,0.6686,0.3731,0.6269,0.4072,0.5928,-0.0928,0.0928,,,207,15,2026-12-14,PIT @ JAX,10.0,60.0,0.0,Historical Avg,False,A.Rodgers,T.Lawrence,0.12,1.0,13.8,190.45,Med-High,-10.0,10.0,51.23,51.0,13.407474036223467,34.0,68.0,0.4946,0.505,0.101,0.082,0.4052,0.543,0.6788,0.3212,0.5957,0.4042,-147,+147,,,,,,,,No Bet,,No Bet,,No Bet,,No Bet,,No Bet,,No Bet,,No Bet,,No Bet,,No Bet,,,,,,,,,,,,,,nan,,,,,,,,,,,,,,,15,-0.022350000000000002,-0.019200000000000002,Jacksonville Jaguars,Pittsburgh Steelers,0,0,0,0,0,0,0,0,0,0,0,0,0,3.0,3.0,,,224.0990740526256,0.49834961013592016,0.7139837712325645,0.031241113164998592,4.207596090304188e-05,4.1502547669546095,0.0038395636752218375,2.850849765694867,0.005589620203024326,0.04177876220027811,0.002240110083019747,0.018519731884211164,0.012721381280787428,1.7133331279718654e-05,2.4942629623323228e-05,0.012746323910410752,0.009429183878246162,7.001104532649476,0.031241113164998592,4.207596090304188e-05,31.0,14.0
2026_15_SF_LAC,2026,16,2026-12-17,20:15,San Francisco 49ers,Los Angeles Chargers,Home,,,,,4,4,0,0,-1,-27,SoFi Stadium,33.9535,-118.3395,America/Los_Angeles,False,False,15,15,Thursday,-1,-27,NFC West,Levi's Stadium,37.4031,-121.9702,America/Los_Angeles,AFC West,SoFi Stadium,33.9535,-118.3395,America/Los_Angeles,Los Angeles Rams,Las Vegas Raiders,Levi's Stadium,Allegiant Stadium,Kansas City Chiefs,Miami Dolphins,GEHA Field at Arrowhead Stadium,Hard Rock Stadium,313,0,-313,313,0.0,0.0,America/Los_Angeles,America/Los_Angeles,0.0,0.0,0.0,0.0,0.0,0,3.325,0.935,3.325,0.935,San Francisco 49ers,2.39,San Francisco 49ers,2.39,3.325,0.935,San Francisco 49ers,2.39,0.0,0,No,No,No,No,No,0,No,3.57,1.12,2.606,0.527,4.9345,-0.42450000000000004,4.9345,-0.42450000000000004,5.1795,-0.2395,4.2155000000000005,-0.8325,San Francisco 49ers,5.359,San Francisco 49ers,5.359,4.9345,-0.42450000000000004,San Francisco 49ers,5.359,San Francisco 49ers,2.4499999999999997,San Francisco 49ers,2.0789999999999997,3.088,0.8235000000000001,San Francisco 49ers,2.2645,San Francisco 49ers,5.419,San Francisco 49ers,5.048,4.6975,-0.536,San Francisco 49ers,5.233499999999999,Same,Same,Same,Same,Same,Same,True,Away Team,Away Team,47.5,-143.0,120.0,Los Angeles Chargers,San Francisco 49ers,-2.5,2.5,195,-244,188,-234,5.419,-5.419,5.048,-5.048,0.4545,0.5885,0.7093,0.339,0.7006,0.3472,0.4358,0.5642,0.6766,0.3234,0.6686,0.3314,0.4358,0.5642,-0.0642,0.0642,,,208,16,2026-12-17,SF @ LAC,0.0,70.0,0.0,Dome,True,B.Purdy,J.Herbert,-0.6,-1.0,13.47,181.32,Med-High,-10.0,9.0,53.42,53.0,13.624396437114385,36.0,71.0,0.5142,0.4854,0.088,0.0872,0.4742,0.5258,0.6474,0.3526,0.4333,0.5666,+131,-131,,,,,,,,No Bet,,No Bet,,No Bet,,No Bet,,No Bet,,No Bet,,No Bet,,No Bet,,No Bet,,,,,,,,,,,,,,nan,,,,,,,,,,,,,,,16,0.07060000000000001,0.08563333333333334,Los Angeles Chargers,San Francisco 49ers,0,0,0,0,0,0,0,0,0,0,0,0,0,3.5,4.0,,,155.247113221085,0.2924441453679252,0.1748883607188405,0.007581730076150426,9.513649997706175e-05,0.6640869313962292,0.0064366208713642625,0.5129547761476013,0.008333046112032392,0.012158345626375338,0.0021827153321015333,0.0042776121089640705,0.003304117967186356,4.146048669000351e-05,5.367601328705824e-05,0.0033577939804734142,0.014769666983396655,1.1770417075438306,0.007581730076150426,9.513649997706175e-05,26.0,5.0
2026_15_SEA_PHI,2026,16,2026-12-19,17:00,Seattle Seahawks,Philadelphia Eagles,Home,,,,,6,6,0,0,6,-19,Lincoln Financial Field,39.9008,-75.1675,America/New_York,False,False,15,15,Saturday,6,-19,NFC West,Lumen Field,47.5952,-122.3316,America/Los_Angeles,NFC East,Lincoln Financial Field,39.9008,-75.1675,America/New_York,New York Giants,Indianapolis Colts,Lumen Field,Lincoln Financial Field,Los Angeles Rams,Houston Texans,Lumen Field,Lincoln Financial Field,2373,0,-2373,2373,-3.0,0.0,America/Los_Angeles,America/New_York,-3.0,0.0,-3.0,0.0,-3.0,0,-0.13,4.905,-0.13,4.905,Philadelphia Eagles,5.035,Philadelphia Eagles,5.035,-0.13,4.905,Philadelphia Eagles,5.035,-0.44999999999999996,0,No,No,No,No,No,0,No,10.42,5.52,10.022,3.682,-0.5329999999999999,5.327,-0.5329999999999999,5.327,10.017000000000001,5.941999999999999,9.619000000000002,4.104,Philadelphia Eagles,5.859999999999999,Philadelphia Eagles,5.859999999999999,-0.5329999999999999,5.327,Philadelphia Eagles,5.859999999999999,Seattle Seahawks,4.9,Seattle Seahawks,6.34,10.221,4.601,Seattle Seahawks,5.62,Seattle Seahawks,4.075000000000002,Seattle Seahawks,5.5150000000000015,9.818000000000001,5.023,Seattle Seahawks,4.795000000000002,Different,Different,Different,Different,Same,Same,False,Away Team,Away Team,43.5,-125.0,105.0,Philadelphia Eagles,Seattle Seahawks,-1.5,1.5,171,-211,195,-244,4.075000000000002,-4.075000000000002,5.5150000000000015,-5.5150000000000015,0.4878,0.5556,0.6785,0.369,0.7093,0.339,0.4675,0.5325,0.6477,0.3523,0.6766,0.3234,0.4675,0.5325,-0.0325,0.0325,,,209,16,2026-12-19,SEA @ PHI,15.0,40.0,0.0,Historical Avg,False,S.Darnold,J.Hurts,4.25,5.0,12.8,163.92,Med-Low,-5.0,13.0,42.29,41.0,13.141658038284174,26.0,60.0,0.3628,0.6364,0.0924,0.0884,0.342,0.658,0.4446,0.5554,0.3928,0.6071,+155,-155,,,,,,,,No Bet,,No Bet,,No Bet,,No Bet,,No Bet,,No Bet,,No Bet,,No Bet,,No Bet,,,,,,,,,,,,,,nan,,,,,,,,,,,,,,,16,0.03633333333333333,0.03286666666666666,Philadelphia Eagles,Seattle Seahawks,0,0,0,0,0,1,1,0,0,0,1,1,0,3.5,3.5,,,155.247113221085,0.14101542046751722,0.020714586846235436,0.00044219920575224987,0.00010673365628724404,0.03655620496110173,0.007746518020343974,0.03209394520059166,0.008823574001782172,0.006363325953195213,0.0025791779253463262,0.00023547107706307305,0.00020672812868917682,4.989798431428659e-05,5.683567197295745e-05,0.0002635638006621343,0.016570092022126146,0.06865015016169339,0.00044219920575224987,0.00010673365628724404,26.0,5.0
2026_15_CHI_BUF,2026,16,2026-12-19,20:20,Chicago Bears,Buffalo Bills,Home,,,,,6,6,0,0,11,11,Highmark Stadium,42.7725,-78.7877,America/New_York,False,True,15,15,Saturday,11,11,NFC North,Soldier Field,41.8623,-87.6167,America/Chicago,AFC East,Highmark Stadium,42.7725,-78.7877,America/New_York,Miami Dolphins,Green Bay Packers,Hard Rock Stadium,Lambeau Field,Green Bay Packers,Denver Broncos,Soldier Field,Empower Field at Mile High,455,0,-455,455,-1.0,0.0,America/New_York,America/Chicago,0.0,-1.0,0.0,0.0,0.0,0,-1.575,4.795,-1.575,4.795,Buffalo Bills,6.37,Buffalo Bills,6.37,-1.575,4.795,Buffalo Bills,6.37,0.0,0,No,No,No,No,No,0,No,0.9,6.16,1.647,3.416,-1.2134999999999998,4.9425,-1.2134999999999998,4.9425,1.2615000000000003,6.3075,2.0085,3.5635000000000003,Buffalo Bills,6.156,Buffalo Bills,6.156,-1.2134999999999998,4.9425,Buffalo Bills,6.156,Buffalo Bills,5.26,Buffalo Bills,1.769,1.2735,4.788,Buffalo Bills,3.5145,Buffalo Bills,5.045999999999999,Buffalo Bills,1.5550000000000002,1.6350000000000002,4.9355,Buffalo Bills,3.3005,Same,Same,Same,Same,Same,Same,False,Home Team,Home Team,51.5,-185.0,154.0,Buffalo Bills,Chicago Bears,-3.5,3.5,-234,188,-128,105,-5.045999999999999,5.045999999999999,-1.5550000000000002,1.5550000000000002,0.3937,0.6491,0.3472,0.7006,0.4878,0.5614,0.3775,0.6225,0.3314,0.6686,0.4649,0.5351,0.3775,0.6225,-0.1225,0.1225,,,210,16,2026-12-19,CHI @ BUF,20.0,30.0,0.0,Historical Avg,False,C.Williams,J.Allen,-8.06,-9.0,14.17,200.76,High,-18.0,3.0,45.66,45.0,13.037516688705777,29.0,62.0,0.7222,0.2778,0.0736,0.071,0.6522,0.3478,0.3086,0.6914,0.6371,0.3629,-176,+176,,,,,,,,No Bet,,No Bet,,No Bet,,No Bet,,No Bet,,No Bet,,No Bet,,No Bet,,No Bet,,,,,,,,,,,,,,nan,,,,,,,,,,,,,,,16,0.004066666666666667,0.1977,Buffalo Bills,Chicago Bears,0,0,0,0,1,1,0,0,0,0,1,1,0,3.0,5.0,,,155.247113221085,0.24670980887342048,0.3294260737179829,0.008966723412879511,0.0001862309576131664,0.8665560582511583,0.010914211507095477,0.5255018666503007,0.017997607054746848,0.021383970905969572,0.002305742861667378,0.005581785324517496,0.0033849380883620153,7.030218649897031e-05,0.00011592877111419609,0.003500866859476211,0.028911818561842325,1.392057924901459,0.008966723412879511,0.0001862309576131664,26.0,5.0
2026_15_CIN_CAR,2026,16,2026-12-20,13:00,Cincinnati Bengals,Carolina Panthers,Home,,,,,7,7,0,0,-7,10,Bank of America Stadium,35.2258,-80.8528,America/New_York,False,False,15,15,Sunday,-7,10,AFC North,Paycor Stadium,39.0955,-84.5165,America/New_York,NFC South,Bank of America Stadium,35.2258,-80.8528,America/New_York,Kansas City Chiefs,New Orleans Saints,Paycor Stadium,Bank of America Stadium,Indianapolis Colts,Pittsburgh Steelers,Lucas Oil Stadium,Acrisure Stadium,335,0,-335,335,0.0,0.0,America/New_York,America/New_York,0.0,0.0,0.0,0.0,0.0,0,1.31,-5.25,1.31,-5.25,Cincinnati Bengals,6.5600000000000005,Cincinnati Bengals,6.5600000000000005,1.31,-5.25,Cincinnati Bengals,6.5600000000000005,0.0,0,No,No,No,No,No,0,No,-0.04,-3.79,-0.609,-4.367,-0.6285000000000001,-6.3535,-0.6285000000000001,-6.3535,-1.9785,-4.8934999999999995,-2.5475000000000003,-5.4704999999999995,Cincinnati Bengals,5.7250000000000005,Cincinnati Bengals,5.7250000000000005,-0.6285000000000001,-6.3535,Cincinnati Bengals,5.7250000000000005,Cincinnati Bengals,3.75,Cincinnati Bengals,3.758,-0.3245,-4.0785,Cincinnati Bengals,3.754,Cincinnati Bengals,2.9149999999999996,Cincinnati Bengals,2.922999999999999,-2.263,-5.1819999999999995,Cincinnati Bengals,2.9189999999999996,Same,Same,Same,Same,Same,Same,False,Away Team,Away Team,47.5,124.0,-147.0,Cincinnati Bengals,Carolina Panthers,2.5,-2.5,135,-164,135,-164,2.9149999999999996,-2.9149999999999996,2.922999999999999,-2.922999999999999,0.5951,0.4464,0.6212,0.4255,0.6212,0.4255,0.5714,0.4286,0.5935,0.4065,0.5935,0.4065,0.5714,0.4286,0.0714,-0.0714,,,211,16,2026-12-20,CIN @ CAR,8.0,48.0,0.0,Historical Avg,False,J.Burrow,B.Young,7.99,8.0,13.49,181.98,Med-High,-2.0,17.0,52.52,52.0,13.424931254790065,36.0,71.0,0.2674,0.732,0.079,0.081,0.3014,0.6986,0.6194,0.3806,0.3773,0.6226,+165,-165,,,,,,,,No Bet,,No Bet,,No Bet,,No Bet,,No Bet,,No Bet,,No Bet,,No Bet,,No Bet,,,,,,,,,,,,,,nan,,,,,,,,,,,,,,,16,0.1085,-0.0866,Cincinnati Bengals,Carolina Panthers,0,0,0,0,0,0,0,0,0,0,0,0,0,4.0,2.0,,,155.247113221085,0.9444893214995641,0.4680578164942582,1.9245396421551336e-05,0.008604058666114711,0.0012805677528815972,0.7632505612203847,0.001707224484359647,0.5725047086787834,0.002766360849685559,0.02442936019826113,8.248576906276902e-06,1.0996819515274435e-05,0.004916359121817947,0.003687699544296765,0.003698696363812039,1.3357552698991682,0.002987792237241244,1.9245396421551336e-05,0.008604058666114711,26.0,5.0
2026_15_MIA_GB,2026,16,2026-12-20,13:00,Miami Dolphins,Green Bay Packers,Home,,,,,7,7,0,0,-1,1,Lambeau Field,44.5013,-88.0622,America/Chicago,False,False,15,15,Sunday,-1,1,AFC East,Hard Rock Stadium,25.9602,-80.2384,America/New_York,NFC North,Lambeau Field,44.5013,-88.0622,America/Chicago,Chicago Bears,Buffalo Bills,Hard Rock Stadium,Lambeau Field,Los Angeles Chargers,Chicago Bears,Hard Rock Stadium,Soldier Field,1352,0,-1352,1352,1.0,0.0,America/New_York,America/Chicago,1.0,0.0,1.0,0.0,1.0,0,0.66,3.535,0.66,3.535,Green Bay Packers,2.875,Green Bay Packers,2.875,0.66,3.535,Green Bay Packers,2.875,0.0,0,No,No,No,No,No,0,No,-5.46,5.09,-3.956,2.933,-0.46950000000000014,3.8745,-0.46950000000000014,3.8745,-6.589499999999999,5.4295,-5.0855,3.2724999999999995,Green Bay Packers,4.344,Green Bay Packers,4.344,-0.46950000000000014,3.8745,Green Bay Packers,4.344,Green Bay Packers,10.55,Green Bay Packers,6.888999999999999,-4.708,4.0115,Green Bay Packers,8.7195,Green Bay Packers,12.018999999999998,Green Bay Packers,8.357999999999999,-5.8374999999999995,4.351,Green Bay Packers,10.1885,Same,Same,Same,Same,Same,Same,False,Home Team,Home Team,45.5,-667.0,470.0,Green Bay Packers,Miami Dolphins,-10.5,10.5,-660,458,-397,302,-12.018999999999998,12.018999999999998,-8.357999999999999,8.357999999999999,0.1754,0.8696,0.1792,0.8684,0.2488,0.7988,0.1679,0.8321,0.1711,0.8289,0.2375,0.7625,0.1679,0.8321,-0.3321,0.3321,,,212,16,2026-12-20,MIA @ GB,15.0,25.0,0.0,Historical Avg,False,M.Willis,J.Love,-13.63,-14.0,12.55,157.46,Low,-22.0,-6.0,46.42,46.0,12.930481163074393,30.0,64.0,0.8596,0.1392,0.0584,0.062,0.602,0.398,0.5148,0.4852,0.8208,0.1789,-458,+459,,,,,,,,No Bet,,No Bet,,No Bet,,No Bet,,No Bet,,No Bet,,No Bet,,No Bet,,No Bet,,,,,,,,,,,,,,nan,,,,,,,,,,,,,,,16,-0.27636666666666665,0.028066666666666667,Green Bay Packers,Miami Dolphins,0,0,0,0,0,0,0,1,0,0,0,1,0,0.0,3.0,,,155.247113221085,0.47718056891721605,0.9382414951570316,0.43594392120508185,0.00018357263989088497,56.315725267612414,0.004785002652543916,11.363310025756675,0.023714119756889765,0.3358444257603661,0.0006445466139127013,0.36274893683474857,0.07319498437033328,3.082184623767959e-05,0.00015275079365320538,0.07334773516398649,0.028499122409433683,67.6790352933691,0.43594392120508185,0.00018357263989088497,26.0,5.0
2026_15_JAX_HOU,2026,16,2026-12-20,13:00,Jacksonville Jaguars,Houston Texans,Home,,,,,6,7,-1,1,-3,9,NRG Stadium,29.6847,-95.4093,America/Chicago,False,False,15,15,Sunday,-3,9,AFC South,TIAA Bank Field,30.3239,-81.6554,America/New_York,AFC South,NRG Stadium,29.6847,-95.4093,America/Chicago,Pittsburgh Steelers,Washington Commanders,TIAA Bank Field,FedExField,Dallas Cowboys,Philadelphia Eagles,AT&T Stadium,Lincoln Financial Field,823,0,-823,823,1.0,0.0,America/New_York,America/New_York,1.0,1.0,1.0,0.0,1.0,0,-1.825,0.035,-1.825,0.035,Houston Texans,1.8599999999999999,Houston Texans,1.8599999999999999,-1.825,0.035,Houston Texans,1.8599999999999999,0.0,0,No,No,No,No,Yes,1,No,5.41,2.96,3.85,5.008,-1.153155,0.30165500000000006,-1.153155,0.30165500000000006,6.0387450000000005,3.2697550000000004,4.514825000000001,5.281675,Houston Texans,1.45481,Houston Texans,1.45481,-1.153155,0.30165500000000006,Houston Texans,1.45481,Jacksonville Jaguars,2.45,Houston Texans,1.158,4.63,3.984,Jacksonville Jaguars,0.6459999999999999,Jacksonville Jaguars,2.76899,Houston Texans,0.7668499999999989,5.276785,4.275715,Jacksonville Jaguars,1.0010700000000003,Different,Same,Different,Same,Same,Same,False,Away Team,Home Team,43.5,-154.0,130.0,Houston Texans,Jacksonville Jaguars,-3.0,3.0,135,-164,-122,101,2.76899,-2.76899,-0.7668499999999989,0.7668499999999989,0.4348,0.6063,0.6212,0.4255,0.4975,0.5495,0.4176,0.5824,0.5935,0.4065,0.4752,0.5248,0.4176,0.5824,-0.0824,0.0824,,,213,16,2026-12-20,JAX @ HOU,0.0,70.0,0.0,Dome,True,T.Lawrence,C.Stroud,-1.08,-2.0,13.72,188.36,Med-High,-10.0,9.0,47.75,47.0,13.337753751476559,30.900000000000034,65.0,0.5376,0.4618,0.094,0.09,0.449,0.5002,0.6038,0.3962,0.5128,0.487,-105,+105,,,,,,,,No Bet,,No Bet,,No Bet,,No Bet,,No Bet,,No Bet,,No Bet,,No Bet,,No Bet,,,,,,,,,,,,,,nan,,,,,,,,,,,,,,,16,0.0018666666666666647,0.038066666666666665,Houston Texans,Jacksonville Jaguars,0,0,0,0,0,0,0,1,0,0,0,1,1,3.0,3.5,,,155.247113221085,0.7178363071231221,0.4716163931321084,0.03704164362030239,0.0003073209747081045,3.3491542395678153,0.01992398587943005,2.4014540014483505,0.027786708276293252,0.06357749553961534,0.0026644727780817134,0.021573053244464114,0.015468590375838278,0.00012833723903810446,0.00017898373567000006,0.01564757411150828,0.0477106941557233,5.750608241016166,0.03704164362030239,0.0003073209747081045,26.0,5.0
2026_15_CLE_NYG,2026,16,2026-12-20,13:00,Cleveland Browns,New York Giants,Home,,,,,7,7,0,0,3,4,MetLife Stadium,40.8136,-74.0744,America/New_York,False,False,15,15,Sunday,3,4,AFC North,FirstEnergy Stadium,41.5061,-81.6994,America/New_York,NFC East,MetLife Stadium,40.8136,-74.0744,America/New_York,Atlanta Falcons,Seattle Seahawks,FirstEnergy Stadium,Lumen Field,Baltimore Ravens,Detroit Lions,M&T Bank Stadium,Ford Field,399,0,-399,399,0.0,0.0,America/New_York,America/Los_Angeles,0.0,-3.0,0.0,0.0,0.0,0,-4.705,-2.84,-4.705,-2.84,New York Giants,1.8650000000000002,New York Giants,1.8650000000000002,-4.705,-2.84,New York Giants,1.8650000000000002,0.0,0,No,No,No,No,No,0,No,-6.94,-3.53,-7.475,-5.014,-4.6985,-3.6819999999999995,-4.6985,-3.6819999999999995,-6.9335,-4.372,-7.4685,-5.856,New York Giants,1.0165000000000006,New York Giants,1.0165000000000006,-4.6985,-3.6819999999999995,New York Giants,1.0165000000000006,New York Giants,3.4100000000000006,New York Giants,2.4609999999999994,-7.2075,-4.272,New York Giants,2.9354999999999993,New York Giants,2.5615000000000006,New York Giants,1.6124999999999998,-7.2010000000000005,-5.114,New York Giants,2.0870000000000006,Same,Same,Same,Same,Same,Same,False,Home Team,Home Team,40.5,-217.0,180.0,New York Giants,Cleveland Browns,-4.5,4.5,-142,117,-128,105,-2.5615000000000006,2.5615000000000006,-1.6124999999999998,1.6124999999999998,0.3571,0.6845,0.4608,0.5868,0.4878,0.5614,0.3429,0.6571,0.4399,0.5601,0.4649,0.5351,0.3429,0.6571,-0.1571,0.1571,,,214,16,2026-12-20,CLE @ NYG,15.0,38.0,0.0,Historical Avg,False,S.Sanders,J.Dart,-3.33,-4.0,13.42,180.07,Med-High,-13.0,7.0,38.98,39.0,12.120336808557365,23.0,54.0,0.601,0.3974,0.0942,0.0834,0.4938,0.5062,0.4346,0.5654,0.5883,0.4113,-143,+143,,,,,,,,No Bet,,No Bet,,No Bet,,No Bet,,No Bet,,No Bet,,No Bet,,No Bet,,No Bet,,,,,,,,,,,,,,nan,,,,,,,,,,,,,,,16,-0.19186666666666666,-0.12796666666666667,New York Giants,Cleveland Browns,0,0,0,0,0,0,0,0,0,0,0,0,0,1.0,1.5,,,155.247113221085,0.7818670358924077,0.925023096940149,0.23687871818194586,0.0008273391181781173,24.164679801804652,0.04404276514397135,12.610057379453378,0.08439924460805942,0.1581762908769731,0.001985094428387186,0.15565300571735663,0.08122571246458923,0.0002836945836232764,0.000543644534554841,0.08176935699914407,0.1284420097520308,36.77473718125803,0.23687871818194586,0.0008273391181781173,26.0,5.0
2026_15_BAL_PIT,2026,16,2026-12-20,13:00,Baltimore Ravens,Pittsburgh Steelers,Home,,,,,7,6,1,-1,-6,-3,Acrisure Stadium,40.4468,-80.0158,America/New_York,False,False,15,15,Sunday,-6,-3,AFC North,M&T Bank Stadium,39.2789,-76.6228,America/New_York,AFC North,Acrisure Stadium,40.4468,-80.0158,America/New_York,Tampa Bay Buccaneers,Jacksonville Jaguars,M&T Bank Stadium,TIAA Bank Field,Cleveland Browns,Carolina Panthers,M&T Bank Stadium,Acrisure Stadium,197,0,-197,197,0.0,0.0,America/New_York,America/New_York,0.0,0.0,0.0,0.0,0.0,0,6.69,-0.565,6.69,-0.565,Baltimore Ravens,7.255000000000001,Baltimore Ravens,7.255000000000001,6.69,-0.565,Baltimore Ravens,7.255000000000001,0.0,0,No,No,No,No,No,1,Yes,5.1,0.59,2.881,0.538,6.234505,0.45299500000000015,6.234505,0.45299500000000015,4.671955,1.5805449999999999,2.4746249999999996,1.5068750000000002,Baltimore Ravens,5.78151,Baltimore Ravens,5.78151,6.234505,0.45299500000000015,Baltimore Ravens,5.78151,Baltimore Ravens,4.51,Baltimore Ravens,2.343,3.9905,0.5640000000000001,Baltimore Ravens,3.4265,Baltimore Ravens,3.0914099999999998,Baltimore Ravens,0.9677499999999994,3.5732899999999996,1.54371,Baltimore Ravens,2.0295799999999997,Same,Same,Same,Same,Same,Same,False,Away Team,Away Team,46.0,124.0,-147.0,Baltimore Ravens,Pittsburgh Steelers,2.5,-2.5,135,-164,101,-122,3.0914099999999998,-3.0914099999999998,0.9677499999999994,-0.9677499999999994,0.5951,0.4464,0.6212,0.4255,0.5495,0.4975,0.5714,0.4286,0.5935,0.4065,0.5248,0.4752,0.5714,0.4286,0.0714,-0.0714,,,215,16,2026-12-20,BAL @ PIT,12.0,35.0,0.0,Historical Avg,False,L.Jackson,A.Rodgers,4.2,5.0,13.5,182.25,Med-High,-6.0,14.0,50.21,50.0,13.839809936115943,33.0,68.0,0.3734,0.6264,0.0904,0.097,0.4132,0.5868,0.5942,0.3792,0.4209,0.579,+138,-138,,,,,,,,No Bet,,No Bet,,No Bet,,No Bet,,No Bet,,No Bet,,No Bet,,No Bet,,No Bet,,,,,,,,,,,,,,nan,,,,,,,,,,,,,,,16,0.13326666666666667,-0.005999999999999996,Baltimore Ravens,Pittsburgh Steelers,0,0,0,0,0,0,0,0,0,0,0,0,1,4.5,3.0,,,155.247113221085,0.7139590392836378,0.4900466598335082,4.7035838985773656e-05,0.006650379943518999,0.0031297135852947815,0.5899432373944709,0.004172464635178345,0.44250905066025586,0.0022512282001376557,0.018413810941768676,2.0159560589302587e-05,2.687627839647107e-05,0.003800027099726756,0.0028503528437922427,0.002877229122188714,1.0324522880547269,0.007302178220473126,4.7035838985773656e-05,0.006650379943518999,26.0,5.0
2026_15_NO_TB,2026,16,2026-12-20,13:00,New Orleans Saints,Tampa Bay Buccaneers,Home,,,,,7,7,0,0,-7,0,Raymond James Stadium,27.9759,-82.5033,America/New_York,False,True,15,15,Sunday,-7,0,NFC South,Caesars Superdome,29.9507,-90.0813,America/Chicago,NFC South,Raymond James Stadium,27.9759,-82.5033,America/New_York,Carolina Panthers,Baltimore Ravens,Bank of America Stadium,M&T Bank Stadium,Arizona Cardinals,Atlanta Falcons,Caesars Superdome,Mercedes-Benz Stadium,478,0,-478,478,-1.0,0.0,America/New_York,America/New_York,0.0,0.0,0.0,0.0,0.0,0,-6.145,1.025,-6.145,1.025,Tampa Bay Buccaneers,7.17,Tampa Bay Buccaneers,7.17,-6.145,1.025,Tampa Bay Buccaneers,7.17,0.0,0,No,No,No,No,No,1,No,-4.37,-1.4,-4.865,-2.096,-5.4692549999999995,-0.8882450000000002,-5.4692549999999995,-0.8882450000000002,-3.736255,-3.2712449999999995,-4.233264999999999,-3.9652350000000003,Tampa Bay Buccaneers,4.581009999999999,Tampa Bay Buccaneers,4.581009999999999,-5.4692549999999995,-0.8882450000000002,Tampa Bay Buccaneers,4.581009999999999,Tampa Bay Buccaneers,2.97,Tampa Bay Buccaneers,2.769,-4.6175,-1.748,Tampa Bay Buccaneers,2.8694999999999995,Tampa Bay Buccaneers,0.46501000000000037,Tampa Bay Buccaneers,0.2680299999999991,-3.9847599999999996,-3.61824,Tampa Bay Buccaneers,0.3665199999999995,Same,Same,Same,Same,Same,Same,False,Home Team,Home Team,45.5,-196.0,164.0,Tampa Bay Buccaneers,New Orleans Saints,-3.5,3.5,-116,-104,-116,-104,-0.46501000000000037,0.46501000000000037,-0.2680299999999991,0.2680299999999991,0.3788,0.6622,0.5098,0.537,0.5098,0.537,0.3639,0.6361,0.487,0.513,0.487,0.513,0.3639,0.6361,-0.1361,0.1361,,,216,16,2026-12-20,NO @ TB,10.0,70.0,0.0,Historical Avg,False,T.Shough,B.Mayfield,-1.57,-3.0,13.6,184.86,Med-High,-11.0,8.0,49.66,49.0,13.701553835806473,32.0,68.0,0.542,0.4566,0.089,0.0958,0.458,0.542,0.612,0.388,0.551,0.4486,-123,+123,,,,,,,,No Bet,,No Bet,,No Bet,,No Bet,,No Bet,,No Bet,,No Bet,,No Bet,,No Bet,,,,,,,,,,,,,,nan,,,,,,,,,,,,,,,16,0.04226666666666667,-0.030699999999999995,Tampa Bay Buccaneers,New Orleans Saints,0,0,0,0,0,0,0,0,0,0,0,0,1,3.5,2.5,,,155.247113221085,0.7472888051943879,0.8626471407813563,0.1248527483003117,0.0001774803501490035,12.329544588728721,0.010026650241931046,7.053484162613397,0.01752666177216911,0.10138020949010794,0.002164825509456274,0.07941883319382828,0.045433915106483425,6.458509941922237e-05,0.00011289525072978113,0.045546810357213204,0.027553312014100155,19.383028751342117,0.1248527483003117,0.0001774803501490035,26.0,5.0
2026_15_IND_TEN,2026,16,2026-12-20,13:00,Indianapolis Colts,Tennessee Titans,Home,,,,,7,7,0,0,-6,5,Nissan Stadium,36.1664,-86.7716,America/Chicago,False,True,15,15,Sunday,-6,5,AFC South,Lucas Oil Stadium,39.7601,-86.1638,America/Indiana/Indianapolis,AFC South,Nissan Stadium,36.1664,-86.7716,America/Chicago,Philadelphia Eagles,Detroit Lions,Lincoln Financial Field,Ford Field,Cincinnati Bengals,Las Vegas Raiders,Lucas Oil Stadium,Allegiant Stadium,250,0,-250,250,1.0,0.0,America/New_York,America/Detroit,1.0,1.0,1.0,0.0,1.0,0,-2.265,-4.36,-2.265,-4.36,Indianapolis Colts,2.095,Indianapolis Colts,2.095,-2.265,-4.36,Indianapolis Colts,2.095,0.0,0,No,No,No,No,No,1,No,0.93,-8.19,0.288,-8.36,-1.8679750000000002,-5.736524999999999,-1.8679750000000002,-5.736524999999999,1.256775,-9.496275,0.6194949999999999,-9.670995,Indianapolis Colts,3.868549999999999,Indianapolis Colts,3.868549999999999,-1.8679750000000002,-5.736524999999999,Indianapolis Colts,3.868549999999999,Indianapolis Colts,9.12,Indianapolis Colts,8.648,0.609,-8.274999999999999,Indianapolis Colts,8.883999999999999,Indianapolis Colts,10.75305,Indianapolis Colts,10.29049,0.9381349999999999,-9.583635000000001,Indianapolis Colts,10.52177,Same,Same,Same,Same,Same,Same,False,Away Team,Away Team,47.5,105.0,-125.0,Indianapolis Colts,Tennessee Titans,1.5,-1.5,406,-567,389,-538,10.75305,-10.75305,10.29049,-10.29049,0.5556,0.4878,0.8501,0.1976,0.8433,0.2045,0.5325,0.4675,0.8114,0.1886,0.8048,0.1952,0.5325,0.4675,0.0325,-0.0325,,,217,16,2026-12-20,IND @ TEN,10.0,45.0,0.0,Historical Avg,False,D.Jones,C.Ward,15.77,16.0,13.71,187.98,Med-High,7.0,25.0,54.83,54.0,13.401307027525682,38.0,72.10000000000036,0.1232,0.876,0.0554,0.0458,0.1346,0.8654,0.6922,0.3078,0.2436,0.7562,+311,-310,,,,,,,,No Bet,,No Bet,,No Bet,,No Bet,,No Bet,,No Bet,,No Bet,,No Bet,,No Bet,,,,,,,,,,,,,,nan,,,,,,,,,,,,,,,16,0.019266666666666668,-0.09096666666666665,Indianapolis Colts,Tennessee Titans,0,0,0,0,0,0,0,0,0,0,0,0,1,3.0,2.0,,,155.247113221085,0.9584479875762355,0.6258641014890213,0.0036704220776855047,0.003056024070555995,0.2663919868962384,0.2526387221778427,0.30343044496737315,0.22180019271012488,0.005505960416494616,0.00874516568296288,0.0017159223213179735,0.0019544997563675313,0.0016273328175710673,0.0014286912529849279,0.003383191009352459,0.4744389148879676,0.5698224318636116,0.0036704220776855047,0.003056024070555995,26.0,5.0
2026_15_ATL_WAS,2026,16,2026-12-20,13:00,Atlanta Falcons,Washington Commanders,Home,,,,,7,7,0,0,7,9,FedExField,38.9077,-76.8645,America/New_York,False,True,15,15,Sunday,7,9,NFC South,Mercedes-Benz Stadium,33.7489,-84.388,America/New_York,NFC East,FedExField,38.9077,-76.8645,America/New_York,Cleveland Browns,Houston Texans,FirstEnergy Stadium,FedExField,Tampa Bay Buccaneers,Minnesota Vikings,Mercedes-Benz Stadium,U.S. Bank Stadium,549,0,-549,549,0.0,0.0,America/New_York,America/New_York,0.0,0.0,0.0,0.0,0.0,0,-0.71,1.45,-0.71,1.45,Washington Commanders,2.16,Washington Commanders,2.16,-0.71,1.45,Washington Commanders,2.16,0.0,0,No,No,No,No,No,0,No,-0.79,-5.43,-0.101,-1.427,0.334,1.347,0.334,1.347,0.25399999999999995,-5.5329999999999995,0.943,-1.5300000000000002,Washington Commanders,1.013,Washington Commanders,1.013,0.334,1.347,Washington Commanders,1.013,Atlanta Falcons,4.64,Atlanta Falcons,1.326,-0.4455,-3.4284999999999997,Atlanta Falcons,2.9829999999999997,Atlanta Falcons,5.786999999999999,Atlanta Falcons,2.4730000000000003,0.5984999999999999,-3.5315,Atlanta Falcons,4.13,Different,Different,Different,Different,Same,Same,False,Away Team,Away Team,46.5,-179.0,150.0,Washington Commanders,Atlanta Falcons,-3.5,3.5,208,-261,117,-142,5.786999999999999,-5.786999999999999,2.4730000000000003,-2.4730000000000003,0.4,0.6416,0.723,0.3247,0.5868,0.4608,0.384,0.616,0.6901,0.3099,0.5601,0.4399,0.384,0.616,-0.116,0.116,,,218,16,2026-12-20,ATL @ WAS,12.0,42.0,0.0,Historical Avg,False,M.Penix,J.Daniels,5.02,6.0,13.28,176.39,Medium,-5.0,14.0,49.06,49.0,13.303647817386397,33.0,66.0,0.3438,0.6552,0.0846,0.0856,0.2732,0.7268,0.5666,0.4334,0.4274,0.5724,+134,-134,,,,,,,,No Bet,,No Bet,,No Bet,,No Bet,,No Bet,,No Bet,,No Bet,,No Bet,,No Bet,,,,,,,,,,,,,,nan,,,,,,,,,,,,,,,16,-0.019266666666666668,-0.06946666666666666,Washington Commanders,Atlanta Falcons,0,0,0,0,0,0,0,0,0,0,0,0,0,2.5,2.0,,,155.247113221085,0.7758242827323673,0.994122508802358,0.0970392149318421,0.0006314356119731956,9.280075720243877,0.03764296548242987,5.784982267165014,0.060385590461397916,0.0927816901232371,0.0024370278804789107,0.059776156398014736,0.037263058533827366,0.0002424712749977071,0.0003889643369754885,0.037652022870802854,0.09802855594382778,15.065057987408892,0.0970392149318421,0.0006314356119731956,26.0,5.0
2026_15_NYJ_ARI,2026,16,2026-12-20,16:05,New York Jets,Arizona Cardinals,Home,,,,,7,14,-7,7,-10,1,State Farm Stadium,33.5277,-112.262608,America/Denver,False,False,15,15,Sunday,-10,1,AFC East,MetLife Stadium,40.8136,-74.0744,America/New_York,NFC West,State Farm Stadium,33.5277,-112.262608,America/Denver,Denver Broncos,Philadelphia Eagles,MetLife Stadium,State Farm Stadium,New England Patriots,New Orleans Saints,MetLife Stadium,Caesars Superdome,2142,0,-2142,2142,2.0,0.0,America/New_York,America/Denver,2.0,0.0,2.0,0.0,2.0,0,-3.725,0.075,-3.725,0.075,Arizona Cardinals,3.8000000000000003,Arizona Cardinals,3.8000000000000003,-3.725,0.075,Arizona Cardinals,3.8000000000000003,-0.15,0,No,No,No,No,No,0,No,-9.26,-4.4,-6.95,-3.837,-5.642,-0.26749999999999996,-5.642,-0.26749999999999996,-11.177,-4.742500000000001,-8.867,-4.179500000000001,Arizona Cardinals,5.3745,Arizona Cardinals,5.3745,-5.642,-0.26749999999999996,Arizona Cardinals,5.3745,Arizona Cardinals,4.859999999999999,Arizona Cardinals,3.113,-8.105,-4.1185,Arizona Cardinals,3.9865000000000004,Arizona Cardinals,6.434499999999999,Arizona Cardinals,4.6875,-10.022,-4.461,Arizona Cardinals,5.561,Same,Same,Same,Same,Same,Same,False,Home Team,Home Team,41.5,-110.0,-110.0,New York Jets,Arizona Cardinals,1.5,-1.5,-282,224,-224,181,-6.434499999999999,6.434499999999999,-4.6875,4.6875,0.5238,0.5238,0.3086,0.7382,0.3559,0.6914,0.5,0.5,0.2948,0.7052,0.3398,0.6602,0.5,0.5,0.0,0.0,,,219,16,2026-12-20,NYJ @ ARI,0.0,70.0,0.0,Dome,True,G.Smith,J.Brissett,-4.63,-5.0,12.88,165.82,Med-Low,-13.0,5.0,46.27,46.0,12.995234726049278,30.0,63.100000000000364,0.6468,0.3526,0.0924,0.085,0.664,0.336,0.634,0.366,0.628,0.3718,-169,+169,,,,,,,,No Bet,,No Bet,,No Bet,,No Bet,,No Bet,,No Bet,,No Bet,,No Bet,,No Bet,,,,,,,,,,,,,,nan,,,,,,,,,,,,,,,16,-0.2064,-0.16673333333333332,New York Jets,Arizona Cardinals,0,0,0,0,0,0,0,0,0,0,0,0,0,0.5,1.0,,,155.247113221085,0.9994692282643312,0.9356888096691753,0.004427238375793884,0.00447091495047843,0.34365798869180275,0.34704831975938316,0.34365798869180275,0.34704831975938316,0.011035235493754429,0.00912801375296358,0.002213619187896942,0.002213619187896942,0.002235457475239215,0.002235457475239215,0.004449076663136157,0.6940966395187663,0.6873159773836055,0.004427238375793884,0.00447091495047843,26.0,5.0
2026_15_DAL_LA,2026,16,2026-12-20,16:25,Dallas Cowboys,Los Angeles Rams,Home,,,,,13,7,6,-6,11,-7,SoFi Stadium,33.9535,-118.3395,America/Los_Angeles,False,False,15,15,Sunday,11,-7,NFC East,AT&T Stadium,32.7369,-97.0826,America/Chicago,NFC West,SoFi Stadium,33.9535,-118.3395,America/Los_Angeles,Seattle Seahawks,San Francisco 49ers,Lumen Field,Levi's Stadium,Jacksonville Jaguars,Seattle Seahawks,AT&T Stadium,Lumen Field,1227,0,-1227,1227,2.0,0.0,America/Los_Angeles,America/Los_Angeles,0.0,0.0,0.0,0.0,0.0,0,-0.615,1.29,-0.615,1.29,Los Angeles Rams,1.905,Los Angeles Rams,1.905,-0.615,1.29,Los Angeles Rams,1.905,0.0,0,No,No,No,No,No,0,No,-1.01,8.12,-3.616,7.087,0.395,-0.22199999999999992,0.395,-0.22199999999999992,-8.673617379884035e-18,6.608,-2.6060000000000008,5.575,Dallas Cowboys,0.617,Dallas Cowboys,0.617,0.395,-0.22199999999999992,Dallas Cowboys,0.617,Los Angeles Rams,9.129999999999999,Los Angeles Rams,10.703,-2.313,7.6034999999999995,Los Angeles Rams,9.9165,Los Angeles Rams,6.608,Los Angeles Rams,8.181000000000001,-1.3030000000000004,6.0915,Los Angeles Rams,7.394500000000001,Different,Different,Different,Different,Same,Same,False,Home Team,Home Team,52.5,-244.0,200.0,Los Angeles Rams,Dallas Cowboys,-6.0,6.0,-282,224,-366,282,-6.608,6.608,-8.181000000000001,8.181000000000001,0.3333,0.7093,0.3086,0.7382,0.2618,0.7854,0.3197,0.6803,0.2948,0.7052,0.25,0.75,0.3197,0.6803,-0.1803,0.1803,,,220,16,2026-12-20,DAL @ LA,0.0,70.0,0.0,Dome,True,D.Prescott,M.Stafford,-12.01,-12.0,13.03,169.67,Med-Low,-20.0,-4.0,64.7,64.0,14.228652658326236,47.0,83.0,0.823,0.1766,0.067,0.0688,0.68,0.292,0.8082,0.1918,0.7396,0.2603,-284,+284,,,,,,,,No Bet,,No Bet,,No Bet,,No Bet,,No Bet,,No Bet,,No Bet,,No Bet,,No Bet,,,,,,,,,,,,,,nan,,,,,,,,,,,,,,,16,0.09199999999999998,0.07613333333333333,Los Angeles Rams,Dallas Cowboys,0,0,0,0,0,0,0,0,0,0,0,0,0,4.0,3.5,,,155.247113221085,0.0,0.21721960629357565,0.0,9.636968761715656e-05,0.0,0.00478306872272464,0.0,0.010178047081856654,0.04136203908009852,0.001798105587332184,0.0,0.0,3.080938913120495e-05,6.55602984859516e-05,6.55602984859516e-05,0.014961115804581296,0.0,0.0,9.636968761715656e-05,26.0,5.0
2026_15_DEN_LV,2026,16,2026-12-20,16:25,Denver Broncos,Las Vegas Raiders,Home,,,,,7,7,0,0,2,-13,Allegiant Stadium,36.108,-115.1578,America/Los_Angeles,False,True,15,15,Sunday,2,-13,AFC West,Empower Field at Mile High,39.7648,-105.0076,America/Denver,AFC West,Allegiant Stadium,36.108,-115.1578,America/Los_Angeles,New York Jets,Los Angeles Chargers,MetLife Stadium,Allegiant Stadium,Buffalo Bills,Tennessee Titans,Empower Field at Mile High,Allegiant Stadium,607,0,-607,607,1.0,0.0,America/New_York,America/Los_Angeles,3.0,0.0,1.0,0.0,1.0,0,2.05,-2.35,2.05,-2.35,Denver Broncos,4.4,Denver Broncos,4.4,2.05,-2.35,Denver Broncos,4.4,0.0,0,No,No,No,No,No,1,No,-0.48,-8.15,3.499,-7.588,2.7477300000000002,-2.9137299999999997,2.7477300000000002,-2.9137299999999997,0.18503000000000008,-8.681030000000002,4.12986,-8.08486,Denver Broncos,5.66146,Denver Broncos,5.66146,2.7477300000000002,-2.9137299999999997,Denver Broncos,5.66146,Denver Broncos,7.67,Denver Broncos,11.087,1.5095,-7.869,Denver Broncos,9.378499999999999,Denver Broncos,8.866060000000001,Denver Broncos,12.21472,2.157445,-8.382945000000001,Denver Broncos,10.540390000000002,Same,Same,Same,Same,Same,Same,False,Away Team,Away Team,41.5,170.0,-204.0,Denver Broncos,Las Vegas Raiders,4.5,-4.5,314,-416,458,-660,8.866060000000001,-8.866060000000001,12.21472,-12.21472,0.6711,0.3704,0.8062,0.2415,0.8684,0.1792,0.6444,0.3556,0.7695,0.2305,0.8289,0.1711,0.6444,0.3556,0.1444,-0.1444,,,221,16,2026-12-20,DEN @ LV,0.0,70.0,0.0,Dome,True,B.Nix,K.Cousins,10.75,11.0,12.27,150.61,Low,3.0,19.0,38.67,38.0,11.967671286896472,23.0,54.0,0.1898,0.8086,0.0712,0.07,0.2838,0.7162,0.3932,0.6068,0.2368,0.7628,+322,-322,,,,,,,,No Bet,,No Bet,,No Bet,,No Bet,,No Bet,,No Bet,,No Bet,,No Bet,,No Bet,,,,,,,,,,,,,,nan,,,,,,,,,,,,,,,16,-0.02333333333333333,-0.06373333333333335,Denver Broncos,Las Vegas Raiders,0,0,0,0,0,0,1,0,0,0,1,0,1,2.5,2.0,,,155.247113221085,0.9449746491840759,0.015445390035752663,4.150181375941687e-05,0.015445390035752663,0.002291143878821697,1.5451759677483063,0.004151892900766876,0.8526762478760053,0.0023043856878187568,0.044948479057498124,1.475804497284864e-05,2.6743768786568228e-05,0.009953009339039016,0.005492380696713647,0.005519124465500215,2.3978522156243116,0.0064430367795885735,4.150181375941687e-05,0.015445390035752663,26.0,5.0
2026_15_DET_MIN,2026,16,2026-12-20,20:20,Detroit Lions,Minnesota Vikings,Home,,,,,7,10,-3,3,3,4,U.S. Bank Stadium,44.9738,-93.2575,America/Chicago,False,False,15,15,Sunday,3,4,NFC North,Ford Field,42.3395,-83.045,America/Detroit,NFC North,U.S. Bank Stadium,44.9738,-93.2575,America/Chicago,Tennessee Titans,New England Patriots,Ford Field,Gillette Stadium,New York Giants,Washington Commanders,Ford Field,U.S. Bank Stadium,541,0,-541,541,1.0,0.0,America/Detroit,America/New_York,1.0,1.0,1.0,0.0,1.0,0,4.305,0.27,4.305,0.27,Detroit Lions,4.035,Detroit Lions,4.035,4.305,0.27,Detroit Lions,4.035,0.0,0,No,No,No,No,No,1,No,3.98,-0.75,3.658,2.721,5.08046,-0.6564599999999998,5.08046,-0.6564599999999998,4.74851,-1.6695099999999998,4.46444,1.7635600000000005,Detroit Lions,5.7369200000000005,Detroit Lions,5.7369200000000005,5.08046,-0.6564599999999998,Detroit Lions,5.7369200000000005,Detroit Lions,4.73,Detroit Lions,0.9369999999999998,3.819,0.9855,Detroit Lions,2.8335,Detroit Lions,6.418019999999999,Detroit Lions,2.7008799999999993,4.606475,0.04702500000000032,Detroit Lions,4.559449999999999,Same,Same,Same,Same,Same,Same,False,Away Team,Away Team,46.5,105.0,-125.0,Detroit Lions,Minnesota Vikings,1.5,-1.5,224,-282,117,-142,6.418019999999999,-6.418019999999999,2.7008799999999993,-2.7008799999999993,0.5556,0.4878,0.7382,0.3086,0.5868,0.4608,0.5325,0.4675,0.7052,0.2948,0.5601,0.4399,0.5325,0.4675,0.0325,-0.0325,,,222,16,2026-12-20,DET @ MIN,0.0,70.0,0.0,Dome,True,J.Goff,K.Murray,-1.55,-3.0,13.51,182.65,Med-High,-11.0,8.0,52.89,53.0,13.529859081947434,36.0,71.0,0.5458,0.4534,0.0926,0.084,0.5672,0.4328,0.673,0.327,0.437,0.5628,+129,-129,,,,,,,,No Bet,,No Bet,,No Bet,,No Bet,,No Bet,,No Bet,,No Bet,,No Bet,,No Bet,,,,,,,,,,,,,,nan,,,,,,,,,,,,,,,16,0.0223,0.0688,Detroit Lions,Minnesota Vikings,0,0,0,0,0,0,0,0,0,0,0,0,1,3.0,3.5,,,155.247113221085,0.509576970935101,0.01472216022055934,0.00026508728331550875,0.0007376570276571788,0.01923951158986985,0.06098143357846978,0.021914523896482768,0.05353769051255328,0.00443716674316404,0.005114928947601447,0.00012392830495000035,0.0001411589783655084,0.0003928023672274477,0.0003448546604297311,0.0004860136387952395,0.11451912409102306,0.04115403548635262,0.00026508728331550875,0.0007376570276571788,26.0,5.0
2026_15_NE_KC,2026,16,2026-12-21,20:15,New England Patriots,Kansas City Chiefs,Home,,,,,11,8,3,-3,11,2,GEHA Field at Arrowhead Stadium,39.0489,-94.4839,America/Chicago,False,False,15,15,Monday,11,2,AFC East,Gillette Stadium,42.0628,-71.2687,America/New_York,AFC West,GEHA Field at Arrowhead Stadium,39.0489,-94.4839,America/Chicago,Minnesota Vikings,Cincinnati Bengals,Gillette Stadium,Paycor Stadium,New York Jets,San Francisco 49ers,MetLife Stadium,GEHA Field at Arrowhead Stadium,1232,0,-1232,1232,1.0,0.0,America/New_York,America/New_York,1.0,1.0,1.0,0.0,1.0,0,-1.995,4.395,-1.995,4.395,Kansas City Chiefs,6.39,Kansas City Chiefs,6.39,-1.995,4.395,Kansas City Chiefs,6.39,0.0,0,No,No,No,No,No,0,No,5.09,-2.17,4.222,0.625,-1.1355000000000002,2.0814999999999997,-1.1355000000000002,2.0814999999999997,5.9495,-4.483499999999999,5.0815,-1.6885,Kansas City Chiefs,3.2169999999999996,Kansas City Chiefs,3.2169999999999996,-1.1355000000000002,2.0814999999999997,Kansas City Chiefs,3.2169999999999996,New England Patriots,7.26,New England Patriots,3.5970000000000004,4.656000000000001,-0.7725,New England Patriots,5.4285000000000005,New England Patriots,10.433,New England Patriots,6.77,5.515499999999999,-3.0859999999999994,New England Patriots,8.601499999999998,Different,Different,Different,Different,Same,Same,False,Away Team,Away Team,45.5,-143.0,120.0,Kansas City Chiefs,New England Patriots,-2.5,2.5,389,-538,249,-319,10.433,-10.433,6.77,-6.77,0.4545,0.5885,0.8433,0.2045,0.7613,0.2865,0.4358,0.5642,0.8048,0.1952,0.7266,0.2734,0.4358,0.5642,-0.0642,0.0642,,,223,16,2026-12-21,NE @ KC,10.0,60.0,0.0,Historical Avg,False,D.Maye,P.Mahomes,5.52,6.0,12.84,164.94,Med-Low,-4.0,14.0,46.75,47.0,13.23399050403665,30.0,64.0,0.3294,0.6698,0.087,0.0872,0.2964,0.7036,0.5292,0.4708,0.3406,0.6592,+194,-193,,,,,,,,No Bet,,No Bet,,No Bet,,No Bet,,No Bet,,No Bet,,No Bet,,No Bet,,No Bet,,,,,,,,,,,,,,nan,,,,,,,,,,,,,,,16,0.19276666666666667,0.1089,Kansas City Chiefs,New England Patriots,0,0,0,0,0,0,0,0,0,0,0,0,0,5.0,4.0,,,155.247113221085,0.0630823622115601,0.21696357960566187,0.001134004913311879,7.252117598837983e-05,0.09932796808982455,0.004906542863099167,0.07672302108037138,0.006352160356495066,0.0077364005107236145,0.0013940012444632426,0.0006398055720905621,0.0004941993412213168,3.160472849573593e-05,4.09164474926439e-05,0.0005351157887139606,0.011258703219594234,0.17605098917019593,0.001134004913311879,7.252117598837983e-05,26.0,5.0
2026_16_HOU_PHI,2026,17,2026-12-24,20:15,Houston Texans,Philadelphia Eagles,Home,,,,,4,5,-1,1,8,-18,Lincoln Financial Field,39.9008,-75.1675,America/New_York,False,False,Christmas,16,Thursday,8,-18,AFC South,NRG Stadium,29.6847,-95.4093,America/Chicago,NFC East,Lincoln Financial Field,39.9008,-75.1675,America/New_York,Jacksonville Jaguars,Seattle Seahawks,NRG Stadium,Lincoln Financial Field,Green Bay Packers,San Francisco 49ers,Lambeau Field,Levi's Stadium,1342,0,-1342,1342,-1.0,0.0,America/Chicago,America/New_York,-1.0,0.0,-1.0,0.0,-1.0,0,0.035,4.905,0.035,4.905,Philadelphia Eagles,4.87,Philadelphia Eagles,4.87,0.035,4.905,Philadelphia Eagles,4.87,0.0,0,No,No,No,No,Yes,0,No,2.96,5.52,5.008,3.682,0.47850000000000004,5.452,0.47850000000000004,5.452,3.4034999999999997,6.066999999999999,5.4515,4.229,Philadelphia Eagles,4.9735,Philadelphia Eagles,4.9735,0.47850000000000004,5.452,Philadelphia Eagles,4.9735,Philadelphia Eagles,2.5599999999999996,Houston Texans,1.326,3.984,4.601,Philadelphia Eagles,0.617,Philadelphia Eagles,2.6634999999999995,Houston Texans,1.2225000000000001,4.4275,5.148,Philadelphia Eagles,0.7204999999999995,Same,Different,Same,Different,Same,Same,True,Home Team,Away Team,38.0,-133.0,113.0,Philadelphia Eagles,Houston Texans,-2.5,2.5,-142,117,101,-122,-2.6634999999999995,2.6634999999999995,1.2225000000000001,-1.2225000000000001,0.4695,0.5708,0.4608,0.5868,0.5495,0.4975,0.4513,0.5487,0.4399,0.5601,0.5248,0.4752,0.4513,0.5487,-0.0487,0.0487,,,224,17,2026-12-24,HOU @ PHI,15.0,40.0,0.0,Historical Avg,False,C.Stroud,J.Hurts,-3.24,-4.0,13.3,176.96,Medium,-13.0,6.0,41.32,40.0,12.595591680661817,26.0,58.0,0.5958,0.4032,0.1004,0.084,0.5646,0.4354,0.5744,0.4084,0.545,0.4548,-120,+120,,,,,,,,No Bet,,No Bet,,No Bet,,No Bet,,No Bet,,No Bet,,No Bet,,No Bet,,No Bet,,,,,,,,,,,,,,nan,,,,,,,,,,,,,,,17,0.08145,0.02495,Philadelphia Eagles,Houston Texans,0,0,0,0,0,1,1,0,0,0,0,0,0,1.5,0.5,,,111.4519442663145,0.14068742076143986,0.6877860979355193,0.14068742076143986,0.306797567654018,8.603553765170565,15.43138457608199,7.076332812504968,18.761800835134476,0.2592256468742478,0.05874294094039342,0.07719518777180205,0.06349223298963781,0.13845774228225832,0.16833982537175968,0.23183205836139748,34.19318541121647,15.679886577675532,0.14068742076143986,0.2742517874505437,21.0,5.0
2026_16_GB_CHI,2026,17,2026-12-25,13:00,Green Bay Packers,Chicago Bears,Home,,,,,5,6,-1,1,0,12,Soldier Field,41.8623,-87.6167,America/Chicago,False,False,Christmas,16,Friday,0,12,NFC North,Lambeau Field,44.5013,-88.0622,America/Chicago,NFC North,Soldier Field,41.8623,-87.6167,America/Chicago,Miami Dolphins,Buffalo Bills,Lambeau Field,Highmark Stadium,Houston Texans,Detroit Lions,Lambeau Field,Soldier Field,184,0,-184,184,0.0,0.0,America/Chicago,America/New_York,0.0,1.0,0.0,0.0,0.0,0,3.535,-1.575,3.535,-1.575,Green Bay Packers,5.11,Green Bay Packers,5.11,3.535,-1.575,Green Bay Packers,5.11,0.0,0,No,No,No,No,Yes,1,No,5.09,0.9,2.933,1.647,3.08218,-0.6731799999999999,3.08218,-0.6731799999999999,4.64638,1.79262,2.51842,2.51058,Green Bay Packers,3.75536,Green Bay Packers,3.75536,3.08218,-0.6731799999999999,Green Bay Packers,3.75536,Green Bay Packers,4.1899999999999995,Green Bay Packers,1.2859999999999998,4.0115,1.2735,Green Bay Packers,2.7379999999999995,Green Bay Packers,2.8537599999999994,Green Bay Packers,0.007839999999999847,3.5824,2.1516,Green Bay Packers,1.4307999999999996,Same,Same,Same,Same,Same,Same,False,Away Team,Away Team,47.5,-118.0,-101.0,Chicago Bears,Green Bay Packers,-1.5,1.5,135,-164,-110,-110,2.8537599999999994,-2.8537599999999994,0.007839999999999847,-0.007839999999999847,0.5025,0.5413,0.6212,0.4255,0.5238,0.5238,0.4814,0.5186,0.5935,0.4065,0.5,0.5,0.4814,0.5186,-0.0186,0.0186,,,225,17,2026-12-25,GB @ CHI,18.0,32.0,0.0,Historical Avg,False,J.Love,C.Williams,7.86,8.0,12.97,168.14,Med-Low,-2.0,17.0,42.65,42.0,13.194995248954204,26.0,60.0,0.2702,0.7288,0.0784,0.087,0.2528,0.7472,0.329,0.671,0.4238,0.5759,+136,-136,,,,,,,,No Bet,,No Bet,,No Bet,,No Bet,,No Bet,,No Bet,,No Bet,,No Bet,,No Bet,,,,,,,,,,,,,,nan,,,,,,,,,,,,,,,17,0.0514,-0.0031999999999999997,Chicago Bears,Green Bay Packers,0,0,0,0,0,1,1,0,0,0,0,0,1,1.0,0.0,,,111.4519442663145,0.32932814620690226,0.0,0.32932814620690226,0.0,19.034830375042844,0.0,17.669431821337497,0.0,0.23651508795200735,0.08940335929373042,0.1707895766228995,0.15853856958400275,0.0,0.0,0.15853856958400275,0.0,36.70426219638034,0.32932814620690226,0.0,21.0,5.0
2026_16_BUF_DEN,2026,17,2026-12-25,16:30,Buffalo Bills,Denver Broncos,Home,,,,,6,5,1,-1,12,1,Empower Field at Mile High,39.7648,-105.0076,America/Denver,False,False,Christmas,16,Friday,12,1,AFC East,Highmark Stadium,42.7725,-78.7877,America/New_York,AFC West,Empower Field at Mile High,39.7648,-105.0076,America/Denver,Chicago Bears,Las Vegas Raiders,Highmark Stadium,Allegiant Stadium,Miami Dolphins,New England Patriots,Hard Rock Stadium,Gillette Stadium,1371,0,-1371,1371,2.0,0.0,America/New_York,America/Los_Angeles,2.0,-1.0,2.0,0.0,2.0,0,4.795,2.05,4.795,2.05,Buffalo Bills,2.745,Buffalo Bills,2.745,4.795,2.05,Buffalo Bills,2.745,-0.15,0,No,No,No,No,No,0,Yes,6.16,-0.48,3.416,3.499,5.8725000000000005,1.4195,5.8725000000000005,1.4195,7.237500000000001,-1.1105,4.4935,2.8685,Buffalo Bills,4.453,Buffalo Bills,4.453,5.8725000000000005,1.4195,Buffalo Bills,4.453,Buffalo Bills,6.640000000000001,Denver Broncos,0.08300000000000018,4.788,1.5095,Buffalo Bills,3.2785,Buffalo Bills,8.348,Buffalo Bills,1.625,5.865500000000001,0.879,Buffalo Bills,4.986500000000001,Same,Different,Same,Same,Same,Different,False,Away Team,Away Team,46.5,111.0,-131.0,Buffalo Bills,Denver Broncos,1.5,-1.5,302,-397,105,-128,8.348,-8.348,1.625,-1.625,0.5671,0.4739,0.7988,0.2488,0.5614,0.4878,0.5447,0.4553,0.7625,0.2375,0.5351,0.4649,0.5447,0.4553,0.0447,-0.0447,,,226,17,2026-12-25,BUF @ DEN,12.0,35.0,0.0,Historical Avg,False,J.Allen,B.Nix,3.32,4.0,13.78,189.89,Med-High,-7.0,13.0,47.08,46.0,13.262404941675072,30.0,65.0,0.3992,0.5992,0.0936,0.0844,0.4212,0.5788,0.4998,0.5002,0.3892,0.6104,+157,-157,,,,,,,,No Bet,,No Bet,,No Bet,,No Bet,,No Bet,,No Bet,,No Bet,,No Bet,,No Bet,,,,,,,,,,,,,,nan,,,,,,,,,,,,,,,17,0.2742,-0.01265,Buffalo Bills,Denver Broncos,0,0,0,0,1,0,0,1,0,0,0,0,0,5.0,0.0,,,111.4519442663145,0.0015813342947769266,0.23893465462236024,0.0015813342947769266,0.20096044969094085,0.0802433385024962,12.199881667233482,0.09599944318539355,10.197551171454755,0.03362148968702571,0.12565070606809062,0.0007199815044119346,0.000861352790364992,0.10946315694665547,0.09149729274428538,0.09235864553465037,22.39743283868824,0.17624278168788976,0.0015813342947769266,0.19771651968027493,21.0,5.0
2026_16_LA_SEA,2026,17,2026-12-25,20:15,Los Angeles Rams,Seattle Seahawks,Home,,,,,5,6,-1,1,-8,7,Lumen Field,47.5952,-122.3316,America/Los_Angeles,False,False,Christmas,16,Friday,-8,7,NFC West,SoFi Stadium,33.9535,-118.3395,America/Los_Angeles,NFC West,Lumen Field,47.5952,-122.3316,America/Los_Angeles,Dallas Cowboys,Philadelphia Eagles,SoFi Stadium,Lincoln Financial Field,Tampa Bay Buccaneers,Carolina Panthers,Raymond James Stadium,Bank of America Stadium,964,0,-964,964,0.0,0.0,America/Los_Angeles,America/New_York,0.0,3.0,0.0,0.0,0.0,0,1.29,-0.13,1.29,-0.13,Los Angeles Rams,1.42,Los Angeles Rams,1.42,1.29,-0.13,Los Angeles Rams,1.42,0.0,0,No,No,No,No,Yes,1,No,8.12,10.42,7.087,10.022,1.4654599999999998,0.33454000000000006,1.4654599999999998,0.33454000000000006,8.33266,10.847339999999999,7.306009999999999,10.44299,Los Angeles Rams,1.1309199999999997,Los Angeles Rams,1.1309199999999997,1.4654599999999998,0.33454000000000006,Los Angeles Rams,1.1309199999999997,Seattle Seahawks,2.3000000000000007,Seattle Seahawks,2.9350000000000005,7.6034999999999995,10.221,Seattle Seahawks,2.6175000000000006,Seattle Seahawks,2.5146799999999985,Seattle Seahawks,3.136980000000001,7.819335,10.645164999999999,Seattle Seahawks,2.825829999999999,Different,Different,Different,Different,Same,Same,False,Home Team,Home Team,46.5,-113.0,-103.0,Pick Em,Pick Em,0.0,0.0,-142,117,-164,135,-2.5146799999999985,2.5146799999999985,-3.136980000000001,3.136980000000001,0.5074,0.5305,0.4608,0.5868,0.4255,0.6212,0.4889,0.5111,0.4399,0.5601,0.4065,0.5935,0.4889,0.5111,-0.0111,0.0111,,,227,17,2026-12-25,LA @ SEA,12.0,42.0,0.0,Historical Avg,False,M.Stafford,S.Darnold,-0.44,-1.0,12.93,167.28,Med-Low,-9.0,8.0,54.02,53.0,14.181780838158103,36.0,73.0,0.5096,0.4894,0.108,0.0914,0.5096,0.4894,0.697,0.303,0.5436,0.4562,-119,+119,,,,,,,,No Bet,,No Bet,,No Bet,,No Bet,,No Bet,,No Bet,,No Bet,,No Bet,,No Bet,,,,,,,,,,,,,,nan,,,,,,,,,,,,,,,17,0.11975,0.048949999999999994,Pick Em,Seattle Seahawks,0,0,0,0,0,0,0,1,0,0,0,0,1,2.5,1.0,,,111.4519442663145,0.020645081391922095,0.0,0.020645081391922095,0.0,1.1760076028464068,0.0,1.124926857819621,0.0,0.1106006280235921,0.08624014116091244,0.010551701099411382,0.010093380292510713,0.0,0.0,0.010093380292510713,0.0,2.300934460666028,0.020645081391922095,0.0,21.0,5.0
2026_16_TB_ATL,2026,18,2026-12-27,13:00,Tampa Bay Buccaneers,Atlanta Falcons,Home,,,,,7,7,0,0,0,7,Mercedes-Benz Stadium,33.7489,-84.388,America/New_York,False,False,16,16,Sunday,0,7,NFC South,Raymond James Stadium,27.9759,-82.5033,America/New_York,NFC South,Mercedes-Benz Stadium,33.7489,-84.388,America/New_York,New Orleans Saints,Washington Commanders,Raymond James Stadium,FedExField,Los Angeles Rams,New Orleans Saints,Raymond James Stadium,Mercedes-Benz Stadium,414,0,-414,414,0.0,0.0,America/New_York,America/New_York,0.0,0.0,0.0,0.0,0.0,0,1.025,-0.71,1.025,-0.71,Tampa Bay Buccaneers,1.7349999999999999,Tampa Bay Buccaneers,1.7349999999999999,1.025,-0.71,Tampa Bay Buccaneers,1.7349999999999999,0.0,0,No,No,No,No,No,1,No,-1.4,-0.79,-2.096,-0.101,2.852045,-1.0145449999999998,2.852045,-1.0145449999999998,0.45049500000000015,-1.1179949999999999,-0.23165500000000003,-0.44284499999999993,Tampa Bay Buccaneers,3.8665899999999995,Tampa Bay Buccaneers,3.8665899999999995,2.852045,-1.0145449999999998,Tampa Bay Buccaneers,3.8665899999999995,Atlanta Falcons,0.6099999999999999,Atlanta Falcons,1.995,-1.748,-0.4455,Atlanta Falcons,1.3025,Tampa Bay Buccaneers,1.56849,Tampa Bay Buccaneers,0.2111899999999999,0.10942000000000006,-0.7804199999999999,Tampa Bay Buccaneers,0.88984,Different,Different,Same,Same,Different,Different,False,Away Team,Away Team,45.5,105.0,-125.0,Tampa Bay Buccaneers,Atlanta Falcons,1.5,-1.5,105,-128,-110,-110,1.56849,-1.56849,0.2111899999999999,-0.2111899999999999,0.5556,0.4878,0.5614,0.4878,0.5238,0.5238,0.5325,0.4675,0.5351,0.4649,0.5,0.5,0.5325,0.4675,0.0325,-0.0325,,,228,18,2026-12-27,TB @ ATL,0.0,70.0,0.0,Dome,True,B.Mayfield,M.Penix,-5.28,-6.0,13.47,181.48,Med-High,-14.0,5.0,50.16,50.0,13.460653544266258,33.0,68.0,0.6566,0.3426,0.087,0.0904,0.6774,0.3226,0.6248,0.3752,0.5222,0.4776,-109,+109,,,,,,,,No Bet,,No Bet,,No Bet,,No Bet,,No Bet,,No Bet,,No Bet,,No Bet,,No Bet,,,,,,,,,,,,,,nan,,,,,,,,,,,,,,,18,-0.062299999999999994,-0.01265,Tampa Bay Buccaneers,Atlanta Falcons,0,0,0,0,0,0,0,0,0,0,0,0,1,2.5,3.0,,,56.525901324877786,0.9937847581625624,0.636662250674466,0.0029512799125236753,0.00970040166366567,0.07799010645238788,0.2919825019117145,0.08883365066501933,0.2563414453403315,0.008450115238301229,0.010802136379492606,0.0013797233591048184,0.001571556553418857,0.005165463885901969,0.004534937777763701,0.006106494331182558,0.548323947252046,0.1668237571174072,0.0029512799125236753,0.00970040166366567,20.0,1.0
2026_16_CLE_BAL,2026,18,2026-12-27,13:00,Cleveland Browns,Baltimore Ravens,Home,,,,,7,7,0,0,3,-6,M&T Bank Stadium,39.2789,-76.6228,America/New_York,False,True,16,16,Sunday,3,-6,AFC North,FirstEnergy Stadium,41.5061,-81.6994,America/New_York,AFC North,M&T Bank Stadium,39.2789,-76.6228,America/New_York,New York Giants,Pittsburgh Steelers,MetLife Stadium,Acrisure Stadium,Indianapolis Colts,Cincinnati Bengals,FirstEnergy Stadium,Paycor Stadium,308,0,-308,308,0.0,0.0,America/New_York,America/New_York,0.0,0.0,0.0,0.0,0.0,0,-4.705,6.69,-4.705,6.69,Baltimore Ravens,11.395,Baltimore Ravens,11.395,-4.705,6.69,Baltimore Ravens,11.395,0.0,0,No,No,No,No,No,1,No,-6.94,5.1,-7.475,2.881,-4.5859000000000005,6.448900000000001,-4.5859000000000005,6.448900000000001,-6.814450000000001,4.85245,-7.366289999999999,2.6502899999999996,Baltimore Ravens,11.0348,Baltimore Ravens,11.0348,-4.5859000000000005,6.448900000000001,Baltimore Ravens,11.0348,Baltimore Ravens,12.04,Baltimore Ravens,10.356,-7.2075,3.9905,Baltimore Ravens,11.198,Baltimore Ravens,11.666900000000002,Baltimore Ravens,10.01658,-7.09037,3.7513699999999996,Baltimore Ravens,10.84174,Same,Same,Same,Same,Same,Same,False,Home Team,Home Team,43.5,-417.0,330.0,Baltimore Ravens,Cleveland Browns,-9.75,9.75,-646,450,-483,356,-11.666900000000002,11.666900000000002,-10.01658,10.01658,0.2326,0.8066,0.1818,0.866,0.2193,0.8285,0.2238,0.7762,0.1735,0.8265,0.2093,0.7907,0.2238,0.7762,-0.2762,0.2762,,,229,18,2026-12-27,CLE @ BAL,12.0,40.0,0.0,Historical Avg,False,S.Sanders,L.Jackson,-16.88,-17.0,13.21,174.58,Medium,-25.0,-9.0,45.87,45.0,12.627924171999876,30.0,63.0,0.893,0.1064,0.0408,0.0472,0.738,0.262,0.5498,0.4502,0.8216,0.1783,-461,+461,,,,,,,,No Bet,,No Bet,,No Bet,,No Bet,,No Bet,,No Bet,,No Bet,,No Bet,,No Bet,,,,,,,,,,,,,,nan,,,,,,,,,,,,,,,18,-0.1497,0.061799999999999994,Baltimore Ravens,Cleveland Browns,0,0,0,0,0,0,0,0,0,0,0,0,1,1.5,3.5,,,56.525901324877786,0.484753407739271,0.9246279242454607,0.33222356675480913,0.007562898415697991,14.576443411803115,0.09567442157506834,4.202793140378172,0.3318252280007508,0.3256073172472357,0.0009025660427721125,0.25787193251508284,0.0743516342397263,0.0016925766654332104,0.00587032175026478,0.08022195598999107,0.42749964957581915,18.77923655218129,0.33222356675480913,0.007562898415697991,20.0,1.0
2026_16_CIN_IND,2026,18,2026-12-27,13:00,Cincinnati Bengals,Indianapolis Colts,Home,,,,,7,7,0,0,-7,-6,Lucas Oil Stadium,39.7601,-86.1638,America/Indiana/Indianapolis,False,True,16,16,Sunday,-7,-6,AFC North,Paycor Stadium,39.0955,-84.5165,America/New_York,AFC South,Lucas Oil Stadium,39.7601,-86.1638,America/Indiana/Indianapolis,Carolina Panthers,Tennessee Titans,Bank of America Stadium,Nissan Stadium,Baltimore Ravens,Cleveland Browns,Paycor Stadium,FirstEnergy Stadium,99,0,-99,99,0.0,0.0,America/New_York,America/Chicago,0.0,-1.0,0.0,0.0,0.0,0,1.31,-2.265,1.31,-2.265,Cincinnati Bengals,3.575,Cincinnati Bengals,3.575,1.31,-2.265,Cincinnati Bengals,3.575,0.0,0,No,No,No,No,No,0,No,-0.04,0.93,-0.609,0.288,-0.6285000000000001,-3.2265000000000006,-0.6285000000000001,-3.2265000000000006,-1.9785,-0.03149999999999997,-2.5475000000000003,-0.6735,Cincinnati Bengals,2.5980000000000008,Cincinnati Bengals,2.5980000000000008,-0.6285000000000001,-3.2265000000000006,Cincinnati Bengals,2.5980000000000008,Indianapolis Colts,0.9700000000000001,Indianapolis Colts,0.897,-0.3245,0.609,Indianapolis Colts,0.9335,Indianapolis Colts,1.947,Indianapolis Colts,1.8740000000000003,-2.263,-0.3525,Indianapolis Colts,1.9104999999999999,Different,Different,Different,Different,Same,Same,False,Home Team,Home Team,52.5,102.0,-122.0,Cincinnati Bengals,Indianapolis Colts,1.5,-1.5,-131,108,-131,108,-1.947,1.947,-1.8740000000000003,1.8740000000000003,0.5495,0.495,0.4808,0.5671,0.4808,0.5671,0.5261,0.4739,0.4588,0.5412,0.4588,0.5412,0.5261,0.4739,0.0261,-0.0261,,,230,18,2026-12-27,CIN @ IND,0.0,70.0,0.0,Dome,True,J.Burrow,D.Jones,-2.15,-3.0,13.59,184.62,Med-High,-11.0,7.0,59.72,59.0,14.049631385499538,42.0,78.0,0.5616,0.438,0.093,0.0868,0.5834,0.4166,0.6878,0.3122,0.5295,0.4704,-113,+113,,,,,,,,No Bet,,No Bet,,No Bet,,No Bet,,No Bet,,No Bet,,No Bet,,No Bet,,No Bet,,,,,,,,,,,,,,nan,,,,,,,,,,,,,,,18,0.1497,0.04195,Cincinnati Bengals,Indianapolis Colts,0,0,0,0,0,0,0,0,0,0,0,0,0,4.5,3.5,,,56.525901324877786,0.6235973063797842,0.4612095684332231,0.0015193330185102561,0.0015377416496549948,0.040699322599758905,0.04572978665059205,0.045182345684180544,0.041192446100960976,0.00525576164416275,0.00741695284585804,0.0007200119174720104,0.0007993211010382458,0.0008090058818834928,0.000728735767771502,0.0015280568688097477,0.08692223275155302,0.08588166828393945,0.0015193330185102561,0.0015377416496549948,20.0,1.0
2026_16_LAC_MIA,2026,18,2026-12-27,13:00,Los Angeles Chargers,Miami Dolphins,Home,,,,,10,7,3,-3,-24,-4,Hard Rock Stadium,25.9602,-80.2384,America/New_York,False,False,16,16,Sunday,-24,-4,AFC West,SoFi Stadium,33.9535,-118.3395,America/Los_Angeles,AFC East,Hard Rock Stadium,25.9602,-80.2384,America/New_York,San Francisco 49ers,Green Bay Packers,SoFi Stadium,Lambeau Field,Kansas City Chiefs,Buffalo Bills,SoFi Stadium,Hard Rock Stadium,2331,0,-2331,2331,-3.0,0.0,America/Los_Angeles,America/Chicago,-3.0,-1.0,-3.0,0.0,-3.0,0,0.935,0.66,0.935,0.66,Los Angeles Chargers,0.275,Los Angeles Chargers,0.275,0.935,0.66,Los Angeles Chargers,0.275,-0.44999999999999996,0,No,No,No,No,No,0,No,1.12,-5.46,0.527,-3.956,-0.7055000000000001,1.3895000000000002,-0.7055000000000001,1.3895000000000002,-0.5205000000000001,-4.730499999999999,-1.1135000000000002,-3.2265,Miami Dolphins,2.095,Miami Dolphins,2.095,-0.7055000000000001,1.3895000000000002,Miami Dolphins,2.095,Los Angeles Chargers,6.58,Los Angeles Chargers,4.483,0.8235000000000001,-4.708,Los Angeles Chargers,5.5315,Los Angeles Chargers,4.209999999999999,Los Angeles Chargers,2.113,-0.8170000000000002,-3.9784999999999995,Los Angeles Chargers,3.1614999999999993,Different,Different,Different,Different,Same,Same,False,Away Team,Away Team,45.5,285.0,-357.0,Los Angeles Chargers,Miami Dolphins,7.0,-7.0,171,-211,108,-131,4.209999999999999,-4.209999999999999,2.113,-2.113,0.7812,0.2597,0.6785,0.369,0.5671,0.4808,0.7505,0.2495,0.6477,0.3523,0.5412,0.4588,0.7505,0.2495,0.2505,-0.2505,,,231,18,2026-12-27,LAC @ MIA,10.0,70.0,0.0,Historical Avg,False,J.Herbert,M.Willis,11.06,12.0,14.09,198.66,High,3.0,20.0,42.43,42.0,12.473469714932806,27.0,59.0,0.2142,0.7848,0.0628,0.0688,0.3334,0.6218,0.3924,0.6076,0.3187,0.681,+214,-213,,,,,,,,No Bet,,No Bet,,No Bet,,No Bet,,No Bet,,No Bet,,No Bet,,No Bet,,No Bet,,,,,,,,,,,,,,nan,,,,,,,,,,,,,,,18,0.0031999999999999997,-0.2893,Los Angeles Chargers,Miami Dolphins,0,0,0,0,0,0,0,0,0,0,0,0,0,3.0,0.0,,,56.525901324877786,0.9381985618310674,0.28648564068890947,0.00010044880037671512,0.2162624388807186,0.0014166507650849882,9.17443417497691,0.004261308213211557,3.0499951054720045,0.0010196737994724876,0.1426510601597692,2.5061975693990424e-05,7.53868246827247e-05,0.1623049603799793,0.053957478500739314,0.054032865325422036,12.224429280448913,0.005677958978296546,0.00010044880037671512,0.2162624388807186,20.0,1.0
2026_16_WAS_MIN,2026,18,2026-12-27,13:00,Washington Commanders,Minnesota Vikings,Home,,,,,7,7,0,0,9,4,U.S. Bank Stadium,44.9738,-93.2575,America/Chicago,False,False,16,16,Sunday,9,4,NFC East,FedExField,38.9077,-76.8645,America/New_York,NFC North,U.S. Bank Stadium,44.9738,-93.2575,America/Chicago,Atlanta Falcons,Detroit Lions,FedExField,U.S. Bank Stadium,Jacksonville Jaguars,New York Jets,TIAA Bank Field,MetLife Stadium,938,0,-938,938,1.0,0.0,America/New_York,America/Chicago,1.0,0.0,1.0,0.0,1.0,0,1.45,0.27,1.45,0.27,Washington Commanders,1.18,Washington Commanders,1.18,1.45,0.27,Washington Commanders,1.18,0.0,0,No,No,No,No,No,0,No,-5.43,-0.75,-1.427,2.721,2.528,-0.94,2.528,-0.94,-4.351999999999999,-1.96,-0.3490000000000001,1.5110000000000003,Washington Commanders,3.468,Washington Commanders,3.468,2.528,-0.94,Washington Commanders,3.468,Minnesota Vikings,4.68,Minnesota Vikings,4.148,-3.4284999999999997,0.9855,Minnesota Vikings,4.414,Minnesota Vikings,2.3919999999999995,Minnesota Vikings,1.8600000000000003,-2.3505,-0.2244999999999998,Minnesota Vikings,2.126,Different,Different,Different,Different,Same,Same,False,Home Team,Home Team,46.5,-135.0,114.0,Minnesota Vikings,Washington Commanders,-2.5,2.5,-142,117,-131,108,-2.3919999999999995,2.3919999999999995,-1.8600000000000003,1.8600000000000003,0.4673,0.5745,0.4608,0.5868,0.4808,0.5671,0.4486,0.5514,0.4399,0.5601,0.4588,0.5412,0.4486,0.5514,-0.0514,0.0514,,,232,18,2026-12-27,WAS @ MIN,0.0,70.0,0.0,Dome,True,J.Daniels,K.Murray,-7.92,-8.0,13.04,170.0,Med-Low,-17.0,2.0,49.09,49.0,13.500002787223824,33.0,67.0,0.7328,0.266,0.0818,0.0756,0.698,0.302,0.558,0.442,0.5964,0.4033,-148,+148,,,,,,,,No Bet,,No Bet,,No Bet,,No Bet,,No Bet,,No Bet,,No Bet,,No Bet,,No Bet,,,,,,,,,,,,,,nan,,,,,,,,,,,,,,,18,-0.0785,0.0775,Minnesota Vikings,Washington Commanders,0,0,0,0,0,0,0,0,0,0,0,0,0,2.0,4.0,,,56.525901324877786,0.5094043448609977,0.6925590173183415,0.0077326476465532056,0.00039695095536392347,0.24101411564600198,0.010065691525425493,0.19608076220311296,0.012372319008291612,0.011092377052398503,0.0026062670551058333,0.0042637819123094375,0.003468865734243768,0.00017807219857625606,0.0002188787567876674,0.0036877444910314353,0.022438010533717103,0.43709487784911494,0.0077326476465532056,0.00039695095536392347,20.0,1.0
2026_16_ARI_NO,2026,18,2026-12-27,13:00,Arizona Cardinals,New Orleans Saints,Home,,,,,7,7,0,0,1,-7,Caesars Superdome,29.9507,-90.0813,America/Chicago,False,False,16,16,Sunday,1,-7,NFC West,State Farm Stadium,33.5277,-112.262608,America/Denver,NFC South,Caesars Superdome,29.9507,-90.0813,America/Chicago,New York Jets,Tampa Bay Buccaneers,State Farm Stadium,Raymond James Stadium,Las Vegas Raiders,Atlanta Falcons,State Farm Stadium,Mercedes-Benz Stadium,1323,0,-1323,1323,-1.0,0.0,America/Denver,America/New_York,-1.0,1.0,-1.0,0.0,-1.0,0,0.075,-6.145,0.075,-6.145,Arizona Cardinals,6.22,Arizona Cardinals,6.22,0.075,-6.145,Arizona Cardinals,6.22,0.0,0,No,No,No,No,No,0,No,-4.4,-4.37,-3.837,-4.865,0.9675,-7.473999999999999,0.9675,-7.473999999999999,-3.5075000000000007,-5.699,-2.9445000000000006,-6.194,Arizona Cardinals,8.4415,Arizona Cardinals,8.4415,0.9675,-7.473999999999999,Arizona Cardinals,8.4415,New Orleans Saints,0.03000000000000025,Arizona Cardinals,1.028,-4.1185,-4.6175,Arizona Cardinals,0.49899999999999967,Arizona Cardinals,2.191499999999999,Arizona Cardinals,3.2494999999999994,-3.226000000000001,-5.9465,Arizona Cardinals,2.7204999999999995,Different,Same,Same,Same,Different,Same,False,Away Team,Away Team,44.5,-250.0,205.0,New Orleans Saints,Arizona Cardinals,-5.5,5.5,108,-131,135,-164,2.191499999999999,-2.191499999999999,3.2494999999999994,-3.2494999999999994,0.3279,0.7143,0.5671,0.4808,0.6212,0.4255,0.3146,0.6854,0.5412,0.4588,0.5935,0.4065,0.3146,0.6854,-0.1854,0.1854,,,233,18,2026-12-27,ARI @ NO,0.0,70.0,0.0,Dome,True,J.Brissett,T.Shough,-0.69,-1.0,13.26,175.75,Medium,-10.0,9.0,45.58,45.0,13.282833082250871,29.0,63.0,0.5196,0.4784,0.1006,0.0884,0.3756,0.6244,0.5074,0.4926,0.5176,0.4819,-107,+108,,,,,,,,No Bet,,No Bet,,No Bet,,No Bet,,No Bet,,No Bet,,No Bet,,No Bet,,No Bet,,,,,,,,,,,,,,nan,,,,,,,,,,,,,,,18,-0.1574,-0.0293,New Orleans Saints,Arizona Cardinals,0,0,0,0,0,0,0,0,0,0,0,0,0,1.5,2.5,,,56.525901324877786,0.8625571768932614,0.9963857648850776,0.22183741088410536,1.1575951566396498e-06,8.594614148333017,2.0585570879646978e-05,3.9449454494682916,4.484853871872231e-05,0.23164083237707017,0.0019218442252761764,0.1520473614199658,0.06979004946413955,3.641794362788338e-07,7.93415720360816e-07,0.06979084287985991,6.543410959836929e-05,12.53955959780131,0.22183741088410536,1.1575951566396498e-06,20.0,1.0
2026_16_NE_NYJ,2026,18,2026-12-27,13:00,New England Patriots,New York Jets,Home,,,,,6,7,-1,1,10,-9,MetLife Stadium,40.8136,-74.0744,America/New_York,False,True,16,16,Sunday,10,-9,AFC East,Gillette Stadium,42.0628,-71.2687,America/New_York,AFC East,MetLife Stadium,40.8136,-74.0744,America/New_York,Kansas City Chiefs,Arizona Cardinals,GEHA Field at Arrowhead Stadium,State Farm Stadium,Denver Broncos,Minnesota Vikings,Gillette Stadium,MetLife Stadium,169,0,-169,169,0.0,0.0,America/Chicago,America/Denver,-1.0,-2.0,0.0,0.0,0.0,0,-1.995,-3.725,-1.995,-3.725,New England Patriots,1.73,New England Patriots,1.73,-1.995,-3.725,New England Patriots,1.73,0.0,0,No,No,No,No,Yes,1,No,5.09,-9.26,4.222,-6.95,-1.6264750000000001,-3.1920249999999997,-1.6264750000000001,-3.1920249999999997,5.332325,-8.600825,4.496105000000001,-6.322605,New England Patriots,1.5655499999999996,New England Patriots,1.5655499999999996,-1.6264750000000001,-3.1920249999999997,New England Patriots,1.5655499999999996,New England Patriots,14.35,New England Patriots,11.172,4.656000000000001,-8.105,New England Patriots,12.761000000000001,New England Patriots,13.933150000000001,New England Patriots,10.818710000000001,4.914215,-7.461715,New England Patriots,12.37593,Same,Same,Same,Same,Same,Same,False,Away Team,Away Team,40.5,225.0,-278.0,New England Patriots,New York Jets,6.5,-6.5,573,-890,406,-567,13.933150000000001,-13.933150000000001,10.818710000000001,-10.818710000000001,0.7354,0.3077,0.899,0.1486,0.8501,0.1976,0.705,0.295,0.8582,0.1418,0.8114,0.1886,0.705,0.295,0.205,-0.205,,,234,18,2026-12-27,NE @ NYJ,15.0,38.0,0.0,Historical Avg,False,D.Maye,G.Smith,14.68,15.0,12.68,160.86,Med-Low,7.0,23.0,45.08,44.0,12.90466384334679,29.0,61.0,0.1226,0.8768,0.0538,0.0594,0.2364,0.7636,0.6184,0.3816,0.187,0.8129,+435,-434,,,,,,,,No Bet,,No Bet,,No Bet,,No Bet,,No Bet,,No Bet,,No Bet,,No Bet,,No Bet,,,,,,,,,,,,,,nan,,,,,,,,,,,,,,,18,0.18665,-0.2071,New England Patriots,New York Jets,0,0,0,0,0,0,0,0,0,0,0,0,1,5.0,1.0,,,56.525901324877786,0.9325749266225941,0.21691955576296093,0.0,0.049536689282408244,0.0,1.9740747372886702,0.0,0.8260312730498692,0.0016097152719369158,0.05986801084376455,0.0,0.0,0.03492336594409781,0.014613323338310433,0.014613323338310433,2.8001060103385393,0.0,0.0,0.049536689282408244,20.0,1.0
2026_16_CAR_PIT,2026,18,2026-12-27,13:00,Carolina Panthers,Pittsburgh Steelers,Home,,,,,7,7,0,0,10,-3,Acrisure Stadium,40.4468,-80.0158,America/New_York,False,False,16,16,Sunday,10,-3,NFC South,Bank of America Stadium,35.2258,-80.8528,America/New_York,AFC North,Acrisure Stadium,40.4468,-80.0158,America/New_York,Cincinnati Bengals,Baltimore Ravens,Bank of America Stadium,Acrisure Stadium,Seattle Seahawks,Tennessee Titans,Bank of America Stadium,Nissan Stadium,363,0,-363,363,0.0,0.0,America/New_York,America/New_York,0.0,0.0,0.0,0.0,0.0,0,-5.25,-0.565,-5.25,-0.565,Pittsburgh Steelers,4.6850000000000005,Pittsburgh Steelers,4.6850000000000005,-5.25,-0.565,Pittsburgh Steelers,4.6850000000000005,0.0,0,No,No,No,No,No,0,No,-3.79,0.59,-4.367,0.538,-3.1465,0.4940000000000001,-3.1465,0.4940000000000001,-1.6865,1.649,-2.2635,1.597,Pittsburgh Steelers,3.6405000000000003,Pittsburgh Steelers,3.6405000000000003,-3.1465,0.4940000000000001,Pittsburgh Steelers,3.6405000000000003,Pittsburgh Steelers,4.38,Pittsburgh Steelers,4.905,-4.0785,0.5640000000000001,Pittsburgh Steelers,4.6425,Pittsburgh Steelers,3.3355,Pittsburgh Steelers,3.8605,-1.975,1.623,Pittsburgh Steelers,3.598,Same,Same,Same,Same,Same,Same,False,Home Team,Home Team,41.5,-192.0,160.0,Pittsburgh Steelers,Carolina Panthers,-3.5,3.5,-191,156,-211,171,-3.3355,3.3355,-3.8605,3.8605,0.3846,0.6575,0.3906,0.6564,0.369,0.6785,0.3691,0.6309,0.3731,0.6269,0.3523,0.6477,0.3691,0.6309,-0.1309,0.1309,,,235,18,2026-12-27,CAR @ PIT,12.0,35.0,0.0,Historical Avg,False,B.Young,A.Rodgers,-9.27,-10.0,13.27,176.01,Medium,-18.0,-1.0,45.55,45.0,12.97418569078105,29.0,62.0,0.7558,0.2424,0.0736,0.0744,0.6876,0.3124,0.6028,0.3972,0.6653,0.3342,-199,+199,,,,,,,,No Bet,,No Bet,,No Bet,,No Bet,,No Bet,,No Bet,,No Bet,,No Bet,,No Bet,,,,,,,,,,,,,,nan,,,,,,,,,,,,,,,18,-0.06445,-0.07444999999999999,Pittsburgh Steelers,Carolina Panthers,0,0,0,0,0,0,0,0,0,0,0,0,0,2.5,2.5,,,56.525901324877786,0.7139309580006606,0.9444778316349294,0.10658018678454581,0.00013644685065409767,3.8008829934725097,0.002846787546886081,2.2236581278977705,0.00486599366927778,0.058420135258328995,0.0025264918369116976,0.06724143984236995,0.03933874694217586,5.036253257642745e-05,8.608431807767023e-05,0.03942483126025353,0.007712781216163861,6.02454112137028,0.10658018678454581,0.00013644685065409767,20.0,1.0
2026_16_TEN_LV,2026,18,2026-12-27,16:05,Tennessee Titans,Las Vegas Raiders,Home,,,,,7,7,0,0,5,-13,Allegiant Stadium,36.108,-115.1578,America/Los_Angeles,False,False,16,16,Sunday,5,-13,AFC South,Nissan Stadium,36.1664,-86.7716,America/Chicago,AFC West,Allegiant Stadium,36.108,-115.1578,America/Los_Angeles,Indianapolis Colts,Denver Broncos,Nissan Stadium,Allegiant Stadium,Pittsburgh Steelers,Arizona Cardinals,Nissan Stadium,State Farm Stadium,1577,0,-1577,1577,2.0,0.0,America/Chicago,America/Los_Angeles,2.0,0.0,2.0,0.0,2.0,0,-4.36,-2.35,-4.36,-2.35,Las Vegas Raiders,2.0100000000000002,Las Vegas Raiders,2.0100000000000002,-4.36,-2.35,Las Vegas Raiders,2.0100000000000002,-0.15,0,No,No,No,No,No,0,No,-8.19,-8.15,-8.36,-7.588,-2.4440000000000004,-2.9715,-2.4440000000000004,-2.9715,-6.273999999999999,-8.771500000000001,-6.443999999999999,-8.2095,Tennessee Titans,0.5274999999999994,Tennessee Titans,0.5274999999999994,-2.4440000000000004,-2.9715,Tennessee Titans,0.5274999999999994,Las Vegas Raiders,0.03999999999999915,Las Vegas Raiders,0.7719999999999994,-8.274999999999999,-7.869,Las Vegas Raiders,0.4059999999999988,Tennessee Titans,2.4975000000000023,Tennessee Titans,1.7655000000000012,-6.358999999999999,-8.4905,Tennessee Titans,2.1315000000000017,Different,Different,Same,Same,Different,Different,False,Away Team,Away Team,42.5,-125.0,105.0,Las Vegas Raiders,Tennessee Titans,-1.5,1.5,117,-142,108,-131,2.4975000000000023,-2.4975000000000023,1.7655000000000012,-1.7655000000000012,0.4878,0.5556,0.5868,0.4608,0.5671,0.4808,0.4675,0.5325,0.5601,0.4399,0.5412,0.4588,0.4675,0.5325,-0.0325,0.0325,,,236,18,2026-12-27,TEN @ LV,0.0,70.0,0.0,Dome,True,C.Ward,K.Cousins,-4.42,-6.0,12.22,149.41,Low,-13.0,4.25,40.67,40.0,12.122840248520074,26.0,57.0,0.6544,0.3436,0.0978,0.0864,0.6322,0.3678,0.4316,0.5684,0.5214,0.4781,-109,+109,,,,,,,,No Bet,,No Bet,,No Bet,,No Bet,,No Bet,,No Bet,,No Bet,,No Bet,,No Bet,,,,,,,,,,,,,,nan,,,,,,,,,,,,,,,18,-0.1202,-0.11185,Las Vegas Raiders,Tennessee Titans,0,0,0,0,0,0,0,0,0,0,0,0,0,2.0,2.0,,,56.525901324877786,0.9449540919484539,0.9560577916164442,0.0083022021365245,0.0030500983234657804,0.24989663678350885,0.08060146783364039,0.2193928219648646,0.0918080890297615,0.02151577215910604,0.0060386459267248085,0.004420922637699296,0.003881279498825204,0.0014259209662202525,0.001624177357245528,0.005505456856070732,0.17240955686340187,0.4692894587483734,0.0083022021365245,0.0030500983234657804,20.0,1.0
2026_16_SF_KC,2026,18,2026-12-27,16:25,San Francisco 49ers,Kansas City Chiefs,Home,,,,,10,6,4,-4,3,-2,GEHA Field at Arrowhead Stadium,39.0489,-94.4839,America/Chicago,False,True,16,16,Sunday,3,-2,NFC West,Levi's Stadium,37.4031,-121.9702,America/Los_Angeles,AFC West,GEHA Field at Arrowhead Stadium,39.0489,-94.4839,America/Chicago,Los Angeles Chargers,New England Patriots,SoFi Stadium,GEHA Field at Arrowhead Stadium,Philadelphia Eagles,Los Angeles Chargers,Levi's Stadium,SoFi Stadium,1490,0,-1490,1490,-2.0,0.0,America/Los_Angeles,America/Chicago,-2.0,0.0,-2.0,0.0,-2.0,0,3.325,4.395,3.325,4.395,Kansas City Chiefs,1.0699999999999994,Kansas City Chiefs,1.0699999999999994,3.325,4.395,Kansas City Chiefs,1.0699999999999994,-0.3,0,No,No,No,No,No,0,Yes,3.57,-2.17,2.606,0.625,4.984500000000001,1.7814999999999994,4.984500000000001,1.7814999999999994,5.2295,-4.7835,4.265499999999999,-1.9885,San Francisco 49ers,3.203000000000001,San Francisco 49ers,3.203000000000001,4.984500000000001,1.7814999999999994,San Francisco 49ers,3.203000000000001,San Francisco 49ers,5.74,San Francisco 49ers,1.9809999999999999,3.088,-0.7725,San Francisco 49ers,3.8605,San Francisco 49ers,10.013,San Francisco 49ers,6.254,4.7475,-3.386,San Francisco 49ers,8.1335,Different,Different,Same,Same,Same,Same,False,Away Team,Away Team,46.5,-161.0,136.0,Kansas City Chiefs,San Francisco 49ers,-2.75,2.75,356,-483,224,-282,10.013,-10.013,6.254,-6.254,0.4237,0.6169,0.8285,0.2193,0.7382,0.3086,0.4072,0.5928,0.7907,0.2093,0.7052,0.2948,0.4072,0.5928,-0.0928,0.0928,,,237,18,2026-12-27,SF @ KC,10.0,60.0,0.0,Historical Avg,False,B.Purdy,P.Mahomes,6.71,7.0,12.71,161.55,Med-Low,-3.0,15.0,55.74,55.0,13.487650966188186,39.0,74.0,0.2934,0.7062,0.0836,0.0818,0.2564,0.7436,0.7478,0.2522,0.3476,0.6523,+188,-188,,,,,,,,No Bet,,No Bet,,No Bet,,No Bet,,No Bet,,No Bet,,No Bet,,No Bet,,No Bet,,,,,,,,,,,,,,nan,,,,,,,,,,,,,,,18,0.1523,0.11695000000000001,Kansas City Chiefs,San Francisco 49ers,0,0,0,0,0,0,0,0,0,0,0,0,0,4.5,4.5,,,56.525901324877786,0.062191144308241235,0.17483060828649172,0.005608186760081491,2.899351730711812e-06,0.1879222306049461,6.673538491735338e-05,0.12908558080690632,9.715308491897613e-05,0.026035745914469385,0.001993630223461602,0.0033245331113763077,0.0022836536487051834,1.1806160247458499e-06,1.718735705965962e-06,0.0022853723844111495,0.0001638884698363295,0.3170078114118524,0.005608186760081491,2.899351730711812e-06,20.0,1.0
2026_16_JAX_DAL,2026,18,2026-12-27,20:20,Jacksonville Jaguars,Dallas Cowboys,Home,,,,,7,7,0,0,-3,11,AT&T Stadium,32.7369,-97.0826,America/Chicago,False,True,16,16,Sunday,-3,11,AFC South,TIAA Bank Field,30.3239,-81.6554,America/New_York,NFC East,AT&T Stadium,32.7369,-97.0826,America/Chicago,Houston Texans,Los Angeles Rams,NRG Stadium,SoFi Stadium,Washington Commanders,New York Giants,TIAA Bank Field,AT&T Stadium,922,0,-922,922,1.0,0.0,America/Chicago,America/Los_Angeles,0.0,-2.0,0.0,0.0,0.0,0,-1.825,-0.615,-1.825,-0.615,Dallas Cowboys,1.21,Dallas Cowboys,1.21,-1.825,-0.615,Dallas Cowboys,1.21,0.0,0,No,No,No,No,No,0,No,5.41,-1.01,3.85,-3.616,-1.118,-0.07499999999999994,-1.118,-0.07499999999999994,6.117,-0.47,4.557,-3.0759999999999996,Dallas Cowboys,1.0430000000000001,Dallas Cowboys,1.0430000000000001,-1.118,-0.07499999999999994,Dallas Cowboys,1.0430000000000001,Jacksonville Jaguars,6.42,Jacksonville Jaguars,7.466,4.63,-2.313,Jacksonville Jaguars,6.943,Jacksonville Jaguars,6.587,Jacksonville Jaguars,7.633,5.337,-1.7729999999999997,Jacksonville Jaguars,7.109999999999999,Different,Different,Different,Different,Same,Same,False,Away Team,Away Team,51.5,-161.0,136.0,Dallas Cowboys,Jacksonville Jaguars,-3.0,3.0,224,-282,268,-346,6.587,-6.587,7.633,-7.633,0.4237,0.6169,0.7382,0.3086,0.7758,0.2717,0.4072,0.5928,0.7052,0.2948,0.7406,0.2594,0.4072,0.5928,-0.0928,0.0928,,,238,18,2026-12-27,JAX @ DAL,0.0,70.0,0.0,Dome,True,T.Lawrence,D.Prescott,7.25,7.0,13.12,172.14,Medium,-3.0,16.0,61.81,61.0,14.243403015638263,44.0,81.0,0.288,0.7118,0.0832,0.0764,0.2168,0.7446,0.7614,0.2386,0.3588,0.6412,+179,-179,,,,,,,,No Bet,,No Bet,,No Bet,,No Bet,,No Bet,,No Bet,,No Bet,,No Bet,,No Bet,,,,,,,,,,,,,,nan,,,,,,,,,,,,,,,18,0.049199999999999994,0.0916,Dallas Cowboys,Jacksonville Jaguars,0,0,0,0,0,0,0,0,0,0,0,0,0,3.5,4.0,,,56.525901324877786,0.2171766903197519,0.4714376256282251,0.010688808079340247,3.319278180941269e-05,0.3581665059864379,0.0007640097774494749,0.2460280047869054,0.001112242131807585,0.03418685820654152,0.001291969194425689,0.006336325429432898,0.004352482649907349,1.3516100752792847e-05,1.9676681056619845e-05,0.0043721593309639685,0.00187625190925706,0.6041945107733433,0.010688808079340247,3.319278180941269e-05,20.0,1.0
2026_16_NYG_DET,2026,18,2026-12-28,20:15,New York Giants,Detroit Lions,Home,,,,,8,8,0,0,4,3,Ford Field,42.3395,-83.045,America/Detroit,False,False,16,16,Monday,4,3,NFC East,MetLife Stadium,40.8136,-74.0744,America/New_York,NFC North,Ford Field,42.3395,-83.045,America/Detroit,Cleveland Browns,Minnesota Vikings,MetLife Stadium,U.S. Bank Stadium,Dallas Cowboys,Chicago Bears,AT&T Stadium,Soldier Field,475,0,-475,475,0.0,0.0,America/New_York,America/Chicago,0.0,-1.0,0.0,0.0,0.0,0,-2.84,4.305,-2.84,4.305,Detroit Lions,7.145,Detroit Lions,7.145,-2.84,4.305,Detroit Lions,7.145,0.0,0,No,No,No,No,No,0,No,-3.53,3.98,-5.014,3.658,-1.5979999999999996,3.621,-1.5979999999999996,3.621,-2.2879999999999994,3.296,-3.7720000000000002,2.9739999999999998,Detroit Lions,5.218999999999999,Detroit Lions,5.218999999999999,-1.5979999999999996,3.621,Detroit Lions,5.218999999999999,Detroit Lions,7.51,Detroit Lions,8.672,-4.272,3.819,Detroit Lions,8.091000000000001,Detroit Lions,5.584,Detroit Lions,6.746,-3.03,3.135,Detroit Lions,6.164999999999999,Same,Same,Same,Same,Same,Same,False,Home Team,Home Team,49.5,-204.0,170.0,Detroit Lions,New York Giants,-4.5,4.5,-244,195,-282,224,-5.584,5.584,-6.746,6.746,0.3704,0.6711,0.339,0.7093,0.3086,0.7382,0.3556,0.6444,0.3234,0.6766,0.2948,0.7052,0.3556,0.6444,-0.1444,0.1444,,,239,18,2026-12-28,NYG @ DET,0.0,70.0,0.0,Dome,True,J.Dart,J.Goff,-9.24,-10.0,13.63,185.85,Med-High,-19.0,1.0,54.93,54.0,13.855460215942273,38.0,73.0,0.7406,0.2586,0.0774,0.07,0.6496,0.3504,0.639,0.361,0.6917,0.3081,-224,+225,,,,,,,,No Bet,,No Bet,,No Bet,,No Bet,,No Bet,,No Bet,,No Bet,,No Bet,,No Bet,,,,,,,,,,,,,,nan,,,,,,,,,,,,,,,18,-0.11975,-0.03875,Detroit Lions,New York Giants,0,0,0,0,0,0,0,0,0,0,0,0,0,2.0,2.5,,,56.525901324877786,0.014175005713924941,0.5650500035752042,0.014175005713924941,6.000775837862054e-05,0.5163287054163015,0.0012061925788144417,0.28492626884859845,0.002185800050022571,0.0350738909272998,0.002072230170114247,0.009134373682053231,0.00504063203187171,2.1338758879437465e-05,3.8668999499183075e-05,0.005079301031370893,0.0033919926288370128,0.8012549742649,0.014175005713924941,6.000775837862054e-05,20.0,1.0
2026_17_BAL_CIN,2026,19,2026-12-31,20:15,Baltimore Ravens,Cincinnati Bengals,Home,,,,,4,4,0,0,-6,-7,Paycor Stadium,39.0955,-84.5165,America/New_York,False,False,17,17,Thursday,-6,-7,AFC North,M&T Bank Stadium,39.2789,-76.6228,America/New_York,AFC North,Paycor Stadium,39.0955,-84.5165,America/New_York,Cleveland Browns,Indianapolis Colts,M&T Bank Stadium,Lucas Oil Stadium,Pittsburgh Steelers,Cleveland Browns,M&T Bank Stadium,Paycor Stadium,422,0,-422,422,0.0,0.0,America/New_York,America/Indiana/Indianapolis,0.0,0.0,0.0,0.0,0.0,0,6.69,1.31,6.69,1.31,Baltimore Ravens,5.380000000000001,Baltimore Ravens,5.380000000000001,6.69,1.31,Baltimore Ravens,5.380000000000001,0.0,0,No,No,No,No,No,1,No,5.1,-0.04,2.881,-0.609,6.181800000000001,2.5852,6.181800000000001,2.5852,4.5942,1.2328000000000001,2.3916999999999997,0.6473,Baltimore Ravens,3.596600000000001,Baltimore Ravens,3.596600000000001,6.181800000000001,2.5852,Baltimore Ravens,3.596600000000001,Baltimore Ravens,5.14,Baltimore Ravens,3.4899999999999998,3.9905,-0.3245,Baltimore Ravens,4.3149999999999995,Baltimore Ravens,3.3613999999999997,Baltimore Ravens,1.7443999999999997,3.4929499999999996,0.94005,Baltimore Ravens,2.5528999999999993,Same,Same,Same,Same,Same,Same,True,Away Team,Away Team,51.5,-135.0,114.0,Cincinnati Bengals,Baltimore Ravens,-2.5,2.5,156,-191,105,-128,3.3613999999999997,-3.3613999999999997,1.7443999999999997,-1.7443999999999997,0.4673,0.5745,0.6564,0.3906,0.5614,0.4878,0.4486,0.5514,0.6269,0.3731,0.5351,0.4649,0.4486,0.5514,-0.0514,0.0514,,,240,19,2026-12-31,BAL @ CIN,12.0,38.0,0.0,Historical Avg,False,L.Jackson,J.Burrow,5.23,6.0,13.76,189.43,Med-High,-5.0,15.0,56.0,56.0,13.96062874053193,39.0,75.0,0.3522,0.647,0.0766,0.0816,0.3214,0.6786,0.6,0.4,0.4354,0.5644,+130,-130,,,,,,,,No Bet,,No Bet,,No Bet,,No Bet,,No Bet,,No Bet,,No Bet,,No Bet,,No Bet,,,,,,,,,,,,,,nan,,,,,,,,,,,,,,,19,0.175,0.248,Cincinnati Bengals,Baltimore Ravens,0,0,0,0,0,0,0,0,0,0,0,0,1,4.0,4.5,,,40.32284192048404,0.46007547707277857,0.1232599534696632,0.02661447311750669,0.00020420056780473192,0.5917465954420467,0.003693748720946551,0.4814245968721476,0.004540198494716737,0.025780763472613894,0.0043799359987547,0.014675220476993189,0.011939252640513503,9.160437471720274e-05,0.00011259619308752918,0.012051848833601032,0.008233947215663288,1.0731711923141942,0.026609055577178006,0.0002026625759255562,9.0,11.0
2026_17_NO_ATL,2026,19,2027-01-03,13:00,New Orleans Saints,Atlanta Falcons,Home,,,,,7,7,0,0,-7,7,Mercedes-Benz Stadium,33.7489,-84.388,America/New_York,False,False,17,17,Sunday,-7,7,NFC South,Caesars Superdome,29.9507,-90.0813,America/Chicago,NFC South,Mercedes-Benz Stadium,33.7489,-84.388,America/New_York,Arizona Cardinals,Tampa Bay Buccaneers,Caesars Superdome,Mercedes-Benz Stadium,Tampa Bay Buccaneers,Carolina Panthers,Caesars Superdome,Bank of America Stadium,424,0,-424,424,-1.0,0.0,America/Chicago,America/New_York,-1.0,0.0,-1.0,0.0,-1.0,0,-6.145,-0.71,-6.145,-0.71,Atlanta Falcons,5.435,Atlanta Falcons,5.435,-6.145,-0.71,Atlanta Falcons,5.435,0.0,0,No,No,No,No,No,1,No,-4.37,-0.79,-4.865,-0.101,-5.545629999999999,-1.0993699999999997,-5.545629999999999,-1.0993699999999997,-3.78918,-1.16082,-4.27234,-0.48366,Atlanta Falcons,4.44626,Atlanta Falcons,4.44626,-5.545629999999999,-1.0993699999999997,Atlanta Falcons,4.44626,Atlanta Falcons,3.58,Atlanta Falcons,4.764,-4.6175,-0.4455,Atlanta Falcons,4.172,Atlanta Falcons,2.62836,Atlanta Falcons,3.78868,-4.03076,-0.82224,Atlanta Falcons,3.20852,Same,Same,Same,Same,Same,Same,False,Home Team,Home Team,44.5,-122.0,102.0,Atlanta Falcons,New Orleans Saints,-1.5,1.5,-142,117,-211,171,-2.62836,2.62836,-3.78868,3.78868,0.495,0.5495,0.4608,0.5868,0.369,0.6785,0.4739,0.5261,0.4399,0.5601,0.3523,0.6477,0.4739,0.5261,-0.0261,0.0261,,,241,19,2027-01-03,NO @ ATL,0.0,70.0,0.0,Dome,True,T.Shough,M.Penix,-7.09,-8.0,13.23,175.11,Medium,-16.0,3.0,44.12,43.0,12.893356393422838,28.0,61.0,0.7116,0.2878,0.077,0.074,0.6944,0.3056,0.4668,0.5332,0.6114,0.3885,-157,+157,,,,,,,,No Bet,,No Bet,,No Bet,,No Bet,,No Bet,,No Bet,,No Bet,,No Bet,,No Bet,,,,,,,,,,,,,,nan,,,,,,,,,,,,,,,19,-0.0325,-0.0514,Atlanta Falcons,New Orleans Saints,0,0,0,0,0,0,0,0,0,0,0,0,1,2.0,2.0,,,40.32284192048404,0.9918506160550645,0.649412127115236,0.14299862000450256,0.00483010554764676,3.0335508652009024,0.0922984617263786,2.7325598840880208,0.10246512073063468,0.031372060128545466,0.008749196731496215,0.07523157398436879,0.06776704602013377,0.0022889870190297996,0.0025411185286169603,0.07030816454875073,0.19476358245701328,5.766110749288923,0.14298801076888568,0.004822049346361931,9.0,11.0
2026_17_SEA_CAR,2026,19,2027-01-03,13:00,Seattle Seahawks,Carolina Panthers,Home,,,,,9,7,2,-2,9,8,Bank of America Stadium,35.2258,-80.8528,America/New_York,False,False,17,17,Sunday,9,8,NFC West,Lumen Field,47.5952,-122.3316,America/Los_Angeles,NFC South,Bank of America Stadium,35.2258,-80.8528,America/New_York,Los Angeles Rams,Pittsburgh Steelers,Lumen Field,Acrisure Stadium,Los Angeles Rams,Atlanta Falcons,SoFi Stadium,Bank of America Stadium,2279,0,-2279,2279,-3.0,0.0,America/Los_Angeles,America/New_York,-3.0,0.0,-3.0,0.0,-3.0,0,-0.13,-5.25,-0.13,-5.25,Seattle Seahawks,5.12,Seattle Seahawks,5.12,-0.13,-5.25,Seattle Seahawks,5.12,-0.44999999999999996,0,No,No,No,No,No,0,No,10.42,-3.79,10.022,-4.367,-0.2329999999999999,-6.6035,-0.2329999999999999,-6.6035,10.317,-5.1434999999999995,9.919,-5.7204999999999995,Seattle Seahawks,6.370500000000001,Seattle Seahawks,6.370500000000001,-0.2329999999999999,-6.6035,Seattle Seahawks,6.370500000000001,Seattle Seahawks,14.21,Seattle Seahawks,14.389,10.221,-4.0785,Seattle Seahawks,14.2995,Seattle Seahawks,15.4605,Seattle Seahawks,15.6395,10.118,-5.4319999999999995,Seattle Seahawks,15.55,Same,Same,Same,Same,Same,Same,False,Away Team,Away Team,42.5,200.0,-244.0,Seattle Seahawks,Carolina Panthers,5.5,-5.5,702,-1197,702,-1197,15.4605,-15.4605,15.6395,-15.6395,0.7093,0.3333,0.9229,0.1247,0.9229,0.1247,0.6803,0.3197,0.881,0.119,0.881,0.119,0.6803,0.3197,0.1803,-0.1803,,,242,19,2027-01-03,SEA @ CAR,8.0,45.0,0.0,Historical Avg,False,S.Darnold,B.Young,17.27,17.0,13.18,173.75,Medium,9.0,26.0,48.28,48.0,12.889369943154952,32.0,65.0,0.0962,0.903,0.046,0.0422,0.17,0.83,0.6754,0.3246,0.1635,0.8363,+512,-511,,,,,,,,No Bet,,No Bet,,No Bet,,No Bet,,No Bet,,No Bet,,No Bet,,No Bet,,No Bet,,,,,,,,,,,,,,nan,,,,,,,,,,,,,,,19,-0.0824,0.0514,Seattle Seahawks,Carolina Panthers,0,0,0,0,0,0,0,0,0,0,0,0,0,2.0,3.0,,,40.32284192048404,0.9444072317612277,0.0,0.0016918793150076307,0.0,0.02181037587897837,0.0,0.04641100628861115,0.0,0.004220018594700117,0.10838768304203403,0.0005408938170079396,0.0011509854979996912,0.0,0.0,0.0011509854979996912,0.0,0.06822138216758951,0.0016800969438283417,0.0,9.0,11.0
2026_17_IND_CLE,2026,19,2027-01-03,13:00,Indianapolis Colts,Cleveland Browns,Home,,,,,7,7,0,0,-6,3,FirstEnergy Stadium,41.5061,-81.6994,America/New_York,False,False,17,17,Sunday,-6,3,AFC South,Lucas Oil Stadium,39.7601,-86.1638,America/Indiana/Indianapolis,AFC North,FirstEnergy Stadium,41.5061,-81.6994,America/New_York,Cincinnati Bengals,Baltimore Ravens,Lucas Oil Stadium,M&T Bank Stadium,Jacksonville Jaguars,Cincinnati Bengals,Lucas Oil Stadium,Paycor Stadium,263,0,-263,263,0.0,0.0,America/Indiana/Indianapolis,America/New_York,0.0,0.0,0.0,0.0,0.0,0,-2.265,-4.705,-2.265,-4.705,Indianapolis Colts,2.44,Indianapolis Colts,2.44,-2.265,-4.705,Indianapolis Colts,2.44,0.0,0,No,No,No,No,No,0,No,0.93,-6.94,0.288,-7.475,-1.9035000000000004,-4.411499999999999,-1.9035000000000004,-4.411499999999999,1.2915,-6.6465,0.6495,-7.181499999999999,Indianapolis Colts,2.507999999999999,Indianapolis Colts,2.507999999999999,-1.9035000000000004,-4.411499999999999,Indianapolis Colts,2.507999999999999,Indianapolis Colts,7.87,Indianapolis Colts,7.763,0.609,-7.2075,Indianapolis Colts,7.8165,Indianapolis Colts,7.938,Indianapolis Colts,7.830999999999999,0.9705,-6.914,Indianapolis Colts,7.8845,Same,Same,Same,Same,Same,Same,False,Away Team,Away Team,43.5,114.0,-135.0,Indianapolis Colts,Cleveland Browns,2.5,-2.5,282,-366,282,-366,7.938,-7.938,7.830999999999999,-7.830999999999999,0.5745,0.4673,0.7854,0.2618,0.7854,0.2618,0.5514,0.4486,0.75,0.25,0.75,0.25,0.5514,0.4486,0.0514,-0.0514,,,243,19,2027-01-03,IND @ CLE,10.0,60.0,0.0,Historical Avg,False,D.Jones,S.Sanders,15.12,15.0,13.49,181.97,Med-High,7.0,24.0,47.41,47.0,13.110177272242428,31.0,64.0,0.127,0.8718,0.0512,0.0516,0.152,0.848,0.5942,0.4058,0.2689,0.7308,+272,-271,,,,,,,,No Bet,,No Bet,,No Bet,,No Bet,,No Bet,,No Bet,,No Bet,,No Bet,,No Bet,,,,,,,,,,,,,,nan,,,,,,,,,,,,,,,19,0.0325,-0.248,Indianapolis Colts,Cleveland Browns,0,0,0,0,0,0,0,0,0,0,0,0,0,3.0,0.5,,,40.32284192048404,0.9222552139646789,0.6225879697194363,0.008068116247821193,0.07508786846684888,0.14594275809916246,1.669504796434634,0.1793866179578203,1.3582514539002117,0.007069951949131384,0.06175650572326461,0.0036193569487725868,0.004448759299048605,0.041403450672620475,0.033684417794228406,0.038133177093277015,3.0277562503348454,0.32532937605698276,0.00805669043229303,0.07508102562781277,9.0,11.0
2026_17_NYG_DAL,2026,19,2027-01-03,13:00,New York Giants,Dallas Cowboys,Home,,,,,6,7,-1,1,3,12,AT&T Stadium,32.7369,-97.0826,America/Chicago,False,True,17,17,Sunday,3,12,NFC East,MetLife Stadium,40.8136,-74.0744,America/New_York,NFC East,AT&T Stadium,32.7369,-97.0826,America/Chicago,Detroit Lions,Jacksonville Jaguars,Ford Field,AT&T Stadium,Philadelphia Eagles,Washington Commanders,MetLife Stadium,FedExField,1384,0,-1384,1384,1.0,0.0,America/Detroit,America/Chicago,1.0,0.0,1.0,0.0,1.0,0,-2.84,-0.615,-2.84,-0.615,Dallas Cowboys,2.2249999999999996,Dallas Cowboys,2.2249999999999996,-2.84,-0.615,Dallas Cowboys,2.2249999999999996,0.0,0,No,No,No,No,Yes,1,No,-3.53,-1.01,-5.014,-3.616,-1.6805199999999998,0.03252000000000005,-1.6805199999999998,0.03252000000000005,-2.3675699999999997,-0.36543,-3.86279,-2.9602099999999996,Dallas Cowboys,1.71304,Dallas Cowboys,1.71304,-1.6805199999999998,0.03252000000000005,Dallas Cowboys,1.71304,Dallas Cowboys,2.5199999999999996,Dallas Cowboys,1.3980000000000001,-4.272,-2.313,Dallas Cowboys,1.959,Dallas Cowboys,2.00214,Dallas Cowboys,0.9025800000000004,-3.1151799999999996,-1.6628199999999997,Dallas Cowboys,1.4523599999999999,Same,Same,Same,Same,Same,Same,False,Home Team,Home Team,49.5,-217.0,180.0,Dallas Cowboys,New York Giants,-4.5,4.5,-131,108,-122,101,-2.00214,2.00214,-0.9025800000000004,0.9025800000000004,0.3571,0.6845,0.4808,0.5671,0.4975,0.5495,0.3429,0.6571,0.4588,0.5412,0.4752,0.5248,0.3429,0.6571,-0.1571,0.1571,,,244,19,2027-01-03,NYG @ DAL,0.0,70.0,0.0,Dome,True,J.Dart,D.Prescott,-3.07,-4.0,13.42,180.17,Med-High,-12.0,7.0,56.96,57.0,13.651306208280527,40.0,75.0,0.597,0.4024,0.0856,0.0846,0.491,0.509,0.7002,0.2998,0.58,0.4198,-138,+138,,,,,,,,No Bet,,No Bet,,No Bet,,No Bet,,No Bet,,No Bet,,No Bet,,No Bet,,No Bet,,,,,,,,,,,,,,nan,,,,,,,,,,,,,,,19,-0.0824,0.0261,Dallas Cowboys,New York Giants,0,0,0,0,0,0,0,0,0,0,0,0,1,2.0,2.5,,,40.32284192048404,0.20829421852640123,0.5650200901930772,0.1248746216256233,0.00026366186722598666,3.3086953853552736,0.0036455741972870356,1.726604242334992,0.006986021595326075,0.12197869876603558,0.0031908131167384447,0.08205511387019707,0.04281950775542623,9.040965427179082e-05,0.00017325221295419582,0.04299275996838042,0.010631595792613111,5.035299627690265,0.12487357901965346,0.0002566033528534796,9.0,11.0
2026_17_WAS_JAX,2026,19,2027-01-03,13:00,Washington Commanders,Jacksonville Jaguars,Home,,,,,7,7,0,0,9,-3,TIAA Bank Field,30.3239,-81.6554,America/New_York,False,True,17,17,Sunday,9,-3,NFC East,FedExField,38.9077,-76.8645,America/New_York,AFC South,TIAA Bank Field,30.3239,-81.6554,America/New_York,Minnesota Vikings,Dallas Cowboys,U.S. Bank Stadium,AT&T Stadium,Dallas Cowboys,Indianapolis Colts,FedExField,Lucas Oil Stadium,652,0,-652,652,0.0,0.0,America/Chicago,America/Chicago,-1.0,-1.0,0.0,0.0,0.0,0,1.45,-1.825,1.45,-1.825,Washington Commanders,3.275,Washington Commanders,3.275,1.45,-1.825,Washington Commanders,3.275,0.0,0,No,No,No,No,No,0,No,-5.43,5.41,-1.427,3.85,2.453,-2.832,2.453,-2.832,-4.427,4.403,-0.42400000000000004,2.843,Washington Commanders,5.285,Washington Commanders,5.285,2.453,-2.832,Washington Commanders,5.285,Jacksonville Jaguars,10.84,Jacksonville Jaguars,5.277,-3.4284999999999997,4.63,Jacksonville Jaguars,8.058499999999999,Jacksonville Jaguars,8.829999999999998,Jacksonville Jaguars,3.267,-2.4255,3.6229999999999998,Jacksonville Jaguars,6.0485,Different,Different,Different,Different,Same,Same,False,Home Team,Home Team,48.5,-192.0,160.0,Jacksonville Jaguars,Washington Commanders,-3.5,3.5,-416,314,-191,156,-8.829999999999998,8.829999999999998,-3.267,3.267,0.3846,0.6575,0.2415,0.8062,0.3906,0.6564,0.3691,0.6309,0.2305,0.7695,0.3731,0.6269,0.3691,0.6309,-0.1309,0.1309,,,245,19,2027-01-03,WAS @ JAX,10.0,60.0,0.0,Historical Avg,False,J.Daniels,T.Lawrence,-4.02,-5.0,13.53,183.19,Med-High,-13.0,6.0,54.1,54.0,13.873699379289338,36.0,72.0,0.6216,0.3776,0.0856,0.0854,0.5366,0.4634,0.6522,0.3478,0.6622,0.3376,-196,+196,,,,,,,,No Bet,,No Bet,,No Bet,,No Bet,,No Bet,,No Bet,,No Bet,,No Bet,,No Bet,,,,,,,,,,,,,,nan,,,,,,,,,,,,,,,19,-0.0261,-0.0325,Jacksonville Jaguars,Washington Commanders,0,0,0,0,0,0,0,0,0,0,0,0,0,2.5,2.0,,,40.32284192048404,0.4714186783085159,0.6923093897860045,0.2094221784577439,0.00029814754324268225,5.327633407511789,0.004437377873777841,3.1168639890832166,0.007584778381377513,0.11590829911069651,0.0032090043824227455,0.13212445238899065,0.07729772606875326,0.00011004625821087401,0.00018810128503180825,0.07748582735378508,0.012022156255155354,8.444497396595006,0.20941890393802712,0.00028949855572467083,9.0,11.0
2026_17_KC_LAC,2026,19,2027-01-03,13:00,Kansas City Chiefs,Los Angeles Chargers,Home,,,,,7,7,0,0,-2,-24,SoFi Stadium,33.9535,-118.3395,America/Los_Angeles,False,False,17,17,Sunday,-2,-24,AFC West,GEHA Field at Arrowhead Stadium,39.0489,-94.4839,America/Chicago,AFC West,SoFi Stadium,33.9535,-118.3395,America/Los_Angeles,San Francisco 49ers,Miami Dolphins,GEHA Field at Arrowhead Stadium,Hard Rock Stadium,Las Vegas Raiders,Denver Broncos,GEHA Field at Arrowhead Stadium,Empower Field at Mile High,1366,0,-1366,1366,2.0,0.0,America/Chicago,America/New_York,2.0,3.0,2.0,0.0,2.0,0,4.395,0.935,4.395,0.935,Kansas City Chiefs,3.4599999999999995,Kansas City Chiefs,3.4599999999999995,4.395,0.935,Kansas City Chiefs,3.4599999999999995,-0.15,0,No,No,No,No,No,1,No,-2.17,1.12,0.625,0.527,6.415919999999999,-0.20692000000000016,6.415919999999999,-0.20692000000000016,-0.08158000000000012,-0.08942000000000007,2.67954,-0.6485400000000001,Kansas City Chiefs,6.622839999999999,Kansas City Chiefs,6.622839999999999,6.415919999999999,-0.20692000000000016,Kansas City Chiefs,6.622839999999999,Los Angeles Chargers,3.29,Kansas City Chiefs,0.09799999999999998,-0.7725,0.8235000000000001,Los Angeles Chargers,1.596,Kansas City Chiefs,0.007839999999999944,Kansas City Chiefs,3.32808,1.2989799999999998,-0.3689800000000001,Kansas City Chiefs,1.6679599999999999,Different,Same,Same,Same,Different,Same,False,Away Team,Away Team,45.5,-125.0,105.0,Los Angeles Chargers,Kansas City Chiefs,-1.5,1.5,-110,-110,156,-191,0.007839999999999944,-0.007839999999999944,3.32808,-3.32808,0.4878,0.5556,0.5238,0.5238,0.6564,0.3906,0.4675,0.5325,0.5,0.5,0.6269,0.3731,0.4675,0.5325,-0.0325,0.0325,,,246,19,2027-01-03,KC @ LAC,0.0,70.0,0.0,Dome,True,P.Mahomes,J.Herbert,-4.81,-6.0,13.17,173.5,Medium,-14.0,5.0,42.94,43.0,12.403815645538824,27.0,59.0,0.65,0.3494,0.0846,0.0858,0.632,0.368,0.4014,0.5986,0.5139,0.486,-106,+106,,,,,,,,No Bet,,No Bet,,No Bet,,No Bet,,No Bet,,No Bet,,No Bet,,No Bet,,No Bet,,,,,,,,,,,,,,nan,,,,,,,,,,,,,,,19,0.2664,-0.0261,Los Angeles Chargers,Kansas City Chiefs,0,0,0,0,0,0,0,0,0,0,0,0,1,4.5,2.5,,,40.32284192048404,0.05896114742356025,0.05753070318716338,0.0038446536190633487,0.0002743993436220265,0.08255206926417065,0.005172682433909222,0.07247529085633762,0.005891878922046332,0.016001339903728564,0.006149050089190763,0.002047278052151233,0.0017973755669121157,0.0001282816931432974,0.0001461176504787291,0.0019434932173908448,0.011064561355955554,0.15502736012050827,0.0038439647547243725,0.00027368373522285465,9.0,11.0
2026_17_BUF_MIA,2026,19,2027-01-03,13:00,Buffalo Bills,Miami Dolphins,Home,,,,,9,7,2,-2,14,-6,Hard Rock Stadium,25.9602,-80.2384,America/New_York,False,True,17,17,Sunday,14,-6,AFC East,Highmark Stadium,42.7725,-78.7877,America/New_York,AFC East,Hard Rock Stadium,25.9602,-80.2384,America/New_York,Denver Broncos,Los Angeles Chargers,Empower Field at Mile High,Hard Rock Stadium,New York Jets,New England Patriots,Highmark Stadium,Gillette Stadium,1164,0,-1164,1164,0.0,0.0,America/Denver,America/New_York,-2.0,0.0,0.0,0.0,0.0,0,4.795,0.66,4.795,0.66,Buffalo Bills,4.135,Buffalo Bills,4.135,4.795,0.66,Buffalo Bills,4.135,0.0,0,No,No,No,No,No,1,No,6.16,-5.46,3.416,-3.956,6.00067,1.41133,6.00067,1.41133,7.290820000000001,-4.63382,4.5893,-3.1722999999999995,Buffalo Bills,4.58934,Buffalo Bills,4.58934,6.00067,1.41133,Buffalo Bills,4.58934,Buffalo Bills,11.620000000000001,Buffalo Bills,7.372,4.788,-4.708,Buffalo Bills,9.496,Buffalo Bills,11.92464,Buffalo Bills,7.7616,5.940060000000001,-3.90306,Buffalo Bills,9.84312,Same,Same,Same,Same,Same,Same,False,Away Team,Away Team,47.5,295.0,-370.0,Buffalo Bills,Miami Dolphins,7.5,-7.5,458,-660,282,-366,11.92464,-11.92464,7.7616,-7.7616,0.7872,0.2532,0.8684,0.1792,0.7854,0.2618,0.7567,0.2433,0.8289,0.1711,0.75,0.25,0.7567,0.2433,0.2567,-0.2567,,,247,19,2027-01-03,BUF @ MIA,10.0,68.0,0.0,Historical Avg,False,J.Allen,M.Willis,15.64,16.0,14.19,201.22,High,7.0,25.0,51.12,50.5,13.254129897955217,34.0,68.0,0.1406,0.8586,0.0438,0.0496,0.268,0.732,0.58,0.42,0.2012,0.7986,+397,-397,,,,,,,,No Bet,,No Bet,,No Bet,,No Bet,,No Bet,,No Bet,,No Bet,,No Bet,,No Bet,,,,,,,,,,,,,,nan,,,,,,,,,,,,,,,19,0.2917,-0.3219,Buffalo Bills,Miami Dolphins,0,0,0,0,0,0,0,0,0,0,0,0,1,5.0,0.0,,,40.32284192048404,0.9381634291197402,0.023106487688485,0.0004032299517857087,0.023106487688485,0.0039559065709217035,0.7050319567779761,0.012303471032537828,0.22668729362241516,0.0020162161516219016,0.12590787555201746,9.810584726946292e-05,0.00030512410451624574,0.0174846792338766,0.0056218084546083985,0.005926932559124644,0.9317192504003913,0.01625937760345953,0.00039150951176625845,0.023106487688485,9.0,11.0
2026_17_DEN_NE,2026,19,2027-01-03,13:00,Denver Broncos,New England Patriots,Home,,,,,9,7,2,-2,3,8,Gillette Stadium,42.0628,-71.2687,America/New_York,False,False,17,17,Sunday,3,8,AFC West,Empower Field at Mile High,39.7648,-105.0076,America/Denver,AFC East,Gillette Stadium,42.0628,-71.2687,America/New_York,Buffalo Bills,New York Jets,Empower Field at Mile High,MetLife Stadium,Los Angeles Chargers,Miami Dolphins,Empower Field at Mile High,Gillette Stadium,1756,0,-1756,1756,-2.0,0.0,America/Denver,America/New_York,-2.0,0.0,-2.0,0.0,-2.0,0,2.05,-1.995,2.05,-1.995,Denver Broncos,4.045,Denver Broncos,4.045,2.05,-1.995,Denver Broncos,4.045,-0.3,0,No,No,No,No,No,0,No,-0.48,5.09,3.499,4.222,2.4805,-1.7545000000000002,2.4805,-1.7545000000000002,-0.04949999999999999,5.3305,3.9295,4.4625,Denver Broncos,4.235,Denver Broncos,4.235,2.4805,-1.7545000000000002,Denver Broncos,4.235,New England Patriots,5.57,New England Patriots,0.7230000000000003,1.5095,4.656000000000001,New England Patriots,3.1465000000000005,New England Patriots,5.38,New England Patriots,0.5330000000000004,1.94,4.8965,New England Patriots,2.9564999999999997,Different,Different,Different,Different,Same,Same,False,Home Team,Home Team,42.5,-135.0,114.0,New England Patriots,Denver Broncos,-2.5,2.5,-244,195,-116,-104,-5.38,5.38,-0.5330000000000004,0.5330000000000004,0.4673,0.5745,0.339,0.7093,0.5098,0.537,0.4486,0.5514,0.3234,0.6766,0.487,0.513,0.4486,0.5514,-0.0514,0.0514,,,248,19,2027-01-03,DEN @ NE,15.0,30.0,0.0,Historical Avg,False,B.Nix,D.Maye,-0.27,-1.0,13.58,184.33,Med-High,-10.0,10.0,41.75,41.0,12.911976497322687,25.0,58.0,0.5068,0.4924,0.099,0.0852,0.4718,0.5282,0.4752,0.5248,0.562,0.4378,-128,+128,,,,,,,,No Bet,,No Bet,,No Bet,,No Bet,,No Bet,,No Bet,,No Bet,,No Bet,,No Bet,,,,,,,,,,,,,,nan,,,,,,,,,,,,,,,19,0.0261,0.3219,New England Patriots,Denver Broncos,0,0,0,0,0,0,0,0,0,0,0,0,0,2.5,5.0,,,40.32284192048404,0.16796281949964126,0.0001617489963257331,0.010302412231752085,0.0001617489963257331,0.2290639884570791,0.002925849593444275,0.1863585513635214,0.0035963296161952143,0.024826231707753645,0.007077568423401191,0.0056807501045880995,0.004621662127163985,7.256059975172387e-05,8.918839657400923e-05,0.004710850523737995,0.006522179209639489,0.41542253982060046,0.010300441739350654,0.0001617489963257331,9.0,11.0
2026_17_MIN_NYJ,2026,19,2027-01-03,13:00,Minnesota Vikings,New York Jets,Home,,,,,7,7,0,0,4,-9,MetLife Stadium,40.8136,-74.0744,America/New_York,False,False,17,17,Sunday,4,-9,NFC North,U.S. Bank Stadium,44.9738,-93.2575,America/Chicago,AFC East,MetLife Stadium,40.8136,-74.0744,America/New_York,Washington Commanders,New England Patriots,U.S. Bank Stadium,MetLife Stadium,Chicago Bears,Buffalo Bills,U.S. Bank Stadium,Highmark Stadium,1009,0,-1009,1009,-1.0,0.0,America/Chicago,America/New_York,-1.0,0.0,-1.0,0.0,-1.0,0,0.27,-3.725,0.27,-3.725,Minnesota Vikings,3.995,Minnesota Vikings,3.995,0.27,-3.725,Minnesota Vikings,3.995,0.0,0,No,No,No,No,No,0,No,-0.75,-9.26,2.721,-6.95,1.805,-3.283,1.805,-3.283,0.7849999999999999,-8.818,4.256,-6.508,Minnesota Vikings,5.088,Minnesota Vikings,5.088,1.805,-3.283,Minnesota Vikings,5.088,Minnesota Vikings,8.51,Minnesota Vikings,9.671,0.9855,-8.105,Minnesota Vikings,9.0905,Minnesota Vikings,9.603,Minnesota Vikings,10.764,2.5205,-7.663,Minnesota Vikings,10.1835,Same,Same,Same,Same,Same,Same,False,Away Team,Away Team,39.5,154.0,-185.0,Minnesota Vikings,New York Jets,3.5,-3.5,327,-436,406,-567,9.603,-9.603,10.764,-10.764,0.6491,0.3937,0.8134,0.2342,0.8501,0.1976,0.6225,0.3775,0.7765,0.2235,0.8114,0.1886,0.6225,0.3775,0.1225,-0.1225,,,249,19,2027-01-03,MIN @ NYJ,15.0,34.0,0.0,Historical Avg,False,K.Murray,G.Smith,16.2,17.0,12.31,151.63,Low,8.0,24.0,43.68,43.0,12.269623781255344,29.0,59.0,0.0888,0.9108,0.0468,0.0568,0.141,0.859,0.6258,0.3742,0.2196,0.7803,+355,-355,,,,,,,,No Bet,,No Bet,,No Bet,,No Bet,,No Bet,,No Bet,,No Bet,,No Bet,,No Bet,,,,,,,,,,,,,,nan,,,,,,,,,,,,,,,19,0.0325,-0.2917,Minnesota Vikings,New York Jets,0,0,0,0,0,0,0,0,0,0,0,0,0,3.0,0.0,,,40.32284192048404,0.9325749266225942,0.5034272335224348,0.0021890968568954493,0.1378186754166225,0.03332215395723193,3.459382312415568,0.05494845255199174,2.0978583500994,0.003619838869870468,0.05822976696044017,0.0008263840634780321,0.0013627127934174171,0.0857921254468475,0.05202654996977499,0.053389262763192405,5.557240662514968,0.08827060650922366,0.0021774685842065565,0.13781410591881305,9.0,11.0
2026_17_LA_TB,2026,19,2027-01-03,13:00,Los Angeles Rams,Tampa Bay Buccaneers,Home,,,,,9,7,2,-2,-6,-2,Raymond James Stadium,27.9759,-82.5033,America/New_York,False,True,17,17,Sunday,-6,-2,NFC West,SoFi Stadium,33.9535,-118.3395,America/Los_Angeles,NFC South,Raymond James Stadium,27.9759,-82.5033,America/New_York,Seattle Seahawks,Atlanta Falcons,Lumen Field,Mercedes-Benz Stadium,Seattle Seahawks,New Orleans Saints,SoFi Stadium,Caesars Superdome,2150,0,-2150,2150,-3.0,0.0,America/Los_Angeles,America/New_York,-3.0,0.0,-3.0,0.0,-3.0,0,1.29,1.025,1.29,1.025,Los Angeles Rams,0.2650000000000001,Los Angeles Rams,0.2650000000000001,1.29,1.025,Los Angeles Rams,0.2650000000000001,-0.44999999999999996,0,No,No,No,No,No,0,No,8.12,-1.4,7.087,-2.096,1.177,-1.0915000000000001,1.177,-1.0915000000000001,8.007,-3.5164999999999997,6.974,-4.2125,Los Angeles Rams,2.2685000000000004,Los Angeles Rams,2.2685000000000004,1.177,-1.0915000000000001,Los Angeles Rams,2.2685000000000004,Los Angeles Rams,9.52,Los Angeles Rams,9.183,7.6034999999999995,-1.748,Los Angeles Rams,9.3515,Los Angeles Rams,11.523499999999999,Los Angeles Rams,11.1865,7.4905,-3.8645,Los Angeles Rams,11.355,Same,Same,Same,Same,Same,Same,False,Away Team,Away Team,48.5,180.0,-217.0,Los Angeles Rams,Tampa Bay Buccaneers,4.5,-4.5,450,-646,406,-567,11.523499999999999,-11.523499999999999,11.1865,-11.1865,0.6845,0.3571,0.866,0.1818,0.8501,0.1976,0.6571,0.3429,0.8265,0.1735,0.8114,0.1886,0.6571,0.3429,0.1571,-0.1571,,,250,19,2027-01-03,LA @ TB,10.0,68.0,0.0,Historical Avg,False,M.Stafford,B.Mayfield,12.2,12.0,13.64,185.96,Med-High,3.0,21.0,58.72,58.0,13.894053402228911,41.0,77.0,0.1824,0.8164,0.0638,0.0648,0.2722,0.7278,0.7676,0.2324,0.2218,0.7778,+351,-350,,,,,,,,No Bet,,No Bet,,No Bet,,No Bet,,No Bet,,No Bet,,No Bet,,No Bet,,No Bet,,,,,,,,,,,,,,nan,,,,,,,,,,,,,,,19,0.0824,0.0325,Los Angeles Rams,Tampa Bay Buccaneers,0,0,0,0,0,0,0,0,0,0,0,0,0,3.0,3.0,,,40.32284192048404,0.6294211315468138,0.0,0.00027830343870118354,0.0,0.003848018850127038,0.0,0.007373966714547906,0.0,0.003232949526493249,0.08677725783776129,9.543024913063584e-05,0.0001828731895705477,0.0,0.0,0.0001828731895705477,0.0,0.011221985564674944,0.0002704402016102396,0.0,9.0,11.0
2026_17_PIT_TEN,2026,19,2027-01-03,13:00,Pittsburgh Steelers,Tennessee Titans,Home,,,,,7,7,0,0,-3,5,Nissan Stadium,36.1664,-86.7716,America/Chicago,False,False,17,17,Sunday,-3,5,AFC North,Acrisure Stadium,40.4468,-80.0158,America/New_York,AFC South,Nissan Stadium,36.1664,-86.7716,America/Chicago,Carolina Panthers,Las Vegas Raiders,Acrisure Stadium,Allegiant Stadium,Baltimore Ravens,Houston Texans,M&T Bank Stadium,NRG Stadium,470,0,-470,470,1.0,0.0,America/New_York,America/Los_Angeles,1.0,-2.0,1.0,0.0,1.0,0,-0.565,-4.36,-0.565,-4.36,Pittsburgh Steelers,3.7950000000000004,Pittsburgh Steelers,3.7950000000000004,-0.565,-4.36,Pittsburgh Steelers,3.7950000000000004,0.0,0,No,No,No,No,No,0,No,0.59,-8.19,0.538,-8.36,-1.849,-5.776,-1.849,-5.776,-0.6940000000000002,-9.606,-0.7460000000000001,-9.776,Pittsburgh Steelers,3.9269999999999996,Pittsburgh Steelers,3.9269999999999996,-1.849,-5.776,Pittsburgh Steelers,3.9269999999999996,Pittsburgh Steelers,8.78,Pittsburgh Steelers,8.898,0.5640000000000001,-8.274999999999999,Pittsburgh Steelers,8.838999999999999,Pittsburgh Steelers,8.911999999999999,Pittsburgh Steelers,9.03,-0.7200000000000002,-9.690999999999999,Pittsburgh Steelers,8.970999999999998,Same,Same,Same,Same,Same,Same,False,Away Team,Away Team,42.5,102.0,-122.0,Pittsburgh Steelers,Tennessee Titans,1.5,-1.5,314,-416,314,-416,8.911999999999999,-8.911999999999999,9.03,-9.03,0.5495,0.495,0.8062,0.2415,0.8062,0.2415,0.5261,0.4739,0.7695,0.2305,0.7695,0.2305,0.5261,0.4739,0.0261,-0.0261,,,251,19,2027-01-03,PIT @ TEN,10.0,40.0,0.0,Historical Avg,False,A.Rodgers,C.Ward,14.17,14.0,12.88,166.02,Med-Low,6.0,23.0,47.92,47.0,12.583626150256446,32.0,64.0,0.1296,0.8694,0.0612,0.058,0.1476,0.8524,0.6644,0.3356,0.2661,0.7336,+276,-275,,,,,,,,No Bet,,No Bet,,No Bet,,No Bet,,No Bet,,No Bet,,No Bet,,No Bet,,No Bet,,,,,,,,,,,,,,nan,,,,,,,,,,,,,,,19,-0.175,-0.2143,Pittsburgh Steelers,Tennessee Titans,0,0,0,0,0,0,0,0,0,0,0,0,0,1.0,1.0,,,40.32284192048404,0.9540588881663208,0.6196696705406203,0.004387750956204524,0.0402314427318413,0.08384551014489382,0.8534636761083078,0.09308107804859388,0.7687824294007356,0.014155783259275296,0.020702077021518307,0.0020793551781453238,0.0023083957780592,0.02116576202122171,0.019065680710619592,0.02137407648867879,1.6222461055090434,0.1769265881934877,0.004375881649305222,0.040224200719437664,9.0,11.0
2026_17_LV_ARI,2026,19,2027-01-03,16:05,Las Vegas Raiders,Arizona Cardinals,Home,,,,,7,7,0,0,-13,1,State Farm Stadium,33.5277,-112.262608,America/Denver,False,False,17,17,Sunday,-13,1,AFC West,Allegiant Stadium,36.108,-115.1578,America/Los_Angeles,NFC West,State Farm Stadium,33.5277,-112.262608,America/Denver,Tennessee Titans,New Orleans Saints,Allegiant Stadium,Caesars Superdome,Kansas City Chiefs,San Francisco 49ers,GEHA Field at Arrowhead Stadium,State Farm Stadium,242,0,-242,242,-1.0,0.0,America/Los_Angeles,America/Chicago,-1.0,1.0,-1.0,0.0,-1.0,0,-2.35,0.075,-2.35,0.075,Arizona Cardinals,2.4250000000000003,Arizona Cardinals,2.4250000000000003,-2.35,0.075,Arizona Cardinals,2.4250000000000003,0.0,0,No,No,No,No,No,0,No,-8.15,-4.4,-7.588,-3.837,-3.1035000000000004,-0.7925,-3.1035000000000004,-0.7925,-8.9035,-5.2675,-8.3415,-4.7045,Arizona Cardinals,2.3110000000000004,Arizona Cardinals,2.3110000000000004,-3.1035000000000004,-0.7925,Arizona Cardinals,2.3110000000000004,Arizona Cardinals,3.75,Arizona Cardinals,3.751,-7.869,-4.1185,Arizona Cardinals,3.7504999999999997,Arizona Cardinals,3.6359999999999992,Arizona Cardinals,3.6369999999999996,-8.622499999999999,-4.986000000000001,Arizona Cardinals,3.636499999999998,Same,Same,Same,Same,Same,Same,False,Home Team,Home Team,42.5,110.0,-130.0,Las Vegas Raiders,Arizona Cardinals,1.5,-1.5,-191,156,-191,156,-3.6359999999999992,3.6359999999999992,-3.6369999999999996,3.6369999999999996,0.5652,0.4762,0.3906,0.6564,0.3906,0.6564,0.5427,0.4573,0.3731,0.6269,0.3731,0.6269,0.5427,0.4573,0.0427,-0.0427,,,252,19,2027-01-03,LV @ ARI,0.0,70.0,0.0,Dome,True,K.Cousins,J.Brissett,-0.44,-1.0,12.73,161.95,Med-Low,-10.0,9.0,41.0,40.0,12.274279267896313,26.0,57.0,0.5112,0.4884,0.1006,0.0888,0.535,0.465,0.439,0.561,0.5556,0.4443,-125,+125,,,,,,,,No Bet,,No Bet,,No Bet,,No Bet,,No Bet,,No Bet,,No Bet,,No Bet,,No Bet,,,,,,,,,,,,,,nan,,,,,,,,,,,,,,,19,-0.2664,-0.2721,Las Vegas Raiders,Arizona Cardinals,0,0,0,0,0,0,0,0,0,0,0,0,0,0.5,0.5,,,40.32284192048404,0.9963852543662278,0.9387566955130463,0.009189456280171633,0.1682416365793982,0.16945022526257209,3.681666443240516,0.20109476765798792,3.102314472994082,0.010696372068884446,0.05756935647797417,0.004202338356922487,0.004987117923249146,0.0913047361716394,0.0769369004077588,0.08192401833100794,6.783980916234598,0.37054499292056003,0.009177117977533936,0.16823200642497244,9.0,11.0
2026_17_DET_CHI,2026,19,2027-01-03,16:25,Detroit Lions,Chicago Bears,Home,,,,,6,9,-3,3,0,15,Soldier Field,41.8623,-87.6167,America/Chicago,False,False,17,17,Sunday,0,15,NFC North,Ford Field,42.3395,-83.045,America/Detroit,NFC North,Soldier Field,41.8623,-87.6167,America/Chicago,New York Giants,Green Bay Packers,Ford Field,Soldier Field,Green Bay Packers,Minnesota Vikings,Lambeau Field,U.S. Bank Stadium,236,0,-236,236,1.0,0.0,America/Detroit,America/Chicago,1.0,0.0,1.0,0.0,1.0,0,4.305,-1.575,4.305,-1.575,Detroit Lions,5.88,Detroit Lions,5.88,4.305,-1.575,Detroit Lions,5.88,0.0,0,No,No,No,No,Yes,1,No,3.98,0.9,3.658,1.647,4.885495,-0.35799500000000006,4.885495,-0.35799500000000006,4.588495,2.089005,4.277185,2.825315,Detroit Lions,5.2434899999999995,Detroit Lions,5.2434899999999995,4.885495,-0.35799500000000006,Detroit Lions,5.2434899999999995,Detroit Lions,3.08,Detroit Lions,2.011,3.819,1.2735,Detroit Lions,2.5454999999999997,Detroit Lions,2.49949,Detroit Lions,1.4518700000000004,4.432840000000001,2.45716,Detroit Lions,1.9756800000000005,Same,Same,Same,Same,Same,Same,False,Away Team,Away Team,49.5,-122.0,102.0,Chicago Bears,Detroit Lions,-1.5,1.5,117,-142,105,-128,2.49949,-2.49949,1.4518700000000004,-1.4518700000000004,0.495,0.5495,0.5868,0.4608,0.5614,0.4878,0.4739,0.5261,0.5601,0.4399,0.5351,0.4649,0.4739,0.5261,-0.0261,0.0261,,,253,19,2027-01-03,DET @ CHI,18.0,26.0,0.0,Historical Avg,False,J.Goff,C.Williams,4.91,6.0,13.92,193.79,Med-High,-5.0,14.0,45.88,45.0,13.628013228233593,29.0,64.0,0.3618,0.6376,0.0856,0.0912,0.3436,0.6564,0.374,0.626,0.4482,0.5517,+123,-123,,,,,,,,No Bet,,No Bet,,No Bet,,No Bet,,No Bet,,No Bet,,No Bet,,No Bet,,No Bet,,,,,,,,,,,,,,nan,,,,,,,,,,,,,,,19,-0.0514,-0.0325,Chicago Bears,Detroit Lions,0,0,0,0,0,0,0,0,0,0,0,0,1,2.0,2.0,,,40.32284192048404,0.0,0.0013701367903879774,0.0,0.0013701367903879774,0.0,0.02618193678379147,0.0,0.029065872424462316,0.010497100368989478,0.0064046512460837176,0.0,0.0,0.0006493078249648625,0.0007208289654231149,0.0007208289654231149,0.055247809208253784,0.0,0.0,0.0013701367903879774,9.0,11.0
2026_17_PHI_SF,2026,19,2027-01-03,20:20,Philadelphia Eagles,San Francisco 49ers,Home,,,,,10,7,3,-3,-15,0,Levi's Stadium,37.4031,-121.9702,America/Los_Angeles,False,False,17,17,Sunday,-15,0,NFC East,Lincoln Financial Field,39.9008,-75.1675,America/New_York,NFC West,Levi's Stadium,37.4031,-121.9702,America/Los_Angeles,Houston Texans,Kansas City Chiefs,Lincoln Financial Field,GEHA Field at Arrowhead Stadium,New York Giants,Arizona Cardinals,MetLife Stadium,State Farm Stadium,2501,0,-2501,2501,3.0,0.0,America/New_York,America/Chicago,3.0,2.0,3.0,0.0,3.0,0,4.905,3.325,4.905,3.325,Philadelphia Eagles,1.58,Philadelphia Eagles,1.58,4.905,3.325,Philadelphia Eagles,1.58,-0.22499999999999998,0,No,No,No,No,No,0,No,5.52,3.57,3.682,2.606,3.008,1.4405000000000001,3.008,1.4405000000000001,3.6229999999999993,1.6854999999999998,1.785,0.7214999999999998,Philadelphia Eagles,1.5675,Philadelphia Eagles,1.5675,3.008,1.4405000000000001,Philadelphia Eagles,1.5675,Philadelphia Eagles,1.9499999999999997,Philadelphia Eagles,1.076,4.601,3.088,Philadelphia Eagles,1.513,Philadelphia Eagles,1.9374999999999996,Philadelphia Eagles,1.0635000000000001,2.7039999999999997,1.2034999999999998,Philadelphia Eagles,1.5005,Same,Same,Same,Same,Same,Same,False,Away Team,Away Team,45.5,-125.0,105.0,San Francisco 49ers,Philadelphia Eagles,-1.5,1.5,108,-131,101,-122,1.9374999999999996,-1.9374999999999996,1.0635000000000001,-1.0635000000000001,0.4878,0.5556,0.5671,0.4808,0.5495,0.4975,0.4675,0.5325,0.5412,0.4588,0.5248,0.4752,0.4675,0.5325,-0.0325,0.0325,,,254,19,2027-01-03,PHI @ SF,8.0,55.0,0.0,Historical Avg,False,J.Hurts,B.Purdy,0.78,1.0,13.28,176.44,Medium,-9.0,10.0,52.96,53.0,13.593205085074564,36.0,71.0,0.4832,0.516,0.1014,0.086,0.463,0.537,0.6998,0.3002,0.4874,0.5124,+105,-105,,,,,,,,No Bet,,No Bet,,No Bet,,No Bet,,No Bet,,No Bet,,No Bet,,No Bet,,No Bet,,,,,,,,,,,,,,nan,,,,,,,,,,,,,,,19,0.0824,0.2721,San Francisco 49ers,Philadelphia Eagles,0,0,0,0,0,0,0,0,0,0,0,0,0,3.0,4.5,,,40.32284192048404,0.17482895325966966,0.0,0.0035380530387105766,0.0,0.07596876817815937,0.0,0.06669558520805541,0.0,0.009921765695556651,0.005338515512940397,0.001884013243113382,0.0016540397955971946,0.0,0.0,0.0016540397955971946,0.0,0.14266435338621478,0.0035359121878579826,0.0,9.0,11.0
2026_17_HOU_GB,2026,19,2027-01-04,20:15,Houston Texans,Green Bay Packers,Home,,,,,11,10,1,-1,9,-1,Lambeau Field,44.5013,-88.0622,America/Chicago,False,True,17,17,Monday,9,-1,AFC South,NRG Stadium,29.6847,-95.4093,America/Chicago,NFC North,Lambeau Field,44.5013,-88.0622,America/Chicago,Philadelphia Eagles,Chicago Bears,Lincoln Financial Field,Soldier Field,Tennessee Titans,Detroit Lions,NRG Stadium,Lambeau Field,1099,0,-1099,1099,0.0,0.0,America/New_York,America/Chicago,1.0,0.0,0.0,0.0,0.0,0,0.035,3.535,0.035,3.535,Green Bay Packers,3.5,Green Bay Packers,3.5,0.035,3.535,Green Bay Packers,3.5,0.0,0,No,No,No,No,No,0,No,2.96,5.09,5.008,2.933,0.8035000000000001,3.6995,0.8035000000000001,3.6995,3.7285000000000004,5.2545,5.7765,3.0974999999999997,Green Bay Packers,2.896,Green Bay Packers,2.896,0.8035000000000001,3.6995,Green Bay Packers,2.896,Green Bay Packers,2.13,Houston Texans,2.075,3.984,4.0115,Green Bay Packers,0.027499999999999858,Green Bay Packers,1.5259999999999998,Houston Texans,2.6790000000000007,4.7525,4.176,Houston Texans,0.5765000000000002,Same,Different,Same,Different,Same,Same,False,Home Team,Away Team,42.5,-135.0,114.0,Green Bay Packers,Houston Texans,-2.5,2.5,-128,105,117,-142,-1.5259999999999998,1.5259999999999998,2.6790000000000007,-2.6790000000000007,0.4673,0.5745,0.4878,0.5614,0.5868,0.4608,0.4486,0.5514,0.4649,0.5351,0.5601,0.4399,0.4486,0.5514,-0.0514,0.0514,,,255,19,2027-01-04,HOU @ GB,15.0,20.0,0.0,Historical Avg,False,C.Stroud,J.Love,-3.95,-5.0,12.98,168.36,Med-Low,-13.0,5.0,46.56,46.0,13.411761297764796,30.0,64.0,0.6202,0.3782,0.0938,0.094,0.5828,0.4172,0.611,0.389,0.5366,0.463,-116,+116,,,,,,,,No Bet,,No Bet,,No Bet,,No Bet,,No Bet,,No Bet,,No Bet,,No Bet,,No Bet,,,,,,,,,,,,,,nan,,,,,,,,,,,,,,,19,0.2143,0.0514,Green Bay Packers,Houston Texans,0,0,0,0,0,0,0,0,0,0,0,0,0,4.0,3.0,,,40.32284192048404,0.0,0.41478939705336204,0.0,0.00030864331905832234,0.0,0.00558299556782113,0.0,0.006862380196381121,0.03031263701853951,0.004560715291525514,0.0,0.0,0.0001384573929295634,0.00017018592612875894,0.00017018592612875894,0.01244537576420225,0.0,0.0,0.00030346300023303025,9.0,11.0
2026_18_SF_ARI,2026,20,2027-01-10,13:00,San Francisco 49ers,Arizona Cardinals,Home,,,,,7,7,0,0,0,1,State Farm Stadium,33.5277,-112.262608,America/Denver,False,False,18,18,Sunday,0,1,NFC West,Levi's Stadium,37.4031,-121.9702,America/Los_Angeles,NFC West,State Farm Stadium,33.5277,-112.262608,America/Denver,Philadelphia Eagles,Las Vegas Raiders,Levi's Stadium,State Farm Stadium,Playoffs?,Playoffs?,Playoffs?,Playoffs?,608,0,-608,608,-1.0,0.0,America/Los_Angeles,America/Denver,-1.0,0.0,-1.0,0.0,-1.0,0,3.325,0.075,3.325,0.075,San Francisco 49ers,3.25,San Francisco 49ers,3.25,3.325,0.075,San Francisco 49ers,3.25,0.0,0,No,No,No,No,No,1,No,3.57,-4.4,2.606,-3.837,4.85248,-0.73548,4.85248,-0.73548,5.05028,-5.16328,4.1015500000000005,-4.615550000000001,San Francisco 49ers,5.58796,San Francisco 49ers,5.58796,4.85248,-0.73548,San Francisco 49ers,5.58796,San Francisco 49ers,7.970000000000001,San Francisco 49ers,6.443,3.088,-4.1185,San Francisco 49ers,7.2065,San Francisco 49ers,10.213560000000001,San Francisco 49ers,8.717100000000002,4.575915,-4.8894150000000005,San Francisco 49ers,9.465330000000002,Same,Same,Same,Same,Same,Same,False,Away Team,Away Team,44.5,320.0,-417.0,San Francisco 49ers,Arizona Cardinals,8.5,-8.5,356,-483,302,-397,10.213560000000001,-10.213560000000001,8.717100000000002,-8.717100000000002,0.8066,0.2381,0.8285,0.2193,0.7988,0.2488,0.7721,0.2279,0.7907,0.2093,0.7625,0.2375,0.7721,0.2279,0.2721,-0.2721,,,256,20,2027-01-10,SF @ ARI,0.0,70.0,0.0,Dome,True,B.Purdy,J.Brissett,10.31,10.0,12.33,152.14,Low,3.0,18.0,55.9,55.0,13.453955404385905,39.0,73.10000000000036,0.1934,0.805,0.0682,0.0694,0.4234,0.5766,0.792,0.208,0.217,0.7826,+361,-360,,,,,,,,No Bet,,No Bet,,No Bet,,No Bet,,No Bet,,No Bet,,No Bet,,No Bet,,No Bet,,,,,,,,,,,,,,nan,,,,,,,,,,,,,,,20,0.0,0.0,San Francisco 49ers,Arizona Cardinals,0,0,0,0,0,0,0,0,0,0,0,0,1,0.0,0.0,,,23.624373840047667,0.9892125679530402,0.17161325879544737,0.0007175496080127644,0.17161325879544737,0.0038632833569530443,3.130290889044777,0.013088376831520166,0.9239648926477201,0.0023127867153510846,0.1200363886582448,0.000163529555666109,0.0005540200523466555,0.1325025971159649,0.03911066167948246,0.03966468173182912,4.054255781692497,0.01695166018847321,0.0,0.17161325879544737,7.0,2.0
2026_18_PIT_BAL,2026,20,2027-01-10,13:00,Pittsburgh Steelers,Baltimore Ravens,Home,,,,,7,10,-3,3,-6,-3,M&T Bank Stadium,39.2789,-76.6228,America/New_York,False,True,18,18,Sunday,-6,-3,AFC North,Acrisure Stadium,40.4468,-80.0158,America/New_York,AFC North,M&T Bank Stadium,39.2789,-76.6228,America/New_York,Tennessee Titans,Cincinnati Bengals,Nissan Stadium,Paycor Stadium,Playoffs?,Playoffs?,Playoffs?,Playoffs?,197,0,-197,197,0.0,0.0,America/Chicago,America/New_York,-1.0,0.0,0.0,0.0,0.0,0,-0.565,6.69,-0.565,6.69,Baltimore Ravens,7.255000000000001,Baltimore Ravens,7.255000000000001,-0.565,6.69,Baltimore Ravens,7.255000000000001,0.0,0,No,No,No,No,No,1,No,0.59,5.1,0.538,2.881,-2.206645,6.844144999999999,-2.206645,6.844144999999999,-1.0790950000000001,5.281594999999999,-1.1527650000000003,3.084265,Baltimore Ravens,9.05079,Baltimore Ravens,9.05079,-2.206645,6.844144999999999,Baltimore Ravens,9.05079,Baltimore Ravens,4.51,Baltimore Ravens,2.343,0.5640000000000001,3.9905,Baltimore Ravens,3.4265,Baltimore Ravens,6.36069,Baltimore Ravens,4.23703,-1.11593,4.18293,Baltimore Ravens,5.2988599999999995,Same,Same,Same,Same,Same,Same,False,Home Team,Home Team,43.5,-238.0,195.0,Baltimore Ravens,Pittsburgh Steelers,-5.5,5.5,-282,224,-211,171,-6.36069,6.36069,-4.23703,4.23703,0.339,0.7041,0.3086,0.7382,0.369,0.6785,0.325,0.675,0.2948,0.7052,0.3523,0.6477,0.325,0.675,-0.175,0.175,,,257,20,2027-01-10,PIT @ BAL,12.0,35.0,0.0,Historical Avg,False,A.Rodgers,L.Jackson,-6.55,-7.0,13.41,179.88,Medium,-16.0,3.0,50.69,50.0,13.290427256161868,34.0,68.0,0.6848,0.314,0.0804,0.078,0.5624,0.4376,0.6906,0.3094,0.6782,0.3215,-211,+211,,,,,,,,No Bet,,No Bet,,No Bet,,No Bet,,No Bet,,No Bet,,No Bet,,No Bet,,No Bet,,,,,,,,,,,,,,nan,,,,,,,,,,,,,,,20,0.0,0.0,Baltimore Ravens,Pittsburgh Steelers,0,0,0,0,0,0,0,0,0,0,0,0,1,0.0,0.0,,,23.624373840047667,0.12310360017344653,0.5835432664341322,0.06029903272460821,0.0004288228029796553,0.9615556516136035,0.0032924678178367574,0.46297123966580894,0.006838202390891727,0.05120717049657589,0.005378313041463468,0.040701847089110545,0.019597185635497665,0.00013936741096838798,0.0002894553920112673,0.019886641027508933,0.010130670208728484,1.4245268912794125,0.060253442820847464,5.539394678177808e-06,7.0,2.0
2026_18_NYJ_BUF,2026,20,2027-01-10,13:00,New York Jets,Buffalo Bills,Home,,,,,7,7,0,0,-9,14,Highmark Stadium,42.7725,-78.7877,America/New_York,False,False,18,18,Sunday,-9,14,AFC East,MetLife Stadium,40.8136,-74.0744,America/New_York,AFC East,Highmark Stadium,42.7725,-78.7877,America/New_York,Minnesota Vikings,Miami Dolphins,MetLife Stadium,Hard Rock Stadium,Playoffs?,Playoffs?,Playoffs?,Playoffs?,278,0,-278,278,0.0,0.0,America/New_York,America/New_York,0.0,0.0,0.0,0.0,0.0,0,-3.725,4.795,-3.725,4.795,Buffalo Bills,8.52,Buffalo Bills,8.52,-3.725,4.795,Buffalo Bills,8.52,0.0,0,No,No,No,No,No,1,No,-9.26,6.16,-6.95,3.416,-4.9654050000000005,4.990905000000001,-4.9654050000000005,4.990905000000001,-10.431404999999998,6.286905000000001,-8.171945,3.593445,Buffalo Bills,9.956310000000002,Buffalo Bills,9.956310000000002,-4.9654050000000005,4.990905000000001,Buffalo Bills,9.956310000000002,Buffalo Bills,15.42,Buffalo Bills,10.366,-8.105,4.788,Buffalo Bills,12.893,Buffalo Bills,16.71831,Buffalo Bills,11.76539,-9.301675,4.940175,Buffalo Bills,14.24185,Same,Same,Same,Same,Same,Same,False,Home Team,Home Team,43.5,-476.0,360.0,Buffalo Bills,New York Jets,-10.0,10.0,-1267,728,-660,458,-16.71831,16.71831,-11.76539,11.76539,0.2174,0.8264,0.1208,0.9268,0.1792,0.8684,0.2083,0.7917,0.1153,0.8847,0.1711,0.8289,0.2083,0.7917,-0.2917,0.2917,,,258,20,2027-01-10,NYJ @ BUF,20.0,25.0,0.0,Historical Avg,False,G.Smith,J.Allen,-14.2,-14.0,12.81,163.97,Med-Low,-23.0,-7.0,41.77,41.0,12.412875851203035,26.0,58.0,0.8662,0.1332,0.0528,0.0578,0.6188,0.3344,0.4324,0.5676,0.8429,0.157,-537,+537,,,,,,,,No Bet,,No Bet,,No Bet,,No Bet,,No Bet,,No Bet,,No Bet,,No Bet,,No Bet,,,,,,,,,,,,,,nan,,,,,,,,,,,,,,,20,0.0,0.0,Buffalo Bills,New York Jets,0,0,0,0,0,0,0,0,0,0,0,0,1,0.0,0.0,,,23.624373840047667,0.0,0.931164427695391,0.0,0.0007145372515921668,0.0,0.0035162071406310137,0.0,0.013364288013622529,0.08544450473656716,0.004913163821994332,0.0,0.0,0.00014883810950664836,0.0005656991420855185,0.0005656991420855185,0.016880495154253543,0.0,0.0,3.912266500046103e-05,7.0,2.0
2026_18_ATL_CAR,2026,20,2027-01-10,13:00,Atlanta Falcons,Carolina Panthers,Home,,,,,7,7,0,0,7,8,Bank of America Stadium,35.2258,-80.8528,America/New_York,False,False,18,18,Sunday,7,8,NFC South,Mercedes-Benz Stadium,33.7489,-84.388,America/New_York,NFC South,Bank of America Stadium,35.2258,-80.8528,America/New_York,New Orleans Saints,Seattle Seahawks,Mercedes-Benz Stadium,Bank of America Stadium,Playoffs?,Playoffs?,Playoffs?,Playoffs?,226,0,-226,226,0.0,0.0,America/New_York,America/New_York,0.0,0.0,0.0,0.0,0.0,0,-0.71,-5.25,-0.71,-5.25,Atlanta Falcons,4.54,Atlanta Falcons,4.54,-0.71,-5.25,Atlanta Falcons,4.54,0.0,0,No,No,No,No,No,1,No,-0.79,-3.79,-0.101,-4.367,0.266125,-6.385625,0.266125,-6.385625,0.20152499999999995,-4.941025,0.8778649999999999,-5.505365,Atlanta Falcons,6.65175,Atlanta Falcons,6.65175,0.266125,-6.385625,Atlanta Falcons,6.65175,Atlanta Falcons,3.0,Atlanta Falcons,4.266,-0.4455,-4.0785,Atlanta Falcons,3.633,Atlanta Falcons,5.14255,Atlanta Falcons,6.38323,0.5396949999999999,-5.2231950000000005,Atlanta Falcons,5.7628900000000005,Same,Same,Same,Same,Same,Same,False,Away Team,Away Team,41.5,-135.0,114.0,Carolina Panthers,Atlanta Falcons,-2.5,2.5,188,-234,224,-282,5.14255,-5.14255,6.38323,-6.38323,0.4673,0.5745,0.7006,0.3472,0.7382,0.3086,0.4486,0.5514,0.6686,0.3314,0.7052,0.2948,0.4486,0.5514,-0.0514,0.0514,,,259,20,2027-01-10,ATL @ CAR,8.0,45.0,0.0,Historical Avg,False,M.Penix,B.Young,10.63,11.0,13.33,177.7,Medium,3.0,20.0,46.9,47.0,12.9227309186131,30.0,64.0,0.2064,0.793,0.0672,0.0718,0.1808,0.8192,0.6502,0.3498,0.346,0.6538,+189,-189,,,,,,,,No Bet,,No Bet,,No Bet,,No Bet,,No Bet,,No Bet,,No Bet,,No Bet,,No Bet,,,,,,,,,,,,,,nan,,,,,,,,,,,,,,,20,0.0,0.0,Carolina Panthers,Atlanta Falcons,0,0,0,0,0,0,0,0,0,0,0,0,1,0.0,0.0,,,23.624373840047667,0.9434840167788265,0.8634429432955657,0.12156101857118397,0.0016064968264377737,1.5835121450323886,0.0170254832460364,1.2882908020702384,0.02092699835457974,0.043582988284053534,0.0064852866795520655,0.06702874564015084,0.05453227293103313,0.0007206744763399853,0.0008858223500977884,0.05541809528113092,0.037952481600616136,2.871802947102627,0.12096438377360251,0.0009808888133894119,7.0,2.0
2026_18_CLE_CIN,2026,20,2027-01-10,13:00,Cleveland Browns,Cincinnati Bengals,Home,,,,,7,10,-3,3,0,-4,Paycor Stadium,39.0955,-84.5165,America/New_York,False,False,18,18,Sunday,0,-4,AFC North,FirstEnergy Stadium,41.5061,-81.6994,America/New_York,AFC North,Paycor Stadium,39.0955,-84.5165,America/New_York,Indianapolis Colts,Baltimore Ravens,FirstEnergy Stadium,Paycor Stadium,Playoffs?,Playoffs?,Playoffs?,Playoffs?,223,0,-223,223,0.0,0.0,America/New_York,America/New_York,0.0,0.0,0.0,0.0,0.0,0,-4.705,1.31,-4.705,1.31,Cincinnati Bengals,6.015000000000001,Cincinnati Bengals,6.015000000000001,-4.705,1.31,Cincinnati Bengals,6.015000000000001,0.0,0,No,No,No,No,No,1,No,-6.94,-0.04,-7.475,-0.609,-4.99353,2.8435300000000003,-4.99353,2.8435300000000003,-7.21968,1.48468,-7.75502,0.91602,Cincinnati Bengals,7.83706,Cincinnati Bengals,7.83706,-4.99353,2.8435300000000003,Cincinnati Bengals,7.83706,Cincinnati Bengals,6.9,Cincinnati Bengals,6.866,-7.2075,-0.3245,Cincinnati Bengals,6.882999999999999,Cincinnati Bengals,8.704360000000001,Cincinnati Bengals,8.67104,-7.48735,1.20035,Cincinnati Bengals,8.6877,Same,Same,Same,Same,Same,Same,False,Home Team,Home Team,43.5,-357.0,280.0,Cincinnati Bengals,Cleveland Browns,-7.5,7.5,-397,302,-397,302,-8.704360000000001,8.704360000000001,-8.67104,8.67104,0.2632,0.7812,0.2488,0.7988,0.2488,0.7988,0.252,0.748,0.2375,0.7625,0.2375,0.7625,0.252,0.748,-0.248,0.248,,,260,20,2027-01-10,CLE @ CIN,12.0,34.0,0.0,Historical Avg,False,S.Sanders,J.Burrow,-12.71,-13.0,13.4,179.66,Medium,-21.0,-4.0,43.55,43.0,12.61512407037926,28.0,60.0,0.827,0.1722,0.0602,0.057,0.6564,0.3436,0.475,0.525,0.775,0.2248,-344,+345,,,,,,,,No Bet,,No Bet,,No Bet,,No Bet,,No Bet,,No Bet,,No Bet,,No Bet,,No Bet,,,,,,,,,,,,,,nan,,,,,,,,,,,,,,,20,0.0,0.0,Cincinnati Bengals,Cleveland Browns,0,0,0,0,0,0,0,0,0,0,0,0,1,0.0,0.0,,,23.624373840047667,0.43502733825443124,0.916077578989577,0.26363998881002343,0.000703593635704425,4.658790581815815,0.004188733688502631,1.5695390730181622,0.012433225392857017,0.14367788616736799,0.003261925481206405,0.19720271162989753,0.0664372771801259,0.0001773055961975151,0.00052628803950691,0.06696356521963281,0.016621959081359647,6.228329654833977,0.26351557854681534,3.912266500046103e-05,7.0,2.0
2026_18_LAC_DEN,2026,20,2027-01-10,13:00,Los Angeles Chargers,Denver Broncos,Home,,,,,7,7,0,0,-24,3,Empower Field at Mile High,39.7648,-105.0076,America/Denver,False,False,18,18,Sunday,-24,3,AFC West,SoFi Stadium,33.9535,-118.3395,America/Los_Angeles,AFC West,Empower Field at Mile High,39.7648,-105.0076,America/Denver,Kansas City Chiefs,New England Patriots,SoFi Stadium,Gillette Stadium,Playoffs?,Playoffs?,Playoffs?,Playoffs?,837,0,-837,837,-1.0,0.0,America/Los_Angeles,America/New_York,-1.0,2.0,-1.0,0.0,-1.0,0,0.935,2.05,0.935,2.05,Denver Broncos,1.1149999999999998,Denver Broncos,1.1149999999999998,0.935,2.05,Denver Broncos,1.1149999999999998,0.0,0,No,No,No,No,No,1,No,1.12,-0.48,0.527,3.499,-0.31100000000000005,1.5999999999999996,-0.31100000000000005,1.5999999999999996,-0.15315,-0.9028499999999999,-0.7004300000000002,3.0304300000000004,Denver Broncos,1.9109999999999996,Denver Broncos,1.9109999999999996,-0.31100000000000005,1.5999999999999996,Denver Broncos,1.9109999999999996,Los Angeles Chargers,1.6,Denver Broncos,2.972,0.8235000000000001,1.5095,Denver Broncos,0.6859999999999999,Los Angeles Chargers,0.7496999999999999,Denver Broncos,3.7308600000000007,-0.4267900000000001,1.0637900000000002,Denver Broncos,1.4905800000000005,Different,Same,Different,Same,Same,Same,False,Away Team,Home Team,41.5,-122.0,102.0,Denver Broncos,Los Angeles Chargers,-1.5,1.5,-104,-116,-191,156,0.7496999999999999,-0.7496999999999999,-3.7308600000000007,3.7308600000000007,0.495,0.5495,0.537,0.5098,0.3906,0.6564,0.4739,0.5261,0.513,0.487,0.3731,0.6269,0.4739,0.5261,-0.0261,0.0261,,,261,20,2027-01-10,LAC @ DEN,12.0,35.0,0.0,Historical Avg,False,J.Herbert,B.Nix,-0.93,-2.0,13.25,175.51,Medium,-10.0,9.0,39.92,39.0,12.379708917360526,25.0,57.0,0.5262,0.4726,0.097,0.0848,0.5024,0.4976,0.4224,0.5776,0.5416,0.4581,-118,+118,,,,,,,,No Bet,,No Bet,,No Bet,,No Bet,,No Bet,,No Bet,,No Bet,,No Bet,,No Bet,,,,,,,,,,,,,,nan,,,,,,,,,,,,,,,20,0.0,0.0,Denver Broncos,Los Angeles Chargers,0,0,0,0,0,0,0,0,0,0,0,0,1,0.0,0.0,,,23.624373840047667,3.7900228385654965e-05,0.05546678732652225,3.7900228385654965e-05,0.00018544091874631163,0.00047105371718350353,0.00207612063696109,0.00042431544682239563,0.0023048049527436792,0.01172202340787917,0.006848635194396721,1.9939310153693076e-05,1.796091823196189e-05,8.788045139387708e-05,9.756046735243455e-05,0.00011552138558439644,0.004380925589704769,0.0008953691640058992,3.7900228385654965e-05,0.00014531212931474777,7.0,2.0
2026_18_DET_GB,2026,20,2027-01-10,13:00,Detroit Lions,Green Bay Packers,Home,,,,,7,6,1,-1,1,-2,Lambeau Field,44.5013,-88.0622,America/Chicago,False,True,18,18,Sunday,1,-2,NFC North,Ford Field,42.3395,-83.045,America/Detroit,NFC North,Lambeau Field,44.5013,-88.0622,America/Chicago,Chicago Bears,Houston Texans,Soldier Field,Lambeau Field,Playoffs?,Playoffs?,Playoffs?,Playoffs?,292,0,-292,292,1.0,0.0,America/Chicago,America/Chicago,0.0,0.0,0.0,0.0,0.0,0,4.305,3.535,4.305,3.535,Detroit Lions,0.7699999999999996,Detroit Lions,0.7699999999999996,4.305,3.535,Detroit Lions,0.7699999999999996,0.0,0,No,No,No,No,No,1,Yes,3.98,5.09,3.658,2.933,5.247604999999999,3.640895,5.247604999999999,3.640895,4.941405,5.177095,4.601055,3.0384449999999994,Detroit Lions,1.6067099999999992,Detroit Lions,1.6067099999999992,5.247604999999999,3.640895,Detroit Lions,1.6067099999999992,Green Bay Packers,1.1099999999999999,Detroit Lions,0.7250000000000001,3.819,4.0115,Green Bay Packers,0.1924999999999999,Green Bay Packers,0.23568999999999996,Detroit Lions,1.5626100000000003,4.771229999999999,4.1077699999999995,Detroit Lions,0.6634599999999997,Different,Same,Different,Same,Same,Same,False,Home Team,Away Team,47.5,-135.0,114.0,Green Bay Packers,Detroit Lions,-2.5,2.5,-110,-110,105,-128,-0.23568999999999996,0.23568999999999996,1.5626100000000003,-1.5626100000000003,0.4673,0.5745,0.5238,0.5238,0.5614,0.4878,0.4486,0.5514,0.5,0.5,0.5351,0.4649,0.4486,0.5514,-0.0514,0.0514,,,262,20,2027-01-10,DET @ GB,15.0,20.0,0.0,Historical Avg,False,J.Goff,J.Love,-3.16,-4.0,12.99,168.69,Med-Low,-12.0,6.0,56.71,56.0,14.794112873543416,38.0,76.0,0.6062,0.3926,0.1044,0.0914,0.5602,0.4398,0.718,0.282,0.5306,0.4691,-113,+113,,,,,,,,No Bet,,No Bet,,No Bet,,No Bet,,No Bet,,No Bet,,No Bet,,No Bet,,No Bet,,,,,,,,,,,,,,nan,,,,,,,,,,,,,,,20,0.0,0.0,Green Bay Packers,Detroit Lions,0,0,0,0,0,0,0,0,0,0,0,0,1,0.0,0.0,,,23.624373840047667,0.0,0.00026187728852505344,0.0,8.065717417344136e-05,0.0,0.00085479619067007,0.0,0.0010506790448851463,0.01609644757911676,0.007768811407871255,0.0,0.0,3.618280833420579e-05,4.447436583923557e-05,4.447436583923557e-05,0.0019054752355552164,0.0,0.0,8.052562629550189e-05,7.0,2.0
2026_18_TEN_HOU,2026,20,2027-01-10,13:00,Tennessee Titans,Houston Texans,Home,,,,,7,6,1,-1,6,8,NRG Stadium,29.6847,-95.4093,America/Chicago,False,False,18,18,Sunday,6,8,AFC South,Nissan Stadium,36.1664,-86.7716,America/Chicago,AFC South,NRG Stadium,29.6847,-95.4093,America/Chicago,Pittsburgh Steelers,Green Bay Packers,Nissan Stadium,Lambeau Field,Playoffs?,Playoffs?,Playoffs?,Playoffs?,671,0,-671,671,0.0,0.0,America/Chicago,America/Chicago,0.0,0.0,0.0,0.0,0.0,0,-4.36,0.035,-4.36,0.035,Houston Texans,4.3950000000000005,Houston Texans,4.3950000000000005,-4.36,0.035,Houston Texans,4.3950000000000005,0.0,0,No,No,No,No,No,1,Yes,-8.19,2.96,-8.36,5.008,-2.2948950000000004,0.06739500000000002,-2.2948950000000004,0.06739500000000002,-6.057345000000001,2.924845,-6.205165000000001,4.950665,Houston Texans,2.3622900000000002,Houston Texans,2.3622900000000002,-2.2948950000000004,0.06739500000000002,Houston Texans,2.3622900000000002,Houston Texans,11.149999999999999,Houston Texans,13.367999999999999,-8.274999999999999,3.984,Houston Texans,12.258999999999999,Houston Texans,8.982190000000001,Houston Texans,11.155830000000002,-6.131255000000001,3.937755,Houston Texans,10.069010000000002,Same,Same,Same,Same,Same,Same,False,Home Team,Home Team,39.5,-294.0,235.0,Houston Texans,Tennessee Titans,-7.0,7.0,-416,314,-567,406,-8.982190000000001,8.982190000000001,-11.155830000000002,11.155830000000002,0.2985,0.7462,0.2415,0.8062,0.1976,0.8501,0.2857,0.7143,0.2305,0.7695,0.1886,0.8114,0.2857,0.7143,-0.2143,0.2143,,,263,20,2027-01-10,TEN @ HOU,0.0,70.0,0.0,Dome,True,C.Ward,C.Stroud,-13.15,-13.0,12.57,157.99,Low,-21.0,-5.0,44.69,44.0,12.428384808565832,29.0,61.0,0.8552,0.144,0.0684,0.058,0.6702,0.2902,0.64,0.36,0.7876,0.2122,-371,+371,,,,,,,,No Bet,,No Bet,,No Bet,,No Bet,,No Bet,,No Bet,,No Bet,,No Bet,,No Bet,,,,,,,,,,,,,,nan,,,,,,,,,,,,,,,20,0.0,0.0,Houston Texans,Tennessee Titans,0,0,0,0,0,0,0,0,0,0,0,0,1,0.0,0.0,,,23.624373840047667,0.4145530735171016,0.9505097777978265,0.1352244559678857,0.0007285698759568133,2.281897851403142,0.004917470433670001,0.9126952486992547,0.01229453668453091,0.11253089417669507,0.008642350446651154,0.09659082889786076,0.03863362707002495,0.00020815241356086155,0.0005204174623959517,0.0391540445324209,0.017212007118200912,3.194593100102397,0.13502169102086073,3.912266500046103e-05,7.0,2.0
2026_18_JAX_IND,2026,20,2027-01-10,13:00,Jacksonville Jaguars,Indianapolis Colts,Home,,,,,7,7,0,0,-3,-6,Lucas Oil Stadium,39.7601,-86.1638,America/Indiana/Indianapolis,False,False,18,18,Sunday,-3,-6,AFC South,TIAA Bank Field,30.3239,-81.6554,America/New_York,AFC South,Lucas Oil Stadium,39.7601,-86.1638,America/Indiana/Indianapolis,Washington Commanders,Cleveland Browns,TIAA Bank Field,FirstEnergy Stadium,Playoffs?,Playoffs?,Playoffs?,Playoffs?,699,0,-699,699,0.0,0.0,America/New_York,America/New_York,0.0,0.0,0.0,0.0,0.0,0,-1.825,-2.265,-1.825,-2.265,Jacksonville Jaguars,0.44000000000000017,Jacksonville Jaguars,0.44000000000000017,-1.825,-2.265,Jacksonville Jaguars,0.44000000000000017,0.0,0,No,No,No,No,No,1,No,5.41,0.93,3.85,0.288,-1.1390850000000001,-3.205415000000001,-1.1390850000000001,-3.205415000000001,6.055515,0.029985000000000032,4.504695000000001,-0.6211949999999999,Jacksonville Jaguars,2.0663300000000007,Jacksonville Jaguars,2.0663300000000007,-1.1390850000000001,-3.205415000000001,Jacksonville Jaguars,2.0663300000000007,Jacksonville Jaguars,4.48,Jacksonville Jaguars,3.5620000000000003,4.63,0.609,Jacksonville Jaguars,4.021,Jacksonville Jaguars,6.02553,Jacksonville Jaguars,5.125890000000001,5.280105000000001,-0.29560499999999995,Jacksonville Jaguars,5.575710000000001,Same,Same,Same,Same,Same,Same,False,Away Team,Away Team,46.5,-125.0,105.0,Indianapolis Colts,Jacksonville Jaguars,-1.5,1.5,208,-261,188,-234,6.02553,-6.02553,5.125890000000001,-5.125890000000001,0.4878,0.5556,0.723,0.3247,0.7006,0.3472,0.4675,0.5325,0.6901,0.3099,0.6686,0.3314,0.4675,0.5325,-0.0325,0.0325,,,264,20,2027-01-10,JAX @ IND,0.0,70.0,0.0,Dome,True,T.Lawrence,D.Jones,-0.49,-1.0,13.94,194.33,Med-High,-10.0,10.0,55.55,55.0,14.262619594714735,38.0,74.0,0.5152,0.4842,0.089,0.0886,0.4952,0.5048,0.7334,0.2666,0.4222,0.5776,+137,-137,,,,,,,,No Bet,,No Bet,,No Bet,,No Bet,,No Bet,,No Bet,,No Bet,,No Bet,,No Bet,,,,,,,,,,,,,,nan,,,,,,,,,,,,,,,20,0.0,0.0,Indianapolis Colts,Jacksonville Jaguars,0,0,0,0,0,0,0,0,0,0,0,0,1,0.0,0.0,,,23.624373840047667,0.5519192270158936,0.24590440886868553,0.005617894140542063,0.0003458165186205778,0.07067299070451381,0.003819334149709587,0.062046240665465185,0.004350364566246748,0.016577839999360293,0.006240013938130753,0.0029915286298386485,0.0026263655107034148,0.00016166922245512013,0.00018414729616545765,0.0028105128068688723,0.008169698715956335,0.13271923136997898,0.005221333409342976,0.00016756526958549794,7.0,2.0
2026_18_LV_KC,2026,20,2027-01-10,13:00,Las Vegas Raiders,Kansas City Chiefs,Home,,,,,7,7,0,0,-13,-2,GEHA Field at Arrowhead Stadium,39.0489,-94.4839,America/Chicago,False,True,18,18,Sunday,-13,-2,AFC West,Allegiant Stadium,36.108,-115.1578,America/Los_Angeles,AFC West,GEHA Field at Arrowhead Stadium,39.0489,-94.4839,America/Chicago,Arizona Cardinals,Los Angeles Chargers,State Farm Stadium,SoFi Stadium,Playoffs?,Playoffs?,Playoffs?,Playoffs?,1147,0,-1147,1147,-2.0,0.0,America/Denver,America/Los_Angeles,-1.0,-2.0,-2.0,0.0,-2.0,0,-2.35,4.395,-2.35,4.395,Kansas City Chiefs,6.744999999999999,Kansas City Chiefs,6.744999999999999,-2.35,4.395,Kansas City Chiefs,6.744999999999999,-0.3,0,No,No,No,No,No,1,No,-8.15,-2.17,-7.588,0.625,-3.42265,2.05065,-3.42265,2.05065,-9.230300000000002,-4.5066999999999995,-8.64597,-1.73403,Kansas City Chiefs,5.4733,Kansas City Chiefs,5.4733,-3.42265,2.05065,Kansas City Chiefs,5.4733,Kansas City Chiefs,5.98,Kansas City Chiefs,8.213000000000001,-7.869,-0.7725,Kansas City Chiefs,7.0965,Kansas City Chiefs,4.723600000000002,Kansas City Chiefs,6.91194,-8.938135,-3.1203649999999996,Kansas City Chiefs,5.817770000000001,Same,Same,Same,Same,Same,Same,False,Home Team,Home Team,40.5,-400.0,310.0,Kansas City Chiefs,Las Vegas Raiders,-8.5,8.5,-224,181,-319,249,-4.723600000000002,4.723600000000002,-6.91194,6.91194,0.2439,0.8,0.3559,0.6914,0.2865,0.7613,0.2336,0.7664,0.3398,0.6602,0.2734,0.7266,0.2336,0.7664,-0.2664,0.2664,,,265,20,2027-01-10,LV @ KC,10.0,60.0,0.0,Historical Avg,False,K.Cousins,P.Mahomes,-5.38,-6.0,12.45,154.95,Low,-14.0,4.0,41.35,41.0,12.154690779348865,26.0,57.0,0.6688,0.329,0.0884,0.085,0.421,0.579,0.5032,0.4968,0.7055,0.294,-240,+240,,,,,,,,No Bet,,No Bet,,No Bet,,No Bet,,No Bet,,No Bet,,No Bet,,No Bet,,No Bet,,,,,,,,,,,,,,nan,,,,,,,,,,,,,,,20,0.0,0.0,Kansas City Chiefs,Las Vegas Raiders,0,0,0,0,0,0,0,0,0,0,0,0,1,0.0,0.0,,,23.624373840047667,0.05731174786293208,0.7829148320136036,0.05731174786293208,0.0005679064834176362,1.037670465879169,0.003134079232455968,0.3162836910612916,0.0102823558379891,0.0762839071081271,0.0019613124027502158,0.04392372356215115,0.013388024300780933,0.0001326629545263598,0.00043524352889127635,0.01382326782967221,0.013416435070445069,1.3539541569404605,0.05731174786293208,0.0,7.0,2.0
2026_18_SEA_LA,2026,20,2027-01-10,13:00,Seattle Seahawks,Los Angeles Rams,Home,,,,,7,7,0,0,9,-6,SoFi Stadium,33.9535,-118.3395,America/Los_Angeles,False,True,18,18,Sunday,9,-6,NFC West,Lumen Field,47.5952,-122.3316,America/Los_Angeles,NFC West,SoFi Stadium,33.9535,-118.3395,America/Los_Angeles,Carolina Panthers,Tampa Bay Buccaneers,Bank of America Stadium,Raymond James Stadium,Playoffs?,Playoffs?,Playoffs?,Playoffs?,964,0,-964,964,0.0,0.0,America/New_York,America/New_York,3.0,3.0,0.0,0.0,0.0,0,-0.13,1.29,-0.13,1.29,Los Angeles Rams,1.42,Los Angeles Rams,1.42,-0.13,1.29,Los Angeles Rams,1.42,0.0,0,No,No,No,No,No,1,No,10.42,8.12,10.022,7.087,0.29186,0.27814,0.29186,0.27814,10.804659999999998,7.14534,10.40031,6.11869,Seattle Seahawks,0.01372000000000001,Seattle Seahawks,0.01372000000000001,0.29186,0.27814,Seattle Seahawks,0.01372000000000001,Seattle Seahawks,2.3000000000000007,Seattle Seahawks,2.9350000000000005,10.221,7.6034999999999995,Seattle Seahawks,2.6175000000000006,Seattle Seahawks,3.6593199999999984,Seattle Seahawks,4.281619999999999,10.602484999999998,6.632015,Seattle Seahawks,3.970469999999998,Different,Different,Same,Same,Same,Same,False,Away Team,Away Team,44.5,-154.0,130.0,Los Angeles Rams,Seattle Seahawks,-3.0,3.0,156,-191,181,-224,3.6593199999999984,-3.6593199999999984,4.281619999999999,-4.281619999999999,0.4348,0.6063,0.6564,0.3906,0.6914,0.3559,0.4176,0.5824,0.6269,0.3731,0.6602,0.3398,0.4176,0.5824,-0.0824,0.0824,,,266,20,2027-01-10,SEA @ LA,0.0,70.0,0.0,Dome,True,S.Darnold,M.Stafford,0.83,2.0,13.05,170.41,Medium,-8.0,10.0,54.27,54.0,13.850714526643731,36.0,72.0,0.47,0.5296,0.0984,0.0928,0.3748,0.5768,0.7506,0.2494,0.4413,0.5586,+127,-127,,,,,,,,No Bet,,No Bet,,No Bet,,No Bet,,No Bet,,No Bet,,No Bet,,No Bet,,No Bet,,,,,,,,,,,,,,nan,,,,,,,,,,,,,,,20,0.0,0.0,Los Angeles Rams,Seattle Seahawks,0,0,0,0,0,0,0,0,0,0,0,0,1,0.0,0.0,,,23.624373840047667,0.0,0.0,0.0,0.0,0.0,0.0,0.0,0.0,0.03051033106654856,0.008461348932986569,0.0,0.0,0.0,0.0,0.0,0.0,0.0,0.0,0.0,7.0,2.0
2026_18_CHI_MIN,2026,20,2027-01-10,13:00,Chicago Bears,Minnesota Vikings,Home,,,,,7,7,0,0,15,4,U.S. Bank Stadium,44.9738,-93.2575,America/Chicago,False,False,18,18,Sunday,15,4,NFC North,Soldier Field,41.8623,-87.6167,America/Chicago,NFC North,U.S. Bank Stadium,44.9738,-93.2575,America/Chicago,Detroit Lions,New York Jets,Soldier Field,MetLife Stadium,Playoffs?,Playoffs?,Playoffs?,Playoffs?,355,0,-355,355,0.0,0.0,America/Chicago,America/New_York,0.0,1.0,0.0,0.0,0.0,0,-1.575,0.27,-1.575,0.27,Minnesota Vikings,1.845,Minnesota Vikings,1.845,-1.575,0.27,Minnesota Vikings,1.845,0.0,0,No,No,No,No,No,1,No,0.9,-0.75,1.647,2.721,-1.0127650000000001,-0.940735,-1.0127650000000001,-0.940735,1.427285,-1.9257849999999999,2.201525,1.5179750000000003,Minnesota Vikings,0.07203000000000015,Minnesota Vikings,0.07203000000000015,-1.0127650000000001,-0.940735,Minnesota Vikings,0.07203000000000015,Chicago Bears,1.65,Minnesota Vikings,1.074,1.2735,0.9855,Chicago Bears,0.28800000000000003,Chicago Bears,3.3530699999999998,Chicago Bears,0.6835499999999999,1.814405,-0.20390499999999978,Chicago Bears,2.0183099999999996,Different,Different,Different,Different,Same,Different,False,Away Team,Away Team,43.5,-125.0,105.0,Minnesota Vikings,Chicago Bears,-1.5,1.5,156,-191,-104,-116,3.3530699999999998,-3.3530699999999998,0.6835499999999999,-0.6835499999999999,0.4878,0.5556,0.6564,0.3906,0.537,0.5098,0.4675,0.5325,0.6269,0.3731,0.513,0.487,0.4675,0.5325,-0.0325,0.0325,,,267,20,2027-01-10,CHI @ MIN,0.0,70.0,0.0,Dome,True,C.Williams,K.Murray,-6.66,-7.0,13.47,181.37,Med-High,-16.0,3.0,49.66,49.0,13.614642575495388,33.0,68.0,0.6918,0.308,0.0804,0.0734,0.6724,0.3276,0.6468,0.3532,0.5211,0.4789,-109,+109,,,,,,,,No Bet,,No Bet,,No Bet,,No Bet,,No Bet,,No Bet,,No Bet,,No Bet,,No Bet,,,,,,,,,,,,,,nan,,,,,,,,,,,,,,,20,0.0,0.0,Minnesota Vikings,Chicago Bears,0,0,0,0,0,0,0,0,0,0,0,0,1,0.0,0.0,,,23.624373840047667,0.356994471501404,0.0,0.005354366688825044,0.0,0.06735782087758928,0.0,0.05913573945591173,0.0,0.01625773070681826,0.0060931704808275785,0.0028512002617993356,0.0025031664270257084,0.0,0.0,0.0025031664270257084,0.0,0.126493560333501,0.005099110754614799,0.0,7.0,2.0
2026_18_MIA_NE,2026,20,2027-01-10,13:00,Miami Dolphins,New England Patriots,Home,,,,,7,7,0,0,-6,8,Gillette Stadium,42.0628,-71.2687,America/New_York,False,False,18,18,Sunday,-6,8,AFC East,Hard Rock Stadium,25.9602,-80.2384,America/New_York,AFC East,Gillette Stadium,42.0628,-71.2687,America/New_York,Buffalo Bills,Denver Broncos,Hard Rock Stadium,Gillette Stadium,Playoffs?,Playoffs?,Playoffs?,Playoffs?,1223,0,-1223,1223,0.0,0.0,America/New_York,America/New_York,0.0,0.0,0.0,0.0,0.0,0,0.66,-1.995,0.66,-1.995,Miami Dolphins,2.6550000000000002,Miami Dolphins,2.6550000000000002,0.66,-1.995,Miami Dolphins,2.6550000000000002,0.0,0,No,No,No,No,No,1,No,-5.46,5.09,-3.956,4.222,-0.8026000000000001,-1.5964000000000003,-0.8026000000000001,-1.5964000000000003,-6.7905500000000005,5.35655,-5.310270000000001,4.512270000000001,Miami Dolphins,0.7938000000000002,Miami Dolphins,0.7938000000000002,-0.8026000000000001,-1.5964000000000003,Miami Dolphins,0.7938000000000002,New England Patriots,10.55,New England Patriots,8.178,-4.708,4.656000000000001,New England Patriots,9.364,New England Patriots,12.147100000000002,New England Patriots,9.822540000000002,-6.050410000000001,4.934410000000001,New England Patriots,10.984820000000003,Different,Different,Different,Different,Same,Same,False,Home Team,Home Team,42.5,-588.0,440.0,New England Patriots,Miami Dolphins,-10.5,10.5,-660,458,-483,356,-12.147100000000002,12.147100000000002,-9.822540000000002,9.822540000000002,0.1852,0.8547,0.1792,0.8684,0.2193,0.8285,0.1781,0.8219,0.1711,0.8289,0.2093,0.7907,0.1781,0.8219,-0.3219,0.3219,,,268,20,2027-01-10,MIA @ NE,15.0,30.0,0.0,Historical Avg,False,M.Willis,D.Maye,-13.63,-14.0,13.78,189.87,Med-High,-23.0,-6.0,44.83,44.0,13.057588405329394,29.0,62.0,0.84,0.1596,0.0524,0.0614,0.5996,0.4004,0.5592,0.4408,0.8204,0.1795,-457,+457,,,,,,,,No Bet,,No Bet,,No Bet,,No Bet,,No Bet,,No Bet,,No Bet,,No Bet,,No Bet,,,,,,,,,,,,,,nan,,,,,,,,,,,,,,,20,0.0,0.0,New England Patriots,Miami Dolphins,0,0,0,0,0,0,0,0,0,0,0,0,1,0.0,0.0,,,23.624373840047667,0.15826673231409336,0.9379959789008387,0.15826673231409336,0.0007194926848816283,3.0730450191735317,0.003027266177398812,0.6659074314573623,0.013970297985424386,0.1216305141555515,0.0017228625539263984,0.13007942728895333,0.028187305025140025,0.000128141647177418,0.0005913510377042102,0.028778656062844236,0.0169975641628232,3.7389524506308938,0.15826673231409336,3.912266500046103e-05,7.0,2.0
2026_18_TB_NO,2026,20,2027-01-10,13:00,Tampa Bay Buccaneers,New Orleans Saints,Home,,,,,7,7,0,0,-2,-7,Caesars Superdome,29.9507,-90.0813,America/Chicago,False,False,18,18,Sunday,-2,-7,NFC South,Raymond James Stadium,27.9759,-82.5033,America/New_York,NFC South,Caesars Superdome,29.9507,-90.0813,America/Chicago,Los Angeles Rams,Atlanta Falcons,Raymond James Stadium,Mercedes-Benz Stadium,Playoffs?,Playoffs?,Playoffs?,Playoffs?,478,0,-478,478,1.0,0.0,America/New_York,America/New_York,1.0,1.0,1.0,0.0,1.0,0,1.025,-6.145,1.025,-6.145,Tampa Bay Buccaneers,7.17,Tampa Bay Buccaneers,7.17,1.025,-6.145,Tampa Bay Buccaneers,7.17,0.0,0,No,No,No,No,No,1,No,-1.4,-4.37,-2.096,-4.865,2.763095,-7.370594999999999,2.763095,-7.370594999999999,0.380095,-5.637595,-0.3138949999999999,-6.134605,Tampa Bay Buccaneers,10.133689999999998,Tampa Bay Buccaneers,10.133689999999998,2.763095,-7.370594999999999,Tampa Bay Buccaneers,10.133689999999998,Tampa Bay Buccaneers,2.97,Tampa Bay Buccaneers,2.769,-1.748,-4.6175,Tampa Bay Buccaneers,2.8694999999999995,Tampa Bay Buccaneers,6.01769,Tampa Bay Buccaneers,5.82071,0.033100000000000046,-5.8861,Tampa Bay Buccaneers,5.9192,Same,Same,Same,Same,Same,Same,False,Away Team,Away Team,43.5,105.0,-125.0,Tampa Bay Buccaneers,New Orleans Saints,1.5,-1.5,208,-261,208,-261,6.01769,-6.01769,5.82071,-5.82071,0.5556,0.4878,0.723,0.3247,0.723,0.3247,0.5325,0.4675,0.6901,0.3099,0.6901,0.3099,0.5325,0.4675,0.0325,-0.0325,,,269,20,2027-01-10,TB @ NO,0.0,70.0,0.0,Dome,True,B.Mayfield,T.Shough,3.67,4.0,13.59,184.66,Med-High,-6.0,13.0,49.66,49.0,13.634258674453863,33.0,67.10000000000036,0.3938,0.605,0.0836,0.0852,0.4202,0.5798,0.6602,0.3398,0.3703,0.6294,+170,-170,,,,,,,,No Bet,,No Bet,,No Bet,,No Bet,,No Bet,,No Bet,,No Bet,,No Bet,,No Bet,,,,,,,,,,,,,,nan,,,,,,,,,,,,,,,20,0.0,0.0,Tampa Bay Buccaneers,New Orleans Saints,0,0,0,0,0,0,0,0,0,0,0,0,1,0.0,0.0,,,23.624373840047667,0.645505210371059,0.629258248124964,0.0020735053030225816,0.00994093554069591,0.022900611124730776,0.1250567610364378,0.026084653313196014,0.10979161649677875,0.006818441282038802,0.020302318194695686,0.000969363729163057,0.0011041415738595247,0.005293548175420572,0.004647387365275338,0.0057515289391348624,0.23484837753321655,0.048985264437926786,0.0016064375290973892,0.009491372430479761,7.0,2.0
2026_18_PHI_NYG,2026,20,2027-01-10,13:00,Philadelphia Eagles,New York Giants,Home,,,,,7,7,0,0,-15,3,MetLife Stadium,40.8136,-74.0744,America/New_York,False,True,18,18,Sunday,-15,3,NFC East,Lincoln Financial Field,39.9008,-75.1675,America/New_York,NFC East,MetLife Stadium,40.8136,-74.0744,America/New_York,San Francisco 49ers,Dallas Cowboys,Levi's Stadium,AT&T Stadium,Playoffs?,Playoffs?,Playoffs?,Playoffs?,85,0,-85,85,0.0,0.0,America/Los_Angeles,America/Chicago,-3.0,-1.0,0.0,0.0,0.0,0,4.905,-2.84,4.905,-2.84,Philadelphia Eagles,7.745,Philadelphia Eagles,7.745,4.905,-2.84,Philadelphia Eagles,7.745,0.0,0,No,No,No,No,No,1,No,5.52,-3.53,3.682,-5.014,2.7178500000000003,-3.66685,2.7178500000000003,-3.66685,3.3198,-4.3438,1.4853399999999999,-5.83134,Philadelphia Eagles,6.3847000000000005,Philadelphia Eagles,6.3847000000000005,2.7178500000000003,-3.66685,Philadelphia Eagles,6.3847000000000005,Philadelphia Eagles,9.049999999999999,Philadelphia Eagles,8.696,4.601,-4.272,Philadelphia Eagles,8.873000000000001,Philadelphia Eagles,7.6636,Philadelphia Eagles,7.31668,2.40257,-5.0875699999999995,Philadelphia Eagles,7.490139999999999,Same,Same,Same,Same,Same,Same,False,Away Team,Away Team,41.5,130.0,-154.0,Philadelphia Eagles,New York Giants,3.0,-3.0,268,-346,268,-346,7.6636,-7.6636,7.31668,-7.31668,0.6063,0.4348,0.7758,0.2717,0.7758,0.2717,0.5824,0.4176,0.7406,0.2594,0.7406,0.2594,0.5824,0.4176,0.0824,-0.0824,,,270,20,2027-01-10,PHI @ NYG,15.0,34.0,0.0,Historical Avg,False,J.Hurts,J.Dart,10.16,10.0,13.35,178.22,Medium,2.0,19.0,44.81,44.0,13.116322181980598,29.0,62.0,0.223,0.7758,0.0662,0.0776,0.2514,0.7116,0.5856,0.4144,0.2899,0.7099,+245,-245,,,,,,,,No Bet,,No Bet,,No Bet,,No Bet,,No Bet,,No Bet,,No Bet,,No Bet,,No Bet,,,,,,,,,,,,,,nan,,,,,,,,,,,,,,,20,0.0,0.0,Philadelphia Eagles,New York Giants,0,0,0,0,0,0,0,0,0,0,0,0,1,0.0,0.0,,,23.624373840047667,0.564865776084184,0.0,0.0005150754424983663,0.0,0.005081496616409358,0.0,0.007086838193000025,0.0,0.003698115995320695,0.03051033106654856,0.0002150955047873178,0.00029997993771104854,0.0,0.0,0.00029997993771104854,0.0,0.012168334809409383,0.00010541265562347535,0.0,7.0,2.0
2026_18_DAL_WAS,2026,20,2027-01-10,13:00,Dallas Cowboys,Washington Commanders,Home,,,,,7,7,0,0,12,9,FedExField,38.9077,-76.8645,America/New_York,False,False,18,18,Sunday,12,9,NFC East,AT&T Stadium,32.7369,-97.0826,America/Chicago,NFC East,FedExField,38.9077,-76.8645,America/New_York,New York Giants,Jacksonville Jaguars,AT&T Stadium,TIAA Bank Field,Playoffs?,Playoffs?,Playoffs?,Playoffs?,1206,0,-1206,1206,-1.0,0.0,America/Chicago,America/New_York,-1.0,0.0,-1.0,0.0,-1.0,0,-0.615,1.45,-0.615,1.45,Washington Commanders,2.065,Washington Commanders,2.065,-0.615,1.45,Washington Commanders,2.065,0.0,0,No,No,No,No,No,1,No,-1.01,-5.43,-3.616,-1.427,-0.06572999999999987,1.33273,-0.06572999999999987,1.33273,-0.5255799999999998,-5.482419999999999,-3.0654900000000005,-1.5455100000000002,Washington Commanders,1.3984599999999998,Washington Commanders,1.3984599999999998,-0.06572999999999987,1.33273,Washington Commanders,1.3984599999999998,Dallas Cowboys,4.42,Washington Commanders,2.189,-2.313,-3.4284999999999997,Dallas Cowboys,1.1154999999999995,Dallas Cowboys,4.95684,Washington Commanders,1.5199800000000003,-1.795535,-3.513965,Dallas Cowboys,1.7184299999999997,Different,Same,Different,Same,Same,Same,False,Away Team,Home Team,49.5,102.0,-122.0,Dallas Cowboys,Washington Commanders,1.5,-1.5,188,-234,-128,105,4.95684,-4.95684,-1.5199800000000003,1.5199800000000003,0.5495,0.495,0.7006,0.3472,0.4878,0.5614,0.5261,0.4739,0.6686,0.3314,0.4649,0.5351,0.5261,0.4739,0.0261,-0.0261,,,271,20,2027-01-10,DAL @ WAS,12.0,38.0,0.0,Historical Avg,False,D.Prescott,J.Daniels,-1.98,-3.0,13.55,183.49,Med-High,-11.0,8.0,61.05,61.0,14.42011119101903,43.0,79.0,0.5522,0.4474,0.0862,0.0856,0.5748,0.4252,0.7828,0.2172,0.4732,0.5268,+111,-111,,,,,,,,No Bet,,No Bet,,No Bet,,No Bet,,No Bet,,No Bet,,No Bet,,No Bet,,No Bet,,,,,,,,,,,,,,nan,,,,,,,,,,,,,,,20,0.0,0.0,Dallas Cowboys,Washington Commanders,0,0,0,0,0,0,0,0,0,0,0,0,1,0.0,0.0,,,23.624373840047667,0.6921215592892547,0.06823990818754143,0.0010472007255531493,0.0006980031037798493,0.011724030769798818,0.008675329164126323,0.013015430656237939,0.007814557101082427,0.010871093432125042,0.012151092389257186,0.0004962684238396374,0.0005509323017135119,0.0003672194328985787,0.0003307836708812706,0.0008817159725947824,0.01648988626520875,0.02473946142603676,0.000545549097682251,0.000648974361481856,7.0,2.0
