Game ID,Season,Week_x,Date_x,Time,Away Team,Home Team,Location,Away QB,Home QB,Away QB ID,Home QB ID,Away Team Weekly Rest,Home Team Weekly Rest,Weekly Away Rest Advantage,Weekly Home Rest Advantage,Away Cumulative Rest Advantage,Home Cumulative Rest Advantage,Actual Stadium,Actual Stadium Latitude,Actual Stadium Longitude,Actual Stadium TimeZone,International Game,Back to Back Away Games,Circa Week,NFL Week,Day of Week,Away Team Current Week Cumulative Rest Advantage,Home Team Current Week Cumulative Rest Advantage,Away Team Division,Away Stadium,Away Stadium Latitude,Away Stadium Longitude,Away Stadium TimeZone,Home Team Division,Home Stadium,Home Stadium Latitude,Home Stadium Longitude,Home Stadium TimeZone,Away Team Previous Opponent,Home Team Previous Opponent,Away Team Previous Location,Home Team Previous Location,Away Team Next Opponent,Home Team Next Opponent,Away Team Next Location,Home Team Next Location,Away Travel Distance,Home Travel Distance,Away Travel Advantage,Home Travel Advantage,Away Timezone Change,Home Timezone Change,Away Previous Game Actual Stadium TimeZone,Home Previous Game Actual Stadium TimeZone,Away Weekly Timezone Difference,Home Weekly Timezone Difference,Adjusted Away Timezone Change,Adjusted Home Timezone Change,Away Timezone Advantage,Home Timezone Advantage,Away Team Massey-Peabody Preseason Rank,Home Team Massey-Peabody Preseason Rank,Away Team Generic Sports Fan Preseason Rank,Home Team Generic Sports Fan Preseason Rank,Massey-Peabody Preseason Winner,Massey-Peabody Preseason Difference,Generic Sports Fan Preseason Winner,Generic Sports Fan Preseason Difference,Away Team MP + GSF Average Preseason Rank,Home Team MP + GSF Average Preseason Rank,MP + GSF Average Preseason Winner,MP + GSF Average Preseason Difference,Away NonLinear TZ,Home NonLinear TZ,Home Team 3 games in 10 days,Away Team 3 games in 10 days,Home Team 4 games in 17 days,Away Team 4 games in 17 days,Away Team Short Rest,Divisional Matchup?,Home Team Short Rest,Away Team Massey-Peabody Current Rank,Home Team Massey-Peabody Current Rank,Away Team Generic Sports Fan Current Rank,Home Team Generic Sports Fan Current Rank,Away Team Adjusted Massey-Peabody Preseason Rank,Home Team Adjusted Massey-Peabody Preseason Rank,Away Team Adjusted Generic Sports Fan Preseason Rank,Home Team Adjusted Generic Sports Fan Preseason Rank,Away Team Adjusted Massey-Peabody Current Rank,Home Team Adjusted Massey-Peabody Current Rank,Away Team Adjusted Generic Sports Fan Current Rank,Home Team Adjusted Generic Sports Fan Current Rank,Adjusted Massey-Peabody Preseason Winner,Adjusted Massey-Peabody Preseason Difference,Adjusted Generic Sports Fan Preseason Winner,Adjusted Generic Sports Fan Preseason Difference,Away Team Adjusted MP + GSF Average Preseason Rank,Home Team Adjusted MP + GSF Average Preseason Rank,Adjusted MP + GSF Average Preseason Winner,Adjusted MP + GSF Average Preseason Difference,Massey-Peabody Current Winner,Massey-Peabody Current Difference,Generic Sports Fan Current Winner,Generic Sports Fan Current Difference,Away Team MP + GSF Average Current Rank,Home Team MP + GSF Average Current Rank,MP + GSF Average Current Winner,MP + GSF Average Current Difference,Adjusted Massey-Peabody Current Winner,Adjusted Massey-Peabody Current Difference,Adjusted Generic Sports Fan Current Winner,Adjusted Generic Sports Fan Current Difference,Away Team Adjusted MP + GSF Average Current Rank,Home Team Adjusted MP + GSF Average Current Rank,Adjusted MP + GSF Average Current Winner,Adjusted MP + GSF Average Current Difference,Massey-Peabody Bayesian Same Winner Across All Metrics,Generic Sports Fan Bayesian Same Adjusted Winner Across All Metrics,Massey-Peabody Bayesian Same Current and Preseason Adjusted Winner,Generic Sports Fan Bayesian Current and Preseason Adjusted Winner,Massey-Peabody Bayesian Same Current and Adjusted Current Winner,Generic Sports Fan Bayesian Same Current and Adjusted Current Winner,Thursday Night Game,Masey-Peabody Home Team Winner?,Generic Sports Fan Home Team Winner?,Total Line,Home Team Sportsbook Moneyline,Away Team Sportsbook Moneyline,Sportsbook Favorite,Sportsbook Underdog,Home Team Sportsbook Spread,Away Team Sportsbook Spread,Massey-Peabody Home Team Moneyline,Massey-Peabody Away Team Moneyline,Generic Sports Fan Home Team Moneyline,Generic Sports Fan Away Team Moneyline,Massey-Peabody Home Team Spread,Massey-Peabody Away Team Spread,Generic Sports Fan Home Team Spread,Generic Sports Fan Away Team Spread,Away Team Sportsbook Implied Odds to Win,Home Team Sportsbook Implied Odds to Win,Away Team Massey-Peabody Implied Odds to Win,Home Team Massey-Peabody Implied Odds to Win,Away Team Generic Sports Fan Implied Odds to Win,Home Team Generic Sports Fan Implied Odds to Win,Away Team Sportsbook Fair Odds,Home Team Sportsbook Fair Odds,Away Team Massey-Peabody Fair Odds,Home Team Massey-Peabody Fair Odds,Away Team Generic Sports Fan Fair Odds,Home Team Generic Sports Fan Fair Odds,Away Team Fair Odds,Home Team Fair Odds,Away Team Expected Win Advantage,Home Team Expected Win Advantage,temp,wind,Matchup_ID,Week_y,Date_y,Matchup,Wind,Temperature,Precipitation,Sim_Weather_Source,Dome,Away_Starting_QB,Home_Starting_QB,Sim_Spread_Mean,Sim_Spread_Median,Sim_Spread_Std,Sim_Spread_Variance,Sim_Spread_Variance_Label,Sim_Spread_25th,Sim_Spread_75th,Sim_Total_Mean,Sim_Total_Median,Sim_Total_Std,Sim_Total_10th_Floor,Sim_Total_90th_Ceiling,Sim_Home_Win_Pct,Sim_Away_Win_Pct,Sim_Prob_Land_3,Sim_Prob_Land_7,Sim_Home_Cover_Prob,Sim_Away_Cover_Prob,Sim_Prob_Over,Sim_Prob_Under,Consensus Home Win Pct,Consensus Away Win Pct,Consensus Home Team Odds,Consensus Away Team Odds,Market Home Team Implied Odds,Market Away Team Implied Odds,Monte Carlo Home Team Spread,Monte Carlo Away Team Spread,Monte Carlo Total,Consensus Home Team Spread,Consensus Away Team Spread,GSF Spread Bet,GSF Spread Edge,Massey-Peabody Spread Bet,Massey-Peabody Spread Edge,Monte Carlo Spread Bet,Monte Carlo Spread Edge,Consensus Spread Bet,Consensus Spread Edge,GSF Moneyline Bet,GSF Moneyline Edge,Massey-Peabody Moneyline Bet,Massey-Peabody Moneyline Edge,Monte Carlo Moneyline Bet,Monte Carlo Moneyline Edge,Consensus Moneyline Bet,Consensus Moneyline Edge,Monte Carlo Total Bet,Monte Carlo Total Edge,MC ML Unit Wager,MC ML Unit to Win,MC ML Kelly Wager,MC ML Kelly To Win,MC Spread Unit Wager,MC Spread Unit to Win,MC Spread Kelly Wager,MC Spread Kelly To Win,MC Total Unit Wager,MC Total Unit to Win,MC Total Kelly Wager,MC Total Kelly To Win,MC Bet Direction,Home Team Offensive Pressure Allowed Rate,Away Team Offensive Pressure Allowed Rate,Home Team Defensive Pressure Generated Rate,Away Team Defensive Pressure Generated Rate,Home Team Zone Rate,Away Team Zone Rate,Home Team Man Rate,Away Team Man Rate,Home Team Offensive EPA vs Pressure,Away Team Offensive EPA vs Pressure,Home Team Offensive EPA vs Zone,Away Team Offensive EPA vs Zone,Home Team Offensive EPA vs Man,Away Team Offensive EPA vs Man,Week,Away Team Cumulative Win Percentage,Home Team Cumulative Win Percentage,Favorite,Underdog,Away Team Thanksgiving Favorite,Home Team Thanksgiving Favorite,Away Team Thanksgiving Underdog,Home Team Thanksgiving Underdog,Away Team Christmas Favorite,Home Team Christmas Favorite,Away Team Christmas Underdog,Home Team Christmas Underdog,Away Team Pre Thanksgiving,Home Team Pre Thanksgiving,Away Team Pre Christmas,Home Team Pre Christmas,Divisional Matchup Boolean,Away Team Star Rating,Home Team Star Rating,Away Team Public Pick %,Home Team Public Pick %,Total Remaining Entries at Start of Week,Home Team Expected Availability,Away Team Expected Availability,Home Pick %,Away Pick %,Expected Home Team Survivors,Expected Away Team Survivors,Expected Home Team Eliminations,Expected Away Team Eliminations,Home Splash Pick %,Away Splash Pick %,Home Expected Survival Rate,Home Expected Elimination Percent,Away Expected Survival Rate,Away Expected Elimination Percent,Expected Eliminated Entry Percent From Game,Expected Away Team Picks,Expected Home Team Picks,Home Predicted_Pick_Pct,Away Predicted_Pick_Pct,Avg Survivors,Avg Eliminations,Preseason Away Team Sportsbook Fair Odds,Preseason Home Team Sportsbook Fair Odds,Preseason Consensus Away Win Pct,Preseason Consensus Home Win Pct,Preseason Sim_Away_Win_Pct,Preseason Sim_Home_Win_Pct,Preseason Sportsbook Favorite,Preseason Sim Favorite,Preseason Consensus Favorite,Sim Favorite,Consensus Favorite,Sportsbook Bayesian Same Current and Preseason Adjusted Winner,Sim Bayesian Same Current and Preseason Adjusted Winner,Consensus Bayesian Same Current and Preseason Adjusted Winner,Away_Odds_Imputed,Home_Odds_Imputed,Topdown Home Pick %,Topdown Away Pick %
2026_01_NE_SEA,2026,1,2026-09-09,20:20,New England Patriots,Seattle Seahawks,Home,,,,,0,0,0,0,0,0,Lumen Field,47.5952,-122.3316,America/Los_Angeles,False,False,1,1,Wednesday,0,0,AFC East,Gillette Stadium,42.0628,-71.2687,America/New_York,NFC West,Lumen Field,47.5952,-122.3316,America/Los_Angeles,Preseason,Preseason,Preseason,Preseason,Pittsburgh Steelers,Arizona Cardinals,Gillette Stadium,State Farm Stadium,2484,0,-2484,2484,3.0,0.0,,,,,3.0,0.0,3.0,0,-1.995,-0.13,-1.995,-0.13,Seattle Seahawks,1.865,Seattle Seahawks,1.865,-1.995,-0.13,Seattle Seahawks,1.865,-0.2249999999999999,0,No,No,No,No,No,0,No,5.09,10.42,4.222,10.022,-1.9855,-0.102,-1.9855,-0.102,5.0995,10.448,4.2315000000000005,10.05,Seattle Seahawks,1.8835,Seattle Seahawks,1.8835,-1.9855,-0.102,Seattle Seahawks,1.8835,Seattle Seahawks,5.33,Seattle Seahawks,5.8,4.656000000000001,10.221,Seattle Seahawks,5.565,Seattle Seahawks,5.3485000000000005,Seattle Seahawks,5.8185,4.6655,10.249,Seattle Seahawks,5.583500000000001,Same,Same,Same,Same,Same,Same,False,Home Team,Home Team,44.5,-178.0,151.0,Seattle Seahawks,New England Patriots,-3.111111111111111,3.111111111111111,-244,195,-261,208,-5.3485000000000005,5.3485000000000005,-5.8185,5.8185,0.3984,0.6403,0.339,0.7093,0.3247,0.723,0.3836,0.6164,0.3234,0.6766,0.3099,0.6901,0.3836,0.6164,-0.1164,0.1164,,,0,1,2026-09-09,NE @ SEA,6.5,74.2,0.0,Live Forecast,False,D.Maye,S.Darnold,-4.85,-6.0,13.04,170.02,Medium,-14.0,5.0,46.06,46.0,13.799119388539976,29.0,64.0,0.6464,0.3528,0.092,0.0938,0.5566,0.4434,0.5238,0.4762,0.6574,0.3424,-192,192,0.6402877697841727,0.398406374501992,-5.425,5.425,46.03,-5.530666666666668,5.530666666666668,Seattle Seahawks,2.707388888888889,Seattle Seahawks,2.2373888888888893,Seattle Seahawks,2.3138888888888887,Seattle Seahawks,2.419555555555557,Seattle Seahawks,0.0498122302158273,Seattle Seahawks,0.0363122302158273,Seattle Seahawks,0.0061122302158272,Seattle Seahawks,0.0171122302158273,Over,1.5300000000000011,178.0,100.0,42.48,23.87,110.0,100.0,172.15,156.5,110.0,100.0,0.0,0.0,Seattle Seahawks,,,,,,,,,,,,,,,1,0.1056999999999999,0.131425,Seattle Seahawks,New England Patriots,0,0,0,0,0,1,0,0,0,0,0,1,0,4.5,4.5,,,24000.0,1.0,1.0,0.009074,0.0002603184218353,98.22603409458092,2.3965955187848094,61.12833659747119,3.851046605263182,0.0160500759753714,0.0020006431757982,0.0040927514206075,0.0025470140248946,9.985814661603372e-05,0.0001604602752192,0.0027074743001139,6.247642124047991,159.3543706920521,,,21419.0,2581.0,0.3798,0.6202,0.3412,0.6585,0.3516,0.6472,Seattle Seahawks,Seattle Seahawks,Seattle Seahawks,Seattle Seahawks,Seattle Seahawks,Same,Same,Same,False,False,0.0066397654455021,0.0002603184218353
2026_01_SF_LA,2026,1,2026-09-10,20:35,San Francisco 49ers,Los Angeles Rams,Neutral,,,,,0,0,0,0,0,0,Melbourne Cricket Ground,33.9535,-118.3395,America/Los_Angeles,True,False,1,1,Thursday,0,0,NFC West,Levi's Stadium,37.4031,-121.9702,America/Los_Angeles,NFC West,SoFi Stadium,33.9535,-118.3395,America/Los_Angeles,Preseason,Preseason,Preseason,Preseason,Miami Dolphins,New York Giants,Levi's Stadium,SoFi Stadium,313,0,-313,313,0.0,0.0,,,,,0.0,0.0,0.0,0,3.325,1.29,3.325,1.29,San Francisco 49ers,2.035,San Francisco 49ers,2.035,3.325,1.29,San Francisco 49ers,2.035,0.0,0,No,No,No,No,No,1,No,3.57,8.12,2.606,7.087,4.940435000000001,0.6220650000000001,4.940435000000001,0.6220650000000001,5.251285,7.386214999999999,4.286594999999999,6.353905,San Francisco 49ers,4.318370000000001,San Francisco 49ers,4.318370000000001,4.940435000000001,0.6220650000000001,San Francisco 49ers,4.318370000000001,Los Angeles Rams,4.549999999999999,Los Angeles Rams,4.481,3.088,7.603499999999999,Los Angeles Rams,4.515499999999999,Los Angeles Rams,2.134929999999999,Los Angeles Rams,2.067310000000001,4.76894,6.87006,Los Angeles Rams,2.10112,Different,Different,Different,Different,Same,Same,True,Home Team,Home Team,48.22222222222222,-205.0,172.0,Los Angeles Rams,San Francisco 49ers,-3.555555555555556,3.555555555555556,-131,108,-131,108,-2.134929999999999,2.134929999999999,-2.067310000000001,2.067310000000001,0.3676,0.6721,0.4808,0.5671,0.4808,0.5671,0.3536,0.6464,0.4588,0.5412,0.4588,0.5412,0.3536,0.6464,-0.1464,0.1464,,,1,1,2026-09-10,SF @ LA,10.0,60.0,0.0,Historical Avg,False,B.Purdy,M.Stafford,-2.41,-3.0,13.0,169.04,Med-Low,-11.0,7.0,64.52,64.0,14.432619008977255,46.0,83.0,0.5674,0.4312,0.1022,0.0904,0.4672,0.5328,0.8674,0.1326,0.5741,0.4256,-135,135,0.6721311475409836,0.3676470588235294,-2.705,2.705,64.25999999999999,-2.302413333333333,2.302413333333333,San Francisco 49ers,1.4882455555555545,San Francisco 49ers,1.4206255555555565,San Francisco 49ers,0.8505555555555553,San Francisco 49ers,1.253142222222222,San Francisco 49ers,0.0911529411764705,San Francisco 49ers,0.0911529411764705,San Francisco 49ers,0.0635529411764705,San Francisco 49ers,0.0579529411764705,Over,16.03777777777777,100.0,172.0,251.26,432.16,110.0,100.0,47.2,42.91,110.0,100.0,1803.85,1639.86,San Francisco 49ers,,,,,,,,,,,,,,,1,0.095875,0.1520062499999999,Los Angeles Rams,San Francisco 49ers,0,1,0,0,0,0,0,1,0,1,0,1,1,4.5,5.0,,,24000.0,1.0,1.0,0.006757,0.0002735808235367,195.6740917544049,2.3217163008624864,107.0395402913948,4.24422346402011,0.02863307570782,0.0009383462182373,0.0081530871564335,0.0044599808454747,9.67381792026036e-05,0.0001768426443341,0.0046368234898089,6.565939764882597,302.7136320457997,,,21419.0,2581.0,0.3635,0.6365,0.4271,0.5726,0.4274,0.5716,Los Angeles Rams,Los Angeles Rams,Los Angeles Rams,Los Angeles Rams,Los Angeles Rams,Same,Same,Same,False,False,0.0126130680019083,0.0002735808235367
2026_01_CHI_CAR,2026,1,2026-09-13,13:00,Chicago Bears,Carolina Panthers,Home,,,,,0,0,0,0,0,0,Bank of America Stadium,35.2258,-80.8528,America/New_York,False,False,1,1,Sunday,0,0,NFC North,Soldier Field,41.8623,-87.6167,America/Chicago,NFC South,Bank of America Stadium,35.2258,-80.8528,America/New_York,Preseason,Preseason,Preseason,Preseason,Minnesota Vikings,Atlanta Falcons,Soldier Field,Mercedes-Benz Stadium,586,0,-586,586,-1.0,0.0,,,,,-1.0,0.0,-1.0,0,-1.575,-5.25,-1.575,-5.25,Chicago Bears,3.675,Chicago Bears,3.675,-1.575,-5.25,Chicago Bears,3.675,0.0,0,No,No,No,No,No,0,No,0.9,-3.79,1.647,-4.367,-1.8385,-6.8535,-1.8385,-6.8535,0.6365000000000001,-5.3935,1.3835000000000002,-5.9705,Chicago Bears,5.015000000000001,Chicago Bears,5.015000000000001,-1.8385,-6.8535,Chicago Bears,5.015000000000001,Chicago Bears,4.69,Chicago Bears,6.014,1.2735,-4.0785,Chicago Bears,5.352,Chicago Bears,6.029999999999999,Chicago Bears,7.353999999999999,1.0100000000000002,-5.682,Chicago Bears,6.692,Same,Same,Same,Same,Same,Same,False,Away Team,Away Team,47.0,142.0,-169.0,Chicago Bears,Carolina Panthers,3.0,-3.0,208,-261,268,-346,6.029999999999999,-6.029999999999999,7.353999999999999,-7.353999999999999,0.6283,0.4132,0.723,0.3247,0.7758,0.2717,0.6032,0.3968,0.6901,0.3099,0.7406,0.2594,0.6032,0.3968,0.1032,-0.1032,,,2,1,2026-09-13,CHI @ CAR,6.824999999999999,93.075,0.0,Live Forecast,False,C.Williams,B.Young,4.99,6.0,13.62,185.49,Med-High,-5.0,14.0,49.21,49.0,13.480923486898511,32.0,67.0,0.3518,0.6476,0.0826,0.089,0.3866,0.5674,0.531,0.433,0.3295,0.6704,203,-203,0.4132231404958678,0.6282527881040892,5.495,-5.495,49.105,6.292999999999999,-6.292999999999999,Chicago Bears,4.353999999999999,Chicago Bears,3.03,Chicago Bears,2.495,Chicago Bears,3.2929999999999997,Chicago Bears,0.1123472118959107,Chicago Bears,0.0618472118959108,Chicago Bears,0.0193472118959107,Chicago Bears,0.0421472118959107,Over,2.105000000000004,169.0,100.0,130.11,76.99,110.0,100.0,228.85,208.05,110.0,100.0,37.75,34.32,Chicago Bears,,,,,,,,,,,,,,,1,0.04230625,-0.08723125,Chicago Bears,Carolina Panthers,0,0,1,0,1,0,0,0,1,0,1,0,0,3.5,2.0,,,24000.0,1.0,1.0,0.0004838312291803,0.00571,4.607621561729968,80.96318247714169,7.004327938597572,53.25960014411444,0.0015036898160258,0.0144285848415299,0.0001919842317387,0.0002918469974415,0.0033734659365475,0.0022191500060047,0.0025109970034463,134.22278262125613,11.61194950032754,,,21419.0,2581.0,0.596,0.404,0.6685,0.3311,0.6472,0.351,Chicago Bears,Chicago Bears,Chicago Bears,Chicago Bears,Chicago Bears,Same,Same,Same,False,False,0.0004838312291803,0.0055926159425523
2026_01_TB_CIN,2026,1,2026-09-13,13:00,Tampa Bay Buccaneers,Cincinnati Bengals,Home,,,,,0,0,0,0,0,0,Paycor Stadium,39.0955,-84.5165,America/New_York,False,False,1,1,Sunday,0,0,NFC South,Raymond James Stadium,27.9759,-82.5033,America/New_York,AFC North,Paycor Stadium,39.0955,-84.5165,America/New_York,Preseason,Preseason,Preseason,Preseason,Cleveland Browns,Houston Texans,Raymond James Stadium,NRG Stadium,776,0,-776,776,0.0,0.0,,,,,0.0,0.0,0.0,0,1.025,1.31,1.025,1.31,Cincinnati Bengals,0.2850000000000001,Cincinnati Bengals,0.2850000000000001,1.025,1.31,Cincinnati Bengals,0.2850000000000001,0.0,0,No,No,No,No,No,0,No,-1.4,-0.04,-2.096,-0.609,2.8915,2.8985000000000003,2.8915,2.8985000000000003,0.4665000000000001,1.5485,-0.2295,0.9795,Cincinnati Bengals,0.0070000000000005,Cincinnati Bengals,0.0070000000000005,2.8915,2.8985000000000003,Cincinnati Bengals,0.0070000000000005,Cincinnati Bengals,1.36,Cincinnati Bengals,1.487,-1.748,-0.3245,Cincinnati Bengals,1.4235,Cincinnati Bengals,1.082,Cincinnati Bengals,1.209,0.1185,1.264,Cincinnati Bengals,1.1455,Same,Same,Same,Same,Same,Same,False,Home Team,Home Team,50.5,-209.0,173.0,Cincinnati Bengals,Tampa Bay Buccaneers,-3.8333333333333335,3.8333333333333335,-122,101,-122,101,-1.082,1.082,-1.209,1.209,0.3663,0.6764,0.4975,0.5495,0.4975,0.5495,0.3513,0.6487,0.4752,0.5248,0.4752,0.5248,0.3513,0.6487,-0.1487,0.1487,,,3,1,2026-09-13,TB @ CIN,8.0,72.0,0.0,Historical Avg,False,B.Mayfield,J.Burrow,-1.41,-3.0,13.83,191.19,Med-High,-11.0,8.0,55.53,55.0,13.689573810978384,39.0,73.0,0.5456,0.453,0.0852,0.0808,0.4608,0.5392,0.625,0.375,0.561,0.4387,-128,128,0.6763754045307443,0.3663003663003663,-2.205,2.205,55.265,-1.4986666666666668,1.4986666666666668,Tampa Bay Buccaneers,2.6243333333333334,Tampa Bay Buccaneers,2.7513333333333336,Tampa Bay Buccaneers,1.6283333333333334,Tampa Bay Buccaneers,2.3346666666666667,Tampa Bay Buccaneers,0.1088996336996337,Tampa Bay Buccaneers,0.1088996336996337,Tampa Bay Buccaneers,0.0866996336996337,Tampa Bay Buccaneers,0.0723996336996337,Over,4.765000000000001,100.0,173.0,342.04,591.73,110.0,100.0,80.8,73.45,110.0,100.0,531.25,482.95,Tampa Bay Buccaneers,,,,,,,,,,,,,,,1,-0.0043125,0.0914562499999999,Cincinnati Bengals,Tampa Bay Buccaneers,0,0,0,0,0,0,0,0,0,0,0,0,0,3.0,4.0,,,24000.0,1.0,1.0,0.020675,0.0001831885068374,631.2370843548582,1.544498938847496,341.8430518480987,2.85202522525013,0.0516469126826038,0.0008678248258967,0.0263015451814524,0.0142434604936707,6.4354122451979e-05,0.0001188343843854,0.0143622948780562,4.396524164097626,973.0801362029569,,,21419.0,2581.0,0.3517,0.6483,0.4364,0.5633,0.4436,0.5552,Cincinnati Bengals,Cincinnati Bengals,Cincinnati Bengals,Cincinnati Bengals,Cincinnati Bengals,Same,Same,Same,False,False,0.0405450056751232,0.0001831885068374
2026_01_NO_DET,2026,1,2026-09-13,13:00,New Orleans Saints,Detroit Lions,Home,,,,,0,0,0,0,0,0,Ford Field,42.3395,-83.045,America/Detroit,False,False,1,1,Sunday,0,0,NFC South,Caesars Superdome,29.9507,-90.0813,America/Chicago,NFC North,Ford Field,42.3395,-83.045,America/Detroit,Preseason,Preseason,Preseason,Preseason,Baltimore Ravens,Buffalo Bills,M&T Bank Stadium,Highmark Stadium,940,0,-940,940,-1.0,0.0,,,,,-1.0,0.0,-1.0,0,-6.145,4.305,-6.145,4.305,Detroit Lions,10.45,Detroit Lions,10.45,-6.145,4.305,Detroit Lions,10.45,0.0,0,No,No,No,No,No,0,No,-4.37,3.98,-4.865,3.658,-5.241,3.471,-5.241,3.471,-3.466,3.146,-3.961,2.824,Detroit Lions,8.712,Detroit Lions,8.712,-5.241,3.471,Detroit Lions,8.712,Detroit Lions,8.35,Detroit Lions,8.523,-4.6175,3.819,Detroit Lions,8.436499999999999,Detroit Lions,6.612,Detroit Lions,6.785,-3.7135,2.985,Detroit Lions,6.6985,Same,Same,Same,Same,Same,Same,False,Home Team,Home Team,49.77777777777778,-324.0,256.0,Detroit Lions,New Orleans Saints,-6.944444444444445,6.944444444444445,-282,224,-319,249,-6.612,6.612,-6.785,6.785,0.2809,0.7642,0.3086,0.7382,0.2865,0.7613,0.2688,0.7312,0.2948,0.7052,0.2734,0.7266,0.2688,0.7312,-0.2312,0.2312,,,4,1,2026-09-13,NO @ DET,0.0,70.0,0.0,Dome,True,T.Shough,J.Goff,-7.93,-8.0,13.65,186.31,Med-High,-17.0,3.0,51.78,51.0,13.847535477757823,34.0,70.0,0.7158,0.283,0.0784,0.0762,0.5664,0.4336,0.5528,0.4472,0.7197,0.28,-257,257,0.7641509433962265,0.2808988764044944,-7.965,7.965,51.39,-7.120666666666668,7.120666666666668,New Orleans Saints,0.1594444444444445,New Orleans Saints,0.3324444444444445,Detroit Lions,1.0205555555555552,Detroit Lions,0.1762222222222229,No Bet,0.0,New Orleans Saints,0.0139011235955056,New Orleans Saints,0.0021011235955055,No Bet,0.0,Over,1.612222222222222,100.0,256.0,7.3,18.7,110.0,100.0,223.6,203.27,110.0,100.0,152.2,138.36,New Orleans Saints,,,,,,,,,,,,,,,1,-0.0467249999999999,0.0997,Detroit Lions,New Orleans Saints,0,1,0,0,0,0,0,0,0,1,0,0,0,2.5,4.5,,,24000.0,1.0,1.0,0.063988,5.6753409385073005e-05,1896.3109073160635,0.3661275946249829,697.1121059717696,0.9959542306167692,0.1320894510786872,0.0009178624708544,0.0790129544715026,0.0290463377488237,1.5255316442707624e-05,4.149809294236538e-05,0.029087835841766,1.362081825241752,2593.423013287833,,,21419.0,2581.0,0.2688,0.7312,0.2795,0.7202,0.281,0.718,Detroit Lions,Detroit Lions,Detroit Lions,Detroit Lions,Detroit Lions,Same,Same,Same,False,False,0.1080592922203263,5.6753409385073005e-05
2026_01_BUF_HOU,2026,1,2026-09-13,13:00,Buffalo Bills,Houston Texans,Home,,,,,0,0,0,0,0,0,NRG Stadium,29.6847,-95.4093,America/Chicago,False,False,1,1,Sunday,0,0,AFC East,Highmark Stadium,42.7725,-78.7877,America/New_York,AFC South,NRG Stadium,29.6847,-95.4093,America/Chicago,Preseason,Preseason,Preseason,Preseason,Detroit Lions,Cincinnati Bengals,Highmark Stadium,NRG Stadium,1289,0,-1289,1289,1.0,0.0,,,,,1.0,0.0,1.0,0,4.795,0.035,4.795,0.035,Buffalo Bills,4.76,Buffalo Bills,4.76,4.795,0.035,Buffalo Bills,4.76,0.0,0,No,No,No,No,No,0,No,6.16,2.96,3.416,5.008,5.2725,-0.2085,5.2725,-0.2085,6.6375,2.7165,3.8935,4.7645,Buffalo Bills,5.481,Buffalo Bills,5.481,5.2725,-0.2085,Buffalo Bills,5.481,Buffalo Bills,3.2,Houston Texans,1.592,4.788,3.984,Buffalo Bills,0.8040000000000003,Buffalo Bills,3.921,Houston Texans,0.871,5.2655,3.7405,Buffalo Bills,1.5250000000000004,Same,Different,Same,Different,Same,Same,False,Away Team,Home Team,44.77777777777778,-102.0,-120.0,Buffalo Bills,Houston Texans,1.0,-1.0,171,-211,-122,101,3.921,-3.921,-0.871,0.871,0.5455,0.505,0.6785,0.369,0.4975,0.5495,0.5193,0.4807,0.6477,0.3523,0.4752,0.5248,0.5193,0.4807,0.0193,-0.0193,,,5,1,2026-09-13,BUF @ HOU,0.0,70.0,0.0,Dome,True,J.Allen,C.Stroud,5.45,6.0,13.98,195.43,High,-5.0,15.0,50.42,50.0,13.3759807540317,34.0,68.0,0.3494,0.6494,0.0778,0.0688,0.3506,0.6294,0.654,0.346,0.4268,0.5729,134,-134,0.504950495049505,0.5454545454545454,5.725,-5.725,50.21,2.9250000000000003,-2.9250000000000003,Houston Texans,1.871,Buffalo Bills,2.9210000000000003,Buffalo Bills,4.725,Buffalo Bills,1.9250000000000005,Houston Texans,0.019849504950495,Buffalo Bills,0.1022454545454546,Buffalo Bills,0.1039454545454545,Buffalo Bills,0.0274454545454545,Over,5.432222222222222,120.0,100.0,571.7,476.42,110.0,100.0,554.35,503.95,110.0,100.0,683.5,621.36,Buffalo Bills,,,,,,,,,,,,,,,1,0.1159999999999999,0.061625,Buffalo Bills,Houston Texans,1,0,0,0,1,0,0,1,1,0,1,1,0,4.5,4.0,,,24000.0,1.0,1.0,0.0009647364933888,0.001990759001629,11.129971976928516,24.811227589103066,12.023703864403949,22.96698844999392,0.0050112521074426,0.0057325303062113,0.000463748832372,0.0005009876610168,0.0010338011495459,0.000956957852083,0.0014579455130999,47.77821603909698,23.153675841332465,,,21419.0,2581.0,0.5183,0.4817,0.5718,0.428,0.6462,0.353,Buffalo Bills,Buffalo Bills,Buffalo Bills,Buffalo Bills,Buffalo Bills,Same,Same,Same,False,False,0.0009647364933888,0.001990759001629
2026_01_BAL_IND,2026,1,2026-09-13,13:00,Baltimore Ravens,Indianapolis Colts,Home,,,,,0,0,0,0,0,0,Lucas Oil Stadium,39.7601,-86.1638,America/Indiana/Indianapolis,False,False,1,1,Sunday,0,0,AFC North,M&T Bank Stadium,39.2789,-76.6228,America/New_York,AFC South,Lucas Oil Stadium,39.7601,-86.1638,America/Indiana/Indianapolis,Preseason,Preseason,Preseason,Preseason,New Orleans Saints,Kansas City Chiefs,M&T Bank Stadium,GEHA Field at Arrowhead Stadium,509,0,-509,509,0.0,0.0,,,,,0.0,0.0,0.0,0,6.69,-2.265,6.69,-2.265,Baltimore Ravens,8.955,Baltimore Ravens,8.955,6.69,-2.265,Baltimore Ravens,8.955,0.0,0,No,No,No,No,No,0,No,5.1,0.93,2.881,0.288,6.5185,-2.9265,6.5185,-2.9265,4.9285,0.2685,2.7095,-0.3735,Baltimore Ravens,9.445,Baltimore Ravens,9.445,6.5185,-2.9265,Baltimore Ravens,9.445,Baltimore Ravens,4.17,Baltimore Ravens,2.593,3.9905,0.609,Baltimore Ravens,3.3815,Baltimore Ravens,4.659999999999999,Baltimore Ravens,3.083,3.819,-0.0524999999999999,Baltimore Ravens,3.8715,Same,Same,Same,Same,Same,Same,False,Away Team,Away Team,47.833333333333336,149.0,-179.0,Baltimore Ravens,Indianapolis Colts,3.5,-3.5,181,-224,135,-164,4.659999999999999,-4.659999999999999,3.083,-3.083,0.6416,0.4016,0.6914,0.3559,0.6212,0.4255,0.615,0.385,0.6602,0.3398,0.5935,0.4065,0.615,0.385,0.115,-0.115,,,6,1,2026-09-13,BAL @ IND,0.0,70.0,0.0,Dome,True,L.Jackson,D.Jones,3.25,4.0,13.68,187.25,Med-High,-7.0,13.0,57.8,57.0,14.25251636885813,39.900000000000034,77.0,0.399,0.6004,0.0822,0.0844,0.4792,0.5208,0.76,0.24,0.3826,0.6173,161,-161,0.4016064257028112,0.6415770609318996,3.625,-3.625,57.4,3.789333333333333,-3.789333333333333,Indianapolis Colts,0.4170000000000002,Baltimore Ravens,1.1599999999999993,Baltimore Ravens,0.125,Baltimore Ravens,0.289333333333333,Indianapolis Colts,0.0048935742971887,Baltimore Ravens,0.0186229390681004,No Bet,0.0,No Bet,0.0,Over,9.566666666666665,,0.0,0.0,0.0,110.0,100.0,0.0,0.0,110.0,100.0,1240.0,1127.27,No Bet,,,,,,,,,,,,,,,1,0.12731875,-0.0277562499999999,Baltimore Ravens,Indianapolis Colts,0,0,0,0,0,0,0,0,0,0,0,0,0,4.5,2.5,,,24000.0,1.0,1.0,0.0002928590618755,0.003365,2.7060177317299363,99.63662699672976,4.322599753282885,62.37414860770886,0.0015360299190669,0.0151393381810789,0.000112750738822,0.0001801083230534,0.0041515261248637,0.0025989228586545,0.0027790311817079,162.0107756044386,7.028617485012822,,,21419.0,2581.0,0.6136,0.3864,0.613,0.3869,0.5846,0.4148,Baltimore Ravens,Baltimore Ravens,Baltimore Ravens,Baltimore Ravens,Baltimore Ravens,Same,Same,Same,False,False,0.0002928590618755,0.0067504489835182
2026_01_CLE_JAX,2026,1,2026-09-13,13:00,Cleveland Browns,Jacksonville Jaguars,Home,,,,,0,0,0,0,0,0,TIAA Bank Field,30.3239,-81.6554,America/New_York,False,False,1,1,Sunday,0,0,AFC North,FirstEnergy Stadium,41.5061,-81.6994,America/New_York,AFC South,TIAA Bank Field,30.3239,-81.6554,America/New_York,Preseason,Preseason,Preseason,Preseason,Tampa Bay Buccaneers,Denver Broncos,Raymond James Stadium,Empower Field at Mile High,772,0,-772,772,0.0,0.0,,,,,0.0,0.0,0.0,0,-4.705,-1.825,-4.705,-1.825,Jacksonville Jaguars,2.88,Jacksonville Jaguars,2.88,-4.705,-1.825,Jacksonville Jaguars,2.88,0.0,0,No,No,No,No,No,0,No,-6.94,5.41,-7.475,3.85,-4.8485000000000005,-2.682,-4.8485000000000005,-2.682,-7.083500000000001,4.553,-7.6185,2.9930000000000003,Jacksonville Jaguars,2.1665000000000005,Jacksonville Jaguars,2.1665000000000005,-4.8485000000000005,-2.682,Jacksonville Jaguars,2.1665000000000005,Jacksonville Jaguars,12.35,Jacksonville Jaguars,11.325,-7.2075,4.63,Jacksonville Jaguars,11.8375,Jacksonville Jaguars,11.636500000000002,Jacksonville Jaguars,10.6115,-7.351000000000001,3.773,Jacksonville Jaguars,11.124,Same,Same,Same,Same,Same,Same,False,Home Team,Home Team,40.5,-433.0,329.0,Jacksonville Jaguars,Cleveland Browns,-8.722222222222221,8.722222222222221,-646,450,-538,389,-11.636500000000002,11.636500000000002,-10.6115,10.6115,0.2331,0.8124,0.1818,0.866,0.2045,0.8433,0.223,0.777,0.1735,0.8265,0.1952,0.8048,0.223,0.777,-0.277,0.277,,,7,1,2026-09-13,CLE @ JAX,4.525,97.05,0.5,Live Forecast,False,S.Sanders,T.Lawrence,-14.41,-15.0,13.59,184.56,Med-High,-23.0,-6.0,43.67,43.0,12.43536511008359,28.0,60.0,0.8514,0.148,0.0504,0.0464,0.6916,0.3084,0.5824,0.4176,0.8149,0.1849,-440,441,0.8123827392120075,0.2331002331002331,-14.705,14.705,43.335,-12.317666666666668,12.317666666666668,Jacksonville Jaguars,1.889277777777778,Jacksonville Jaguars,2.91427777777778,Jacksonville Jaguars,5.982777777777779,Jacksonville Jaguars,3.595444444444446,No Bet,0.0,Jacksonville Jaguars,0.0141172607879924,Jacksonville Jaguars,0.0390172607879925,Jacksonville Jaguars,0.0025172607879924,Over,2.835000000000001,433.0,100.0,519.91,120.07,110.0,100.0,880.9,800.82,110.0,100.0,307.6,279.64,Jacksonville Jaguars,,,,,,,,,,,,,,,1,-0.11814375,-0.0041187499999999,Jacksonville Jaguars,Cleveland Browns,0,0,0,0,0,0,0,0,0,0,0,0,0,1.5,3.0,,,24000.0,1.0,1.0,0.506132,0.000316421669781,5106.877741173469,1.6934887766680773,1465.680484275011,5.900631298076664,0.2035004490267516,0.0012319281855333,0.2127865725488945,0.0610700201781254,7.056203236116989e-05,0.0002458596374198,0.0613158798155453,7.594120074744741,6572.55822544848,,,21419.0,2581.0,0.2263,0.7737,0.1854,0.8145,0.1466,0.8528,Jacksonville Jaguars,Jacksonville Jaguars,Jacksonville Jaguars,Jacksonville Jaguars,Jacksonville Jaguars,Same,Same,Same,False,False,0.27385659272702,0.000316421669781
2026_01_ATL_PIT,2026,1,2026-09-13,13:00,Atlanta Falcons,Pittsburgh Steelers,Home,,,,,0,0,0,0,0,0,Acrisure Stadium,40.4468,-80.0158,America/New_York,False,False,1,1,Sunday,0,0,NFC South,Mercedes-Benz Stadium,33.7489,-84.388,America/New_York,AFC North,Acrisure Stadium,40.4468,-80.0158,America/New_York,Preseason,Preseason,Preseason,Preseason,Carolina Panthers,New England Patriots,Mercedes-Benz Stadium,Gillette Stadium,521,0,-521,521,0.0,0.0,,,,,0.0,0.0,0.0,0,-0.71,-0.565,-0.71,-0.565,Pittsburgh Steelers,0.145,Pittsburgh Steelers,0.145,-0.71,-0.565,Pittsburgh Steelers,0.145,0.0,0,No,No,No,No,No,0,No,-0.79,0.59,-0.101,0.538,-0.016,0.6440000000000001,-0.016,0.6440000000000001,-0.096,1.799,0.593,1.747,Pittsburgh Steelers,0.6600000000000001,Pittsburgh Steelers,0.6600000000000001,-0.016,0.6440000000000001,Pittsburgh Steelers,0.6600000000000001,Pittsburgh Steelers,1.38,Pittsburgh Steelers,0.639,-0.4455,0.5640000000000001,Pittsburgh Steelers,1.0095,Pittsburgh Steelers,1.895,Pittsburgh Steelers,1.154,0.2484999999999999,1.773,Pittsburgh Steelers,1.5245000000000002,Same,Same,Same,Same,Same,Same,False,Home Team,Home Team,41.833333333333336,-183.0,154.0,Pittsburgh Steelers,Atlanta Falcons,-3.5,3.5,-131,108,-122,101,-1.895,1.895,-1.154,1.154,0.3937,0.6466,0.4808,0.5671,0.4975,0.5495,0.3784,0.6216,0.4588,0.5412,0.4752,0.5248,0.3784,0.6216,-0.1216,0.1216,,,8,1,2026-09-13,ATL @ PIT,10.0,70.0,0.0,Historical Avg,False,M.Penix,A.Rodgers,0.63,1.0,13.43,180.44,Med-High,-9.0,10.0,45.69,45.0,13.198213944707293,29.0,63.0,0.481,0.5182,0.1006,0.0944,0.3956,0.6044,0.611,0.389,0.5422,0.4576,-118,119,0.6466431095406361,0.3937007874015748,0.815,-0.815,45.345,-0.7446666666666668,0.7446666666666668,Atlanta Falcons,2.346,Atlanta Falcons,1.605,Atlanta Falcons,4.315,Atlanta Falcons,2.755333333333333,Atlanta Falcons,0.0814992125984251,Atlanta Falcons,0.0650992125984251,Atlanta Falcons,0.1244992125984251,Atlanta Falcons,0.0638992125984251,Over,3.511666666666663,100.0,154.0,513.36,790.57,110.0,100.0,423.1,384.64,110.0,100.0,457.75,416.14,Atlanta Falcons,,,,,,,,,,,,,,,1,-0.1033375,-0.0248624999999999,Pittsburgh Steelers,Atlanta Falcons,0,0,0,1,0,0,0,0,0,1,0,0,0,2.0,3.0,,,24000.0,1.0,1.0,0.009006,0.0004366057188898,296.4289527849924,3.9650784966696793,180.4516018884188,6.513458756685709,0.0266142582850655,0.0014243275038114,0.0123512063660413,0.0075188167453507,0.0001652116040279,0.0002713941148619,0.0077902108602126,10.47853725335539,476.8805546734112,,,21419.0,2581.0,0.3812,0.6188,0.4644,0.5354,0.5424,0.457,Pittsburgh Steelers,Atlanta Falcons,Pittsburgh Steelers,Atlanta Falcons,Pittsburgh Steelers,Same,Same,Same,False,False,0.0198700231113921,0.0004366057188898
2026_01_NYJ_TEN,2026,1,2026-09-13,13:00,New York Jets,Tennessee Titans,Home,,,,,0,0,0,0,0,0,Nissan Stadium,36.1664,-86.7716,America/Chicago,False,False,1,1,Sunday,0,0,AFC East,MetLife Stadium,40.8136,-74.0744,America/New_York,AFC South,Nissan Stadium,36.1664,-86.7716,America/Chicago,Preseason,Preseason,Preseason,Preseason,Green Bay Packers,Philadelphia Eagles,MetLife Stadium,Nissan Stadium,757,0,-757,757,1.0,0.0,,,,,1.0,0.0,1.0,0,-3.725,-4.36,-3.725,-4.36,New York Jets,0.6350000000000002,New York Jets,0.6350000000000002,-3.725,-4.36,New York Jets,0.6350000000000002,0.0,0,No,No,No,No,No,0,No,-9.26,-8.19,-6.95,-8.36,-4.542,-6.026,-4.542,-6.026,-10.077,-9.856,-7.767,-10.026,New York Jets,1.484,New York Jets,1.484,-4.542,-6.026,New York Jets,1.484,Tennessee Titans,1.0700000000000005,New York Jets,1.4099999999999993,-8.105,-8.274999999999999,New York Jets,0.1699999999999981,Tennessee Titans,0.221,New York Jets,2.2589999999999995,-8.922,-9.941,New York Jets,1.0189999999999984,Different,Same,Different,Same,Same,Same,False,Home Team,Away Team,39.44444444444444,-124.0,102.0,Tennessee Titans,New York Jets,-0.9444444444444444,0.9444444444444444,-110,-110,117,-142,-0.221,0.221,2.2589999999999995,-2.2589999999999995,0.495,0.5536,0.5238,0.5238,0.5868,0.4608,0.4721,0.5279,0.5,0.5,0.5601,0.4399,0.4721,0.5279,-0.0279,0.0279,,,9,1,2026-09-13,NYJ @ TEN,6.0,92.95000000000002,0.0,Live Forecast,False,G.Smith,C.Ward,1.49,3.0,12.72,161.69,Med-Low,-7.0,10.0,46.33,46.0,12.76931432449149,30.0,63.0,0.4454,0.553,0.098,0.0992,0.4454,0.5546,0.688,0.312,0.4783,0.5213,109,-109,0.5535714285714286,0.495049504950495,2.245,-2.245,46.165,1.4276666666666664,-1.4276666666666664,New York Jets,3.203444444444444,New York Jets,0.7234444444444443,New York Jets,3.1894444444444447,New York Jets,2.372111111111111,New York Jets,0.065050495049505,New York Jets,0.0049504950495049,New York Jets,0.057950495049505,New York Jets,0.0262504950495049,Over,6.720555555555556,100.0,102.0,286.91,292.65,110.0,100.0,161.65,146.95,110.0,100.0,862.0,783.64,New York Jets,,,,,,,,,,,,,,,1,-0.1561,-0.12514375,Tennessee Titans,New York Jets,0,0,0,0,0,0,0,0,0,0,0,0,0,1.0,1.5,,,24000.0,1.0,1.0,0.001961,7.8e-05,76.15309912522223,26.29830922646295,68.10357661871076,29.406645712030908,0.0105364383115854,0.0045894598544393,0.0031730457968842,0.0028376490257796,0.0010957628844359,0.0012252769046679,0.0040629259304475,55.704954938493856,144.256675743933,,,21419.0,2581.0,0.4667,0.5333,0.5173,0.4824,0.5424,0.4564,Tennessee Titans,New York Jets,New York Jets,New York Jets,New York Jets,Same,Same,Same,False,False,0.0060106948226638,0.0023210397891039
2026_01_ARI_LAC,2026,1,2026-09-13,16:25,Arizona Cardinals,Los Angeles Chargers,Home,,,,,0,0,0,0,0,0,SoFi Stadium,33.9535,-118.3395,America/Los_Angeles,False,False,1,1,Sunday,0,0,NFC West,State Farm Stadium,33.5277,-112.262608,America/Denver,AFC West,SoFi Stadium,33.9535,-118.3395,America/Los_Angeles,Preseason,Preseason,Preseason,Preseason,Seattle Seahawks,Las Vegas Raiders,State Farm Stadium,SoFi Stadium,350,0,-350,350,1.0,0.0,,,,,1.0,0.0,1.0,0,0.075,0.935,0.075,0.935,Los Angeles Chargers,0.8600000000000001,Los Angeles Chargers,0.8600000000000001,0.075,0.935,Los Angeles Chargers,0.8600000000000001,0.0,0,No,No,No,No,No,0,No,-4.4,1.12,-3.837,0.527,1.0675,0.9255,1.0675,0.9255,-3.4075,1.1105,-2.8445,0.5175000000000001,Arizona Cardinals,0.1419999999999998,Arizona Cardinals,0.1419999999999998,1.0675,0.9255,Arizona Cardinals,0.1419999999999998,Los Angeles Chargers,5.5200000000000005,Los Angeles Chargers,4.364,-4.1185,0.8235000000000001,Los Angeles Chargers,4.942,Los Angeles Chargers,4.518000000000001,Los Angeles Chargers,3.362,-3.1260000000000003,0.8140000000000001,Los Angeles Chargers,3.94,Different,Different,Different,Different,Same,Same,False,Home Team,Home Team,47.11111111111112,-526.0,386.0,Los Angeles Chargers,Arizona Cardinals,-9.5,9.5,-224,181,-191,156,-4.518000000000001,4.518000000000001,-3.362,3.362,0.2058,0.8403,0.3559,0.6914,0.3906,0.6564,0.1967,0.8033,0.3398,0.6602,0.3731,0.6269,0.1967,0.8033,-0.3033,0.3033,,,10,1,2026-09-13,ARI @ LAC,0.0,70.0,0.0,Dome,True,J.Brissett,J.Herbert,-10.04,-10.0,13.05,170.18,Medium,-19.0,-3.0,43.84,43.0,12.519495005432058,29.0,60.0,0.7874,0.2122,0.0652,0.0688,0.5376,0.4624,0.3652,0.6348,0.7194,0.2804,-256,257,0.8402555910543131,0.205761316872428,-10.02,10.02,43.42,-5.966666666666666,5.966666666666666,Arizona Cardinals,6.138,Arizona Cardinals,4.981999999999999,Los Angeles Chargers,0.5199999999999996,Arizona Cardinals,3.533333333333334,Arizona Cardinals,0.167338683127572,Arizona Cardinals,0.134038683127572,Arizona Cardinals,0.006438683127572,Arizona Cardinals,0.0746386831275719,Under,3.691111111111113,100.0,386.0,20.27,78.23,110.0,100.0,72.4,65.82,110.0,100.0,582.7,529.73,Arizona Cardinals,,,,,,,,,,,,,,,1,-0.2468312499999999,0.0459875,Los Angeles Chargers,Arizona Cardinals,0,0,0,0,0,0,0,0,0,0,0,0,0,0.0,3.5,,,24000.0,1.0,1.0,0.306044,0.0004602185826311,6821.512236964643,2.1725998848850163,1670.3491310979027,8.87264609826199,0.3284221669649592,0.0013850066124848,0.2842296765401935,0.0695978804624126,9.052499520354234e-05,0.0003696935874275,0.0699675740498401,11.045245983147003,8491.861368062546,,,21419.0,2581.0,0.192,0.808,0.2787,0.7208,0.2098,0.7882,Los Angeles Chargers,Los Angeles Chargers,Los Angeles Chargers,Los Angeles Chargers,Los Angeles Chargers,Same,Same,Same,False,False,0.3538275570026061,0.0004602185826311
2026_01_MIA_LV,2026,1,2026-09-13,16:25,Miami Dolphins,Las Vegas Raiders,Home,,,,,0,0,0,0,0,0,Allegiant Stadium,36.108,-115.1578,America/Los_Angeles,False,False,1,1,Sunday,0,0,AFC East,Hard Rock Stadium,25.9602,-80.2384,America/New_York,AFC West,Allegiant Stadium,36.108,-115.1578,America/Los_Angeles,Preseason,Preseason,Preseason,Preseason,San Francisco 49ers,Los Angeles Chargers,Levi's Stadium,SoFi Stadium,2168,0,-2168,2168,3.0,0.0,,,,,3.0,0.0,3.0,0,0.66,-2.35,0.66,-2.35,Miami Dolphins,3.01,Miami Dolphins,3.01,0.66,-2.35,Miami Dolphins,3.01,-0.2249999999999999,0,No,No,No,No,No,0,No,-5.46,-8.15,-3.956,-7.588,-0.4945,-2.3215,-0.4945,-2.3215,-6.6145,-8.121500000000001,-5.1105,-7.5595,Miami Dolphins,1.827,Miami Dolphins,1.827,-0.4945,-2.3215,Miami Dolphins,1.827,Miami Dolphins,2.6900000000000004,Miami Dolphins,3.632,-4.708,-7.869,Miami Dolphins,3.161,Miami Dolphins,1.5070000000000014,Miami Dolphins,2.449,-5.8625,-7.8405,Miami Dolphins,1.9780000000000009,Same,Same,Same,Same,Same,Same,False,Away Team,Away Team,40.72222222222222,-185.0,154.0,Las Vegas Raiders,Miami Dolphins,-3.5,3.5,105,-128,117,-142,1.5070000000000014,-1.5070000000000014,2.449,-2.449,0.3937,0.6491,0.5614,0.4878,0.5868,0.4608,0.3775,0.6225,0.5351,0.4649,0.5601,0.4399,0.3775,0.6225,-0.1225,0.1225,,,11,1,2026-09-13,MIA @ LV,0.0,70.0,0.0,Dome,True,M.Willis,K.Cousins,0.32,1.0,13.35,178.2,Medium,-10.0,10.0,38.92,38.0,11.934308944635092,24.0,55.0,0.4906,0.5084,0.0948,0.0864,0.4116,0.5884,0.4248,0.5752,0.5045,0.4953,-102,102,0.6491228070175439,0.3937007874015748,0.66,-0.66,38.46,1.538666666666667,-1.538666666666667,Miami Dolphins,5.949,Miami Dolphins,5.0070000000000014,Miami Dolphins,4.16,Miami Dolphins,5.038666666666667,Miami Dolphins,0.1663992125984252,Miami Dolphins,0.1413992125984252,Miami Dolphins,0.1146992125984251,Miami Dolphins,0.1015992125984251,Under,2.2622222222222206,100.0,154.0,472.95,728.34,110.0,100.0,339.1,308.27,110.0,100.0,269.8,245.27,Miami Dolphins,,,,,,,,,,,,,,,1,-0.2356,-0.16189375,Las Vegas Raiders,Miami Dolphins,0,0,0,0,0,0,0,0,0,0,0,0,0,0.0,1.0,,,24000.0,1.0,1.0,0.038093,0.0009669396663752,1388.889915192383,8.76047337736012,842.258542947991,14.446078615646822,0.0485698838340509,0.0011155482454547,0.0578704131330159,0.0350941059561662,0.0003650197240566,0.0006019199423186,0.0356960258984849,23.20655199300694,2231.148458140374,,,21419.0,2581.0,0.378,0.622,0.4994,0.5003,0.5242,0.4744,Las Vegas Raiders,Miami Dolphins,Las Vegas Raiders,Miami Dolphins,Las Vegas Raiders,Same,Same,Same,False,False,0.0929645190891822,0.0009669396663752
2026_01_GB_MIN,2026,1,2026-09-13,16:25,Green Bay Packers,Minnesota Vikings,Home,,,,,0,0,0,0,0,0,U.S. Bank Stadium,44.9738,-93.2575,America/Chicago,False,False,1,1,Sunday,0,0,NFC North,Lambeau Field,44.5013,-88.0622,America/Chicago,NFC North,U.S. Bank Stadium,44.9738,-93.2575,America/Chicago,Preseason,Preseason,Preseason,Preseason,New York Jets,Chicago Bears,MetLife Stadium,Soldier Field,257,0,-257,257,0.0,0.0,,,,,0.0,0.0,0.0,0,3.535,0.27,3.535,0.27,Green Bay Packers,3.265,Green Bay Packers,3.265,3.535,0.27,Green Bay Packers,3.265,0.0,0,No,No,No,No,No,1,No,5.09,-0.75,2.933,2.721,3.201645,-1.096145,3.201645,-1.096145,4.730894999999999,-2.090395,2.630175,1.3243250000000002,Green Bay Packers,4.29779,Green Bay Packers,4.29779,3.201645,-1.096145,Green Bay Packers,4.29779,Green Bay Packers,5.84,Green Bay Packers,0.2119999999999997,4.0115,0.9855,Green Bay Packers,3.026,Green Bay Packers,6.821289999999999,Green Bay Packers,1.3058499999999995,3.680535,-0.3830349999999999,Green Bay Packers,4.06357,Same,Same,Same,Same,Same,Same,False,Away Team,Away Team,46.22222222222222,-123.0,102.0,Minnesota Vikings,Green Bay Packers,-1.3333333333333333,1.3333333333333333,249,-319,105,-128,6.821289999999999,-6.821289999999999,1.3058499999999995,-1.3058499999999995,0.495,0.5516,0.7613,0.2865,0.5614,0.4878,0.473,0.527,0.7266,0.2734,0.5351,0.4649,0.473,0.527,-0.027,0.027,,,12,1,2026-09-13,GB @ MIN,0.0,70.0,0.0,Dome,True,J.Love,K.Murray,-0.2,0.0,12.47,155.52,Low,-9.0,8.0,50.82,50.0,13.781854669950222,33.0,69.0,0.4998,0.499,0.1088,0.094,0.4766,0.5234,0.609,0.391,0.4413,0.5584,127,-126,0.5515695067264574,0.495049504950495,-0.1,0.1,50.41,2.675713333333333,-2.675713333333333,Green Bay Packers,2.639183333333333,Green Bay Packers,8.154623333333333,Green Bay Packers,1.2333333333333332,Green Bay Packers,4.009046666666666,Green Bay Packers,0.0400504950495049,Green Bay Packers,0.2315504950495049,Green Bay Packers,0.0039504950495049,Green Bay Packers,0.0633504950495049,Over,4.187777777777775,100.0,102.0,19.56,19.95,110.0,100.0,0.0,0.0,110.0,100.0,447.25,406.59,Green Bay Packers,,,,,,,,,,,,,,,1,0.090475,-0.0010312499999999,Minnesota Vikings,Green Bay Packers,0,0,1,0,0,0,1,0,1,0,1,0,1,4.0,3.0,,,24000.0,1.0,1.0,0.000411,0.0007486468212782,43.15709679312999,8.49863871515031,38.734927482258975,9.46888499552688,0.0078080384395038,0.0033859678921738,0.0017982123663804,0.0016139553117607,0.0003541099464645,0.0003945368748136,0.0020084921865744,17.96752371067719,81.89202427538896,,,21419.0,2581.0,0.4752,0.5248,0.5543,0.4453,0.4802,0.5182,Minnesota Vikings,Minnesota Vikings,Green Bay Packers,Green Bay Packers,Green Bay Packers,Same,Different,Same,False,False,0.0034121676781412,0.0007486468212782
2026_01_WAS_PHI,2026,1,2026-09-13,16:25,Washington Commanders,Philadelphia Eagles,Home,,,,,0,0,0,0,0,0,Lincoln Financial Field,39.9008,-75.1675,America/New_York,False,False,1,1,Sunday,0,0,NFC East,FedExField,38.9077,-76.8645,America/New_York,NFC East,Lincoln Financial Field,39.9008,-75.1675,America/New_York,Preseason,Preseason,Preseason,Preseason,Dallas Cowboys,Tennessee Titans,AT&T Stadium,Nissan Stadium,114,0,-114,114,0.0,0.0,,,,,0.0,0.0,0.0,0,1.45,4.905,1.45,4.905,Philadelphia Eagles,3.455,Philadelphia Eagles,3.455,1.45,4.905,Philadelphia Eagles,3.455,0.0,0,No,No,No,No,No,1,No,-5.43,5.52,-1.427,3.682,2.0457400000000003,6.23426,2.0457400000000003,6.23426,-4.75931,6.77431,-0.81472,4.99472,Philadelphia Eagles,4.18852,Philadelphia Eagles,4.18852,2.0457400000000003,6.23426,Philadelphia Eagles,4.18852,Philadelphia Eagles,10.95,Philadelphia Eagles,5.109,-3.4285,4.601,Philadelphia Eagles,8.029499999999999,Philadelphia Eagles,11.53362,Philadelphia Eagles,5.80944,-2.787015,5.884515,Philadelphia Eagles,8.67153,Same,Same,Same,Same,Same,Same,False,Home Team,Home Team,44.44444444444444,-228.0,186.0,Philadelphia Eagles,Washington Commanders,-4.888888888888889,4.888888888888889,-646,450,-261,208,-11.53362,11.53362,-5.80944,5.80944,0.3497,0.6951,0.1818,0.866,0.3247,0.723,0.3347,0.6653,0.1735,0.8265,0.3099,0.6901,0.3347,0.6653,-0.1653,0.1653,,,13,1,2026-09-13,WAS @ PHI,10.0,74.0,0.0,Historical Avg,False,J.Daniels,J.Hurts,-6.59,-7.0,13.14,172.77,Medium,-16.0,3.0,45.16,44.0,13.316273542857765,29.0,62.0,0.6992,0.2992,0.0844,0.0902,0.5922,0.4078,0.495,0.505,0.7203,0.2793,-258,258,0.6951219512195121,0.3496503496503496,-6.795,6.795,44.58,-8.04602,8.04602,Philadelphia Eagles,0.9205511111111112,Philadelphia Eagles,6.64473111111111,Philadelphia Eagles,1.9061111111111104,Philadelphia Eagles,3.157131111111111,No Bet,0.0,Philadelphia Eagles,0.1313780487804878,Philadelphia Eagles,0.0040780487804878,Philadelphia Eagles,0.0251780487804879,Over,0.1355555555555554,228.0,100.0,33.44,14.67,110.0,100.0,359.05,326.41,110.0,100.0,0.0,0.0,Philadelphia Eagles,,,,,,,,,,,,,,,1,-0.0372999999999999,0.087575,Philadelphia Eagles,Washington Commanders,0,0,0,1,0,1,0,0,0,1,0,1,1,2.5,4.0,,,24000.0,1.0,1.0,0.024665,0.0001383484684885,798.7246016344061,1.111325577674787,401.8234242703077,2.209037666050301,0.0576145948122644,0.0009997061315808,0.0332801917347669,0.0167426426779294,4.6305232403116125e-05,9.20432360854292e-05,0.0168346859140149,3.3203632437250885,1200.548025904714,,,21419.0,2581.0,0.3344,0.6656,0.2822,0.7174,0.3108,0.6874,Philadelphia Eagles,Philadelphia Eagles,Philadelphia Eagles,Philadelphia Eagles,Philadelphia Eagles,Same,Same,Same,False,False,0.0500228344126964,0.0001383484684885
2026_01_DAL_NYG,2026,1,2026-09-13,20:20,Dallas Cowboys,New York Giants,Home,,,,,0,0,0,0,0,0,MetLife Stadium,40.8136,-74.0744,America/New_York,False,False,1,1,Sunday,0,0,NFC East,AT&T Stadium,32.7369,-97.0826,America/Chicago,NFC East,MetLife Stadium,40.8136,-74.0744,America/New_York,Preseason,Preseason,Preseason,Preseason,Washington Commanders,Los Angeles Rams,AT&T Stadium,SoFi Stadium,1384,0,-1384,1384,-1.0,0.0,,,,,-1.0,0.0,-1.0,0,-0.615,-2.84,-0.615,-2.84,Dallas Cowboys,2.225,Dallas Cowboys,2.225,-0.615,-2.84,Dallas Cowboys,2.225,0.0,0,No,No,No,No,No,1,No,-1.01,-3.53,-3.616,-5.014,-0.71202,-3.84998,-0.71202,-3.84998,-1.10997,-4.53703,-3.7047500000000007,-6.03225,Dallas Cowboys,3.13796,Dallas Cowboys,3.13796,-0.71202,-3.84998,Dallas Cowboys,3.13796,Dallas Cowboys,2.52,Dallas Cowboys,1.398,-2.313,-4.272,Dallas Cowboys,1.959,Dallas Cowboys,3.42706,Dallas Cowboys,2.3275,-2.40736,-5.28464,Dallas Cowboys,2.8772799999999994,Same,Same,Same,Same,Same,Same,False,Away Team,Away Team,48.16666666666666,135.0,-160.0,Dallas Cowboys,New York Giants,2.9444444444444446,-2.9444444444444446,156,-191,117,-142,3.42706,-3.42706,2.3275,-2.3275,0.6154,0.4255,0.6564,0.3906,0.5868,0.4608,0.5912,0.4088,0.6269,0.3731,0.5601,0.4399,0.5912,0.4088,0.0912,-0.0912,,,14,1,2026-09-13,DAL @ NYG,6.574999999999999,79.25,6.800000000000001,Live Forecast,False,D.Prescott,J.Dart,3.08,4.0,13.72,188.1,Med-High,-7.0,13.0,56.25,56.0,13.583987064956894,39.0,73.0,0.4062,0.5934,0.0804,0.076,0.442,0.558,0.7138,0.2862,0.407,0.5929,146,-146,0.425531914893617,0.6153846153846154,3.54,-3.54,56.125,3.098186666666667,-3.098186666666667,New York Giants,0.616944444444445,Dallas Cowboys,0.4826155555555553,Dallas Cowboys,0.5955555555555554,Dallas Cowboys,0.1537422222222222,New York Giants,0.0143680851063829,Dallas Cowboys,0.0115153846153845,No Bet,0.0,No Bet,0.0,Over,7.958333333333336,,0.0,0.0,0.0,110.0,100.0,179.5,163.18,110.0,100.0,997.45,906.77,No Bet,,,,,,,,,,,,,,,1,0.0340999999999999,-0.0589437499999999,Dallas Cowboys,New York Giants,1,0,0,0,0,0,0,0,1,0,0,0,1,3.5,2.5,,,24000.0,1.0,1.0,0.0004191206653234,0.001772,4.11207667162109,77.62904781281702,5.946819296140872,53.67854321021584,0.0017449498207936,0.013535807115354,0.0001713365279842,0.0002477841373392,0.0032345436588673,0.0022366059670923,0.0024843901044315,131.30759102303284,10.058895967761964,,,21419.0,2581.0,0.588,0.412,0.5878,0.4122,0.576,0.4238,Dallas Cowboys,Dallas Cowboys,Dallas Cowboys,Dallas Cowboys,Dallas Cowboys,Same,Same,Same,False,False,0.0004191206653234,0.0054711496259597
2026_01_DEN_KC,2026,1,2026-09-14,20:15,Denver Broncos,Kansas City Chiefs,Home,,,,,0,0,0,0,0,0,GEHA Field at Arrowhead Stadium,39.0489,-94.4839,America/Chicago,False,False,1,1,Monday,0,0,AFC West,Empower Field at Mile High,39.7648,-105.0076,America/Denver,AFC West,GEHA Field at Arrowhead Stadium,39.0489,-94.4839,America/Chicago,Preseason,Preseason,Preseason,Preseason,Jacksonville Jaguars,Indianapolis Colts,Empower Field at Mile High,GEHA Field at Arrowhead Stadium,563,0,-563,563,-1.0,0.0,,,,,-1.0,0.0,-1.0,0,2.05,4.395,2.05,4.395,Kansas City Chiefs,2.345,Kansas City Chiefs,2.345,2.05,4.395,Kansas City Chiefs,2.345,0.0,0,No,No,No,No,No,1,No,-0.48,-2.17,3.499,0.625,2.55201,2.20999,2.55201,2.20999,-0.0183399999999999,-4.314659999999999,3.94882,-1.50782,Denver Broncos,0.3420199999999997,Denver Broncos,0.3420199999999997,2.55201,2.20999,Denver Broncos,0.3420199999999997,Denver Broncos,1.69,Denver Broncos,2.874,1.5095,-0.7725,Denver Broncos,2.282,Denver Broncos,4.296319999999999,Denver Broncos,5.45664,1.96524,-2.9112399999999994,Denver Broncos,4.876479999999999,Different,Different,Same,Same,Same,Same,False,Away Team,Away Team,43.55555555555556,-147.0,124.0,Kansas City Chiefs,Denver Broncos,-2.4444444444444446,2.4444444444444446,181,-224,195,-244,4.296319999999999,-4.296319999999999,5.45664,-5.45664,0.4464,0.5951,0.6914,0.3559,0.7093,0.339,0.4286,0.5714,0.6602,0.3398,0.6766,0.3234,0.4286,0.5714,-0.0714,0.0714,,,15,1,2026-09-14,DEN @ KC,10.0,60.0,0.0,Historical Avg,False,B.Nix,P.Mahomes,5.84,7.0,12.93,167.25,Med-Low,-3.0,14.0,42.73,42.0,12.627269702830835,27.0,59.0,0.3262,0.6728,0.0854,0.0852,0.2866,0.7134,0.4484,0.5516,0.3902,0.6096,156,-156,0.5951417004048583,0.4464285714285714,6.42,-6.42,42.365,5.390986666666666,-5.390986666666666,Denver Broncos,7.901084444444445,Denver Broncos,6.7407644444444434,Denver Broncos,8.864444444444445,Denver Broncos,7.83543111111111,Denver Broncos,0.2301714285714285,Denver Broncos,0.2137714285714285,Denver Broncos,0.2263714285714285,Denver Broncos,0.1631714285714285,Under,1.1905555555555625,100.0,124.0,1022.32,1267.68,110.0,100.0,995.35,904.86,110.0,100.0,145.9,132.64,Denver Broncos,,,,,,,,,,,,,,,1,0.0642375,0.09346875,Kansas City Chiefs,Denver Broncos,1,0,0,1,0,0,1,0,1,1,1,0,1,4.0,4.5,,,24000.0,1.0,1.0,0.0037607050321714,0.002269,51.57280452918668,2.985029957037645,38.68411624292861,3.9795756356773455,0.008780779201367,0.0022450724562004,0.0021488668553827,0.0016118381767886,0.0001243762482099,0.0001658156514865,0.0017776538282752,6.964605592714992,90.25692077211528,,,21419.0,2581.0,0.4333,0.5667,0.611,0.3888,0.6738,0.3252,Kansas City Chiefs,Denver Broncos,Denver Broncos,Denver Broncos,Denver Broncos,Same,Same,Same,False,False,0.0037607050321714,0.0002901918996964
2026_02_DET_BUF,2026,2,2026-09-17,20:15,Detroit Lions,Buffalo Bills,Home,,,,,4,4,0,0,0,0,Highmark Stadium,42.7725,-78.7877,America/New_York,False,False,2,2,Thursday,0,0,NFC North,Ford Field,42.3395,-83.045,America/Detroit,AFC East,Highmark Stadium,42.7725,-78.7877,America/New_York,New Orleans Saints,Houston Texans,Ford Field,NRG Stadium,New York Jets,Los Angeles Chargers,Ford Field,Highmark Stadium,219,0,-219,219,0.0,0.0,America/Detroit,America/Chicago,0.0,-1.0,0.0,0.0,0.0,0,4.305,4.795,4.305,4.795,Buffalo Bills,0.4900000000000002,Buffalo Bills,0.4900000000000002,4.305,4.795,Buffalo Bills,0.4900000000000002,0.0,0,No,No,No,No,No,0,No,3.98,6.16,3.658,3.416,5.138999999999999,4.3925,5.138999999999999,4.3925,4.814,5.7575,4.492,3.0135,Detroit Lions,0.7464999999999993,Detroit Lions,0.7464999999999993,5.138999999999999,4.3925,Detroit Lions,0.7464999999999993,Buffalo Bills,2.18,Detroit Lions,0.242,3.819,4.788,Buffalo Bills,0.9690000000000004,Buffalo Bills,0.9435000000000002,Detroit Lions,1.4785,4.6530000000000005,4.3855,Detroit Lions,0.2675,Different,Different,Different,Same,Same,Same,True,Home Team,Away Team,52.0,-176.0,146.0,Buffalo Bills,Detroit Lions,-3.083333333333333,3.083333333333333,-122,101,105,-128,-0.9435000000000002,0.9435000000000002,1.4785,-1.4785,0.4065,0.6377,0.4975,0.5495,0.5614,0.4878,0.3893,0.6107,0.4752,0.5248,0.5351,0.4649,0.3893,0.6107,-0.1107,0.1107,,,16,2,2026-09-17,DET @ BUF,4.825,67.65,0.0,Live Forecast,False,J.Goff,J.Allen,-3.21,-4.0,14.28,203.93,High,-13.0,7.0,59.52,59.0,14.35095695879291,41.0,78.0,0.5962,0.4028,0.0844,0.0776,0.5138,0.4862,0.6816,0.2994,0.5492,0.4506,-122,122,,,,,,,,No Bet,,No Bet,,No Bet,,No Bet,,No Bet,,No Bet,,No Bet,,No Bet,,No Bet,,,,,,,,,,,,,,,,,,,,,,,,,,,,,2,0.1137266666666666,0.1163533333333333,Buffalo Bills,Detroit Lions,1,1,0,0,0,1,0,0,1,1,0,1,0,4.5,4.5,,,17772.47422090017,0.9986039519719812,0.8933006803810114,0.0036762949366259,9.43310459956426e-05,39.90121856355545,0.6526599251851298,25.43563842605557,1.023836158002977,,,0.0022451133177974,0.0014311816188284,3.6723076206103664e-05,5.7607969789538936e-05,0.001488789588618,1.6764960831881064,65.33685698961102,,,18392.0,3027.0,0.4081,0.5919,0.4548,0.545,0.4006,0.5986,Buffalo Bills,Buffalo Bills,Buffalo Bills,Buffalo Bills,Buffalo Bills,Same,Same,Same,False,False,0.0036762949366259,9.43310459956426e-05
2026_02_CAR_ATL,2026,2,2026-09-20,13:00,Carolina Panthers,Atlanta Falcons,Home,,,,,7,7,0,0,0,0,Mercedes-Benz Stadium,33.7489,-84.388,America/New_York,False,False,2,2,Sunday,0,0,NFC South,Bank of America Stadium,35.2258,-80.8528,America/New_York,NFC South,Mercedes-Benz Stadium,33.7489,-84.388,America/New_York,Chicago Bears,Pittsburgh Steelers,Bank of America Stadium,Acrisure Stadium,Cleveland Browns,Green Bay Packers,FirstEnergy Stadium,Lambeau Field,226,0,-226,226,0.0,0.0,America/New_York,America/New_York,0.0,0.0,0.0,0.0,0.0,0,-5.25,-0.71,-5.25,-0.71,Atlanta Falcons,4.54,Atlanta Falcons,4.54,-5.25,-0.71,Atlanta Falcons,4.54,0.0,0,No,No,No,No,No,1,No,-3.79,-0.79,-4.367,-0.101,-3.624075,-1.4264249999999998,-3.624075,-1.4264249999999998,-2.179475,-1.491025,-2.743815,-0.8146849999999999,Atlanta Falcons,2.1976500000000003,Atlanta Falcons,2.1976500000000003,-3.624075,-1.4264249999999998,Atlanta Falcons,2.1976500000000003,Atlanta Falcons,3.0,Atlanta Falcons,4.266,-4.0785,-0.4455,Atlanta Falcons,3.633,Atlanta Falcons,0.68845,Atlanta Falcons,1.92913,-2.461645,-1.152855,Atlanta Falcons,1.30879,Same,Same,Same,Same,Same,Same,False,Home Team,Home Team,44.0,-123.0,104.0,Atlanta Falcons,Carolina Panthers,-1.5,1.5,-116,-104,-131,108,-0.68845,0.68845,-1.92913,1.92913,0.4902,0.5516,0.5098,0.537,0.4808,0.5671,0.4705,0.5295,0.487,0.513,0.4588,0.5412,0.4705,0.5295,-0.0295,0.0295,,,17,2,2026-09-20,CAR @ ATL,0.0,70.0,0.0,Dome,True,B.Young,M.Penix,-10.2,-10.0,13.1,171.73,Medium,-19.0,-2.0,46.18,46.0,12.937433300159627,30.0,63.0,0.7778,0.2216,0.0686,0.0736,0.7618,0.2382,0.5328,0.4336,0.5904,0.4095,-144,144,,,,,,,,No Bet,,No Bet,,No Bet,,No Bet,,No Bet,,No Bet,,No Bet,,No Bet,,No Bet,,,,,,,,,,,,,,,,,,,,,,,,,,,,,2,-0.09108,-0.1121933333333333,Atlanta Falcons,Carolina Panthers,0,0,0,0,0,0,0,0,0,0,0,0,1,2.0,1.5,,,17772.47422090017,0.9997768977775752,0.9997407439445708,0.0026996136416089,0.000663718453378,25.404781934573567,5.54997993777228,22.5740319173123,6.245939164825553,,,0.0014294454232319,0.001270168218377,0.0003122795323143,0.0003514389210636,0.0016216071394407,11.795919102597834,47.97881385188587,,,18392.0,3027.0,0.4675,0.5325,0.4075,0.5921,0.2168,0.7816,Atlanta Falcons,Atlanta Falcons,Atlanta Falcons,Atlanta Falcons,Atlanta Falcons,Same,Same,Same,False,False,0.0026996136416089,0.000663718453378
2026_02_NO_BAL,2026,2,2026-09-20,13:00,New Orleans Saints,Baltimore Ravens,Home,,,,,7,7,0,0,0,0,M&T Bank Stadium,39.2789,-76.6228,America/New_York,False,True,2,2,Sunday,0,0,NFC South,Caesars Superdome,29.9507,-90.0813,America/Chicago,AFC North,M&T Bank Stadium,39.2789,-76.6228,America/New_York,Detroit Lions,Indianapolis Colts,Ford Field,Lucas Oil Stadium,Las Vegas Raiders,Dallas Cowboys,Caesars Superdome,Maracanã Stadium,998,0,-998,998,-1.0,0.0,America/Detroit,America/Indiana/Indianapolis,0.0,0.0,-1.0,0.0,-1.0,0,-6.145,6.69,-6.145,6.69,Baltimore Ravens,12.835,Baltimore Ravens,12.835,-6.145,6.69,Baltimore Ravens,12.835,0.0,0,No,No,No,No,No,0,No,-4.37,5.1,-4.865,2.881,-5.241,6.8615,-5.241,6.8615,-3.466,5.2715,-3.961,3.0525,Baltimore Ravens,12.1025,Baltimore Ravens,12.1025,-5.241,6.8615,Baltimore Ravens,12.1025,Baltimore Ravens,9.47,Baltimore Ravens,7.746,-4.6175,3.9905,Baltimore Ravens,8.608,Baltimore Ravens,8.7375,Baltimore Ravens,7.0135000000000005,-3.7135,4.162,Baltimore Ravens,7.875500000000001,Same,Same,Same,Same,Same,Same,False,Home Team,Home Team,46.5,-400.0,320.0,Baltimore Ravens,New Orleans Saints,-7.7,7.7,-397,302,-319,249,-8.7375,8.7375,-7.0135000000000005,7.0135000000000005,0.2381,0.8,0.2488,0.7988,0.2865,0.7613,0.2294,0.7706,0.2375,0.7625,0.2734,0.7266,0.2294,0.7706,-0.2706,0.2706,,,18,2,2026-09-20,NO @ BAL,8.0,70.0,0.0,Historical Avg,False,T.Shough,L.Jackson,-8.47,-9.0,13.28,176.48,Medium,-18.0,1.0,49.32,49.0,13.58569428545496,33.0,67.0,0.734,0.2648,0.077,0.0828,0.5258,0.4742,0.5672,0.4328,0.7484,0.2513,-297,298,,,,,,,,No Bet,,No Bet,,No Bet,,No Bet,,No Bet,,No Bet,,No Bet,,No Bet,,No Bet,,,,,,,,,,,,,,,,,,,,,,,,,,,,,2,-0.0318,0.1177666666666666,Baltimore Ravens,New Orleans Saints,0,0,0,0,0,0,0,0,0,0,0,0,0,2.5,4.5,0.001,,17772.47422090017,0.9943937672516324,0.9999793991770602,0.1094486955283294,2.59870085901437e-05,1498.9511767089305,0.1059491791925792,446.222943079456,0.3559042610540609,,0.001,0.0843411647741306,0.0251075307541987,5.9614197705789645e-06,2.0025588819564733e-05,0.0251275563430183,0.4618534402466402,1945.1741197883864,,,18392.0,3027.0,0.252,0.748,0.2585,0.7413,0.2712,0.728,Baltimore Ravens,Baltimore Ravens,Baltimore Ravens,Baltimore Ravens,Baltimore Ravens,Same,Same,Same,False,False,0.1094486955283294,2.59870085901437e-05
2026_02_MIN_CHI,2026,2,2026-09-20,13:00,Minnesota Vikings,Chicago Bears,Home,,,,,7,7,0,0,0,0,Soldier Field,41.8623,-87.6167,America/Chicago,False,False,2,2,Sunday,0,0,NFC North,U.S. Bank Stadium,44.9738,-93.2575,America/Chicago,NFC North,Soldier Field,41.8623,-87.6167,America/Chicago,Green Bay Packers,Carolina Panthers,U.S. Bank Stadium,Bank of America Stadium,Tampa Bay Buccaneers,Philadelphia Eagles,Raymond James Stadium,Soldier Field,355,0,-355,355,0.0,0.0,America/Chicago,America/New_York,0.0,1.0,0.0,0.0,0.0,0,0.27,-1.575,0.27,-1.575,Minnesota Vikings,1.845,Minnesota Vikings,1.845,0.27,-1.575,Minnesota Vikings,1.845,0.0,0,No,No,No,No,No,1,No,-0.75,0.9,2.721,1.647,1.649335,-1.355835,1.649335,-1.355835,0.6642849999999999,1.084215,4.108045000000001,1.858455,Minnesota Vikings,3.00517,Minnesota Vikings,3.00517,1.649335,-1.355835,Minnesota Vikings,3.00517,Chicago Bears,1.65,Minnesota Vikings,1.074,0.9855,1.2735,Chicago Bears,0.288,Chicago Bears,0.41993,Minnesota Vikings,2.2495900000000004,2.386165,1.471335,Minnesota Vikings,0.91483,Different,Same,Different,Same,Same,Same,False,Home Team,Away Team,45.7,-165.0,139.0,Chicago Bears,Minnesota Vikings,-3.3,3.3,-116,-104,108,-131,-0.41993,0.41993,2.2495900000000004,-2.2495900000000004,0.4184,0.6226,0.5098,0.537,0.5671,0.4808,0.4019,0.5981,0.487,0.513,0.5412,0.4588,0.4019,0.5981,-0.0981,0.0981,,,19,2,2026-09-20,MIN @ CHI,7.125,72.55,0.0,Live Forecast,False,K.Murray,C.Williams,6.69,7.0,13.62,185.4,Med-High,-3.0,16.0,48.18,48.0,13.234706995390972,32.0,65.0,0.3052,0.6946,0.0828,0.0778,0.2402,0.7598,0.569,0.431,0.4688,0.5312,113,-113,,,,,,,,No Bet,,No Bet,,No Bet,,No Bet,,No Bet,,No Bet,,No Bet,,No Bet,,No Bet,,,,,,,,,,,,,,,,,,,,,,,,,,,,,2,0.0054399999999999,0.0385866666666666,Chicago Bears,Minnesota Vikings,0,0,0,1,0,1,0,0,0,1,0,1,1,3.0,3.5,,,17772.47422090017,0.9954444619544344,0.9975716888792908,0.0046874544555313,0.0002182408641408,49.82631352294662,1.5588415450064783,33.48134994962757,2.319838586883242,,,0.0028035665098532,0.001883887945678,8.7711003298196e-05,0.0001305298608426,0.0020144178065206,3.8786801318897193,83.30766347257418,,,18392.0,3027.0,0.3691,0.6309,0.5234,0.4763,0.6964,0.3024,Chicago Bears,Minnesota Vikings,Minnesota Vikings,Minnesota Vikings,Minnesota Vikings,Same,Same,Same,False,False,0.0046874544555313,0.0002182408641408
2026_02_CIN_HOU,2026,2,2026-09-20,13:00,Cincinnati Bengals,Houston Texans,Home,,,,,7,7,0,0,0,0,NRG Stadium,29.6847,-95.4093,America/Chicago,False,False,2,2,Sunday,0,0,AFC North,Paycor Stadium,39.0955,-84.5165,America/New_York,AFC South,NRG Stadium,29.6847,-95.4093,America/Chicago,Tampa Bay Buccaneers,Buffalo Bills,Paycor Stadium,NRG Stadium,Pittsburgh Steelers,Indianapolis Colts,Acrisure Stadium,Lucas Oil Stadium,897,0,-897,897,1.0,0.0,America/New_York,America/Chicago,1.0,0.0,1.0,0.0,1.0,0,1.31,0.035,1.31,0.035,Cincinnati Bengals,1.275,Cincinnati Bengals,1.275,1.31,0.035,Cincinnati Bengals,1.275,0.0,0,No,No,No,No,No,0,No,-0.04,2.96,-0.609,5.008,-0.2035,-0.2085,-0.2035,-0.2085,-1.5535,2.7165,-2.1225,4.7645,Cincinnati Bengals,0.0049999999999999,Cincinnati Bengals,0.0049999999999999,-0.2035,-0.2085,Cincinnati Bengals,0.0049999999999999,Houston Texans,3.0,Houston Texans,5.617,-0.3245,3.984,Houston Texans,4.3085,Houston Texans,4.27,Houston Texans,6.8870000000000005,-1.838,3.7405,Houston Texans,5.5785,Different,Different,Different,Different,Same,Same,False,Home Team,Home Team,46.1,-141.0,120.0,Houston Texans,Cincinnati Bengals,-2.8,2.8,-224,181,-319,249,-4.27,4.27,-6.8870000000000005,6.8870000000000005,0.4545,0.5851,0.3559,0.6914,0.2865,0.7613,0.4372,0.5628,0.3398,0.6602,0.2734,0.7266,0.4372,0.5628,-0.0628,0.0628,,,20,2,2026-09-20,CIN @ HOU,0.0,70.0,0.0,Dome,True,J.Burrow,C.Stroud,-4.48,-5.0,13.48,181.77,Med-High,-13.0,6.0,50.0,49.0,12.959104277562371,34.0,67.0,0.6294,0.369,0.0886,0.0756,0.5916,0.4084,0.5862,0.4138,0.6447,0.3548,-181,182,,,,,,,,No Bet,,No Bet,,No Bet,,No Bet,,No Bet,,No Bet,,No Bet,,No Bet,,No Bet,,,,,,,,,,,,,,,,,,,,,,,,,,,,,2,0.1017399999999999,0.0615466666666666,Houston Texans,Cincinnati Bengals,0,0,0,0,0,0,0,1,0,0,0,1,0,4.5,4.0,,0.002,17772.47422090017,0.9993737522508916,0.964482318189972,0.0020903320467942,0.0003546333134754,20.908229595033355,2.755545433530192,16.242142819738067,3.547165988085069,0.002,,0.0011764388759357,0.0009138931708584,0.0001550456846514,0.0001995876288239,0.0011134807996824,6.30271142161526,37.15037241477143,,,18392.0,3027.0,0.4486,0.5514,0.3597,0.6402,0.377,0.6228,Houston Texans,Houston Texans,Houston Texans,Houston Texans,Houston Texans,Same,Same,Same,False,False,0.0020903320467942,0.0003546333134754
2026_02_PIT_NE,2026,2,2026-09-20,13:00,Pittsburgh Steelers,New England Patriots,Home,,,,,7,11,-4,4,-4,4,Gillette Stadium,42.0628,-71.2687,America/New_York,False,False,2,2,Sunday,-4,4,AFC North,Acrisure Stadium,40.4468,-80.0158,America/New_York,AFC East,Gillette Stadium,42.0628,-71.2687,America/New_York,Atlanta Falcons,Seattle Seahawks,Acrisure Stadium,Lumen Field,Cincinnati Bengals,Jacksonville Jaguars,Acrisure Stadium,TIAA Bank Field,467,0,-467,467,0.0,0.0,America/New_York,America/Los_Angeles,0.0,-3.0,0.0,0.0,0.0,0,-0.565,-1.995,-0.565,-1.995,Pittsburgh Steelers,1.4300000000000002,Pittsburgh Steelers,1.4300000000000002,-0.565,-1.995,Pittsburgh Steelers,1.4300000000000002,0.0,0,No,No,No,No,No,0,No,0.59,5.09,0.538,4.222,-2.274,-1.5045000000000002,-2.274,-1.5045000000000002,-1.1190000000000002,5.5805,-1.171,4.7125,New England Patriots,0.7694999999999999,New England Patriots,0.7694999999999999,-2.274,-1.5045000000000002,New England Patriots,0.7694999999999999,New England Patriots,4.5,New England Patriots,3.684,0.5640000000000001,4.656000000000001,New England Patriots,4.0920000000000005,New England Patriots,6.6995000000000005,New England Patriots,5.883500000000001,-1.145,5.1465,New England Patriots,6.291499999999999,Different,Different,Same,Same,Same,Same,False,Home Team,Home Team,43.2,-227.0,189.0,New England Patriots,Pittsburgh Steelers,-5.0,5.0,-282,224,-261,208,-6.6995000000000005,6.6995000000000005,-5.883500000000001,5.883500000000001,0.346,0.6942,0.3086,0.7382,0.3247,0.723,0.3326,0.6674,0.2948,0.7052,0.3099,0.6901,0.3326,0.6674,-0.1674,0.1674,,,21,2,2026-09-20,PIT @ NE,4.875,81.10000000000001,0.0,Live Forecast,False,A.Rodgers,D.Maye,-2.96,-3.0,13.49,181.91,Med-High,-12.0,7.0,47.47,47.0,13.277582742378078,30.0,65.0,0.5868,0.4124,0.1018,0.0874,0.4502,0.5252,0.5964,0.4036,0.6624,0.3374,-196,196,,,,,,,,No Bet,,No Bet,,No Bet,,No Bet,,No Bet,,No Bet,,No Bet,,No Bet,,No Bet,,,,,,,,,,,,,,,,,,,,,,,,,,,,,2,-0.01536,0.1015866666666666,New England Patriots,Pittsburgh Steelers,0,0,1,0,0,0,0,0,1,0,0,0,0,3.0,4.5,,,17772.47422090017,0.999865151273312,0.9833208956107868,0.0201852440410086,1.4242763044220032e-05,239.424230175802,0.084190751643969,119.31749918560344,0.1689383873938211,,,0.0134716318729691,0.0067136121680394,4.737142988507583e-06,9.505620055712453e-06,0.0067231177880951,0.2531291390377901,358.7417293614054,,,18392.0,3027.0,0.3429,0.6571,0.3416,0.6581,0.4188,0.58,New England Patriots,New England Patriots,New England Patriots,New England Patriots,New England Patriots,Same,Same,Same,False,False,0.0201852440410086,1.4242763044220032e-05
2026_02_GB_NYJ,2026,2,2026-09-20,13:00,Green Bay Packers,New York Jets,Home,,,,,7,7,0,0,0,0,MetLife Stadium,40.8136,-74.0744,America/New_York,False,True,2,2,Sunday,0,0,NFC North,Lambeau Field,44.5013,-88.0622,America/Chicago,AFC East,MetLife Stadium,40.8136,-74.0744,America/New_York,Minnesota Vikings,Tennessee Titans,U.S. Bank Stadium,Nissan Stadium,Atlanta Falcons,Detroit Lions,Lambeau Field,Ford Field,753,0,-753,753,-1.0,0.0,America/Chicago,America/Chicago,-1.0,-1.0,-1.0,0.0,-1.0,0,3.535,-3.725,3.535,-3.725,Green Bay Packers,7.26,Green Bay Packers,7.26,3.535,-3.725,Green Bay Packers,7.26,0.0,0,No,No,No,No,No,0,No,5.09,-9.26,2.933,-6.95,3.1705,-2.833,3.1705,-2.833,4.725499999999999,-8.368,2.5685,-6.058,Green Bay Packers,6.003500000000001,Green Bay Packers,6.003500000000001,3.1705,-2.833,Green Bay Packers,6.003500000000001,Green Bay Packers,14.35,Green Bay Packers,9.883,4.0115,-8.105,Green Bay Packers,12.1165,Green Bay Packers,13.0935,Green Bay Packers,8.6265,3.647,-7.213,Green Bay Packers,10.86,Same,Same,Same,Same,Same,Same,False,Away Team,Away Team,42.5,200.0,-244.0,Green Bay Packers,New York Jets,5.5,-5.5,494,-729,302,-397,13.0935,-13.0935,8.6265,-8.6265,0.7093,0.3333,0.8794,0.1684,0.7988,0.2488,0.6803,0.3197,0.8393,0.1607,0.7625,0.2375,0.6803,0.3197,0.1803,-0.1803,,,22,2,2026-09-20,GB @ NYJ,10.0,72.0,0.0,Historical Avg,False,J.Love,G.Smith,15.03,15.0,12.1,146.36,Low,7.0,23.0,48.29,47.0,13.068070779375928,32.0,65.0,0.1026,0.897,0.0494,0.0534,0.2064,0.7936,0.6684,0.3316,0.2051,0.7948,388,-387,,,,,,,,No Bet,,No Bet,,No Bet,,No Bet,,No Bet,,No Bet,,No Bet,,No Bet,,No Bet,,,,,,,,,,,,,,,,,,,,,,,,,,,,,2,0.0844866666666666,-0.1544866666666666,Green Bay Packers,New York Jets,0,0,1,0,0,0,1,0,1,0,1,0,0,4.5,1.0,0.005,,17772.47422090017,0.998520278668035,0.999521808915882,0.0001342633950929,0.025235923769969,0.7628658151737494,305.11781859820843,1.623326912926812,143.3869860441676,,0.005,4.292400741122642e-05,9.133938768175584e-05,0.0171679989407099,0.008067924829259,0.0081592642169408,448.504804642376,2.386192728100561,,,18392.0,3027.0,0.6803,0.3197,0.7946,0.2053,0.8964,0.1034,Green Bay Packers,Green Bay Packers,Green Bay Packers,Green Bay Packers,Green Bay Packers,Same,Same,Same,False,False,0.0001342633950929,0.025235923769969
2026_02_CLE_TB,2026,2,2026-09-20,13:00,Cleveland Browns,Tampa Bay Buccaneers,Home,,,,,7,7,0,0,0,0,Raymond James Stadium,27.9759,-82.5033,America/New_York,False,True,2,2,Sunday,0,0,AFC North,FirstEnergy Stadium,41.5061,-81.6994,America/New_York,NFC South,Raymond James Stadium,27.9759,-82.5033,America/New_York,Jacksonville Jaguars,Cincinnati Bengals,TIAA Bank Field,Paycor Stadium,Carolina Panthers,Minnesota Vikings,FirstEnergy Stadium,Raymond James Stadium,935,0,-935,935,0.0,0.0,America/New_York,America/New_York,0.0,0.0,0.0,0.0,0.0,0,-4.705,1.025,-4.705,1.025,Tampa Bay Buccaneers,5.73,Tampa Bay Buccaneers,5.73,-4.705,1.025,Tampa Bay Buccaneers,5.73,0.0,0,No,No,No,No,No,0,No,-6.94,-1.4,-7.475,-2.096,-4.8485000000000005,-0.8415000000000001,-4.8485000000000005,-0.8415000000000001,-7.083500000000001,-3.2665,-7.6185,-3.9625,Tampa Bay Buccaneers,4.007000000000001,Tampa Bay Buccaneers,4.007000000000001,-4.8485000000000005,-0.8415000000000001,Tampa Bay Buccaneers,4.007000000000001,Tampa Bay Buccaneers,5.540000000000001,Tampa Bay Buccaneers,5.379,-7.2075,-1.748,Tampa Bay Buccaneers,5.459499999999999,Tampa Bay Buccaneers,3.817000000000001,Tampa Bay Buccaneers,3.656,-7.351000000000001,-3.6145,Tampa Bay Buccaneers,3.736500000000001,Same,Same,Same,Same,Same,Same,False,Home Team,Home Team,41.7,-303.0,245.0,Tampa Bay Buccaneers,Cleveland Browns,-6.5,6.5,-211,171,-191,156,-3.817000000000001,3.817000000000001,-3.656,3.656,0.2899,0.7519,0.369,0.6785,0.3906,0.6564,0.2782,0.7218,0.3523,0.6477,0.3731,0.6269,0.2782,0.7218,-0.2218,0.2218,,,23,2,2026-09-20,CLE @ TB,2.475,95.07500000000002,0.0,Live Forecast,False,S.Sanders,B.Mayfield,-10.12,-10.0,13.67,186.81,Med-High,-20.0,-1.0,44.93,44.0,12.835539498394407,29.0,62.0,0.7632,0.2362,0.0716,0.0692,0.6306,0.3694,0.591,0.409,0.6899,0.31,-222,223,,,,,,,,No Bet,,No Bet,,No Bet,,No Bet,,No Bet,,No Bet,,No Bet,,No Bet,,No Bet,,,,,,,,,,,,,,,,,,,,,,,,,,,,,2,-0.1112333333333333,-0.0193866666666666,Tampa Bay Buccaneers,Cleveland Browns,0,0,0,0,0,0,0,0,0,0,0,0,0,1.5,3.0,0.001,,17772.47422090017,0.9999130960090502,0.9999047128297602,0.085866224578316,7.525816295185206e-05,1101.5066886631605,0.3720991103029932,424.54857410098543,0.9654246506711018,,0.001,0.0619782409006285,0.0238879836776875,2.0936820933205245e-05,5.432134201864681e-05,0.0239423050197061,1.337523760974095,1526.055262764146,,,18392.0,3027.0,0.295,0.705,0.313,0.6868,0.2318,0.7678,Tampa Bay Buccaneers,Tampa Bay Buccaneers,Tampa Bay Buccaneers,Tampa Bay Buccaneers,Tampa Bay Buccaneers,Same,Same,Same,False,False,0.085866224578316,7.525816295185206e-05
2026_02_PHI_TEN,2026,2,2026-09-20,13:00,Philadelphia Eagles,Tennessee Titans,Home,,,,,7,7,0,0,0,0,Nissan Stadium,36.1664,-86.7716,America/Chicago,False,False,2,2,Sunday,0,0,NFC East,Lincoln Financial Field,39.9008,-75.1675,America/New_York,AFC South,Nissan Stadium,36.1664,-86.7716,America/Chicago,Washington Commanders,New York Jets,Lincoln Financial Field,Nissan Stadium,Chicago Bears,New York Giants,Soldier Field,MetLife Stadium,681,0,-681,681,1.0,0.0,America/New_York,America/Chicago,1.0,0.0,1.0,0.0,1.0,0,4.905,-4.36,4.905,-4.36,Philadelphia Eagles,9.265,Philadelphia Eagles,9.265,4.905,-4.36,Philadelphia Eagles,9.265,0.0,0,No,No,No,No,No,0,No,5.52,-8.19,3.682,-8.36,3.608000000000001,-6.026,3.608000000000001,-6.026,4.223,-9.856,2.385,-10.026,Philadelphia Eagles,9.634,Philadelphia Eagles,9.634,3.608000000000001,-6.026,Philadelphia Eagles,9.634,Philadelphia Eagles,13.71,Philadelphia Eagles,12.042,4.601,-8.274999999999999,Philadelphia Eagles,12.875999999999998,Philadelphia Eagles,14.079,Philadelphia Eagles,12.411,3.304,-9.941,Philadelphia Eagles,13.245,Same,Same,Same,Same,Same,Same,False,Away Team,Away Team,42.3,200.0,-244.0,Philadelphia Eagles,Tennessee Titans,4.9,-4.9,573,-890,466,-675,14.079,-14.079,12.411,-12.411,0.7093,0.3333,0.899,0.1486,0.871,0.1767,0.6803,0.3197,0.8582,0.1418,0.8314,0.1686,0.6803,0.3197,0.1803,-0.1803,,,24,2,2026-09-20,PHI @ TEN,6.0,78.0,0.0,Historical Avg,False,J.Hurts,C.Ward,16.26,17.0,12.19,148.64,Low,9.0,24.0,45.54,45.0,12.32246470748825,30.0,61.0,0.0932,0.9066,0.0444,0.0484,0.157,0.843,0.599,0.401,0.1808,0.8191,453,-453,,,,,,,,No Bet,,No Bet,,No Bet,,No Bet,,No Bet,,No Bet,,No Bet,,No Bet,,No Bet,,,,,,,,,,,,,,,,,,,,,,,,,,,,,2,0.0813933333333333,-0.1214666666666666,Philadelphia Eagles,Tennessee Titans,0,0,1,0,1,0,0,0,1,0,1,0,0,4.0,1.5,,0.032,17772.47422090017,0.9957151098840438,0.9550583339321927,0.0001118939124444,0.0289579325410317,0.6357655463039643,350.1191907445884,1.3528661280906693,164.53491883146393,0.032,,3.57724838084904e-05,7.612142863595877e-05,0.0197000815076638,0.0092578510333678,0.0093339724620038,514.6541095760524,1.9886316743946335,,,18392.0,3027.0,0.6571,0.3429,0.8137,0.1862,0.908,0.0914,Philadelphia Eagles,Philadelphia Eagles,Philadelphia Eagles,Philadelphia Eagles,Philadelphia Eagles,Same,Same,Same,False,False,0.0001118939124444,0.0289579325410317
2026_02_JAX_DEN,2026,2,2026-09-20,16:05,Jacksonville Jaguars,Denver Broncos,Home,,,,,7,6,1,-1,1,-1,Empower Field at Mile High,39.7648,-105.0076,America/Denver,False,False,2,2,Sunday,1,-1,AFC South,TIAA Bank Field,30.3239,-81.6554,America/New_York,AFC West,Empower Field at Mile High,39.7648,-105.0076,America/Denver,Cleveland Browns,Kansas City Chiefs,TIAA Bank Field,GEHA Field at Arrowhead Stadium,New England Patriots,Los Angeles Rams,TIAA Bank Field,Empower Field at Mile High,1466,0,-1466,1466,2.0,0.0,America/New_York,America/Chicago,2.0,1.0,2.0,0.0,2.0,0,-1.825,2.05,-1.825,2.05,Denver Broncos,3.875,Denver Broncos,3.875,-1.825,2.05,Denver Broncos,3.875,-0.15,0,No,No,No,No,No,0,Yes,5.41,-0.48,3.85,3.499,-0.843,1.3195,-0.843,1.3195,6.392,-1.2105,4.832,2.7685000000000004,Denver Broncos,2.1625,Denver Broncos,2.1625,-0.843,1.3195,Denver Broncos,2.1625,Jacksonville Jaguars,5.890000000000001,Jacksonville Jaguars,0.351,4.63,1.5095,Jacksonville Jaguars,3.1205,Jacksonville Jaguars,7.602500000000001,Jacksonville Jaguars,2.0634999999999994,5.612,0.7790000000000001,Jacksonville Jaguars,4.833,Different,Different,Different,Different,Same,Same,False,Away Team,Away Team,44.3,-148.0,125.0,Denver Broncos,Jacksonville Jaguars,-2.9,2.9,268,-346,108,-131,7.602500000000001,-7.602500000000001,2.0634999999999994,-2.0634999999999994,0.4444,0.5968,0.7758,0.2717,0.5671,0.4808,0.4269,0.5731,0.7406,0.2594,0.5412,0.4588,0.4269,0.5731,-0.0731,0.0731,,,25,2,2026-09-20,JAX @ DEN,8.0,75.0,0.0,Historical Avg,False,T.Lawrence,B.Nix,-0.73,-1.0,13.54,183.42,Med-High,-10.0,9.0,46.62,46.0,13.097424651682532,30.0,64.0,0.5192,0.48,0.0902,0.0918,0.4766,0.5234,0.5446,0.4554,0.4526,0.5472,121,-121,,,,,,,,No Bet,,No Bet,,No Bet,,No Bet,,No Bet,,No Bet,,No Bet,,No Bet,,No Bet,,,,,,,,,,,,,,,,,,,,,,,,,,,,,2,0.0004799999999999,0.0636466666666666,Denver Broncos,Jacksonville Jaguars,0,1,0,0,0,0,0,1,0,1,0,1,0,3.0,4.0,,,17772.47422090017,0.9998320419588216,0.7126524040660666,0.002236853994873,0.0002767648164391,22.78326380996052,2.0998338268764227,16.971166149837973,2.818961738540355,,,0.0012819410244617,0.0009549129704112,0.0001181509001378,0.0001586139163012,0.0011135268867125,4.918795565416778,39.75442995979849,,,18392.0,3027.0,0.4176,0.5824,0.546,0.4538,0.4844,0.5146,Denver Broncos,Denver Broncos,Jacksonville Jaguars,Denver Broncos,Jacksonville Jaguars,Same,Same,Same,False,False,0.002236853994873,0.0002767648164391
2026_02_LV_LAC,2026,2,2026-09-20,16:05,Las Vegas Raiders,Los Angeles Chargers,Home,,,,,7,7,0,0,0,0,SoFi Stadium,33.9535,-118.3395,America/Los_Angeles,False,False,2,2,Sunday,0,0,AFC West,Allegiant Stadium,36.108,-115.1578,America/Los_Angeles,AFC West,SoFi Stadium,33.9535,-118.3395,America/Los_Angeles,Miami Dolphins,Arizona Cardinals,Allegiant Stadium,SoFi Stadium,New Orleans Saints,Buffalo Bills,Caesars Superdome,Highmark Stadium,233,0,-233,233,0.0,0.0,America/Los_Angeles,America/Los_Angeles,0.0,0.0,0.0,0.0,0.0,0,-2.35,0.935,-2.35,0.935,Los Angeles Chargers,3.285,Los Angeles Chargers,3.285,-2.35,0.935,Los Angeles Chargers,3.285,0.0,0,No,No,No,No,No,1,No,-8.15,1.12,-7.588,0.527,-2.34546,0.8924600000000001,-2.34546,0.8924600000000001,-8.085609999999999,1.01761,-7.53516,0.43616,Los Angeles Chargers,3.2379200000000004,Los Angeles Chargers,3.2379200000000004,-2.34546,0.8924600000000001,Los Angeles Chargers,3.2379200000000004,Los Angeles Chargers,9.27,Los Angeles Chargers,8.115,-7.869,0.8235000000000001,Los Angeles Chargers,8.692499999999999,Los Angeles Chargers,9.10322,Los Angeles Chargers,7.97132,-7.810385,0.7268850000000001,Los Angeles Chargers,8.53727,Same,Same,Same,Same,Same,Same,False,Home Team,Home Team,42.5,-408.0,328.0,Los Angeles Chargers,Las Vegas Raiders,-8.5,8.5,-416,314,-366,282,-9.10322,9.10322,-7.97132,7.97132,0.2336,0.8031,0.2415,0.8062,0.2618,0.7854,0.2254,0.7746,0.2305,0.7695,0.25,0.75,0.2254,0.7746,-0.2746,0.2746,,,26,2,2026-09-20,LV @ LAC,0.0,70.0,0.0,Dome,True,K.Cousins,J.Herbert,-10.86,-11.0,12.81,164.04,Med-Low,-20.0,-3.0,39.83,39.0,12.088349127855604,25.0,56.0,0.7986,0.2006,0.0628,0.0656,0.6034,0.3966,0.3958,0.6042,0.7732,0.2266,-341,341,,,,,,,,No Bet,,No Bet,,No Bet,,No Bet,,No Bet,,No Bet,,No Bet,,No Bet,,No Bet,,,,,,,,,,,,,,,,,,,,,,,,,,,,,2,-0.15438,0.0307466666666666,Los Angeles Chargers,Las Vegas Raiders,0,0,0,0,0,0,0,0,0,0,0,0,1,1.0,3.5,,0.2769999999999999,17772.47422090017,0.6161754321780001,0.9218516286517344,0.1060737605790381,0.0001907050123789,1460.2706336686292,0.7639482011341471,424.9225417362628,2.625351715166417,0.2769999999999999,,0.0821647349445229,0.0239090256345152,4.298490979020553e-05,0.0001477201025887,0.0240567457371039,3.389299916300564,1885.193175404892,,,18392.0,3027.0,0.2495,0.7505,0.2322,0.7674,0.199,0.7998,Los Angeles Chargers,Los Angeles Chargers,Los Angeles Chargers,Los Angeles Chargers,Los Angeles Chargers,Same,Same,Same,False,False,0.1060737605790381,0.0001907050123789
2026_02_SEA_ARI,2026,2,2026-09-20,16:25,Seattle Seahawks,Arizona Cardinals,Home,,,,,11,7,4,-4,4,-4,State Farm Stadium,33.5277,-112.262608,America/Denver,False,False,2,2,Sunday,4,-4,NFC West,Lumen Field,47.5952,-122.3316,America/Los_Angeles,NFC West,State Farm Stadium,33.5277,-112.262608,America/Denver,New England Patriots,Los Angeles Chargers,Lumen Field,SoFi Stadium,Washington Commanders,San Francisco 49ers,FedExField,Levi's Stadium,1103,0,-1103,1103,-1.0,0.0,America/Los_Angeles,America/Los_Angeles,-1.0,-1.0,-1.0,0.0,-1.0,0,-0.13,0.075,-0.13,0.075,Arizona Cardinals,0.205,Arizona Cardinals,0.205,-0.13,0.075,Arizona Cardinals,0.205,0.0,0,No,No,No,No,No,1,No,10.42,-4.4,10.022,-3.837,0.2509049999999999,-1.326405,0.2509049999999999,-1.326405,10.650655,-5.651155000000001,10.262265,-5.097765,Seattle Seahawks,1.57731,Seattle Seahawks,1.57731,0.2509049999999999,-1.326405,Seattle Seahawks,1.57731,Seattle Seahawks,14.82,Seattle Seahawks,13.859,10.221,-4.1185,Seattle Seahawks,14.3395,Seattle Seahawks,16.301810000000003,Seattle Seahawks,15.360030000000002,10.45646,-5.374460000000001,Seattle Seahawks,15.83092,Different,Different,Same,Same,Same,Same,False,Away Team,Away Team,44.5,397.0,-526.0,Seattle Seahawks,Arizona Cardinals,9.9,-9.9,728,-1267,702,-1197,16.301810000000003,-16.301810000000003,15.360030000000002,-15.360030000000002,0.8403,0.2012,0.9268,0.1208,0.9229,0.1247,0.8068,0.1932,0.8847,0.1153,0.881,0.119,0.8068,0.1932,0.3068,-0.3068,,,27,2,2026-09-20,SEA @ ARI,0.0,70.0,0.0,Dome,True,S.Darnold,J.Brissett,15.14,15.0,12.42,154.15,Low,7.0,23.0,47.36,47.0,12.802548381045463,31.900000000000038,64.0,0.1094,0.8902,0.0518,0.053,0.3166,0.6834,0.5664,0.4336,0.1342,0.8657,645,-645,,,,,,,,No Bet,,No Bet,,No Bet,,No Bet,,No Bet,,No Bet,,No Bet,,No Bet,,No Bet,,,,,,,,,,,,,,,,,,,,,,,,,,,,,2,0.1197333333333333,-0.2428333333333333,Seattle Seahawks,Arizona Cardinals,0,0,0,0,1,0,0,0,0,0,1,0,1,4.5,0.0,,,17772.47422090017,0.9998777547876632,0.9944731367802988,0.0001867028701635,0.1345183931268671,0.6410708201507406,1928.836667051101,2.6771011267992626,461.8880070330599,,,3.607099451560046e-05,0.0001506318756479,0.1085294395747563,0.0259889535521107,0.0261395854277586,2390.7246740841606,3.3181719469500037,,,18392.0,3027.0,0.8121,0.1879,0.8642,0.1356,0.8788,0.1202,Seattle Seahawks,Seattle Seahawks,Seattle Seahawks,Seattle Seahawks,Seattle Seahawks,Same,Same,Same,False,False,0.0001867028701635,0.1345183931268671
2026_02_WAS_DAL,2026,2,2026-09-20,16:25,Washington Commanders,Dallas Cowboys,Home,,,,,7,7,0,0,0,0,AT&T Stadium,32.7369,-97.0826,America/Chicago,False,True,2,2,Sunday,0,0,NFC East,FedExField,38.9077,-76.8645,America/New_York,NFC East,AT&T Stadium,32.7369,-97.0826,America/Chicago,Philadelphia Eagles,New York Giants,Lincoln Financial Field,MetLife Stadium,Seattle Seahawks,Baltimore Ravens,FedExField,Maracanã Stadium,1206,0,-1206,1206,1.0,0.0,America/New_York,America/New_York,1.0,1.0,1.0,0.0,1.0,0,1.45,-0.615,1.45,-0.615,Washington Commanders,2.065,Washington Commanders,2.065,1.45,-0.615,Washington Commanders,2.065,0.0,0,No,No,No,No,No,1,No,-5.43,-1.01,-1.427,-3.616,2.05097,-0.59797,2.05097,-0.59797,-4.76418,-1.05782,-0.8272700000000001,-3.59773,Washington Commanders,2.64894,Washington Commanders,2.64894,2.05097,-0.59797,Washington Commanders,2.64894,Dallas Cowboys,4.42,Washington Commanders,2.189,-3.4285,-2.313,Dallas Cowboys,1.1154999999999995,Dallas Cowboys,3.70636,Washington Commanders,2.77046,-2.795725,-2.327775,Dallas Cowboys,0.4679500000000001,Different,Same,Different,Same,Same,Same,False,Home Team,Away Team,51.5,-217.0,180.0,Dallas Cowboys,Washington Commanders,-4.5,4.5,-191,156,135,-164,-3.70636,3.70636,2.77046,-2.77046,0.3571,0.6845,0.3906,0.6564,0.6212,0.4255,0.3429,0.6571,0.3731,0.6269,0.5935,0.4065,0.3429,0.6571,-0.1571,0.1571,,,28,2,2026-09-20,WAS @ DAL,0.0,70.0,0.0,Dome,True,J.Daniels,D.Prescott,2.08,3.0,13.31,177.18,Medium,-7.0,11.0,61.12,61.0,14.499660968230904,43.0,81.0,0.4346,0.5642,0.0874,0.0898,0.329,0.671,0.7376,0.2624,0.5313,0.4684,-113,113,,,,,,,,No Bet,,No Bet,,No Bet,,No Bet,,No Bet,,No Bet,,No Bet,,No Bet,,No Bet,,,,,,,,,,,,,,,,,,,,,,,,,,,,,2,-0.0293133333333333,0.0258999999999999,Dallas Cowboys,Washington Commanders,0,1,0,0,0,0,0,0,0,1,0,0,1,3.0,3.5,0.001,,17772.47422090017,0.9956320629953972,0.9999374692817744,0.0271914037633773,2.9304826708838128e-05,317.5491750787069,0.1785889301624318,165.70934733600453,0.3422303470683406,,0.001,0.0178674714129152,0.009323932350462,1.0048625078460591e-05,1.925620163037753e-05,0.0093431885520924,0.5208192772307724,483.2585224147114,,,18392.0,3027.0,0.3556,0.6444,0.4718,0.528,0.565,0.434,Dallas Cowboys,Washington Commanders,Dallas Cowboys,Washington Commanders,Dallas Cowboys,Same,Same,Same,False,False,0.0271914037633773,2.9304826708838128e-05
2026_02_MIA_SF,2026,2,2026-09-20,16:25,Miami Dolphins,San Francisco 49ers,Home,,,,,7,10,-3,3,-3,3,Levi's Stadium,37.4031,-121.9702,America/Los_Angeles,False,True,2,2,Sunday,-3,3,AFC East,Hard Rock Stadium,25.9602,-80.2384,America/New_York,NFC West,Levi's Stadium,37.4031,-121.9702,America/Los_Angeles,Las Vegas Raiders,Los Angeles Rams,Allegiant Stadium,Melbourne Cricket Ground,Kansas City Chiefs,Arizona Cardinals,Hard Rock Stadium,Levi's Stadium,2553,0,-2553,2553,3.0,0.0,America/Los_Angeles,America/Los_Angeles,0.0,0.0,0.0,0.0,0.0,0,0.66,3.325,0.66,3.325,San Francisco 49ers,2.665,San Francisco 49ers,2.665,0.66,3.325,San Francisco 49ers,2.665,0.0,0,No,No,No,No,No,0,No,-5.46,3.57,-3.956,2.606,-0.8695,2.0405,-0.8695,2.0405,-6.9895,2.2855,-5.4855,1.3215,San Francisco 49ers,2.91,San Francisco 49ers,2.91,-0.8695,2.0405,San Francisco 49ers,2.91,San Francisco 49ers,9.03,San Francisco 49ers,6.561999999999999,-4.708,3.088,San Francisco 49ers,7.796,San Francisco 49ers,9.275,San Francisco 49ers,6.807,-6.2375,1.8035,San Francisco 49ers,8.041,Same,Same,Same,Same,Same,Same,False,Home Team,Home Team,46.3,-741.0,540.0,San Francisco 49ers,Miami Dolphins,-10.9,10.9,-436,327,-319,249,-9.275,9.275,-6.807,6.807,0.1562,0.8811,0.2342,0.8134,0.2865,0.7613,0.1506,0.8494,0.2235,0.7765,0.2734,0.7266,0.1506,0.8494,-0.3494,0.3494,,,29,2,2026-09-20,MIA @ SF,6.425,83.22500000000001,0.0,Live Forecast,False,M.Willis,B.Purdy,-12.63,-13.0,12.86,165.43,Med-Low,-21.0,-5.0,53.68,53.0,12.917653049686017,37.0,71.0,0.837,0.1626,0.059,0.0676,0.5634,0.4366,0.7066,0.2934,0.7974,0.2025,-394,394,,,,,,,,No Bet,,No Bet,,No Bet,,No Bet,,No Bet,,No Bet,,No Bet,,No Bet,,No Bet,,,,,,,,,,,,,,,,,,,,,,,,,,,,,2,-0.2280133333333333,0.0789733333333333,San Francisco 49ers,Miami Dolphins,0,0,0,0,0,0,0,0,0,0,0,0,0,0.0,4.0,0.003,,17772.47422090017,0.9998693644862272,0.9995070763210304,0.2783801909546621,0.0001799050441811,4202.41054938794,0.4815220786439017,745.0942179630604,2.7158356812757645,,0.003,0.23645613419689,0.0419240567577721,2.7093699653683493e-05,0.0001528113445274,0.0420768681022995,3.197357759919666,4947.504767351,,,18392.0,3027.0,0.1631,0.8369,0.2013,0.7986,0.1452,0.8542,San Francisco 49ers,San Francisco 49ers,San Francisco 49ers,San Francisco 49ers,San Francisco 49ers,Same,Same,Same,False,False,0.2783801909546621,0.0001799050441811
2026_02_IND_KC,2026,2,2026-09-20,20:20,Indianapolis Colts,Kansas City Chiefs,Home,,,,,7,6,1,-1,1,-1,GEHA Field at Arrowhead Stadium,39.0489,-94.4839,America/Chicago,False,False,2,2,Sunday,1,-1,AFC South,Lucas Oil Stadium,39.7601,-86.1638,America/Indiana/Indianapolis,AFC West,GEHA Field at Arrowhead Stadium,39.0489,-94.4839,America/Chicago,Baltimore Ravens,Denver Broncos,Lucas Oil Stadium,GEHA Field at Arrowhead Stadium,Houston Texans,Miami Dolphins,Lucas Oil Stadium,Hard Rock Stadium,446,0,-446,446,1.0,0.0,America/Indiana/Indianapolis,America/Chicago,1.0,0.0,1.0,0.0,1.0,0,-2.265,4.395,-2.265,4.395,Kansas City Chiefs,6.66,Kansas City Chiefs,6.66,-2.265,4.395,Kansas City Chiefs,6.66,0.0,0,No,No,No,No,No,0,Yes,0.93,-2.17,0.288,0.625,-1.4035,2.0564999999999998,-1.4035,2.0564999999999998,1.7915,-4.5085,1.1495,-1.7134999999999998,Kansas City Chiefs,3.459999999999999,Kansas City Chiefs,3.459999999999999,-1.4035,2.0564999999999998,Kansas City Chiefs,3.459999999999999,Indianapolis Colts,3.1,Kansas City Chiefs,0.337,0.609,-0.7725,Indianapolis Colts,1.3815,Indianapolis Colts,6.3,Indianapolis Colts,2.8629999999999995,1.4705,-3.111,Indianapolis Colts,4.5815,Different,Different,Different,Different,Same,Different,False,Away Team,Away Team,47.3,-278.0,228.0,Kansas City Chiefs,Indianapolis Colts,-6.3,6.3,224,-282,135,-164,6.3,-6.3,2.8629999999999995,-2.8629999999999995,0.3049,0.7354,0.7382,0.3086,0.6212,0.4255,0.2931,0.7069,0.7052,0.2948,0.5935,0.4065,0.2931,0.7069,-0.2069,0.2069,,,30,2,2026-09-20,IND @ KC,10.0,60.0,0.0,Historical Avg,False,D.Jones,P.Mahomes,3.5,4.0,13.88,192.69,Med-High,-7.0,13.0,52.86,53.0,13.488504994750109,36.0,70.0,0.3952,0.6042,0.084,0.0848,0.2574,0.7426,0.6432,0.3568,0.4508,0.549,122,-122,,,,,,,,No Bet,,No Bet,,No Bet,,No Bet,,No Bet,,No Bet,,No Bet,,No Bet,,No Bet,,,,,,,,,,,,,,,,,,,,,,,,,,,,,2,-0.0158133333333333,0.0859066666666666,Kansas City Chiefs,Indianapolis Colts,0,0,0,1,0,0,0,0,0,1,0,0,0,3.0,4.5,,0.005,17772.47422090017,0.9970981640548092,0.9998477410799366,0.0322477946477067,1.192143560020052e-05,405.1407187235708,0.0621000955567288,167.9823803336803,0.1497733113239564,0.005,,0.0227959660364639,0.0094518286112428,3.494172774418773e-06,8.427262825781747e-06,0.0094602558740686,0.2118734068806853,573.1230990572511,,,18392.0,3027.0,0.2667,0.7333,0.5426,0.4571,0.6048,0.3938,Kansas City Chiefs,Indianapolis Colts,Indianapolis Colts,Indianapolis Colts,Indianapolis Colts,Same,Same,Same,False,False,0.0322477946477067,1.192143560020052e-05
2026_02_NYG_LA,2026,2,2026-09-21,20:15,New York Giants,Los Angeles Rams,Home,,,,,8,11,-3,3,-3,3,SoFi Stadium,33.9535,-118.3395,America/Los_Angeles,False,False,2,2,Monday,-3,3,NFC East,MetLife Stadium,40.8136,-74.0744,America/New_York,NFC West,SoFi Stadium,33.9535,-118.3395,America/Los_Angeles,Dallas Cowboys,San Francisco 49ers,MetLife Stadium,Melbourne Cricket Ground,Tennessee Titans,Denver Broncos,MetLife Stadium,Empower Field at Mile High,2448,0,-2448,2448,3.0,0.0,America/New_York,America/Los_Angeles,3.0,0.0,3.0,0.0,3.0,0,-2.84,1.29,-2.84,1.29,Los Angeles Rams,4.13,Los Angeles Rams,4.13,-2.84,1.29,Los Angeles Rams,4.13,-0.2249999999999999,0,No,No,No,No,No,0,No,-3.53,8.12,-5.014,7.087,-2.173,0.953,-2.173,0.953,-2.8629999999999995,7.782999999999999,-4.347,6.75,Los Angeles Rams,3.1260000000000003,Los Angeles Rams,3.1260000000000003,-2.173,0.953,Los Angeles Rams,3.1260000000000003,Los Angeles Rams,11.65,Los Angeles Rams,12.101,-4.272,7.603499999999999,Los Angeles Rams,11.8755,Los Angeles Rams,10.646,Los Angeles Rams,11.097,-3.605,7.2665,Los Angeles Rams,10.8715,Same,Same,Same,Same,Same,Same,False,Home Team,Home Team,48.3,-526.0,400.0,Los Angeles Rams,New York Giants,-8.9,8.9,-538,389,-567,406,-10.646,10.646,-11.097,11.097,0.2,0.8403,0.2045,0.8433,0.1976,0.8501,0.1923,0.8077,0.1952,0.8048,0.1886,0.8114,0.1923,0.8077,-0.3077,0.3077,,,31,2,2026-09-21,NYG @ LA,0.0,70.0,0.0,Dome,True,J.Dart,M.Stafford,-14.26,-14.0,12.95,167.77,Med-Low,-23.0,-7.0,52.92,53.0,13.284873375840752,36.0,71.0,0.868,0.1314,0.0502,0.0576,0.6914,0.3086,0.6252,0.3748,0.823,0.1769,-465,465,,,,,,,,No Bet,,No Bet,,No Bet,,No Bet,,No Bet,,No Bet,,No Bet,,No Bet,,No Bet,,,,,,,,,,,,,,,,,,,,,,,,,,,,,2,-0.0423599999999999,0.1416266666666666,Los Angeles Rams,New York Giants,0,1,0,0,0,0,0,1,0,1,0,1,0,2.5,5.0,,,17772.47422090017,0.988990047794004,0.9997686266627532,0.1339169224809925,1.9091988682131157e-05,1922.3543119331064,0.0652496738853512,457.6807406026204,0.2740622027935425,,,0.1081646982878977,0.0257522241930948,3.6713894235738207e-06,1.5420599258557332e-05,0.0257676447923534,0.3393118766788937,2380.035052535727,,,18392.0,3027.0,0.2395,0.7605,0.1895,0.8104,0.1346,0.865,Los Angeles Rams,Los Angeles Rams,Los Angeles Rams,Los Angeles Rams,Los Angeles Rams,Same,Same,Same,False,False,0.1339169224809925,1.9091988682131157e-05
2026_03_ATL_GB,2026,3,2026-09-24,20:15,Atlanta Falcons,Green Bay Packers,Home,,,,,4,4,0,0,0,0,Lambeau Field,44.5013,-88.0622,America/Chicago,False,False,3,3,Thursday,0,0,NFC South,Mercedes-Benz Stadium,33.7489,-84.388,America/New_York,NFC North,Lambeau Field,44.5013,-88.0622,America/Chicago,Carolina Panthers,New York Jets,Mercedes-Benz Stadium,MetLife Stadium,New Orleans Saints,Tampa Bay Buccaneers,Caesars Superdome,Raymond James Stadium,768,0,-768,768,1.0,0.0,America/New_York,America/New_York,1.0,1.0,1.0,0.0,1.0,0,-0.71,3.535,-0.71,3.535,Green Bay Packers,4.245,Green Bay Packers,4.245,-0.71,3.535,Green Bay Packers,4.245,0.0,0,No,No,No,No,No,0,No,-0.79,5.09,-0.101,2.933,0.0589999999999999,3.8245,0.0589999999999999,3.8245,-0.0210000000000001,5.3795,0.6679999999999999,3.2225,Green Bay Packers,3.7655,Green Bay Packers,3.7655,0.0589999999999999,3.8245,Green Bay Packers,3.7655,Green Bay Packers,5.88,Green Bay Packers,3.034,-0.4455,4.0115,Green Bay Packers,4.457,Green Bay Packers,5.4005,Green Bay Packers,2.5545,0.3234999999999999,4.301,Green Bay Packers,3.9775,Same,Same,Same,Same,Same,Same,True,Home Team,Home Team,46.5,-370.0,295.0,Green Bay Packers,Atlanta Falcons,-7.5,7.5,-244,195,-142,117,-5.4005,5.4005,-2.5545,2.5545,0.2532,0.7872,0.339,0.7093,0.4608,0.5868,0.2433,0.7567,0.3234,0.6766,0.4399,0.5601,0.2433,0.7567,-0.2567,0.2567,,,32,3,2026-09-24,ATL @ GB,18.125,76.89999999999999,0.0,Live Forecast,False,M.Penix,J.Love,-3.49,-4.0,13.12,172.18,Medium,-13.0,6.0,41.16,40.0,12.7717115126749,25.0,58.0,0.606,0.3924,0.0972,0.087,0.385,0.615,0.328,0.672,0.6498,0.3498,-186,186,,,,,,,,No Bet,,No Bet,,No Bet,,No Bet,,No Bet,,No Bet,,No Bet,,No Bet,,No Bet,,,,,,,,,,,,,,,,,,,,,,,,,,,,,3,-0.1018714285714285,0.0721857142857143,Green Bay Packers,Atlanta Falcons,0,0,0,1,0,0,0,1,0,1,0,1,0,2.0,4.0,,,13907.275179030334,0.9775823696892628,0.9979501717217854,0.1634169865340575,2.9343794082785004e-05,1719.740739997177,0.0992888369085124,552.944260659856,0.3088033821975806,0.1188355215401768,0.0001305507531017,0.1236576337103213,0.0397593528237361,7.139345100341592e-06,2.2204448982443414e-05,0.0397815572727186,0.408092219106093,2272.685000657033,,,12316.0,6076.0,0.2433,0.7567,0.3434,0.6565,0.3668,0.6326,Green Bay Packers,Green Bay Packers,Green Bay Packers,Green Bay Packers,Green Bay Packers,Same,Same,Same,False,False,0.1634169865340575,2.9343794082785004e-05
2026_03_LAC_BUF,2026,3,2026-09-27,13:00,Los Angeles Chargers,Buffalo Bills,Home,,,,,7,10,-3,3,-3,3,Highmark Stadium,42.7725,-78.7877,America/New_York,False,False,3,3,Sunday,-3,3,AFC West,SoFi Stadium,33.9535,-118.3395,America/Los_Angeles,AFC East,Highmark Stadium,42.7725,-78.7877,America/New_York,Las Vegas Raiders,Detroit Lions,SoFi Stadium,Highmark Stadium,Seattle Seahawks,New England Patriots,Lumen Field,Highmark Stadium,2204,0,-2204,2204,-3.0,0.0,America/Los_Angeles,America/New_York,-3.0,0.0,-3.0,0.0,-3.0,0,0.935,4.795,0.935,4.795,Buffalo Bills,3.86,Buffalo Bills,3.86,0.935,4.795,Buffalo Bills,3.86,-0.4499999999999999,0,No,No,No,No,No,0,No,1.12,6.16,0.527,3.416,-0.1054999999999998,4.7675,-0.1054999999999998,4.7675,0.0795000000000001,6.1325,-0.5135,3.3885,Buffalo Bills,4.873,Buffalo Bills,4.873,-0.1054999999999998,4.7675,Buffalo Bills,4.873,Buffalo Bills,5.04,Buffalo Bills,2.889,0.8235000000000001,4.788,Buffalo Bills,3.9645,Buffalo Bills,6.053,Buffalo Bills,3.902,-0.2169999999999999,4.7605,Buffalo Bills,4.9775,Same,Same,Same,Same,Same,Same,False,Home Team,Home Team,48.5,-161.0,136.0,Buffalo Bills,Los Angeles Chargers,-3.0,3.0,-261,208,-211,171,-6.053,6.053,-3.902,3.902,0.4237,0.6169,0.3247,0.723,0.369,0.6785,0.4072,0.5928,0.3099,0.6901,0.3523,0.6477,0.4072,0.5928,-0.0928,0.0928,,,33,3,2026-09-27,LAC @ BUF,12.0,65.0,0.0,Historical Avg,False,J.Herbert,J.Allen,-2.59,-3.0,14.31,204.8,High,-13.0,8.0,49.51,49.0,13.25964953915375,33.0,67.0,0.5778,0.422,0.081,0.0806,0.4998,0.4544,0.5114,0.4886,0.6271,0.3728,-168,168,,,,,,,,No Bet,,No Bet,,No Bet,,No Bet,,No Bet,,No Bet,,No Bet,,No Bet,,No Bet,,,,,,,,,,,,,,,,,,,,,,,,,,,,,3,0.0395714285714285,0.1180357142857142,Buffalo Bills,Los Angeles Chargers,0,1,0,0,0,1,0,0,0,1,0,1,0,3.5,4.5,,,13907.275179030334,0.9957348623731992,0.5111749475488863,0.0057981012290403,0.0003228408324369,47.80089590186451,1.828261339620313,32.834893406274006,2.661574956107371,0.0219759273378274,0.0011911726053597,0.0034371144085751,0.0023609868204652,0.0001314607869683,0.0001913800454686,0.0025523668659338,4.489836295727684,80.63578930813851,,,12316.0,6076.0,0.4072,0.5928,0.3727,0.627,0.4212,0.5774,Buffalo Bills,Buffalo Bills,Buffalo Bills,Buffalo Bills,Buffalo Bills,Same,Same,Same,False,False,0.0057981012290403,0.0003228408324369
2026_03_CAR_CLE,2026,3,2026-09-27,13:00,Carolina Panthers,Cleveland Browns,Home,,,,,7,7,0,0,0,0,FirstEnergy Stadium,41.5061,-81.6994,America/New_York,False,True,3,3,Sunday,0,0,NFC South,Bank of America Stadium,35.2258,-80.8528,America/New_York,AFC North,FirstEnergy Stadium,41.5061,-81.6994,America/New_York,Atlanta Falcons,Tampa Bay Buccaneers,Mercedes-Benz Stadium,Raymond James Stadium,Detroit Lions,Pittsburgh Steelers,Bank of America Stadium,FirstEnergy Stadium,436,0,-436,436,0.0,0.0,America/New_York,America/New_York,0.0,0.0,0.0,0.0,0.0,0,-5.25,-4.705,-5.25,-4.705,Cleveland Browns,0.5449999999999999,Cleveland Browns,0.5449999999999999,-5.25,-4.705,Cleveland Browns,0.5449999999999999,0.0,0,No,No,No,No,No,0,No,-3.79,-6.94,-4.367,-7.475,-3.6465,-4.5615,-3.6465,-4.5615,-2.1865,-6.7965,-2.7635,-7.331499999999999,Carolina Panthers,0.9149999999999996,Carolina Panthers,0.9149999999999996,-3.6465,-4.5615,Carolina Panthers,0.9149999999999996,Carolina Panthers,3.1500000000000004,Carolina Panthers,3.108,-4.0785,-7.2075,Carolina Panthers,3.129,Carolina Panthers,4.609999999999999,Carolina Panthers,4.568,-2.475,-7.064,Carolina Panthers,4.589,Different,Different,Same,Same,Same,Same,False,Away Team,Away Team,39.5,102.0,-122.0,Carolina Panthers,Cleveland Browns,1.5,-1.5,181,-224,181,-224,4.609999999999999,-4.609999999999999,4.568,-4.568,0.5495,0.495,0.6914,0.3559,0.6914,0.3559,0.5261,0.4739,0.6602,0.3398,0.6602,0.3398,0.5261,0.4739,0.0261,-0.0261,,,34,3,2026-09-27,CAR @ CLE,10.0,60.0,0.0,Historical Avg,False,B.Young,S.Sanders,6.14,7.0,13.37,178.67,Medium,-4.0,16.0,39.77,39.0,12.185860619579069,25.0,56.0,0.3212,0.6774,0.0852,0.0828,0.341,0.659,0.4914,0.5086,0.3687,0.631,171,-171,,,,,,,,No Bet,,No Bet,,No Bet,,No Bet,,No Bet,,No Bet,,No Bet,,No Bet,,No Bet,,,,,,,,,,,,,,,,,,,,,,,,,,,,,3,-0.09945,-0.1173142857142857,Carolina Panthers,Cleveland Browns,0,0,0,0,0,0,0,0,0,0,0,0,0,2.0,1.5,,,13907.275179030334,0.9998779571133808,0.9993416736834068,0.0022033706837171,0.0019429789557012,14.521661978773126,14.216033774405918,16.12122044108998,12.805509229596966,0.0045002938810325,0.0084623954440618,0.0010441773670135,0.0011591933167036,0.0010222012285944,0.0009207777271068,0.0020799710438104,27.021543004002883,30.642882419863103,,,12316.0,6076.0,0.5261,0.4739,0.6313,0.3684,0.6786,0.32,Carolina Panthers,Carolina Panthers,Carolina Panthers,Carolina Panthers,Carolina Panthers,Same,Same,Same,False,False,0.0022033706837171,0.0019429789557012
2026_03_NYJ_DET,2026,3,2026-09-27,13:00,New York Jets,Detroit Lions,Home,,,,,7,10,-3,3,-3,3,Ford Field,42.3395,-83.045,America/Detroit,False,False,3,3,Sunday,-3,3,AFC East,MetLife Stadium,40.8136,-74.0744,America/New_York,NFC North,Ford Field,42.3395,-83.045,America/Detroit,Green Bay Packers,Buffalo Bills,MetLife Stadium,Highmark Stadium,Chicago Bears,Carolina Panthers,Soldier Field,Bank of America Stadium,475,0,-475,475,0.0,0.0,America/New_York,America/New_York,0.0,0.0,0.0,0.0,0.0,0,-3.725,4.305,-3.725,4.305,Detroit Lions,8.03,Detroit Lions,8.03,-3.725,4.305,Detroit Lions,8.03,0.0,0,No,No,No,No,No,0,No,-9.26,3.98,-6.95,3.658,-4.992000000000001,3.846,-4.992000000000001,3.846,-10.527,3.5210000000000004,-8.217,3.1990000000000003,Detroit Lions,8.838000000000001,Detroit Lions,8.838000000000001,-4.992000000000001,3.846,Detroit Lions,8.838000000000001,Detroit Lions,13.24,Detroit Lions,10.608,-8.105,3.819,Detroit Lions,11.924,Detroit Lions,14.048,Detroit Lions,11.416,-9.372,3.3600000000000003,Detroit Lions,12.732,Same,Same,Same,Same,Same,Same,False,Home Team,Home Team,45.5,-417.0,320.0,Detroit Lions,New York Jets,-9.5,9.5,-890,573,-646,450,-14.048,14.048,-11.416,11.416,0.2381,0.8066,0.1486,0.899,0.1818,0.866,0.2279,0.7721,0.1418,0.8582,0.1735,0.8265,0.2279,0.7721,-0.2721,0.2721,,,35,3,2026-09-27,NYJ @ DET,0.0,70.0,0.0,Dome,True,G.Smith,J.Goff,-13.81,-14.0,12.84,164.95,Med-Low,-22.0,-6.0,53.44,53.0,13.525374952049155,36.0,71.0,0.8648,0.1342,0.0588,0.062,0.6418,0.3582,0.7084,0.2916,0.8304,0.1694,-490,490,,,,,,,,No Bet,,No Bet,,No Bet,,No Bet,,No Bet,,No Bet,,No Bet,,No Bet,,No Bet,,,,,,,,,,,,,,,,,,,,,,,,,,,,,3,-0.1460857142857143,0.1024142857142857,Detroit Lions,New York Jets,0,1,0,0,0,0,0,0,0,1,0,0,0,1.0,4.5,,,13907.275179030334,0.8932537509921279,0.9984654249454076,0.1702752503388865,0.0001315536181826,1828.3828032352503,0.416954984864064,539.6819594059235,1.4125973839997537,0.1576713179195602,6.248599633556041e-05,0.1314695207866543,0.0388057295522322,2.998106958383602e-05,0.0001015725485988,0.0389073021008311,1.8295523688638176,2368.0647626411737,,,12316.0,6076.0,0.2279,0.7721,0.1693,0.8306,0.134,0.8656,Detroit Lions,Detroit Lions,Detroit Lions,Detroit Lions,Detroit Lions,Same,Same,Same,False,False,0.1702752503388865,0.0001315536181826
2026_03_HOU_IND,2026,3,2026-09-27,13:00,Houston Texans,Indianapolis Colts,Home,,,,,7,7,0,0,0,1,Lucas Oil Stadium,39.7601,-86.1638,America/Indiana/Indianapolis,False,False,3,3,Sunday,0,1,AFC South,NRG Stadium,29.6847,-95.4093,America/Chicago,AFC South,Lucas Oil Stadium,39.7601,-86.1638,America/Indiana/Indianapolis,Cincinnati Bengals,Kansas City Chiefs,NRG Stadium,GEHA Field at Arrowhead Stadium,Dallas Cowboys,Washington Commanders,NRG Stadium,Tottenham Hotspur Stadium,870,0,-870,870,-1.0,0.0,America/Chicago,America/Chicago,-1.0,-1.0,-1.0,0.0,-1.0,0,0.035,-2.265,0.035,-2.265,Houston Texans,2.3000000000000003,Houston Texans,2.3000000000000003,0.035,-2.265,Houston Texans,2.3000000000000003,0.0,0,No,No,No,No,No,1,No,2.96,0.93,5.008,0.288,0.1727,-2.8457,0.1727,-2.8457,3.1004,0.3466000000000001,5.1215,-0.2685,Houston Texans,3.0184,Houston Texans,3.0184,0.1727,-2.8457,Houston Texans,3.0184,Houston Texans,2.03,Houston Texans,4.72,3.984,0.609,Houston Texans,3.375,Houston Texans,2.7538,Houston Texans,5.390000000000001,4.11095,0.03905,Houston Texans,4.071899999999999,Same,Same,Same,Same,Same,Same,False,Away Team,Away Team,45.5,102.0,-122.0,Houston Texans,Indianapolis Colts,1.5,-1.5,135,-164,195,-244,2.7538,-2.7538,5.390000000000001,-5.390000000000001,0.5495,0.495,0.6212,0.4255,0.7093,0.339,0.5261,0.4739,0.5935,0.4065,0.6766,0.3234,0.5261,0.4739,0.0261,-0.0261,,,36,3,2026-09-27,HOU @ IND,0.0,70.0,0.0,Dome,True,C.Stroud,D.Jones,1.54,3.0,13.81,190.84,Med-High,-8.0,11.0,51.42,51.0,13.257147492274738,35.0,69.0,0.4456,0.5538,0.0856,0.0826,0.4666,0.5334,0.665,0.335,0.4124,0.5875,142,-142,,,,,,,,No Bet,,No Bet,,No Bet,,No Bet,,No Bet,,No Bet,,No Bet,,No Bet,,No Bet,,,,,,,,,,,,,,,,,,,,,,,,,,,,,3,0.0640785714285714,-0.0150785714285714,Houston Texans,Indianapolis Colts,0,0,0,0,0,0,1,0,0,0,1,0,1,4.0,3.0,,,13907.275179030334,0.9998432757842723,0.9978703499434028,0.001115423757311,0.0014867776559382,7.351376183074913,10.878183373952702,8.161128951077677,9.79884261721381,0.0034170760097781,0.0048780357010305,0.0005285993185897,0.0005868244387213,0.000782193724789,0.0007045839311491,0.0012914083698704,20.677025991166516,15.51250513415259,,,12316.0,6076.0,0.5261,0.4739,0.5858,0.4138,0.547,0.4514,Houston Texans,Houston Texans,Houston Texans,Houston Texans,Houston Texans,Same,Same,Same,False,False,0.001115423757311,0.0014867776559382
2026_03_NE_JAX,2026,3,2026-09-27,13:00,New England Patriots,Jacksonville Jaguars,Home,,,,,7,7,0,0,4,1,TIAA Bank Field,30.3239,-81.6554,America/New_York,False,False,3,3,Sunday,4,1,AFC East,Gillette Stadium,42.0628,-71.2687,America/New_York,AFC South,TIAA Bank Field,30.3239,-81.6554,America/New_York,Pittsburgh Steelers,Denver Broncos,Gillette Stadium,Empower Field at Mile High,Buffalo Bills,Cincinnati Bengals,Highmark Stadium,Paycor Stadium,994,0,-994,994,0.0,0.0,America/New_York,America/Denver,0.0,-2.0,0.0,0.0,0.0,0,-1.995,-1.825,-1.995,-1.825,Jacksonville Jaguars,0.1700000000000001,Jacksonville Jaguars,0.1700000000000001,-1.995,-1.825,Jacksonville Jaguars,0.1700000000000001,0.0,0,No,No,No,No,No,0,No,5.09,5.41,4.222,3.85,-1.7855,-2.632,-1.7855,-2.632,5.2995,4.603,4.431500000000001,3.043,New England Patriots,0.8464999999999996,New England Patriots,0.8464999999999996,-1.7855,-2.632,New England Patriots,0.8464999999999996,Jacksonville Jaguars,0.3200000000000003,New England Patriots,0.3720000000000003,4.656000000000001,4.63,New England Patriots,0.0260000000000006,New England Patriots,0.6965000000000003,New England Patriots,1.3885000000000003,4.865500000000001,3.823,New England Patriots,1.0425000000000009,Different,Different,Same,Same,Different,Same,False,Away Team,Away Team,,,,,,,,-104,-116,105,-128,0.6965000000000003,-0.6965000000000003,1.3885000000000003,-1.3885000000000003,,,0.537,0.5098,0.5614,0.4878,0.5536,0.4462,0.513,0.487,0.5351,0.4649,0.5536,0.4462,0.1126,-0.1132,,,37,3,2026-09-27,NE @ JAX,10.0,60.0,0.0,Historical Avg,False,D.Maye,T.Lawrence,3.78,4.0,13.67,186.78,Med-High,-6.0,13.0,52.49,52.0,13.912608853016009,36.0,71.0,0.3868,0.6126,0.0902,0.0868,0.0,0.0,0.0,0.0,0.4462,0.5536,124,-124,,,,,,,,No Bet,,No Bet,,No Bet,,No Bet,,No Bet,,No Bet,,No Bet,,No Bet,,No Bet,,,,,,,,,,,,,,,,,,,,,,,,,,,,,3,0.1008,0.0086,New England Patriots,Jacksonville Jaguars,0,0,0,0,0,0,0,0,0,0,0,0,0,4.5,3.0,,,13907.275179030334,0.712501415910598,0.9826493971378928,0.000552640485299,0.0065955451877906,2.9728377740364444,56.19138550911776,4.712885530090868,35.53467637321615,0.0010568445464547,0.0163176607620224,0.0002137613397136,0.0003388791455854,0.0040404309820405,0.00255511420575,0.0028939933513355,91.7260618823339,7.685723304127313,,,12316.0,6076.0,0.4826,0.5174,0.5337,0.4661,0.604,0.395,Jacksonville Jaguars,New England Patriots,New England Patriots,New England Patriots,New England Patriots,Different,Same,Same,True,True,0.000552640485299,0.0065955451877906
2026_03_KC_MIA,2026,3,2026-09-27,13:00,Kansas City Chiefs,Miami Dolphins,Home,,,,,7,7,0,0,-1,-3,Hard Rock Stadium,25.9602,-80.2384,America/New_York,False,False,3,3,Sunday,-1,-3,AFC West,GEHA Field at Arrowhead Stadium,39.0489,-94.4839,America/Chicago,AFC East,Hard Rock Stadium,25.9602,-80.2384,America/New_York,Indianapolis Colts,San Francisco 49ers,GEHA Field at Arrowhead Stadium,Levi's Stadium,Las Vegas Raiders,Minnesota Vikings,Allegiant Stadium,U.S. Bank Stadium,1224,0,-1224,1224,-1.0,0.0,America/Chicago,America/Los_Angeles,-1.0,-3.0,-1.0,0.0,-1.0,0,4.395,0.66,4.395,0.66,Kansas City Chiefs,3.735,Kansas City Chiefs,3.735,4.395,0.66,Kansas City Chiefs,3.735,0.0,0,No,No,No,No,No,0,No,-2.17,-5.46,0.625,-3.956,6.458499999999999,1.6645,6.458499999999999,1.6645,-0.1065,-4.455500000000001,2.6885,-2.9515,Kansas City Chiefs,4.793999999999999,Kansas City Chiefs,4.793999999999999,6.458499999999999,1.6645,Kansas City Chiefs,4.793999999999999,Kansas City Chiefs,3.29,Kansas City Chiefs,4.581,-0.7725,-4.708,Kansas City Chiefs,3.9355,Kansas City Chiefs,4.349,Kansas City Chiefs,5.64,1.291,-3.7035,Kansas City Chiefs,4.9945,Same,Same,Same,Same,Same,Same,False,Away Team,Away Team,44.5,340.0,-435.0,Kansas City Chiefs,Miami Dolphins,7.25,-7.25,181,-224,195,-244,4.349,-4.349,5.64,-5.64,0.8131,0.2273,0.6914,0.3559,0.7093,0.339,0.7815,0.2185,0.6602,0.3398,0.6766,0.3234,0.7815,0.2185,0.2815,-0.2815,,,38,3,2026-09-27,KC @ MIA,8.0,88.0,0.0,Historical Avg,False,P.Mahomes,M.Willis,6.39,7.0,13.2,174.15,Medium,-3.0,16.0,42.69,42.0,12.552663855691142,27.0,59.0,0.3098,0.6884,0.0758,0.0848,0.524,0.476,0.4196,0.5804,0.2979,0.7017,236,-235,,,,,,,,No Bet,,No Bet,,No Bet,,No Bet,,No Bet,,No Bet,,No Bet,,No Bet,,No Bet,,,,,,,,,,,,,,,,,,,,,,,,,,,,,3,0.0719357142857143,-0.2241928571428571,Kansas City Chiefs,Miami Dolphins,0,0,1,0,0,0,0,0,1,0,0,0,0,4.0,0.0,,,13907.275179030334,0.99947245256674,0.9679665970506236,0.0001281203695813,0.2497584410373526,0.3893244440236882,2714.508495929514,1.392480791782665,758.9508718625707,6.570548733864356e-05,0.2280969966913935,2.799430075351636e-05,0.0001001260688277,0.195186221670691,0.0545722193666615,0.0546723454354893,3473.459367792085,1.7818052358063532,,,12316.0,6076.0,0.7815,0.2185,0.7002,0.2998,0.6824,0.3174,Kansas City Chiefs,Kansas City Chiefs,Kansas City Chiefs,Kansas City Chiefs,Kansas City Chiefs,Same,Same,Same,False,False,0.0001281203695813,0.2497584410373526
2026_03_TEN_NYG,2026,3,2026-09-27,13:00,Tennessee Titans,New York Giants,Home,,,,,7,6,1,-1,1,-4,MetLife Stadium,40.8136,-74.0744,America/New_York,False,False,3,3,Sunday,1,-4,AFC South,Nissan Stadium,36.1664,-86.7716,America/Chicago,NFC East,MetLife Stadium,40.8136,-74.0744,America/New_York,Philadelphia Eagles,Los Angeles Rams,Nissan Stadium,SoFi Stadium,Baltimore Ravens,Arizona Cardinals,M&T Bank Stadium,MetLife Stadium,757,0,-757,757,-1.0,0.0,America/Chicago,America/Los_Angeles,-1.0,-3.0,-1.0,0.0,-1.0,0,-4.36,-2.84,-4.36,-2.84,New York Giants,1.5200000000000005,New York Giants,1.5200000000000005,-4.36,-2.84,New York Giants,1.5200000000000005,0.0,0,No,No,No,No,No,0,Yes,-8.19,-3.53,-8.36,-5.014,-2.644000000000001,-4.182,-2.644000000000001,-4.182,-6.473999999999998,-4.872,-6.643999999999998,-6.356000000000001,Tennessee Titans,1.5379999999999998,Tennessee Titans,1.5379999999999998,-2.644000000000001,-4.182,Tennessee Titans,1.5379999999999998,New York Giants,4.66,New York Giants,3.345999999999999,-8.274999999999999,-4.272,New York Giants,4.002999999999998,New York Giants,1.6019999999999983,New York Giants,0.2879999999999976,-6.558999999999998,-5.614000000000001,New York Giants,0.9449999999999976,Different,Different,Different,Different,Same,Same,False,Home Team,Home Team,45.0,-167.0,140.0,New York Giants,Tennessee Titans,-3.0,3.0,-128,105,-116,-104,-1.6019999999999983,1.6019999999999983,-0.2879999999999976,0.2879999999999976,0.4167,0.6255,0.4878,0.5614,0.5098,0.537,0.3998,0.6002,0.4649,0.5351,0.487,0.513,0.3998,0.6002,-0.1002,0.1002,,,39,3,2026-09-27,TEN @ NYG,10.0,72.0,0.0,Historical Avg,False,C.Ward,J.Dart,-3.88,-5.0,13.24,175.41,Medium,-13.0,6.0,46.53,46.0,12.734376029730443,30.0,63.0,0.621,0.3788,0.091,0.0796,0.5284,0.4188,0.5226,0.4562,0.5673,0.4326,-131,131,,,,,,,,No Bet,,No Bet,,No Bet,,No Bet,,No Bet,,No Bet,,No Bet,,No Bet,,No Bet,,,,,,,,,,,,,,,,,,,,,,,,,,,,,3,-0.1229857142857142,-0.0525428571428571,New York Giants,Tennessee Titans,0,0,0,0,0,0,0,0,0,0,0,0,0,1.5,2.5,,,13907.275179030334,0.9997639348972532,0.9956693952822888,0.0327125387977525,0.0003240813766203,273.0563557748036,1.8019341362461945,181.8859230902474,2.7051547488118213,0.0284589830164992,0.0015210768793694,0.019634065786411,0.0130784730113414,0.0001295677343728,0.0001945136422475,0.013272986653589,4.507088885058016,454.9422788650509,,,12316.0,6076.0,0.3998,0.6002,0.4324,0.5674,0.3778,0.6214,New York Giants,New York Giants,New York Giants,New York Giants,New York Giants,Same,Same,Same,False,False,0.0327125387977525,0.0003240813766203
2026_03_CIN_PIT,2026,3,2026-09-27,13:00,Cincinnati Bengals,Pittsburgh Steelers,Home,,,,,7,7,0,0,0,-4,Acrisure Stadium,40.4468,-80.0158,America/New_York,False,True,3,3,Sunday,0,-4,AFC North,Paycor Stadium,39.0955,-84.5165,America/New_York,AFC North,Acrisure Stadium,40.4468,-80.0158,America/New_York,Houston Texans,New England Patriots,NRG Stadium,Gillette Stadium,Jacksonville Jaguars,Cleveland Browns,Paycor Stadium,FirstEnergy Stadium,256,0,-256,256,0.0,0.0,America/Chicago,America/New_York,-1.0,0.0,0.0,0.0,0.0,0,1.31,-0.565,1.31,-0.565,Cincinnati Bengals,1.875,Cincinnati Bengals,1.875,1.31,-0.565,Cincinnati Bengals,1.875,0.0,0,No,No,No,No,No,1,No,-0.04,0.59,-0.609,0.538,-0.271275,0.4367750000000002,-0.271275,0.4367750000000002,-1.596225,1.566725,-2.160055,1.5095550000000002,Pittsburgh Steelers,0.7080500000000002,Pittsburgh Steelers,0.7080500000000002,-0.271275,0.4367750000000002,Pittsburgh Steelers,0.7080500000000002,Pittsburgh Steelers,0.63,Pittsburgh Steelers,1.147,-0.3245,0.5640000000000001,Pittsburgh Steelers,0.8885000000000001,Pittsburgh Steelers,3.16295,Pittsburgh Steelers,3.66961,-1.87814,1.53814,Pittsburgh Steelers,3.41628,Different,Different,Same,Same,Same,Same,False,Home Team,Home Team,47.0,105.0,-125.0,Cincinnati Bengals,Pittsburgh Steelers,1.5,-1.5,-164,135,-191,156,-3.16295,3.16295,-3.66961,3.66961,0.5556,0.4878,0.4255,0.6212,0.3906,0.6564,0.5325,0.4675,0.4065,0.5935,0.3731,0.6269,0.5325,0.4675,0.0325,-0.0325,,,40,3,2026-09-27,CIN @ PIT,10.0,70.0,0.0,Historical Avg,False,J.Burrow,A.Rodgers,-3.38,-4.0,13.33,177.75,Medium,-13.0,6.0,50.93,50.0,13.202785572346992,35.0,68.0,0.6,0.3988,0.0908,0.085,0.6222,0.3778,0.5768,0.3846,0.572,0.4277,-134,134,,,,,,,,No Bet,,No Bet,,No Bet,,No Bet,,No Bet,,No Bet,,No Bet,,No Bet,,No Bet,,,,,,,,,,,,,,,,,,,,,,,,,,,,,3,0.1066857142857142,-0.0141357142857142,Cincinnati Bengals,Pittsburgh Steelers,0,0,0,1,0,0,0,0,0,1,0,0,1,4.5,3.0,,,13907.275179030334,0.9833148418906612,0.9642841812150392,0.0012131636629418,0.0015325802441134,7.887566919690238,11.349713088052535,8.98423397804289,9.96430210077852,0.0021799840504287,0.0054556334112811,0.0005671540124253,0.0006460096505165,0.0008160989799904,0.000716481264123,0.0013624909146395,21.314015188831057,16.871800897733127,,,12316.0,6076.0,0.5325,0.4675,0.426,0.5738,0.392,0.6072,Cincinnati Bengals,Pittsburgh Steelers,Pittsburgh Steelers,Pittsburgh Steelers,Pittsburgh Steelers,Same,Same,Same,False,False,0.0012131636629418,0.0015325802441134
2026_03_SEA_WAS,2026,3,2026-09-27,13:00,Seattle Seahawks,Washington Commanders,Home,,,,,7,7,0,0,4,0,FedExField,38.9077,-76.8645,America/New_York,False,True,3,3,Sunday,4,0,NFC West,Lumen Field,47.5952,-122.3316,America/Los_Angeles,NFC East,FedExField,38.9077,-76.8645,America/New_York,Arizona Cardinals,Dallas Cowboys,State Farm Stadium,AT&T Stadium,Los Angeles Chargers,Indianapolis Colts,Lumen Field,Tottenham Hotspur Stadium,2328,0,-2328,2328,-3.0,0.0,America/Denver,America/Chicago,-2.0,-1.0,-3.0,0.0,-3.0,0,-0.13,1.45,-0.13,1.45,Washington Commanders,1.58,Washington Commanders,1.58,-0.13,1.45,Washington Commanders,1.58,-0.4499999999999999,0,No,No,No,No,No,0,No,10.42,-5.43,10.022,-1.427,-0.633,0.8969999999999999,-0.633,0.8969999999999999,9.917,-5.983,9.519,-1.98,Washington Commanders,1.5299999999999998,Washington Commanders,1.5299999999999998,-0.633,0.8969999999999999,Washington Commanders,1.5299999999999998,Seattle Seahawks,15.85,Seattle Seahawks,11.449,10.221,-3.4285,Seattle Seahawks,13.6495,Seattle Seahawks,15.9,Seattle Seahawks,11.499,9.718,-3.9815,Seattle Seahawks,13.6995,Different,Different,Different,Different,Same,Same,False,Away Team,Away Team,46.5,160.0,-192.0,Seattle Seahawks,Washington Commanders,3.5,-3.5,728,-1266,450,-646,15.9,-15.9,11.499,-11.499,0.6575,0.3846,0.9268,0.1208,0.866,0.1818,0.6309,0.3691,0.8847,0.1153,0.8265,0.1735,0.6309,0.3691,0.1309,-0.1309,,,41,3,2026-09-27,SEA @ WAS,8.0,75.0,0.0,Historical Avg,False,S.Darnold,J.Daniels,12.27,12.0,12.57,157.94,Low,5.0,20.0,49.07,49.0,13.210277546159633,33.0,67.0,0.1618,0.8378,0.0644,0.075,0.2258,0.7742,0.5706,0.4294,0.2049,0.795,388,-388,,,,,,,,No Bet,,No Bet,,No Bet,,No Bet,,No Bet,,No Bet,,No Bet,,No Bet,,No Bet,,,,,,,,,,,,,,,,,,,,,,,,,,,,,3,0.1189357142857142,-0.0220571428571428,Seattle Seahawks,Washington Commanders,0,0,0,0,1,0,0,0,0,0,1,0,0,4.5,3.0,,,13907.275179030334,0.9999246278784184,0.8557804998531574,8.578709116182311e-05,0.0224180168104468,0.4403601747152965,196.69791928901373,0.7527045088807385,115.07560946199868,0.0009943508568659,0.0406311136290804,3.166401534782891e-05,5.41230758139942e-05,0.0141435268057109,0.0082744900047359,0.0083286130805499,311.7735287510124,1.193064683596035,,,12316.0,6076.0,0.6309,0.3691,0.7932,0.2067,0.8306,0.169,Seattle Seahawks,Seattle Seahawks,Seattle Seahawks,Seattle Seahawks,Seattle Seahawks,Same,Same,Same,False,False,8.578709116182311e-05,0.0224180168104468
2026_03_ARI_SF,2026,3,2026-09-27,16:05,Arizona Cardinals,San Francisco 49ers,Home,,,,,7,7,0,0,-4,3,Levi's Stadium,37.4031,-121.9702,America/Los_Angeles,False,False,3,3,Sunday,-4,3,NFC West,State Farm Stadium,33.5277,-112.262608,America/Denver,NFC West,Levi's Stadium,37.4031,-121.9702,America/Los_Angeles,Seattle Seahawks,Miami Dolphins,State Farm Stadium,Levi's Stadium,New York Giants,Denver Broncos,MetLife Stadium,Levi's Stadium,608,0,-608,608,1.0,0.0,America/Denver,America/Los_Angeles,1.0,0.0,1.0,0.0,1.0,0,0.075,3.325,0.075,3.325,San Francisco 49ers,3.25,San Francisco 49ers,3.25,0.075,3.325,San Francisco 49ers,3.25,0.0,0,No,No,No,No,No,1,No,-4.4,3.57,-3.837,2.606,0.87698,1.80602,0.87698,1.80602,-3.5508200000000003,2.00382,-3.0030900000000003,1.05509,San Francisco 49ers,0.9290400000000002,San Francisco 49ers,0.9290400000000002,0.87698,1.80602,San Francisco 49ers,0.9290400000000002,San Francisco 49ers,7.970000000000001,San Francisco 49ers,6.443,-4.1185,3.088,San Francisco 49ers,7.2065,San Francisco 49ers,5.55464,San Francisco 49ers,4.05818,-3.276955,1.5294549999999998,San Francisco 49ers,4.80641,Same,Same,Same,Same,Same,Same,False,Home Team,Home Team,46.5,-667.0,470.0,San Francisco 49ers,Arizona Cardinals,-11.5,11.5,-244,195,-211,171,-5.55464,5.55464,-4.05818,4.05818,0.1754,0.8696,0.339,0.7093,0.369,0.6785,0.1679,0.8321,0.3234,0.6766,0.3523,0.6477,0.1679,0.8321,-0.3321,0.3321,,,42,3,2026-09-27,ARI @ SF,10.0,75.0,0.0,Historical Avg,False,J.Brissett,B.Purdy,-9.33,-10.0,12.57,158.07,Low,-18.0,-2.0,56.31,56.0,13.579365185153772,39.0,74.0,0.7776,0.2212,0.0764,0.0718,0.4376,0.5624,0.7662,0.2338,0.7335,0.2662,-275,276,,,,,,,,No Bet,,No Bet,,No Bet,,No Bet,,No Bet,,No Bet,,No Bet,,No Bet,,No Bet,,,,,,,,,,,,,,,,,,,,,,,,,,,,,3,-0.2364571428571428,0.0608928571428571,San Francisco 49ers,Arizona Cardinals,0,0,0,0,0,0,0,0,0,0,0,0,1,0.0,4.0,,,13907.275179030334,0.6976958261554103,0.9998316587111926,0.2758122793633841,0.0001070813765822,3191.766905756014,0.2500383876569959,644.030361106159,1.2391717830219555,0.287984302858147,0.000133259037227,0.2295033976582719,0.0463088817051122,1.7978963128162503e-05,8.910241345410375e-05,0.0463979841185663,1.4892101706789516,3835.797266862173,,,12316.0,6076.0,0.1679,0.8321,0.2674,0.7323,0.2262,0.7726,San Francisco 49ers,San Francisco 49ers,San Francisco 49ers,San Francisco 49ers,San Francisco 49ers,Same,Same,Same,False,False,0.2758122793633841,0.0001070813765822
2026_03_MIN_TB,2026,3,2026-09-27,16:05,Minnesota Vikings,Tampa Bay Buccaneers,Home,,,,,7,7,0,0,0,0,Raymond James Stadium,27.9759,-82.5033,America/New_York,False,True,3,3,Sunday,0,0,NFC North,U.S. Bank Stadium,44.9738,-93.2575,America/Chicago,NFC South,Raymond James Stadium,27.9759,-82.5033,America/New_York,Chicago Bears,Cleveland Browns,Soldier Field,Raymond James Stadium,Miami Dolphins,Green Bay Packers,U.S. Bank Stadium,Raymond James Stadium,1314,0,-1314,1314,-1.0,0.0,America/Chicago,America/New_York,-1.0,0.0,-1.0,0.0,-1.0,0,0.27,1.025,0.27,1.025,Tampa Bay Buccaneers,0.7549999999999999,Tampa Bay Buccaneers,0.7549999999999999,0.27,1.025,Tampa Bay Buccaneers,0.7549999999999999,0.0,0,No,No,No,No,No,0,No,-0.75,-1.4,2.721,-2.096,1.605,-0.8415000000000001,1.605,-0.8415000000000001,0.585,-3.2665,4.056,-3.9625,Minnesota Vikings,2.4465000000000003,Minnesota Vikings,2.4465000000000003,1.605,-0.8415000000000001,Minnesota Vikings,2.4465000000000003,Minnesota Vikings,0.6499999999999999,Minnesota Vikings,4.817,0.9855,-1.748,Minnesota Vikings,2.7335000000000003,Minnesota Vikings,3.8515,Minnesota Vikings,8.0185,2.3205,-3.6145,Minnesota Vikings,5.9350000000000005,Different,Different,Same,Same,Same,Same,False,Away Team,Away Team,44.5,-125.0,105.0,Tampa Bay Buccaneers,Minnesota Vikings,-1.5,1.5,171,-211,282,-366,3.8515,-3.8515,8.0185,-8.0185,0.4878,0.5556,0.6785,0.369,0.7854,0.2618,0.4675,0.5325,0.6477,0.3523,0.75,0.25,0.4675,0.5325,-0.0325,0.0325,,,43,3,2026-09-27,MIN @ TB,8.0,88.0,0.0,Historical Avg,False,K.Murray,B.Mayfield,9.8,10.0,13.72,188.37,Med-High,1.0,19.0,51.56,51.0,13.301438527218728,35.0,69.0,0.2312,0.7674,0.0688,0.0744,0.2174,0.7826,0.6894,0.3106,0.3415,0.6582,193,-193,,,,,,,,No Bet,,No Bet,,No Bet,,No Bet,,No Bet,,No Bet,,No Bet,,No Bet,,No Bet,,,,,,,,,,,,,,,,,,,,,,,,,,,,,3,0.0081499999999999,-0.0230928571428571,Tampa Bay Buccaneers,Minnesota Vikings,0,0,0,0,0,0,0,0,0,0,0,0,0,3.0,3.0,,,13907.275179030334,0.9207094652127004,0.997459600671864,0.0028437590445577,0.0012001811772291,21.05981032396466,7.803159326575569,18.489129251555827,8.888090569842761,0.0076922485524231,0.0021855789309085,0.0015143016912269,0.0013294573533307,0.0005610847003546,0.0006390964768745,0.0019685538302052,16.69124989641833,39.548939575520485,,,12316.0,6076.0,0.4675,0.5325,0.6597,0.34,0.7734,0.225,Tampa Bay Buccaneers,Minnesota Vikings,Minnesota Vikings,Minnesota Vikings,Minnesota Vikings,Same,Same,Same,False,False,0.0028437590445577,0.0012001811772291
2026_03_BAL_DAL,2026,3,2026-09-27,16:25,Baltimore Ravens,Dallas Cowboys,Neutral,,,,,7,7,0,0,0,0,Maracanã Stadium,32.7369,-97.0826,America/Chicago,True,False,3,3,Sunday,0,0,AFC North,M&T Bank Stadium,39.2789,-76.6228,America/New_York,NFC East,AT&T Stadium,32.7369,-97.0826,America/Chicago,New Orleans Saints,Washington Commanders,M&T Bank Stadium,AT&T Stadium,Tennessee Titans,Houston Texans,M&T Bank Stadium,NRG Stadium,1225,0,-1225,1225,1.0,0.0,America/New_York,America/Chicago,1.0,0.0,1.0,0.0,1.0,0,6.69,-0.615,6.69,-0.615,Baltimore Ravens,7.305000000000001,Baltimore Ravens,7.305000000000001,6.69,-0.615,Baltimore Ravens,7.305000000000001,0.0,0,No,No,No,No,No,0,No,5.1,-1.01,2.881,-3.616,6.593500000000001,-0.625,6.593500000000001,-0.625,5.0035,-1.02,2.7845,-3.626,Baltimore Ravens,7.218500000000001,Baltimore Ravens,7.218500000000001,6.593500000000001,-0.625,Baltimore Ravens,7.218500000000001,Baltimore Ravens,6.109999999999999,Baltimore Ravens,6.497,3.9905,-2.313,Baltimore Ravens,6.3035,Baltimore Ravens,6.0235,Baltimore Ravens,6.4105,3.894,-2.323,Baltimore Ravens,6.2170000000000005,Same,Same,Same,Same,Same,Same,False,Away Team,Away Team,51.5,114.0,-135.0,Baltimore Ravens,Dallas Cowboys,2.5,-2.5,208,-261,224,-282,6.0235,-6.0235,6.4105,-6.4105,0.5745,0.4673,0.723,0.3247,0.7382,0.3086,0.5514,0.4486,0.6901,0.3099,0.7052,0.2948,0.5514,0.4486,0.0514,-0.0514,,,44,3,2026-09-27,BAL @ DAL,10.0,60.0,0.0,Historical Avg,False,L.Jackson,D.Prescott,10.24,11.0,13.04,169.97,Med-Low,3.0,19.0,64.03,63.0,14.420049819864058,46.0,83.0,0.2152,0.7842,0.0728,0.069,0.2438,0.7562,0.8074,0.1926,0.3171,0.6827,215,-215,,,,,,,,No Bet,,No Bet,,No Bet,,No Bet,,No Bet,,No Bet,,No Bet,,No Bet,,No Bet,,,,,,,,,,,,,,,,,,,,,,,,,,,,,3,0.1225071428571428,0.0314214285714285,Baltimore Ravens,Dallas Cowboys,0,1,0,0,0,0,0,0,0,1,0,0,0,4.5,3.5,,,13907.275179030334,0.9727987494245612,0.886611965467119,0.0006385276218038,0.0030049226271103,3.983648454542597,23.04316362701886,4.896530891294667,18.747122239899635,0.0017370106647081,0.005805085315863,0.0002864434911411,0.0003520841306626,0.0016569143365886,0.0013480082905217,0.0017000924211843,41.790285866918495,8.880179345837263,,,12316.0,6076.0,0.5514,0.4486,0.6788,0.3211,0.7686,0.231,Baltimore Ravens,Baltimore Ravens,Baltimore Ravens,Baltimore Ravens,Baltimore Ravens,Same,Same,Same,False,False,0.0006385276218038,0.0030049226271103
2026_03_LV_NO,2026,3,2026-09-27,16:25,Las Vegas Raiders,New Orleans Saints,Home,,,,,7,7,0,0,0,0,Caesars Superdome,29.9507,-90.0813,America/Chicago,False,True,3,3,Sunday,0,0,AFC West,Allegiant Stadium,36.108,-115.1578,America/Los_Angeles,NFC South,Caesars Superdome,29.9507,-90.0813,America/Chicago,Los Angeles Chargers,Baltimore Ravens,SoFi Stadium,M&T Bank Stadium,Kansas City Chiefs,Atlanta Falcons,Allegiant Stadium,Caesars Superdome,1508,0,-1508,1508,-2.0,0.0,America/Los_Angeles,America/New_York,-2.0,1.0,-2.0,0.0,-2.0,0,-2.35,-6.145,-2.35,-6.145,Las Vegas Raiders,3.795,Las Vegas Raiders,3.795,-2.35,-6.145,Las Vegas Raiders,3.795,-0.3,0,No,No,No,No,No,0,No,-8.15,-4.37,-7.588,-4.865,-2.8285,-7.124,-2.8285,-7.124,-8.6285,-5.349,-8.0665,-5.844,Las Vegas Raiders,4.2955,Las Vegas Raiders,4.2955,-2.8285,-7.124,Las Vegas Raiders,4.2955,New Orleans Saints,3.78,New Orleans Saints,2.723,-7.869,-4.6175,New Orleans Saints,3.2515,New Orleans Saints,3.2795000000000005,New Orleans Saints,2.2224999999999997,-8.3475,-5.596500000000001,New Orleans Saints,2.7509999999999994,Different,Different,Different,Different,Same,Same,False,Home Team,Home Team,42.5,-185.0,154.0,New Orleans Saints,Las Vegas Raiders,-3.5,3.5,-191,156,-131,108,-3.2795000000000005,3.2795000000000005,-2.2224999999999997,2.2224999999999997,0.3937,0.6491,0.3906,0.6564,0.4808,0.5671,0.3775,0.6225,0.3731,0.6269,0.4588,0.5412,0.3775,0.6225,-0.1225,0.1225,,,45,3,2026-09-27,LV @ NO,0.0,70.0,0.0,Dome,True,K.Cousins,T.Shough,-2.01,-3.0,12.7,161.2,Med-Low,-11.0,7.0,39.45,39.0,12.374685302150736,24.0,56.0,0.5598,0.438,0.0996,0.09,0.473,0.527,0.3868,0.6132,0.5876,0.4118,-142,143,,,,,,,,No Bet,,No Bet,,No Bet,,No Bet,,No Bet,,No Bet,,No Bet,,No Bet,,No Bet,,,,,,,,,,,,,,,,,,,,,,,,,,,,,3,-0.1566571428571428,-0.0428214285714285,New Orleans Saints,Las Vegas Raiders,0,0,0,0,0,0,0,0,0,0,0,0,0,1.0,2.5,,,13907.275179030334,0.9999717809213036,0.9217966971003486,0.0482066459601865,0.0003718402735164,417.338374039437,1.9521600899308376,253.08471678696776,3.219124916508468,0.0322280513759738,0.0012083431027945,0.0300086371102161,0.0181980088499704,0.0001403697032524,0.0002314705702639,0.0184294794202344,5.171285006439305,670.4230908264047,,,12316.0,6076.0,0.3775,0.6225,0.409,0.5901,0.4266,0.57,New Orleans Saints,New Orleans Saints,New Orleans Saints,New Orleans Saints,New Orleans Saints,Same,Same,Same,False,False,0.0482066459601865,0.0003718402735164
2026_03_LA_DEN,2026,3,2026-09-27,20:20,Los Angeles Rams,Denver Broncos,Home,,,,,6,7,-1,1,2,0,Empower Field at Mile High,39.7648,-105.0076,America/Denver,False,False,3,3,Sunday,2,0,NFC West,SoFi Stadium,33.9535,-118.3395,America/Los_Angeles,AFC West,Empower Field at Mile High,39.7648,-105.0076,America/Denver,New York Giants,Jacksonville Jaguars,SoFi Stadium,Empower Field at Mile High,Philadelphia Eagles,San Francisco 49ers,Lincoln Financial Field,Levi's Stadium,837,0,-837,837,-1.0,0.0,America/Los_Angeles,America/Denver,-1.0,0.0,-1.0,0.0,-1.0,0,1.29,2.05,1.29,2.05,Denver Broncos,0.7599999999999998,Denver Broncos,0.7599999999999998,1.29,2.05,Denver Broncos,0.7599999999999998,0.0,0,No,No,No,No,Yes,0,No,8.12,-0.48,7.087,3.499,1.902,1.5445,1.902,1.5445,8.732,-0.9855,7.698999999999999,2.9935,Los Angeles Rams,0.3575000000000001,Los Angeles Rams,0.3575000000000001,1.902,1.5445,Los Angeles Rams,0.3575000000000001,Los Angeles Rams,8.6,Los Angeles Rams,3.588,7.603499999999999,1.5095,Los Angeles Rams,6.093999999999999,Los Angeles Rams,9.7175,Los Angeles Rams,4.705499999999999,8.215499999999999,1.004,Los Angeles Rams,7.211499999999999,Different,Different,Same,Same,Same,Same,False,Away Team,Away Team,45.5,130.0,-154.0,Los Angeles Rams,Denver Broncos,3.0,-3.0,327,-436,181,-224,9.7175,-9.7175,4.705499999999999,-4.705499999999999,0.6063,0.4348,0.8134,0.2342,0.6914,0.3559,0.5824,0.4176,0.7765,0.2235,0.6602,0.3398,0.5824,0.4176,0.0824,-0.0824,,,46,3,2026-09-27,LA @ DEN,8.0,75.0,0.0,Historical Avg,False,M.Stafford,B.Nix,4.73,6.0,13.21,174.42,Medium,-5.0,14.0,48.92,48.0,13.550624865549535,32.0,67.0,0.3534,0.6454,0.092,0.083,0.3958,0.551,0.5912,0.4088,0.3336,0.6661,200,-199,,,,,,,,No Bet,,No Bet,,No Bet,,No Bet,,No Bet,,No Bet,,No Bet,,No Bet,,No Bet,,,,,,,,,,,,,,,,,,,,,,,,,,,,,3,0.1458571428571428,0.0740785714285714,Los Angeles Rams,Denver Broncos,1,1,0,0,0,0,1,1,1,1,1,1,0,5.0,4.0,,,13907.275179030334,0.9981938156695832,0.8507635233895924,0.0002875943726473,0.0036330464068041,1.670255543953182,29.42621201089758,2.329398536394476,21.09956410671502,0.001906642888494,0.0060360219349331,0.0001200994100175,0.0001674949626298,0.0021158862273227,0.0015171601794814,0.0016846551421112,50.5257761176126,3.9996540803476575,,,12316.0,6076.0,0.5824,0.4176,0.6668,0.3331,0.648,0.3514,Los Angeles Rams,Los Angeles Rams,Los Angeles Rams,Los Angeles Rams,Los Angeles Rams,Same,Same,Same,False,False,0.0002875943726473,0.0036330464068041
2026_03_PHI_CHI,2026,3,2026-09-28,20:15,Philadelphia Eagles,Chicago Bears,Home,,,,,8,8,0,0,0,0,Soldier Field,41.8623,-87.6167,America/Chicago,False,True,3,3,Monday,0,0,NFC East,Lincoln Financial Field,39.9008,-75.1675,America/New_York,NFC North,Soldier Field,41.8623,-87.6167,America/Chicago,Tennessee Titans,Minnesota Vikings,Nissan Stadium,Soldier Field,Los Angeles Rams,New York Jets,Lincoln Financial Field,Soldier Field,663,0,-663,663,1.0,0.0,America/Chicago,America/Chicago,0.0,0.0,0.0,0.0,0.0,0,4.905,-1.575,4.905,-1.575,Philadelphia Eagles,6.48,Philadelphia Eagles,6.48,4.905,-1.575,Philadelphia Eagles,6.48,0.0,0,No,No,No,No,No,0,No,5.52,0.9,3.682,1.647,3.5330000000000004,-1.3864999999999998,3.5330000000000004,-1.3864999999999998,4.148,1.0885,2.31,1.8355,Philadelphia Eagles,4.9195,Philadelphia Eagles,4.9195,3.5330000000000004,-1.3864999999999998,Philadelphia Eagles,4.9195,Philadelphia Eagles,4.619999999999999,Philadelphia Eagles,2.035,4.601,1.2735,Philadelphia Eagles,3.3275,Philadelphia Eagles,3.0595,Philadelphia Eagles,0.4744999999999995,3.229,1.4620000000000002,Philadelphia Eagles,1.7669999999999997,Same,Same,Same,Same,Same,Same,False,Away Team,Away Team,46.5,-118.0,-102.0,Chicago Bears,Philadelphia Eagles,-1.5,1.5,135,-164,-104,-116,3.0595,-3.0595,0.4744999999999995,-0.4744999999999995,0.505,0.5413,0.6212,0.4255,0.537,0.5098,0.4826,0.5174,0.5935,0.4065,0.513,0.487,0.4826,0.5174,-0.0174,0.0174,,,47,3,2026-09-28,PHI @ CHI,12.0,70.0,0.0,Historical Avg,False,J.Hurts,C.Williams,6.7,7.0,13.05,170.35,Medium,-3.0,16.0,46.17,46.0,13.264237247499445,30.0,64.0,0.2986,0.701,0.0798,0.0868,0.2828,0.7172,0.4724,0.5276,0.4274,0.5725,134,-134,,,,,,,,No Bet,,No Bet,,No Bet,,No Bet,,No Bet,,No Bet,,No Bet,,No Bet,,No Bet,,,,,,,,,,,,,,,,,,,,,,,,,,,,,3,0.08845,0.0401,Chicago Bears,Philadelphia Eagles,0,0,1,1,1,1,0,0,1,1,1,1,0,4.0,3.5,,,13907.275179030334,0.9918617102736398,0.9298830795248806,0.0008529594073165,0.0009976199064462,6.137575333824297,6.695676644116738,5.724765860269823,7.178497918910073,0.0040438267841101,0.0031365020354181,0.0004413211973455,0.0004116382099709,0.0004814513668509,0.0005161685395953,0.0009278067495662,13.874174563026813,11.86234119409412,,,12316.0,6076.0,0.4826,0.5174,0.5729,0.4271,0.7024,0.2974,Chicago Bears,Philadelphia Eagles,Philadelphia Eagles,Philadelphia Eagles,Philadelphia Eagles,Same,Same,Same,False,False,0.0008529594073165,0.0009976199064462
2026_04_PIT_CLE,2026,4,2026-10-01,20:15,Pittsburgh Steelers,Cleveland Browns,Home,,,,,4,4,0,0,-4,0,FirstEnergy Stadium,41.5061,-81.6994,America/New_York,False,False,4,4,Thursday,-4,0,AFC North,Acrisure Stadium,40.4468,-80.0158,America/New_York,AFC North,FirstEnergy Stadium,41.5061,-81.6994,America/New_York,Cincinnati Bengals,Carolina Panthers,Acrisure Stadium,FirstEnergy Stadium,Indianapolis Colts,New York Jets,Acrisure Stadium,MetLife Stadium,114,0,-114,114,0.0,0.0,America/New_York,America/New_York,0.0,0.0,0.0,0.0,0.0,0,-0.565,-4.705,-0.565,-4.705,Pittsburgh Steelers,4.140000000000001,Pittsburgh Steelers,4.140000000000001,-0.565,-4.705,Pittsburgh Steelers,4.140000000000001,0.0,0,No,No,No,No,No,1,No,0.59,-6.94,0.538,-7.475,-1.999875,-4.535625,-1.999875,-4.535625,-0.8787750000000002,-6.736725,-0.935605,-7.266894999999999,Pittsburgh Steelers,2.5357499999999997,Pittsburgh Steelers,2.5357499999999997,-1.999875,-4.535625,Pittsburgh Steelers,2.5357499999999997,Pittsburgh Steelers,7.53,Pittsburgh Steelers,8.013,0.5640000000000001,-7.2075,Pittsburgh Steelers,7.7715,Pittsburgh Steelers,5.85795,Pittsburgh Steelers,6.331289999999999,-0.9071900000000002,-7.001809999999999,Pittsburgh Steelers,6.094619999999999,Same,Same,Same,Same,Same,Same,True,Away Team,Away Team,40.5,114.0,-135.0,Pittsburgh Steelers,Cleveland Browns,2.5,-2.5,208,-261,224,-282,5.85795,-5.85795,6.331289999999999,-6.331289999999999,0.5745,0.4673,0.723,0.3247,0.7382,0.3086,0.5514,0.4486,0.6901,0.3099,0.7052,0.2948,0.5514,0.4486,0.0514,-0.0514,,,48,4,2026-10-01,PIT @ CLE,10.0,60.0,0.0,Historical Avg,False,A.Rodgers,S.Sanders,14.19,14.0,13.1,171.55,Medium,6.0,23.0,41.49,41.0,12.12592217349722,26.0,57.0,0.14,0.8598,0.057,0.0522,0.1596,0.8404,0.5058,0.4942,0.2983,0.7016,235,-235,,,,,,,,No Bet,,No Bet,,No Bet,,No Bet,,No Bet,,No Bet,,No Bet,,No Bet,,No Bet,,,,,,,,,,,,,,,,,,,,,,,,,,,,,4,-0.019176923076923,-0.1223846153846153,Pittsburgh Steelers,Cleveland Browns,0,0,1,0,0,0,0,0,1,0,0,0,1,3.0,1.5,,,10621.659072183036,0.9985107825618263,0.9825722491501028,0.0008438930980084,0.0090074152180363,4.021046188493637,52.754474633161045,4.9424985919201765,42.919218934414296,0.0022163798564045,0.0173750198770301,0.0003785704437665,0.0004653226542418,0.0049666887512252,0.0040407264668111,0.0045060491210529,95.67369356757534,8.963544780413812,,,8533.0,3783.0,0.5514,0.4486,0.7012,0.2985,0.858,0.1406,Pittsburgh Steelers,Pittsburgh Steelers,Pittsburgh Steelers,Pittsburgh Steelers,Pittsburgh Steelers,Same,Same,Same,False,False,0.0008438930980084,0.0090074152180363
2026_04_IND_WAS,2026,4,2026-10-04,09:30,Indianapolis Colts,Washington Commanders,Neutral,,,,,7,7,0,0,1,0,Tottenham Hotspur Stadium,38.9077,-76.8645,America/New_York,True,False,4,4,Sunday,1,0,AFC South,Lucas Oil Stadium,39.7601,-86.1638,America/Indiana/Indianapolis,NFC East,FedExField,38.9077,-76.8645,America/New_York,Houston Texans,Seattle Seahawks,Lucas Oil Stadium,FedExField,Pittsburgh Steelers,New York Giants,Acrisure Stadium,FedExField,500,0,-500,500,0.0,0.0,America/Indiana/Indianapolis,America/New_York,0.0,0.0,0.0,0.0,0.0,0,-2.265,1.45,-2.265,1.45,Washington Commanders,3.715,Washington Commanders,3.715,-2.265,1.45,Washington Commanders,3.715,0.0,0,No,No,No,No,No,0,No,0.93,-5.43,0.288,-1.427,-1.5535000000000003,0.8969999999999999,-1.5535000000000003,0.8969999999999999,1.6415000000000002,-5.983,0.9995,-1.98,Washington Commanders,2.4505000000000003,Washington Commanders,2.4505000000000003,-1.5535000000000003,0.8969999999999999,Washington Commanders,2.4505000000000003,Indianapolis Colts,6.359999999999999,Indianapolis Colts,1.715,0.609,-3.4285,Indianapolis Colts,4.0375,Indianapolis Colts,7.624499999999999,Indianapolis Colts,2.9795,1.3205,-3.9815,Indianapolis Colts,5.302,Different,Different,Different,Different,Same,Same,False,Away Team,Away Team,49.5,-118.0,-102.0,Washington Commanders,Indianapolis Colts,-1.5,1.5,268,-346,135,-164,7.624499999999999,-7.624499999999999,2.9795,-2.9795,0.505,0.5413,0.7758,0.2717,0.6212,0.4255,0.4826,0.5174,0.7406,0.2594,0.5935,0.4065,0.4826,0.5174,-0.0174,0.0174,,,49,4,2026-10-04,IND @ WAS,10.0,60.0,0.0,Historical Avg,False,D.Jones,J.Daniels,5.89,7.0,13.76,189.2,Med-High,-4.0,16.0,55.38,55.0,14.145634076727932,37.0,74.0,0.3294,0.6698,0.0878,0.086,0.3086,0.6914,0.652,0.348,0.3782,0.6216,164,-164,,,,,,,,No Bet,,No Bet,,No Bet,,No Bet,,No Bet,,No Bet,,No Bet,,No Bet,,No Bet,,,,,,,,,,,,,,,,,,,,,,,,,,,,,4,-0.0148999999999999,-0.0250923076923076,Washington Commanders,Indianapolis Colts,0,0,0,0,0,0,0,0,0,0,0,0,0,3.0,2.5,,,10621.659072183036,0.9998831691786312,0.9991511639274412,0.0035451467123043,0.0008469700284168,19.482872780941804,4.341579095280765,18.172466958025737,4.654647790920572,0.0044315355133935,0.0042166994302881,0.0018342589089462,0.001710887803358,0.0004087477357139,0.0004382222927028,0.0021491100960609,8.996226886201336,37.65533973896754,,,8533.0,3783.0,0.5,0.5,0.6273,0.3726,0.675,0.3244,Washington Commanders,Indianapolis Colts,Indianapolis Colts,Indianapolis Colts,Indianapolis Colts,Same,Same,Same,False,False,0.0035451467123043,0.0008469700284168
2026_04_TEN_BAL,2026,4,2026-10-04,13:00,Tennessee Titans,Baltimore Ravens,Home,,,,,7,7,0,0,1,0,M&T Bank Stadium,39.2789,-76.6228,America/New_York,False,True,4,4,Sunday,1,0,AFC South,Nissan Stadium,36.1664,-86.7716,America/Chicago,AFC North,M&T Bank Stadium,39.2789,-76.6228,America/New_York,New York Giants,Dallas Cowboys,MetLife Stadium,Maracanã Stadium,Houston Texans,Atlanta Falcons,Nissan Stadium,Mercedes-Benz Stadium,594,0,-594,594,-1.0,0.0,America/New_York,America/Chicago,0.0,-1.0,0.0,0.0,0.0,0,-4.36,6.69,-4.36,6.69,Baltimore Ravens,11.05,Baltimore Ravens,11.05,-4.36,6.69,Baltimore Ravens,11.05,0.0,0,No,No,No,No,No,0,No,-8.19,5.1,-8.36,2.881,-2.644000000000001,6.8615,-2.644000000000001,6.8615,-6.473999999999998,5.2715,-6.643999999999998,3.0525,Baltimore Ravens,9.5055,Baltimore Ravens,9.5055,-2.644000000000001,6.8615,Baltimore Ravens,9.5055,Baltimore Ravens,13.29,Baltimore Ravens,11.241,-8.274999999999999,3.9905,Baltimore Ravens,12.2655,Baltimore Ravens,11.745499999999998,Baltimore Ravens,9.6965,-6.558999999999998,4.162,Baltimore Ravens,10.720999999999998,Same,Same,Same,Same,Same,Same,False,Home Team,Home Team,47.5,-400.0,310.0,Baltimore Ravens,Tennessee Titans,-8.5,8.5,-646,450,-436,327,-11.745499999999998,11.745499999999998,-9.6965,9.6965,0.2439,0.8,0.1818,0.866,0.2342,0.8134,0.2336,0.7664,0.1735,0.8265,0.2235,0.7765,0.2336,0.7664,-0.2664,0.2664,,,50,4,2026-10-04,TEN @ BAL,10.0,60.0,0.0,Historical Avg,False,C.Ward,L.Jackson,-15.94,-16.0,12.68,160.79,Med-Low,-24.0,-8.0,52.13,52.0,13.056565602832478,36.0,69.0,0.895,0.1048,0.0468,0.0468,0.7366,0.2634,0.6152,0.3848,0.8161,0.1839,-444,444,,,,,,,,No Bet,,No Bet,,No Bet,,No Bet,,No Bet,,No Bet,,No Bet,,No Bet,,No Bet,,,,,,,,,,,,,,,,,,,,,,,,,,,,,4,-0.1119538461538461,0.1114384615384615,Baltimore Ravens,Tennessee Titans,0,0,0,0,0,0,0,0,0,0,0,0,0,1.5,4.5,,,10621.659072183036,0.884442514963161,0.9954997481373372,0.1354343286989144,1.461370330603641e-05,1102.4949607465846,0.0362598064761886,336.0423053632597,0.1189619678225641,0.1510957892409125,8.179859689967936e-05,0.103796869514848,0.0316374591840664,3.413761092290105e-06,1.1199942213746304e-05,0.0316486591262801,0.1552217742987528,1438.5372661098445,,,8533.0,3783.0,0.2336,0.7664,0.1839,0.8161,0.105,0.895,Baltimore Ravens,Baltimore Ravens,Baltimore Ravens,Baltimore Ravens,Baltimore Ravens,Same,Same,Same,False,False,0.1354343286989144,1.461370330603641e-05
2026_04_NE_BUF,2026,4,2026-10-04,13:00,New England Patriots,Buffalo Bills,Home,,,,,7,7,0,0,4,3,Highmark Stadium,42.7725,-78.7877,America/New_York,False,True,4,4,Sunday,4,3,AFC East,Gillette Stadium,42.0628,-71.2687,America/New_York,AFC East,Highmark Stadium,42.7725,-78.7877,America/New_York,Jacksonville Jaguars,Los Angeles Chargers,TIAA Bank Field,Highmark Stadium,Las Vegas Raiders,Los Angeles Rams,Gillette Stadium,SoFi Stadium,386,0,-386,386,0.0,0.0,America/New_York,America/New_York,0.0,0.0,0.0,0.0,0.0,0,-1.995,4.795,-1.995,4.795,Buffalo Bills,6.79,Buffalo Bills,6.79,-1.995,4.795,Buffalo Bills,6.79,0.0,0,No,No,No,No,No,1,No,5.09,6.16,4.222,3.416,-1.72222,4.479220000000001,-1.72222,4.479220000000001,5.30558,5.901420000000001,4.418820000000001,3.17618,Buffalo Bills,6.201440000000001,Buffalo Bills,6.201440000000001,-1.72222,4.479220000000001,Buffalo Bills,6.201440000000001,Buffalo Bills,1.0700000000000005,New England Patriots,0.8060000000000005,4.656000000000001,4.788,Buffalo Bills,0.1319999999999996,Buffalo Bills,0.5958400000000008,New England Patriots,1.242640000000001,4.8622000000000005,4.5388,New England Patriots,0.3234000000000003,Same,Different,Same,Different,Same,Same,False,Home Team,Away Team,49.5,-161.0,136.0,Buffalo Bills,New England Patriots,-3.0,3.0,-116,-104,101,-122,-0.5958400000000008,0.5958400000000008,1.242640000000001,-1.242640000000001,0.4237,0.6169,0.5098,0.537,0.5495,0.4975,0.4072,0.5928,0.487,0.513,0.5248,0.4752,0.4072,0.5928,-0.0928,0.0928,,,51,4,2026-10-04,NE @ BUF,15.0,55.0,0.0,Historical Avg,False,D.Maye,J.Allen,-1.54,-3.0,14.46,209.02,High,-11.0,9.0,52.94,53.0,13.782012738893656,36.0,71.0,0.5414,0.458,0.08,0.0866,0.4628,0.496,0.5932,0.4068,0.5306,0.4692,-113,113,,,,,,,,No Bet,,No Bet,,No Bet,,No Bet,,No Bet,,No Bet,,No Bet,,No Bet,,No Bet,,,,,,,,,,,,,,,,,,,,,,,,,,,,,4,0.1156923076923076,0.119976923076923,Buffalo Bills,New England Patriots,0,1,0,0,0,1,0,0,0,1,0,1,1,4.5,4.5,,,10621.659072183036,0.991234539440876,0.9773591326766397,0.0083665324823458,0.0002489951622196,52.68003490565795,1.0769388298986444,36.18642073816451,1.567802893821013,0.0283122051114789,0.0011962251918792,0.0049596804555345,0.0034068520268112,0.0001013908300558,0.0001476043321637,0.003554456358975,2.6447417237196573,88.86645564382245,,,8533.0,3783.0,0.4072,0.5928,0.4694,0.5306,0.4586,0.5414,Buffalo Bills,Buffalo Bills,Buffalo Bills,Buffalo Bills,Buffalo Bills,Same,Same,Same,False,False,0.0083665324823458,0.0002489951622196
2026_04_NYJ_CHI,2026,4,2026-10-04,13:00,New York Jets,Chicago Bears,Home,,,,,7,6,1,-1,-2,-1,Soldier Field,41.8623,-87.6167,America/Chicago,False,True,4,4,Sunday,-2,-1,AFC East,MetLife Stadium,40.8136,-74.0744,America/New_York,NFC North,Soldier Field,41.8623,-87.6167,America/Chicago,Detroit Lions,Philadelphia Eagles,Ford Field,Soldier Field,Cleveland Browns,Green Bay Packers,MetLife Stadium,Lambeau Field,705,0,-705,705,1.0,0.0,America/Detroit,America/Chicago,1.0,0.0,1.0,0.0,1.0,0,-3.725,-1.575,-3.725,-1.575,Chicago Bears,2.1500000000000004,Chicago Bears,2.1500000000000004,-3.725,-1.575,Chicago Bears,2.1500000000000004,0.0,0,No,No,No,No,No,0,Yes,-9.26,0.9,-6.95,1.647,-4.567,-1.5364999999999998,-4.567,-1.5364999999999998,-10.102,0.9385,-7.792,1.6855000000000002,Chicago Bears,3.0305000000000004,Chicago Bears,3.0305000000000004,-4.567,-1.5364999999999998,Chicago Bears,3.0305000000000004,Chicago Bears,10.16,Chicago Bears,8.597,-8.105,1.2735,Chicago Bears,9.3785,Chicago Bears,11.0405,Chicago Bears,9.4775,-8.947,1.312,Chicago Bears,10.259,Same,Same,Same,Same,Same,Same,False,Home Team,Home Team,45.5,-417.0,330.0,Chicago Bears,New York Jets,-8.5,8.5,-567,406,-436,327,-11.0405,11.0405,-9.4775,9.4775,0.2326,0.8066,0.1976,0.8501,0.2342,0.8134,0.2238,0.7762,0.1886,0.8114,0.2235,0.7765,0.2238,0.7762,-0.2762,0.2762,,,52,4,2026-10-04,NYJ @ CHI,15.0,58.0,0.0,Historical Avg,False,G.Smith,C.Williams,-9.11,-10.0,12.94,167.48,Med-Low,-18.0,-1.0,47.63,47.0,13.191477773819408,31.0,65.0,0.764,0.2352,0.073,0.0762,0.5358,0.4642,0.548,0.452,0.782,0.2178,-359,359,,,,,,,,No Bet,,No Bet,,No Bet,,No Bet,,No Bet,,No Bet,,No Bet,,No Bet,,No Bet,,,,,,,,,,,,,,,,,,,,,,,,,,,,,4,-0.1360769230769231,0.0219384615384615,Chicago Bears,New York Jets,0,0,0,1,0,1,0,0,0,1,0,1,0,1.5,3.5,,,10621.659072183036,0.991283874429718,0.998426169779898,0.3054035270358483,1.0602875344043871e-05,2517.909081875528,0.0252043844425829,725.9830617414881,0.0874157426467064,0.2585029984064988,0.000205065669028,0.2370542176852254,0.0683493093506228,2.3729235019970185e-06,8.229951842046852e-06,0.0683575393024649,0.1126201270892894,3243.892143617016,,,8533.0,3783.0,0.2238,0.7762,0.218,0.7819,0.236,0.7634,Chicago Bears,Chicago Bears,Chicago Bears,Chicago Bears,Chicago Bears,Same,Same,Same,False,False,0.3054035270358483,1.0602875344043871e-05
2026_04_JAX_CIN,2026,4,2026-10-04,13:00,Jacksonville Jaguars,Cincinnati Bengals,Home,,,,,7,7,0,0,1,0,Paycor Stadium,39.0955,-84.5165,America/New_York,False,False,4,4,Sunday,1,0,AFC South,TIAA Bank Field,30.3239,-81.6554,America/New_York,AFC North,Paycor Stadium,39.0955,-84.5165,America/New_York,New England Patriots,Pittsburgh Steelers,TIAA Bank Field,Acrisure Stadium,Philadelphia Eagles,Miami Dolphins,Tottenham Hotspur Stadium,Hard Rock Stadium,627,0,-627,627,0.0,0.0,America/New_York,America/New_York,0.0,0.0,0.0,0.0,0.0,0,-1.825,1.31,-1.825,1.31,Cincinnati Bengals,3.135,Cincinnati Bengals,3.135,-1.825,1.31,Cincinnati Bengals,3.135,0.0,0,No,No,No,No,No,0,No,5.41,-0.04,3.85,-0.609,-0.918,2.8985000000000003,-0.918,2.8985000000000003,6.317,1.5485,4.757,0.9795,Cincinnati Bengals,3.8165,Cincinnati Bengals,3.8165,-0.918,2.8985000000000003,Cincinnati Bengals,3.8165,Jacksonville Jaguars,5.45,Jacksonville Jaguars,4.459,4.63,-0.3245,Jacksonville Jaguars,4.9545,Jacksonville Jaguars,4.7685,Jacksonville Jaguars,3.7775,5.537,1.264,Jacksonville Jaguars,4.273,Different,Different,Different,Different,Same,Same,False,Away Team,Away Team,51.5,-135.0,114.0,Cincinnati Bengals,Jacksonville Jaguars,-2.5,2.5,188,-234,171,-211,4.7685,-4.7685,3.7775,-3.7775,0.4673,0.5745,0.7006,0.3472,0.6785,0.369,0.4486,0.5514,0.6686,0.3314,0.6477,0.3523,0.4486,0.5514,-0.0514,0.0514,,,53,4,2026-10-04,JAX @ CIN,10.0,62.0,0.0,Historical Avg,False,T.Lawrence,J.Burrow,2.58,3.0,13.99,195.83,High,-7.0,12.0,55.44,55.0,13.631148678040914,38.0,73.0,0.4358,0.5634,0.083,0.0836,0.3882,0.6118,0.6082,0.3918,0.4177,0.5821,139,-139,,,,,,,,No Bet,,No Bet,,No Bet,,No Bet,,No Bet,,No Bet,,No Bet,,No Bet,,No Bet,,,,,,,,,,,,,,,,,,,,,,,,,,,,,4,0.0132153846153846,0.1109384615384615,Cincinnati Bengals,Jacksonville Jaguars,0,0,0,0,0,0,0,0,0,0,0,0,0,3.0,4.5,,,10621.659072183036,0.9632156369310512,0.7122215314072606,0.0034483723596982,0.0003196880844576,20.196367967041876,1.5232741641674452,16.43106759161223,1.8723436783814744,0.0096100950405941,0.0016948970371498,0.0019014325191376,0.0015469398405606,0.0001434120746877,0.0001762760097699,0.0017232158503306,3.395617842548919,36.6274355586541,,,8533.0,3783.0,0.4486,0.5514,0.5803,0.4195,0.5564,0.4428,Cincinnati Bengals,Jacksonville Jaguars,Jacksonville Jaguars,Jacksonville Jaguars,Jacksonville Jaguars,Same,Same,Same,False,False,0.0034483723596982,0.0003196880844576
2026_04_DAL_HOU,2026,4,2026-10-04,13:00,Dallas Cowboys,Houston Texans,Home,,,,,7,7,0,0,0,0,NRG Stadium,29.6847,-95.4093,America/Chicago,False,False,4,4,Sunday,0,0,NFC East,AT&T Stadium,32.7369,-97.0826,America/Chicago,AFC South,NRG Stadium,29.6847,-95.4093,America/Chicago,Baltimore Ravens,Indianapolis Colts,Maracanã Stadium,Lucas Oil Stadium,Tampa Bay Buccaneers,Tennessee Titans,AT&T Stadium,Nissan Stadium,233,0,-233,233,0.0,0.0,America/Chicago,America/Indiana/Indianapolis,0.0,1.0,0.0,0.0,0.0,0,-0.615,0.035,-0.615,0.035,Houston Texans,0.65,Houston Texans,0.65,-0.615,0.035,Houston Texans,0.65,0.0,0,No,No,No,No,No,0,No,-1.01,2.96,-3.616,5.008,-0.605,-0.2085,-0.605,-0.2085,-1.0,2.7165,-3.606,4.7645,Houston Texans,0.3964999999999999,Houston Texans,0.3964999999999999,-0.605,-0.2085,Houston Texans,0.3964999999999999,Houston Texans,3.97,Houston Texans,8.624,-2.313,3.984,Houston Texans,6.297000000000001,Houston Texans,3.7165,Houston Texans,8.3705,-2.303,3.7405,Houston Texans,6.0435,Same,Same,Same,Same,Same,Same,False,Home Team,Home Team,47.5,-135.0,114.0,Houston Texans,Dallas Cowboys,-2.5,2.5,-191,156,-397,302,-3.7165,3.7165,-8.3705,8.3705,0.4673,0.5745,0.3906,0.6564,0.2488,0.7988,0.4486,0.5514,0.3731,0.6269,0.2375,0.7625,0.4486,0.5514,-0.0514,0.0514,,,54,4,2026-10-04,DAL @ HOU,0.0,70.0,0.0,Dome,True,D.Prescott,C.Stroud,-6.63,-7.0,13.36,178.52,Medium,-16.0,3.0,54.21,53.0,13.382823347565733,38.0,72.0,0.692,0.3078,0.082,0.077,0.6606,0.3394,0.6748,0.3252,0.6582,0.3418,-193,193,,,,,,,,No Bet,,No Bet,,No Bet,,No Bet,,No Bet,,No Bet,,No Bet,,No Bet,,No Bet,,,,,,,,,,,,,,,,,,,,,,,,,,,,,4,0.0377923076923076,0.0650538461538461,Houston Texans,Dallas Cowboys,1,0,0,0,0,0,0,1,1,0,0,1,0,3.5,4.0,,,10621.659072183036,0.996846198885642,0.97242369987463,0.006432564756966,0.0004345653181578,37.67413470826001,2.0706499678147425,30.6503750999736,2.5451546862528955,0.0159815562194123,0.0018506709509917,0.003546916206991,0.0028856485499749,0.0001949460017256,0.0002396193164322,0.0031252678664072,4.615804654067638,68.32450980823361,,,8533.0,3783.0,0.4486,0.5514,0.3419,0.658,0.3086,0.691,Houston Texans,Houston Texans,Houston Texans,Houston Texans,Houston Texans,Same,Same,Same,False,False,0.006432564756966,0.0004345653181578
2026_04_ARI_NYG,2026,4,2026-10-04,13:00,Arizona Cardinals,New York Giants,Home,,,,,7,7,0,0,-4,-4,MetLife Stadium,40.8136,-74.0744,America/New_York,False,True,4,4,Sunday,-4,-4,NFC West,State Farm Stadium,33.5277,-112.262608,America/Denver,NFC East,MetLife Stadium,40.8136,-74.0744,America/New_York,San Francisco 49ers,Tennessee Titans,Levi's Stadium,MetLife Stadium,Detroit Lions,Washington Commanders,State Farm Stadium,FedExField,2142,0,-2142,2142,-2.0,0.0,America/Los_Angeles,America/New_York,-3.0,0.0,-2.0,0.0,-2.0,0,0.075,-2.84,0.075,-2.84,Arizona Cardinals,2.915,Arizona Cardinals,2.915,0.075,-2.84,Arizona Cardinals,2.915,-0.3,0,No,No,No,No,No,0,No,-4.4,-3.53,-3.837,-5.014,0.3425,-4.082,0.3425,-4.082,-4.1325,-4.772,-3.569500000000001,-6.256,Arizona Cardinals,4.4245,Arizona Cardinals,4.4245,0.3425,-4.082,Arizona Cardinals,4.4245,New York Giants,0.8700000000000006,Arizona Cardinals,1.177,-4.1185,-4.272,Arizona Cardinals,0.1535000000000002,Arizona Cardinals,0.6395,Arizona Cardinals,2.686499999999999,-3.851000000000001,-5.514,Arizona Cardinals,1.6629999999999994,Different,Same,Same,Same,Different,Same,False,Away Team,Away Team,45.5,-323.0,260.0,New York Giants,Arizona Cardinals,-7.0,7.0,-104,-116,117,-142,0.6395,-0.6395,2.686499999999999,-2.686499999999999,0.2778,0.7636,0.537,0.5098,0.5868,0.4608,0.2667,0.7333,0.513,0.487,0.5601,0.4399,0.2667,0.7333,-0.2333,0.2333,,,55,4,2026-10-04,ARI @ NYG,12.0,62.0,0.0,Historical Avg,False,J.Brissett,J.Dart,0.14,0.0,13.55,183.63,Med-High,-9.25,10.0,47.54,47.0,13.460803277849989,30.0,65.0,0.4986,0.4996,0.086,0.09,0.2912,0.667,0.5464,0.4536,0.5397,0.4598,-117,117,,,,,,,,No Bet,,No Bet,,No Bet,,No Bet,,No Bet,,No Bet,,No Bet,,No Bet,,No Bet,,,,,,,,,,,,,,,,,,,,,,,,,,,,,4,-0.2366999999999999,-0.0745307692307692,New York Giants,Arizona Cardinals,0,0,0,0,0,0,0,0,0,0,0,0,0,0.0,2.0,,,10621.659072183036,0.9740564297025224,0.999808118284414,0.1741929259637936,6.557847155919436e-05,1356.764765811441,0.1857704630393429,493.4531065619956,0.5107817043372711,0.1374761212567238,0.0001362569564249,0.1277356726092498,0.0464572533545437,1.7489778364837138e-05,4.8088693194357226e-05,0.0465053420477381,0.6965521673766141,1850.2178723734364,,,8533.0,3783.0,0.2667,0.7333,0.4586,0.5409,0.4948,0.5034,New York Giants,New York Giants,New York Giants,Arizona Cardinals,New York Giants,Same,Different,Same,False,False,0.1741929259637936,6.557847155919436e-05
2026_04_LA_PHI,2026,4,2026-10-04,13:00,Los Angeles Rams,Philadelphia Eagles,Home,,,,,7,6,1,-1,3,-1,Lincoln Financial Field,39.9008,-75.1675,America/New_York,False,True,4,4,Sunday,3,-1,NFC West,SoFi Stadium,33.9535,-118.3395,America/Los_Angeles,NFC East,Lincoln Financial Field,39.9008,-75.1675,America/New_York,Denver Broncos,Chicago Bears,Empower Field at Mile High,Soldier Field,Buffalo Bills,Jacksonville Jaguars,SoFi Stadium,Tottenham Hotspur Stadium,2394,0,-2394,2394,-3.0,0.0,America/Denver,America/Chicago,-2.0,-1.0,-3.0,0.0,-3.0,0,1.29,4.905,1.29,4.905,Philadelphia Eagles,3.615,Philadelphia Eagles,3.615,1.29,4.905,Philadelphia Eagles,3.615,-0.4499999999999999,0,No,No,No,No,No,0,Yes,8.12,5.52,7.087,3.682,1.552,6.127,1.552,6.127,8.382,6.741999999999999,7.349,4.904,Philadelphia Eagles,4.574999999999999,Philadelphia Eagles,4.574999999999999,1.552,6.127,Philadelphia Eagles,4.574999999999999,Los Angeles Rams,2.6,Los Angeles Rams,3.405,7.603499999999999,4.601,Los Angeles Rams,3.0024999999999995,Los Angeles Rams,1.6400000000000006,Los Angeles Rams,2.4450000000000003,7.8655,5.823,Los Angeles Rams,2.0425000000000004,Different,Different,Different,Different,Same,Same,False,Away Team,Away Team,47.5,105.0,-125.0,Los Angeles Rams,Philadelphia Eagles,1.5,-1.5,105,-128,117,-142,1.6400000000000006,-1.6400000000000006,2.4450000000000003,-2.4450000000000003,0.5556,0.4878,0.5614,0.4878,0.5868,0.4608,0.5325,0.4675,0.5351,0.4649,0.5601,0.4399,0.5325,0.4675,0.0325,-0.0325,,,56,4,2026-10-04,LA @ PHI,12.0,64.0,0.0,Historical Avg,False,M.Stafford,J.Hurts,1.92,3.0,13.18,173.7,Medium,-7.0,10.0,49.4,49.0,13.643220516183511,32.0,68.0,0.4368,0.5628,0.097,0.091,0.4604,0.5396,0.5274,0.4726,0.4523,0.5476,121,-121,,,,,,,,No Bet,,No Bet,,No Bet,,No Bet,,No Bet,,No Bet,,No Bet,,No Bet,,No Bet,,,,,,,,,,,,,,,,,,,,,,,,,,,,,4,0.154576923076923,0.0977538461538461,Los Angeles Rams,Philadelphia Eagles,1,0,0,1,0,1,1,0,1,1,1,1,0,5.0,4.5,,,10621.659072183036,0.9292526999769574,0.8479931264289178,0.0005141232168523,0.0013531232641406,2.5529434155085,7.653310451986794,2.907898114990964,6.719103542354604,0.0030309050821201,0.0032059909518293,0.0002403526038784,0.0002737706129738,0.0007205381381548,0.0006325851259857,0.0009063557389596,14.372413994341398,5.460841530499464,,,8533.0,3783.0,0.5325,0.4675,0.5459,0.4538,0.5558,0.4428,Los Angeles Rams,Los Angeles Rams,Los Angeles Rams,Los Angeles Rams,Los Angeles Rams,Same,Same,Same,False,False,0.0005141232168523,0.0013531232641406
2026_04_GB_TB,2026,4,2026-10-04,13:00,Green Bay Packers,Tampa Bay Buccaneers,Home,,,,,10,7,3,-3,3,-3,Raymond James Stadium,27.9759,-82.5033,America/New_York,False,False,4,4,Sunday,3,-3,NFC North,Lambeau Field,44.5013,-88.0622,America/Chicago,NFC South,Raymond James Stadium,27.9759,-82.5033,America/New_York,Atlanta Falcons,Minnesota Vikings,Lambeau Field,Raymond James Stadium,Chicago Bears,Dallas Cowboys,Lambeau Field,AT&T Stadium,1182,0,-1182,1182,-1.0,0.0,America/Chicago,America/New_York,-1.0,0.0,-1.0,0.0,-1.0,0,3.535,1.025,3.535,1.025,Green Bay Packers,2.51,Green Bay Packers,2.51,3.535,1.025,Green Bay Packers,2.51,0.0,0,No,No,No,No,No,0,No,5.09,-1.4,2.933,-2.096,3.5455,-1.2165,3.5455,-1.2165,5.100499999999999,-3.6415,2.9435,-4.3375,Green Bay Packers,4.7620000000000005,Green Bay Packers,4.7620000000000005,3.5455,-1.2165,Green Bay Packers,4.7620000000000005,Green Bay Packers,6.49,Green Bay Packers,5.029,4.0115,-1.748,Green Bay Packers,5.7595,Green Bay Packers,8.741999999999999,Green Bay Packers,7.281000000000001,4.021999999999999,-3.9895,Green Bay Packers,8.0115,Same,Same,Same,Same,Same,Same,False,Away Team,Away Team,47.5,105.0,-125.0,Green Bay Packers,Tampa Bay Buccaneers,1.5,-1.5,302,-397,268,-346,8.741999999999999,-8.741999999999999,7.281000000000001,-7.281000000000001,0.5556,0.4878,0.7988,0.2488,0.7758,0.2717,0.5325,0.4675,0.7625,0.2375,0.7406,0.2594,0.5325,0.4675,0.0325,-0.0325,,,57,4,2026-10-04,GB @ TB,8.0,82.0,0.0,Historical Avg,False,J.Love,B.Mayfield,9.37,10.0,12.59,158.54,Low,2.0,17.0,55.83,55.0,14.011137214131,39.0,74.0,0.2204,0.7796,0.076,0.0828,0.2422,0.7578,0.709,0.291,0.2962,0.7038,238,-238,,,,,,,,No Bet,,No Bet,,No Bet,,No Bet,,No Bet,,No Bet,,No Bet,,No Bet,,No Bet,,,,,,,,,,,,,,,,,,,,,,,,,,,,,4,0.0752384615384615,-0.0223692307692307,Green Bay Packers,Tampa Bay Buccaneers,0,0,1,0,0,0,1,0,1,0,1,0,0,4.0,2.5,,,10621.659072183036,0.9187267419694812,0.8156735070238256,0.0006165082079811,0.0019030244375609,3.061348950176692,10.76356988631136,3.4869910502012584,9.449706895494014,0.0032788341360542,0.0031361574326097,0.0002882175872311,0.0003282906207499,0.0010133605130012,0.0008896639245597,0.0012179545453096,20.213276781805376,6.548340000377951,,,8533.0,3783.0,0.5325,0.4675,0.7014,0.2984,0.7702,0.2292,Green Bay Packers,Green Bay Packers,Green Bay Packers,Green Bay Packers,Green Bay Packers,Same,Same,Same,False,False,0.0006165082079811,0.0019030244375609
2026_04_MIA_MIN,2026,4,2026-10-04,16:05,Miami Dolphins,Minnesota Vikings,Home,,,,,7,7,0,0,-3,0,U.S. Bank Stadium,44.9738,-93.2575,America/Chicago,False,False,4,4,Sunday,-3,0,AFC East,Hard Rock Stadium,25.9602,-80.2384,America/New_York,NFC North,U.S. Bank Stadium,44.9738,-93.2575,America/Chicago,Kansas City Chiefs,Tampa Bay Buccaneers,Hard Rock Stadium,Raymond James Stadium,Cincinnati Bengals,New Orleans Saints,Hard Rock Stadium,Caesars Superdome,1499,0,-1499,1499,1.0,0.0,America/New_York,America/New_York,1.0,1.0,1.0,0.0,1.0,0,0.66,0.27,0.66,0.27,Miami Dolphins,0.39,Miami Dolphins,0.39,0.66,0.27,Miami Dolphins,0.39,0.0,0,No,No,No,No,No,0,No,-5.46,-0.75,-3.956,2.721,-0.5695000000000001,-1.14,-0.5695000000000001,-1.14,-6.689500000000001,-2.16,-5.185499999999999,1.3110000000000002,Miami Dolphins,0.5704999999999998,Miami Dolphins,0.5704999999999998,-0.5695000000000001,-1.14,Miami Dolphins,0.5704999999999998,Minnesota Vikings,4.71,Minnesota Vikings,6.677,-4.708,0.9855,Minnesota Vikings,5.6935,Minnesota Vikings,4.5295000000000005,Minnesota Vikings,6.496499999999999,-5.9375,-0.4245,Minnesota Vikings,5.513,Different,Different,Different,Different,Same,Same,False,Home Team,Home Team,43.5,-417.0,320.0,Minnesota Vikings,Miami Dolphins,-7.5,7.5,-224,181,-282,224,-4.5295000000000005,4.5295000000000005,-6.496499999999999,6.496499999999999,0.2381,0.8066,0.3559,0.6914,0.3086,0.7382,0.2279,0.7721,0.3398,0.6602,0.2948,0.7052,0.2279,0.7721,-0.2721,0.2721,,,58,4,2026-10-04,MIA @ MIN,0.0,70.0,0.0,Dome,True,M.Willis,K.Murray,-13.74,-14.0,13.13,172.27,Medium,-22.0,-6.0,45.37,45.0,12.62087063221484,29.0,62.0,0.8514,0.1482,0.0554,0.0546,0.6996,0.3004,0.5374,0.4626,0.7472,0.2527,-296,296,,,,,,,,No Bet,,No Bet,,No Bet,,No Bet,,No Bet,,No Bet,,No Bet,,No Bet,,No Bet,,,,,,,,,,,,,,,,,,,,,,,,,,,,,4,-0.2205076923076922,-0.0121538461538461,Minnesota Vikings,Miami Dolphins,0,0,0,0,0,0,0,0,0,0,0,0,0,0.0,3.0,,,10621.659072183036,0.9967249546741394,0.9994357987406874,0.2870935441828642,8.071505284247862e-05,2354.4492665351117,0.1953849995318899,694.9604815999894,0.6619427737541563,0.227189404921842,0.0001632891278059,0.2216649254635894,0.0654286187192747,1.839496054280088e-05,6.232009229967773e-05,0.0654909388115744,0.8573277732860461,3049.409748135101,,,8533.0,3783.0,0.2279,0.7721,0.2522,0.7477,0.1462,0.8532,Minnesota Vikings,Minnesota Vikings,Minnesota Vikings,Minnesota Vikings,Minnesota Vikings,Same,Same,Same,False,False,0.2870935441828642,8.071505284247862e-05
2026_04_KC_LV,2026,4,2026-10-04,16:25,Kansas City Chiefs,Las Vegas Raiders,Home,,,,,7,7,0,0,-1,0,Allegiant Stadium,36.108,-115.1578,America/Los_Angeles,False,True,4,4,Sunday,-1,0,AFC West,GEHA Field at Arrowhead Stadium,39.0489,-94.4839,America/Chicago,AFC West,Allegiant Stadium,36.108,-115.1578,America/Los_Angeles,Miami Dolphins,New Orleans Saints,Hard Rock Stadium,Caesars Superdome,Los Angeles Chargers,New England Patriots,GEHA Field at Arrowhead Stadium,Gillette Stadium,1147,0,-1147,1147,2.0,0.0,America/New_York,America/Chicago,3.0,2.0,2.0,0.0,2.0,0,4.395,-2.35,4.395,-2.35,Kansas City Chiefs,6.744999999999999,Kansas City Chiefs,6.744999999999999,4.395,-2.35,Kansas City Chiefs,6.744999999999999,-0.15,0,No,No,No,No,No,1,No,-2.17,-8.15,0.625,-7.588,6.44495,-2.23295,6.44495,-2.23295,-0.1123999999999998,-8.040600000000001,2.66027,-7.45627,Kansas City Chiefs,8.677900000000001,Kansas City Chiefs,8.677900000000001,6.44495,-2.23295,Kansas City Chiefs,8.677900000000001,Kansas City Chiefs,5.98,Kansas City Chiefs,8.213000000000001,-0.7725,-7.869,Kansas City Chiefs,7.0965,Kansas City Chiefs,7.928200000000001,Kansas City Chiefs,10.11654,1.2739349999999998,-7.748435000000001,Kansas City Chiefs,9.02237,Same,Same,Same,Same,Same,Same,False,Away Team,Away Team,43.5,205.0,-250.0,Kansas City Chiefs,Las Vegas Raiders,5.5,-5.5,282,-366,356,-483,7.928200000000001,-7.928200000000001,10.11654,-10.11654,0.7143,0.3279,0.7854,0.2618,0.8285,0.2193,0.6854,0.3146,0.75,0.25,0.7907,0.2093,0.6854,0.3146,0.1854,-0.1854,,,59,4,2026-10-04,KC @ LV,0.0,70.0,0.0,Dome,True,P.Mahomes,K.Cousins,5.24,6.0,12.52,156.64,Low,-4.0,14.0,40.96,40.0,12.076528619959534,26.0,57.0,0.341,0.658,0.0908,0.082,0.4798,0.5202,0.3916,0.6084,0.2787,0.721,259,-258,,,,,,,,No Bet,,No Bet,,No Bet,,No Bet,,No Bet,,No Bet,,No Bet,,No Bet,,No Bet,,,,,,,,,,,,,,,,,,,,,,,,,,,,,4,0.0632076923076923,-0.1544461538461538,Kansas City Chiefs,Las Vegas Raiders,0,0,1,0,0,0,0,0,1,0,0,0,1,4.0,1.0,,,10621.659072183036,0.9216129065948668,0.7124030850340765,0.000112402690986,0.0306487701301648,0.3756019034466359,223.12565561837985,0.818301159002938,102.41513168593856,0.0006806693298923,0.0557839222206499,3.5361886584205684e-05,7.704080440182638e-05,0.021006667047215,0.0096421030829498,0.0097191438873517,325.5407873043184,1.193903062449574,,,8533.0,3783.0,0.6854,0.3146,0.721,0.2788,0.6578,0.3412,Kansas City Chiefs,Kansas City Chiefs,Kansas City Chiefs,Kansas City Chiefs,Kansas City Chiefs,Same,Same,Same,False,False,0.000112402690986,0.0306487701301648
2026_04_LAC_SEA,2026,4,2026-10-04,16:25,Los Angeles Chargers,Seattle Seahawks,Home,,,,,7,7,0,0,-3,4,Lumen Field,47.5952,-122.3316,America/Los_Angeles,False,True,4,4,Sunday,-3,4,AFC West,SoFi Stadium,33.9535,-118.3395,America/Los_Angeles,NFC West,Lumen Field,47.5952,-122.3316,America/Los_Angeles,Buffalo Bills,Washington Commanders,Highmark Stadium,FedExField,Denver Broncos,San Francisco 49ers,SoFi Stadium,Lumen Field,964,0,-964,964,0.0,0.0,America/New_York,America/New_York,3.0,3.0,0.0,0.0,0.0,0,0.935,-0.13,0.935,-0.13,Los Angeles Chargers,1.065,Los Angeles Chargers,1.065,0.935,-0.13,Los Angeles Chargers,1.065,0.0,0,No,No,No,No,No,0,No,1.12,10.42,0.527,10.022,0.7945,0.098,0.7945,0.098,0.9795,10.648,0.3865,10.25,Los Angeles Chargers,0.6965,Los Angeles Chargers,0.6965,0.7945,0.098,Los Angeles Chargers,0.6965,Seattle Seahawks,9.3,Seattle Seahawks,9.495,0.8235000000000001,10.221,Seattle Seahawks,9.3975,Seattle Seahawks,9.6685,Seattle Seahawks,9.8635,0.683,10.449,Seattle Seahawks,9.766,Different,Different,Different,Different,Same,Same,False,Home Team,Home Team,45.5,-175.0,145.0,Seattle Seahawks,Los Angeles Chargers,-3.0,3.0,-436,327,-483,356,-9.6685,9.6685,-9.8635,9.8635,0.4082,0.6364,0.2342,0.8134,0.2193,0.8285,0.3908,0.6092,0.2235,0.7765,0.2093,0.7907,0.3908,0.6092,-0.1092,0.1092,,,60,4,2026-10-04,LAC @ SEA,10.0,55.0,0.0,Historical Avg,False,J.Herbert,S.Darnold,-5.83,-7.0,13.37,178.77,Medium,-16.0,4.0,43.63,43.0,12.74861483754432,27.0,60.10000000000037,0.6698,0.3296,0.0842,0.0822,0.5984,0.3558,0.4362,0.5638,0.7116,0.2883,-247,247,,,,,,,,No Bet,,No Bet,,No Bet,,No Bet,,No Bet,,No Bet,,No Bet,,No Bet,,No Bet,,,,,,,,,,,,,,,,,,,,,,,,,,,,,4,0.0510153846153846,0.1196846153846153,Seattle Seahawks,Los Angeles Chargers,0,0,0,0,0,1,0,0,0,0,0,1,0,3.5,4.5,,,10621.659072183036,0.837261931524774,0.5110028217701171,0.0093065385473158,0.000251462550108,60.21995584727511,1.0438070554826244,38.63092374444372,1.6271424211873462,0.0155089546785885,0.0010738473237196,0.0056695432830248,0.003636995264291,9.827156458224509e-05,0.0001531909855258,0.0037901862498168,2.670949476669971,98.85087959171884,,,8533.0,3783.0,0.3908,0.6092,0.2841,0.7156,0.3128,0.6862,Seattle Seahawks,Seattle Seahawks,Seattle Seahawks,Seattle Seahawks,Seattle Seahawks,Same,Same,Same,False,False,0.0093065385473158,0.000251462550108
2026_04_DEN_SF,2026,4,2026-10-04,16:25,Denver Broncos,San Francisco 49ers,Home,,,,,7,7,0,0,0,3,Levi's Stadium,37.4031,-121.9702,America/Los_Angeles,False,False,4,4,Sunday,0,3,AFC West,Empower Field at Mile High,39.7648,-105.0076,America/Denver,NFC West,Levi's Stadium,37.4031,-121.9702,America/Los_Angeles,Los Angeles Rams,Arizona Cardinals,Empower Field at Mile High,Levi's Stadium,Los Angeles Chargers,Seattle Seahawks,SoFi Stadium,Lumen Field,928,0,-928,928,1.0,0.0,America/Denver,America/Los_Angeles,1.0,0.0,1.0,0.0,1.0,0,2.05,3.325,2.05,3.325,San Francisco 49ers,1.2750000000000004,San Francisco 49ers,1.2750000000000004,2.05,3.325,San Francisco 49ers,1.2750000000000004,0.0,0,No,No,No,No,No,0,No,-0.48,3.57,3.499,2.606,2.7055,1.8155,2.7055,1.8155,0.1755,2.0605,4.1545000000000005,1.0964999999999998,Denver Broncos,0.8899999999999997,Denver Broncos,0.8899999999999997,2.7055,1.8155,Denver Broncos,0.8899999999999997,San Francisco 49ers,4.05,Denver Broncos,0.8930000000000002,1.5095,3.088,San Francisco 49ers,1.5785,San Francisco 49ers,1.885,Denver Broncos,3.0580000000000007,2.1650000000000005,1.5784999999999998,Denver Broncos,0.5865000000000007,Different,Different,Different,Same,Same,Same,False,Home Team,Away Team,46.5,-135.0,114.0,San Francisco 49ers,Denver Broncos,-2.5,2.5,-131,108,135,-164,-1.885,1.885,3.0580000000000007,-3.0580000000000007,0.4673,0.5745,0.4808,0.5671,0.6212,0.4255,0.4486,0.5514,0.4588,0.5412,0.5935,0.4065,0.4486,0.5514,-0.0514,0.0514,,,61,4,2026-10-04,DEN @ SF,10.0,70.0,0.0,Historical Avg,False,B.Nix,B.Purdy,-0.69,-2.0,13.31,177.03,Medium,-10.0,8.0,51.6,51.0,13.376188659128912,35.0,69.0,0.531,0.4686,0.1016,0.0982,0.4868,0.5132,0.6396,0.3604,0.5075,0.4924,-103,103,,,,,,,,No Bet,,No Bet,,No Bet,,No Bet,,No Bet,,No Bet,,No Bet,,No Bet,,No Bet,,,,,,,,,,,,,,,,,,,,,,,,,,,,,4,0.0837307692307692,0.0616230769230769,San Francisco 49ers,Denver Broncos,1,0,0,0,0,0,1,0,1,0,1,0,0,4.0,4.0,,,10621.659072183036,0.3971997469586206,0.998036565702078,0.0022057333418351,0.0002762043504483,12.91850112520173,1.316079552299669,10.510046435918564,1.6176688924164906,0.0107543008841747,0.0019831056439843,0.0012162413646879,0.0009894919771472,0.0001239052716111,0.0001522990788372,0.0011417910559844,2.93374844471616,23.428547561120293,,,8533.0,3783.0,0.4486,0.5514,0.4923,0.5074,0.4682,0.5306,San Francisco 49ers,San Francisco 49ers,San Francisco 49ers,San Francisco 49ers,San Francisco 49ers,Same,Same,Same,False,False,0.0022057333418351,0.0002762043504483
2026_04_DET_CAR,2026,4,2026-10-04,20:20,Detroit Lions,Carolina Panthers,Home,,,,,7,7,0,0,3,0,Bank of America Stadium,35.2258,-80.8528,America/New_York,False,False,4,4,Sunday,3,0,NFC North,Ford Field,42.3395,-83.045,America/Detroit,NFC South,Bank of America Stadium,35.2258,-80.8528,America/New_York,New York Jets,Cleveland Browns,Ford Field,FirstEnergy Stadium,Arizona Cardinals,Philadelphia Eagles,State Farm Stadium,Lincoln Financial Field,505,0,-505,505,0.0,0.0,America/Detroit,America/New_York,0.0,0.0,0.0,0.0,0.0,0,4.305,-5.25,4.305,-5.25,Detroit Lions,9.555,Detroit Lions,9.555,4.305,-5.25,Detroit Lions,9.555,0.0,0,No,No,No,No,No,0,No,3.98,-3.79,3.658,-4.367,5.289,-6.8535,5.289,-6.8535,4.964,-5.3935,4.642,-5.9705,Detroit Lions,12.1425,Detroit Lions,12.1425,5.289,-6.8535,Detroit Lions,12.1425,Detroit Lions,7.77,Detroit Lions,8.025,3.819,-4.0785,Detroit Lions,7.8975,Detroit Lions,10.357499999999998,Detroit Lions,10.6125,4.802999999999999,-5.682,Detroit Lions,10.485,Same,Same,Same,Same,Same,Same,False,Away Team,Away Team,47.5,136.0,-161.0,Detroit Lions,Carolina Panthers,3.0,-3.0,389,-538,389,-538,10.357499999999998,-10.357499999999998,10.6125,-10.6125,0.6169,0.4237,0.8433,0.2045,0.8433,0.2045,0.5928,0.4072,0.8048,0.1952,0.8048,0.1952,0.5928,0.4072,0.0928,-0.0928,,,62,4,2026-10-04,DET @ CAR,6.0,68.0,0.0,Historical Avg,False,J.Goff,B.Young,12.51,12.0,13.81,190.72,Med-High,4.0,22.0,54.82,54.0,13.722598849483168,37.0,73.0,0.181,0.818,0.0642,0.0704,0.2074,0.7548,0.6882,0.3118,0.2447,0.7551,309,-308,,,,,,,,No Bet,,No Bet,,No Bet,,No Bet,,No Bet,,No Bet,,No Bet,,No Bet,,No Bet,,,,,,,,,,,,,,,,,,,,,,,,,,,,,4,0.1031538461538461,-0.0999615384615384,Detroit Lions,Carolina Panthers,1,0,0,0,0,0,0,0,1,0,0,0,0,4.5,1.5,,,10621.659072183036,0.9980032731870442,0.7211165367575283,0.0001840799167152,0.0068900891125008,0.7961713325990767,43.38358043975063,1.1590627847856894,29.80059709019308,0.0011585286025126,0.0206804199150727,7.49573420864319e-05,0.0001091225746287,0.0040844448258904,0.0028056442866103,0.0029147668612391,73.18417752994371,1.955234117384766,,,8533.0,3783.0,0.5928,0.4072,0.7525,0.2474,0.8076,0.1918,Detroit Lions,Detroit Lions,Detroit Lions,Detroit Lions,Detroit Lions,Same,Same,Same,False,False,0.0001840799167152,0.0068900891125008
2026_04_ATL_NO,2026,4,2026-10-05,20:15,Atlanta Falcons,New Orleans Saints,Home,,,,,11,8,3,-3,3,-3,Caesars Superdome,29.9507,-90.0813,America/Chicago,False,True,4,4,Monday,3,-3,NFC South,Mercedes-Benz Stadium,33.7489,-84.388,America/New_York,NFC South,Caesars Superdome,29.9507,-90.0813,America/Chicago,Green Bay Packers,Las Vegas Raiders,Lambeau Field,Caesars Superdome,Baltimore Ravens,Minnesota Vikings,Mercedes-Benz Stadium,Caesars Superdome,424,0,-424,424,1.0,0.0,America/Chicago,America/Chicago,0.0,0.0,0.0,0.0,0.0,0,-0.71,-6.145,-0.71,-6.145,Atlanta Falcons,5.435,Atlanta Falcons,5.435,-0.71,-6.145,Atlanta Falcons,5.435,0.0,0,No,No,No,No,No,1,No,-0.79,-4.37,-0.101,-4.865,0.28042,-7.42042,0.28042,-7.42042,0.2189699999999999,-5.66397,0.89613,-6.147130000000001,Atlanta Falcons,7.70084,Atlanta Falcons,7.70084,0.28042,-7.42042,Atlanta Falcons,7.70084,Atlanta Falcons,3.58,Atlanta Falcons,4.764,-0.4455,-4.6175,Atlanta Falcons,4.172,Atlanta Falcons,5.88294,Atlanta Falcons,7.043260000000001,0.55755,-5.90555,Atlanta Falcons,6.4631,Same,Same,Same,Same,Same,Same,False,Away Team,Away Team,45.5,-135.0,114.0,New Orleans Saints,Atlanta Falcons,-2.5,2.5,208,-261,249,-319,5.88294,-5.88294,7.043260000000001,-7.043260000000001,0.4673,0.5745,0.723,0.3247,0.7613,0.2865,0.4486,0.5514,0.6901,0.3099,0.7266,0.2734,0.4486,0.5514,-0.0514,0.0514,,,63,4,2026-10-05,ATL @ NO,0.0,70.0,0.0,Dome,True,M.Penix,T.Shough,8.32,9.0,13.18,173.76,Medium,-1.0,17.0,44.83,44.0,12.943098142172282,29.0,61.0,0.2628,0.7364,0.0796,0.0748,0.2394,0.7606,0.4676,0.5324,0.3494,0.6504,186,-186,,,,,,,,No Bet,,No Bet,,No Bet,,No Bet,,No Bet,,No Bet,,No Bet,,No Bet,,No Bet,,,,,,,,,,,,,,,,,,,,,,,,,,,,,4,-0.1057538461538461,-0.0500692307692307,New Orleans Saints,Atlanta Falcons,0,0,0,0,0,0,0,0,0,0,0,0,1,1.5,2.5,,,10621.659072183036,0.9606805203749732,0.9979408239507608,0.0090876537469715,0.0008603072813351,53.2244142703212,4.099257740950766,43.30154559605746,5.038632898707653,0.0157732371595483,0.0022151182344847,0.0050109322760801,0.0040767214708914,0.0003859338464069,0.0004743734349281,0.0045510949058196,9.13789063965842,96.52595986637866,,,8533.0,3783.0,0.4486,0.5514,0.6506,0.349,0.737,0.2614,New Orleans Saints,Atlanta Falcons,Atlanta Falcons,Atlanta Falcons,Atlanta Falcons,Same,Same,Same,False,False,0.0090876537469715,0.0008603072813351
2026_05_TB_DAL,2026,5,2026-10-08,20:15,Tampa Bay Buccaneers,Dallas Cowboys,Home,,,,,4,4,0,0,-3,0,AT&T Stadium,32.7369,-97.0826,America/Chicago,False,False,5,5,Thursday,-3,0,NFC South,Raymond James Stadium,27.9759,-82.5033,America/New_York,NFC East,AT&T Stadium,32.7369,-97.0826,America/Chicago,Green Bay Packers,Houston Texans,Raymond James Stadium,NRG Stadium,Pittsburgh Steelers,Green Bay Packers,Raymond James Stadium,Lambeau Field,928,0,-928,928,1.0,0.0,America/New_York,America/Chicago,1.0,0.0,1.0,0.0,1.0,0,1.025,-0.615,1.025,-0.615,Tampa Bay Buccaneers,1.64,Tampa Bay Buccaneers,1.64,1.025,-0.615,Tampa Bay Buccaneers,1.64,0.0,0,No,No,No,No,No,0,No,-1.4,-1.01,-2.096,-3.616,2.8165,-0.625,2.8165,-0.625,0.3914999999999999,-1.02,-0.3044999999999997,-3.626,Tampa Bay Buccaneers,3.4415,Tampa Bay Buccaneers,3.4415,2.8165,-0.625,Tampa Bay Buccaneers,3.4415,Dallas Cowboys,0.3899999999999999,Tampa Bay Buccaneers,1.52,-1.748,-2.313,Tampa Bay Buccaneers,0.5650000000000002,Tampa Bay Buccaneers,1.4115,Tampa Bay Buccaneers,3.3215000000000003,0.0435,-2.323,Tampa Bay Buccaneers,2.3665000000000003,Different,Same,Same,Same,Different,Same,True,Away Team,Away Team,52.5,-204.0,170.0,Dallas Cowboys,Tampa Bay Buccaneers,-3.5,3.5,105,-128,156,-191,1.4115,-1.4115,3.3215000000000003,-3.3215000000000003,0.3704,0.6711,0.5614,0.4878,0.6564,0.3906,0.3556,0.6444,0.5351,0.4649,0.6269,0.3731,0.3556,0.6444,-0.1444,0.1444,,,64,5,2026-10-08,TB @ DAL,0.0,70.0,0.0,Dome,True,B.Mayfield,D.Prescott,3.59,4.0,13.41,179.78,Medium,-6.0,13.0,61.24,61.0,14.10742842148538,44.0,79.0,0.3866,0.6128,0.0924,0.0882,0.3096,0.6904,0.731,0.269,0.4672,0.5326,114,-114,,,,,,,,No Bet,,No Bet,,No Bet,,No Bet,,No Bet,,No Bet,,No Bet,,No Bet,,No Bet,,,,,,,,,,,,,,,,,,,,,,,,,,,,,5,-0.0121999999999999,0.0289083333333333,Dallas Cowboys,Tampa Bay Buccaneers,0,1,0,0,0,0,0,0,0,1,0,0,0,3.0,3.5,,,7952.4162654525635,0.9721633198971872,0.9183417836312872,0.078398056403716,0.0003079380686565,401.7537440191275,0.8708116666310288,221.7002349056514,1.5780400393054976,0.061304206537945,0.0012000109920043,0.0505197075465546,0.0278783488571614,0.0001095027772142,0.0001984352914422,0.0280767841486037,2.4488517059365265,623.453978924779,,,7440.0,1093.0,0.3556,0.6444,0.5257,0.4742,0.5852,0.4144,Dallas Cowboys,Tampa Bay Buccaneers,Tampa Bay Buccaneers,Tampa Bay Buccaneers,Tampa Bay Buccaneers,Same,Same,Same,False,False,0.078398056403716,0.0003079380686565
2026_05_PHI_JAX,2026,5,2026-10-11,09:30,Philadelphia Eagles,Jacksonville Jaguars,Home,,,,,7,7,0,0,-1,1,Tottenham Hotspur Stadium,30.3239,-81.6554,America/New_York,True,False,5,5,Sunday,-1,1,NFC East,Lincoln Financial Field,39.9008,-75.1675,America/New_York,AFC South,TIAA Bank Field,30.3239,-81.6554,America/New_York,Los Angeles Rams,Cincinnati Bengals,Lincoln Financial Field,Paycor Stadium,Carolina Panthers,Houston Texans,Lincoln Financial Field,Wembley Stadium,755,0,-755,755,0.0,0.0,America/New_York,America/New_York,0.0,0.0,0.0,0.0,0.0,0,4.905,-1.825,4.905,-1.825,Philadelphia Eagles,6.73,Philadelphia Eagles,6.73,4.905,-1.825,Philadelphia Eagles,6.73,0.0,0,No,No,No,No,No,0,No,5.52,5.41,3.682,3.85,3.4830000000000005,-2.632,3.4830000000000005,-2.632,4.098,4.603,2.26,3.043,Philadelphia Eagles,6.115,Philadelphia Eagles,6.115,3.4830000000000005,-2.632,Philadelphia Eagles,6.115,Philadelphia Eagles,0.1099999999999994,Jacksonville Jaguars,0.1680000000000001,4.601,4.63,Jacksonville Jaguars,0.0289999999999999,Jacksonville Jaguars,0.5049999999999999,Jacksonville Jaguars,0.7830000000000004,3.179,3.823,Jacksonville Jaguars,0.6440000000000001,Different,Different,Different,Different,Different,Same,False,Home Team,Home Team,45.0,105.0,-125.0,Philadelphia Eagles,Jacksonville Jaguars,1.5,-1.5,-116,-104,-122,101,-0.5049999999999999,0.5049999999999999,-0.7830000000000004,0.7830000000000004,0.5556,0.4878,0.5098,0.537,0.4975,0.5495,0.5325,0.4675,0.487,0.513,0.4752,0.5248,0.5325,0.4675,0.0325,-0.0325,,,65,5,2026-10-11,PHI @ JAX,10.0,60.0,0.0,Historical Avg,False,J.Hurts,T.Lawrence,3.05,4.0,13.46,181.17,Med-High,-7.0,12.0,47.79,47.0,13.612255230434512,30.0,66.0,0.4082,0.5908,0.0974,0.0936,0.4336,0.5664,0.5554,0.4222,0.4784,0.5214,109,-109,,,,,,,,No Bet,,No Bet,,No Bet,,No Bet,,No Bet,,No Bet,,No Bet,,No Bet,,No Bet,,,,,,,,,,,,,,,,,,,,,,,,,,,,,5,0.1031916666666666,0.017025,Philadelphia Eagles,Jacksonville Jaguars,0,0,1,0,1,0,0,0,1,0,1,0,0,4.5,3.0,,,7952.4162654525635,0.7120299828120513,0.928931672589772,0.0010176866008161,0.0033774318297243,3.7835090457139966,14.302281083168657,4.309558431749098,12.556462734988443,0.0053217708947826,0.0049754908926226,0.0004757684858815,0.0005419181149345,0.0017984824493282,0.0015789493803961,0.0021208674953307,26.8587438181571,8.093067477463094,,,7440.0,1093.0,0.5295,0.4705,0.5211,0.4788,0.5926,0.407,Philadelphia Eagles,Philadelphia Eagles,Philadelphia Eagles,Philadelphia Eagles,Philadelphia Eagles,Same,Same,Same,False,False,0.0010176866008161,0.0033774318297243
2026_05_CIN_MIA,2026,5,2026-10-11,13:00,Cincinnati Bengals,Miami Dolphins,Home,,,,,7,7,0,0,0,-3,Hard Rock Stadium,25.9602,-80.2384,America/New_York,False,False,5,5,Sunday,0,-3,AFC North,Paycor Stadium,39.0955,-84.5165,America/New_York,AFC East,Hard Rock Stadium,25.9602,-80.2384,America/New_York,Jacksonville Jaguars,Minnesota Vikings,Paycor Stadium,U.S. Bank Stadium,Baltimore Ravens,New York Jets,M&T Bank Stadium,MetLife Stadium,940,0,-940,940,0.0,0.0,America/New_York,America/Chicago,0.0,-1.0,0.0,0.0,0.0,0,1.31,0.66,1.31,0.66,Cincinnati Bengals,0.65,Cincinnati Bengals,0.65,1.31,0.66,Cincinnati Bengals,0.65,0.0,0,No,No,No,No,No,0,No,-0.04,-5.46,-0.609,-3.956,-0.2784999999999999,1.6645,-0.2784999999999999,1.6645,-1.6285,-4.455500000000001,-2.1975,-2.9515,Miami Dolphins,1.943,Miami Dolphins,1.943,-0.2784999999999999,1.6645,Miami Dolphins,1.943,Cincinnati Bengals,5.42,Cincinnati Bengals,3.347,-0.3245,-4.708,Cincinnati Bengals,4.3835,Cincinnati Bengals,2.827000000000001,Cincinnati Bengals,0.754,-1.913,-3.7035,Cincinnati Bengals,1.7905000000000002,Different,Different,Different,Different,Same,Same,False,Away Team,Away Team,49.5,220.0,-270.0,Cincinnati Bengals,Miami Dolphins,5.75,-5.75,135,-164,101,-122,2.827000000000001,-2.827000000000001,0.754,-0.754,0.7297,0.3125,0.6212,0.4255,0.5495,0.4975,0.7002,0.2998,0.5935,0.4065,0.5248,0.4752,0.7002,0.2998,0.2002,-0.2002,,,66,5,2026-10-11,CIN @ MIA,10.0,82.0,0.0,Historical Avg,False,J.Burrow,M.Willis,7.82,9.0,14.0,195.88,High,-3.0,17.0,48.93,49.0,13.127211460784322,33.0,66.0,0.2774,0.722,0.076,0.0718,0.4016,0.5984,0.4816,0.5184,0.3647,0.6351,174,-174,,,,,,,,No Bet,,No Bet,,No Bet,,No Bet,,No Bet,,No Bet,,No Bet,,No Bet,,No Bet,,,,,,,,,,,,,,,,,,,,,,,,,,,,,5,0.1035,-0.2221999999999999,Cincinnati Bengals,Miami Dolphins,0,0,0,0,0,0,0,0,0,0,0,0,0,4.5,0.0,,,7952.4162654525635,0.9994112294785902,0.9606759851707702,9.025452298580595e-05,0.0999385087506363,0.2151789126795711,556.4857862980504,0.5025626239434144,238.26683623558336,0.0007663894942473,0.1276839580810486,2.705830599114463e-05,6.319621699466134e-05,0.0699769438271955,0.0299615649234407,0.0300247611404354,794.7526225336337,0.7177415366229857,,,7440.0,1093.0,0.7002,0.2998,0.6327,0.367,0.7122,0.2866,Cincinnati Bengals,Cincinnati Bengals,Cincinnati Bengals,Cincinnati Bengals,Cincinnati Bengals,Same,Same,Same,False,False,9.025452298580595e-05,0.0999385087506363
2026_05_LV_NE,2026,5,2026-10-11,13:00,Las Vegas Raiders,New England Patriots,Home,,,,,7,7,0,0,0,4,Gillette Stadium,42.0628,-71.2687,America/New_York,False,False,5,5,Sunday,0,4,AFC West,Allegiant Stadium,36.108,-115.1578,America/Los_Angeles,AFC East,Gillette Stadium,42.0628,-71.2687,America/New_York,Kansas City Chiefs,Buffalo Bills,Allegiant Stadium,Highmark Stadium,Buffalo Bills,New York Jets,Allegiant Stadium,Gillette Stadium,2361,0,-2361,2361,-3.0,0.0,America/Los_Angeles,America/New_York,-3.0,0.0,-3.0,0.0,-3.0,0,-2.35,-1.995,-2.35,-1.995,New England Patriots,0.355,New England Patriots,0.355,-2.35,-1.995,New England Patriots,0.355,-0.4499999999999999,0,No,No,No,No,No,0,No,-8.15,5.09,-7.588,4.222,-3.0535,-1.8045,-3.0535,-1.8045,-8.853499999999999,5.2805,-8.2915,4.4125000000000005,New England Patriots,1.249,New England Patriots,1.249,-3.0535,-1.8045,New England Patriots,1.249,New England Patriots,13.24,New England Patriots,11.81,-7.869,4.656000000000001,New England Patriots,12.525,New England Patriots,14.134,New England Patriots,12.704,-8.572499999999998,4.846500000000001,New England Patriots,13.419,Same,Same,Same,Same,Same,Same,False,Home Team,Home Team,44.5,-400.0,310.0,New England Patriots,Las Vegas Raiders,-8.5,8.5,-890,573,-675,466,-14.134,14.134,-12.704,12.704,0.2439,0.8,0.1486,0.899,0.1767,0.871,0.2336,0.7664,0.1418,0.8582,0.1686,0.8314,0.2336,0.7664,-0.2664,0.2664,,,67,5,2026-10-11,LV @ NE,12.0,58.0,0.0,Historical Avg,False,K.Cousins,D.Maye,-10.63,-11.0,13.06,170.65,Medium,-20.0,-3.0,41.7,41.0,12.570170477649356,26.0,58.0,0.7932,0.2054,0.0656,0.0714,0.5872,0.4128,0.3954,0.6046,0.8123,0.1874,-433,434,,,,,,,,No Bet,,No Bet,,No Bet,,No Bet,,No Bet,,No Bet,,No Bet,,No Bet,,No Bet,,,,,,,,,,,,,,,,,,,,,,,,,,,,,5,-0.1451166666666666,0.1031333333333333,New England Patriots,Las Vegas Raiders,0,0,0,0,0,0,0,0,0,0,0,0,0,1.0,4.5,,,7952.4162654525635,0.977223709832318,0.92156567542752,0.3544507752476788,1.8020071768565e-05,2160.282420596697,0.0334756069251135,658.4576897852147,0.1098275049118452,0.2970762313705486,0.0002620434614713,0.271651074149821,0.0827997010978577,4.209488765136785e-06,1.3810583003428216e-05,0.0828135116808612,0.1433031118369588,2818.740110381912,,,7440.0,1093.0,0.2336,0.7664,0.1897,0.8101,0.2148,0.7844,New England Patriots,New England Patriots,New England Patriots,New England Patriots,New England Patriots,Same,Same,Same,False,False,0.3544507752476788,1.8020071768565e-05
2026_05_MIN_NO,2026,5,2026-10-11,13:00,Minnesota Vikings,New Orleans Saints,Home,,,,,7,6,1,-1,1,-4,Caesars Superdome,29.9507,-90.0813,America/Chicago,False,False,5,5,Sunday,1,-4,NFC North,U.S. Bank Stadium,44.9738,-93.2575,America/Chicago,NFC South,Caesars Superdome,29.9507,-90.0813,America/Chicago,Miami Dolphins,Atlanta Falcons,U.S. Bank Stadium,Caesars Superdome,Indianapolis Colts,New York Giants,U.S. Bank Stadium,MetLife Stadium,1052,0,-1052,1052,0.0,0.0,America/Chicago,America/Chicago,0.0,0.0,0.0,0.0,0.0,0,0.27,-6.145,0.27,-6.145,Minnesota Vikings,6.414999999999999,Minnesota Vikings,6.414999999999999,0.27,-6.145,Minnesota Vikings,6.414999999999999,0.0,0,No,No,No,No,No,0,Yes,-0.75,-4.37,2.721,-4.865,1.805,-7.424,1.805,-7.424,0.7849999999999999,-5.649000000000001,4.256,-6.144000000000001,Minnesota Vikings,9.229,Minnesota Vikings,9.229,1.805,-7.424,Minnesota Vikings,9.229,Minnesota Vikings,3.62,Minnesota Vikings,7.586,0.9855,-4.6175,Minnesota Vikings,5.603,Minnesota Vikings,6.434000000000001,Minnesota Vikings,10.400000000000002,2.5205,-5.896500000000001,Minnesota Vikings,8.417000000000002,Same,Same,Same,Same,Same,Same,False,Away Team,Away Team,44.5,105.0,-125.0,Minnesota Vikings,New Orleans Saints,1.5,-1.5,224,-282,389,-538,6.434000000000001,-6.434000000000001,10.400000000000002,-10.400000000000002,0.5556,0.4878,0.7382,0.3086,0.8433,0.2045,0.5325,0.4675,0.7052,0.2948,0.8048,0.1952,0.5325,0.4675,0.0325,-0.0325,,,68,5,2026-10-11,MIN @ NO,0.0,70.0,0.0,Dome,True,K.Murray,T.Shough,11.67,12.0,12.93,167.17,Med-Low,3.0,20.0,45.13,44.0,12.670369355781322,29.0,61.0,0.184,0.8154,0.0626,0.06,0.1982,0.8018,0.499,0.501,0.2854,0.7145,250,-250,,,,,,,,No Bet,,No Bet,,No Bet,,No Bet,,No Bet,,No Bet,,No Bet,,No Bet,,No Bet,,,,,,,,,,,,,,,,,,,,,,,,,,,,,5,-0.0158749999999999,-0.0515333333333333,Minnesota Vikings,New Orleans Saints,0,0,0,0,0,0,0,0,0,0,0,0,0,3.0,2.5,,,7952.4162654525635,0.9539876596778362,0.7006577987377138,0.0020883146556591,0.0032838995221468,7.763841425884277,13.906203406172311,8.843306009162305,12.208732567860205,0.0048980001736554,0.0093323392282636,0.0009762871015206,0.0011120275541384,0.0017486764955431,0.0015352230266036,0.0026472505807421,26.11493597403252,16.60714743504658,,,7440.0,1093.0,0.5325,0.4675,0.7165,0.2832,0.8236,0.1754,Minnesota Vikings,Minnesota Vikings,Minnesota Vikings,Minnesota Vikings,Minnesota Vikings,Same,Same,Same,False,False,0.0020883146556591,0.0032838995221468
2026_05_CLE_NYJ,2026,5,2026-10-11,13:00,Cleveland Browns,New York Jets,Home,,,,,10,7,3,-3,3,-5,MetLife Stadium,40.8136,-74.0744,America/New_York,False,False,5,5,Sunday,3,-5,AFC North,FirstEnergy Stadium,41.5061,-81.6994,America/New_York,AFC East,MetLife Stadium,40.8136,-74.0744,America/New_York,Pittsburgh Steelers,Chicago Bears,FirstEnergy Stadium,Soldier Field,Baltimore Ravens,New England Patriots,FirstEnergy Stadium,Gillette Stadium,399,0,-399,399,0.0,0.0,America/New_York,America/Chicago,0.0,-1.0,0.0,0.0,0.0,0,-4.705,-3.725,-4.705,-3.725,New York Jets,0.98,New York Jets,0.98,-4.705,-3.725,New York Jets,0.98,0.0,0,No,No,No,No,No,0,No,-6.94,-9.26,-7.475,-6.95,-4.4735000000000005,-3.3080000000000003,-4.4735000000000005,-3.3080000000000003,-6.708500000000001,-8.843,-7.2435,-6.533,New York Jets,1.1655000000000002,New York Jets,1.1655000000000002,-4.4735000000000005,-3.3080000000000003,New York Jets,1.1655000000000002,Cleveland Browns,2.3199999999999994,New York Jets,0.5249999999999995,-7.2075,-8.105,Cleveland Browns,0.8975000000000009,Cleveland Browns,2.134499999999999,New York Jets,0.7105000000000006,-6.976000000000001,-7.688,Cleveland Browns,0.7119999999999989,Different,Same,Different,Same,Same,Same,False,Away Team,Home Team,39.5,-130.0,110.0,New York Jets,Cleveland Browns,-1.5,1.5,108,-131,-116,-104,2.134499999999999,-2.134499999999999,-0.7105000000000006,0.7105000000000006,0.4762,0.5652,0.5671,0.4808,0.5098,0.537,0.4573,0.5427,0.5412,0.4588,0.487,0.513,0.4573,0.5427,-0.0427,0.0427,,,69,5,2026-10-11,CLE @ NYJ,12.0,62.0,0.0,Historical Avg,False,S.Sanders,G.Smith,-0.61,-1.0,12.66,160.31,Med-Low,-10.0,9.0,37.06,36.0,11.903639919313155,23.0,53.0,0.5148,0.484,0.1004,0.0932,0.4946,0.5054,0.3936,0.6064,0.5073,0.4924,-103,103,,,,,,,,No Bet,,No Bet,,No Bet,,No Bet,,No Bet,,No Bet,,No Bet,,No Bet,,No Bet,,,,,,,,,,,,,,,,,,,,,,,,,,,,,5,-0.129025,-0.150975,New York Jets,Cleveland Browns,0,0,0,0,0,0,0,0,0,0,0,0,0,1.5,1.0,,,7952.4162654525635,0.9984230003803596,0.9980051442684738,0.0125513510975075,0.0016314234660454,54.16882369073866,5.932899765352262,45.64474493048608,7.040858741868955,0.0105514777562872,0.0044306172889137,0.0068116182406173,0.0057397328568901,0.0007460499510226,0.0008853735150228,0.006625106371913,12.973758507221216,99.81356862122476,,,7440.0,1093.0,0.4573,0.5427,0.498,0.5017,0.5066,0.4922,New York Jets,Cleveland Browns,New York Jets,New York Jets,New York Jets,Same,Different,Same,False,False,0.0125513510975075,0.0016314234660454
2026_05_IND_PIT,2026,5,2026-10-11,13:00,Indianapolis Colts,Pittsburgh Steelers,Home,,,,,7,10,-3,3,-2,-1,Acrisure Stadium,40.4468,-80.0158,America/New_York,False,True,5,5,Sunday,-2,-1,AFC South,Lucas Oil Stadium,39.7601,-86.1638,America/Indiana/Indianapolis,AFC North,Acrisure Stadium,40.4468,-80.0158,America/New_York,Washington Commanders,Cleveland Browns,Tottenham Hotspur Stadium,FirstEnergy Stadium,Tennessee Titans,Tampa Bay Buccaneers,Lucas Oil Stadium,Raymond James Stadium,328,0,-328,328,0.0,0.0,America/New_York,America/New_York,0.0,0.0,0.0,0.0,0.0,0,-2.265,-0.565,-2.265,-0.565,Pittsburgh Steelers,1.7000000000000002,Pittsburgh Steelers,1.7000000000000002,-2.265,-0.565,Pittsburgh Steelers,1.7000000000000002,0.0,0,No,No,No,No,No,0,No,0.93,0.59,0.288,0.538,-1.9285000000000003,0.8190000000000002,-1.9285000000000003,0.8190000000000002,1.2665000000000002,1.974,0.6244999999999999,1.922,Pittsburgh Steelers,2.7475000000000005,Pittsburgh Steelers,2.7475000000000005,-1.9285000000000003,0.8190000000000002,Pittsburgh Steelers,2.7475000000000005,Indianapolis Colts,0.3400000000000001,Pittsburgh Steelers,0.25,0.609,0.5640000000000001,Indianapolis Colts,0.0449999999999999,Pittsburgh Steelers,0.7074999999999998,Pittsburgh Steelers,1.2975000000000003,0.9455,1.948,Pittsburgh Steelers,1.0025,Different,Same,Same,Same,Different,Same,False,Home Team,Home Team,47.5,-143.0,120.0,Pittsburgh Steelers,Indianapolis Colts,-2.5,2.5,-116,-104,-128,105,-0.7074999999999998,0.7074999999999998,-1.2975000000000003,1.2975000000000003,0.4545,0.5885,0.5098,0.537,0.4878,0.5614,0.4358,0.5642,0.487,0.513,0.4649,0.5351,0.4358,0.5642,-0.0642,0.0642,,,70,5,2026-10-11,IND @ PIT,12.0,58.0,0.0,Historical Avg,False,D.Jones,A.Rodgers,1.31,3.0,13.8,190.49,Med-High,-9.0,11.0,50.66,50.0,13.720879733753724,33.0,69.0,0.4604,0.5386,0.0876,0.087,0.4256,0.5744,0.5756,0.4244,0.5182,0.4816,-108,108,,,,,,,,No Bet,,No Bet,,No Bet,,No Bet,,No Bet,,No Bet,,No Bet,,No Bet,,No Bet,,,,,,,,,,,,,,,,,,,,,,,,,,,,,5,-0.0107916666666666,-0.026125,Pittsburgh Steelers,Indianapolis Colts,0,0,0,1,0,0,0,0,0,1,0,0,0,3.0,2.5,,,7952.4162654525635,0.9759384823964256,0.9986052192798828,0.0145941675464503,0.0007251413549066,65.48042877177778,2.5130955696221804,50.578466605354045,3.253530335889936,0.0129495597051545,0.0017361835278008,0.0082340293297072,0.006360138216743,0.0003160166024683,0.0004091247524383,0.0067692629691814,5.766625905512116,116.05889537713183,,,7440.0,1093.0,0.4358,0.5642,0.4853,0.5145,0.5534,0.4456,Pittsburgh Steelers,Indianapolis Colts,Pittsburgh Steelers,Indianapolis Colts,Pittsburgh Steelers,Same,Same,Same,False,False,0.0145941675464503,0.0007251413549066
2026_05_HOU_TEN,2026,5,2026-10-11,13:00,Houston Texans,Tennessee Titans,Home,,,,,7,7,0,0,0,1,Nissan Stadium,36.1664,-86.7716,America/Chicago,False,False,5,5,Sunday,0,1,AFC South,NRG Stadium,29.6847,-95.4093,America/Chicago,AFC South,Nissan Stadium,36.1664,-86.7716,America/Chicago,Dallas Cowboys,Baltimore Ravens,NRG Stadium,M&T Bank Stadium,Jacksonville Jaguars,Indianapolis Colts,Wembley Stadium,Lucas Oil Stadium,671,0,-671,671,0.0,0.0,America/Chicago,America/New_York,0.0,1.0,0.0,0.0,0.0,0,0.035,-4.36,0.035,-4.36,Houston Texans,4.3950000000000005,Houston Texans,4.3950000000000005,0.035,-4.36,Houston Texans,4.3950000000000005,0.0,0,No,No,No,No,No,1,No,2.96,-8.19,5.008,-8.36,0.2159549999999999,-5.913455000000001,0.2159549999999999,-5.913455000000001,3.073405,-9.675904999999998,5.099225,-9.823725,Houston Texans,6.129410000000001,Houston Texans,6.129410000000001,0.2159549999999999,-5.913455000000001,Houston Texans,6.129410000000001,Houston Texans,11.15,Houston Texans,13.368,3.984,-8.274999999999999,Houston Texans,12.259,Houston Texans,12.749309999999998,Houston Texans,14.92295,4.086315,-9.749814999999998,Houston Texans,13.836129999999995,Same,Same,Same,Same,Same,Same,False,Away Team,Away Team,43.5,154.0,-185.0,Houston Texans,Tennessee Titans,3.5,-3.5,466,-675,677,-1134,12.749309999999998,-12.749309999999998,14.92295,-14.92295,0.6491,0.3937,0.871,0.1767,0.919,0.1287,0.6225,0.3775,0.8314,0.1686,0.8772,0.1228,0.6225,0.3775,0.1225,-0.1225,,,71,5,2026-10-11,HOU @ TEN,8.0,68.0,0.0,Historical Avg,False,C.Stroud,C.Ward,14.29,15.0,12.75,162.46,Med-Low,6.0,23.0,45.77,45.0,12.359708169581005,30.0,62.0,0.1234,0.8762,0.0564,0.0496,0.1898,0.8102,0.5434,0.4566,0.1981,0.8018,405,-405,,,,,,,,No Bet,,No Bet,,No Bet,,No Bet,,No Bet,,No Bet,,No Bet,,No Bet,,No Bet,,,,,,,,,,,,,,,,,,,,,,,,,,,,,5,0.0602666666666666,-0.111075,Houston Texans,Tennessee Titans,0,0,0,0,0,0,1,0,0,0,1,0,1,3.5,1.5,,,7952.4162654525635,0.9954951885412012,0.99210875388142,0.0003337791740764,0.0355511686426577,1.002017477205586,175.9917631266499,1.6523334557893443,106.72592864306878,0.0014873189831996,0.0344407579281442,0.0001260016382138,0.0002077775358625,0.0221306024800544,0.0134205661626033,0.0136283436984658,282.71769176971867,2.65435093299493,,,7440.0,1093.0,0.6309,0.3691,0.8029,0.1968,0.8722,0.1266,Houston Texans,Houston Texans,Houston Texans,Houston Texans,Houston Texans,Same,Same,Same,False,False,0.0003337791740764,0.0355511686426577
2026_05_NYG_WAS,2026,5,2026-10-11,13:00,New York Giants,Washington Commanders,Home,,,,,7,7,0,0,-4,0,FedExField,38.9077,-76.8645,America/New_York,False,False,5,5,Sunday,-4,0,NFC East,MetLife Stadium,40.8136,-74.0744,America/New_York,NFC East,FedExField,38.9077,-76.8645,America/New_York,Arizona Cardinals,Indianapolis Colts,MetLife Stadium,Tottenham Hotspur Stadium,New Orleans Saints,San Francisco 49ers,MetLife Stadium,Levi's Stadium,198,0,-198,198,0.0,0.0,America/New_York,America/New_York,0.0,0.0,0.0,0.0,0.0,0,-2.84,1.45,-2.84,1.45,Washington Commanders,4.29,Washington Commanders,4.29,-2.84,1.45,Washington Commanders,4.29,0.0,0,No,No,No,No,No,1,No,-3.53,-5.43,-5.014,-1.427,-1.96905,0.8680499999999999,-1.96905,0.8680499999999999,-2.72095,-5.95005,-4.150080000000001,-2.00192,Washington Commanders,2.8371,Washington Commanders,2.8371,-1.96905,0.8680499999999999,Washington Commanders,2.8371,New York Giants,1.9,Washington Commanders,3.587,-4.272,-3.4285,Washington Commanders,0.8435000000000006,New York Giants,3.2291000000000003,Washington Commanders,2.1481600000000007,-3.4355150000000005,-3.975985,New York Giants,0.5404699999999996,Different,Same,Different,Same,Same,Same,False,Away Team,Home Team,48.5,-130.0,110.0,Washington Commanders,New York Giants,-2.0,2.0,135,-164,-131,108,3.2291000000000003,-3.2291000000000003,-2.1481600000000007,2.1481600000000007,0.4762,0.5652,0.6212,0.4255,0.4808,0.5671,0.4573,0.5427,0.5935,0.4065,0.4588,0.5412,0.4573,0.5427,-0.0427,0.0427,,,72,5,2026-10-11,NYG @ WAS,10.0,65.0,0.0,Historical Avg,False,J.Dart,J.Daniels,-3.67,-5.0,13.56,183.88,Med-High,-13.0,7.0,50.44,50.0,13.756213884789986,33.0,69.0,0.6094,0.3894,0.0836,0.086,0.5732,0.4096,0.5412,0.4588,0.525,0.4747,-111,111,,,,,,,,No Bet,,No Bet,,No Bet,,No Bet,,No Bet,,No Bet,,No Bet,,No Bet,,No Bet,,,,,,,,,,,,,,,,,,,,,,,,,,,,,5,-0.0771833333333333,-0.0307416666666666,Washington Commanders,New York Giants,0,0,0,0,0,0,0,0,0,0,0,0,1,2.0,2.5,,,7952.4162654525635,0.9974332379714858,0.8034460490933494,0.0092507802755912,0.000560421210342,39.92429833707521,2.038050166948057,33.64175719466463,2.4186525816809765,0.0080344874870305,0.0040994067511137,0.0050203984555633,0.0042303818200278,0.0002562806194894,0.0003041405908526,0.0045345224108805,4.456702748629034,73.56605553173983,,,7440.0,1093.0,0.4573,0.5427,0.4796,0.5199,0.409,0.5892,Washington Commanders,Washington Commanders,Washington Commanders,Washington Commanders,Washington Commanders,Same,Same,Same,False,False,0.0092507802755912,0.000560421210342
2026_05_DEN_LAC,2026,5,2026-10-11,16:05,Denver Broncos,Los Angeles Chargers,Home,,,,,7,7,0,0,0,-3,SoFi Stadium,33.9535,-118.3395,America/Los_Angeles,False,True,5,5,Sunday,0,-3,AFC West,Empower Field at Mile High,39.7648,-105.0076,America/Denver,AFC West,SoFi Stadium,33.9535,-118.3395,America/Los_Angeles,San Francisco 49ers,Seattle Seahawks,Levi's Stadium,Lumen Field,Seattle Seahawks,Kansas City Chiefs,Empower Field at Mile High,GEHA Field at Arrowhead Stadium,837,0,-837,837,1.0,0.0,America/Los_Angeles,America/Los_Angeles,0.0,0.0,0.0,0.0,0.0,0,2.05,0.935,2.05,0.935,Denver Broncos,1.1149999999999998,Denver Broncos,1.1149999999999998,2.05,0.935,Denver Broncos,1.1149999999999998,0.0,0,No,No,No,No,No,1,No,-0.48,1.12,3.499,0.527,2.61195,0.79405,2.61195,0.79405,0.1091,0.9519,4.0423800000000005,0.40462,Denver Broncos,1.8179,Denver Broncos,1.8179,2.61195,0.79405,Denver Broncos,1.8179,Los Angeles Chargers,1.6,Denver Broncos,2.972,1.5095,0.8235000000000001,Denver Broncos,0.6859999999999999,Los Angeles Chargers,0.8428,Denver Broncos,3.637760000000001,2.07574,0.6782600000000001,Denver Broncos,1.39748,Different,Same,Different,Same,Same,Same,False,Home Team,Away Team,44.5,-135.0,114.0,Los Angeles Chargers,Denver Broncos,-2.5,2.5,-122,101,156,-191,-0.8428,0.8428,3.637760000000001,-3.637760000000001,0.4673,0.5745,0.4975,0.5495,0.6564,0.3906,0.4486,0.5514,0.4752,0.5248,0.6269,0.3731,0.4486,0.5514,-0.0514,0.0514,,,73,5,2026-10-11,DEN @ LAC,0.0,70.0,0.0,Dome,True,B.Nix,J.Herbert,0.65,1.0,13.32,177.37,Medium,-9.0,10.0,40.4,40.0,12.21014526078449,25.0,56.0,0.478,0.5208,0.0846,0.0874,0.4476,0.5524,0.346,0.654,0.4818,0.5179,108,-107,,,,,,,,No Bet,,No Bet,,No Bet,,No Bet,,No Bet,,No Bet,,No Bet,,No Bet,,No Bet,,,,,,,,,,,,,,,,,,,,,,,,,,,,,5,0.0949916666666666,0.0509833333333333,Los Angeles Chargers,Denver Broncos,1,0,0,0,0,0,1,0,1,0,1,0,1,4.0,3.5,,,7952.4162654525635,0.5108715651783291,0.9978710714034434,0.0020762222563205,0.0004237284613726,9.104156380120584,1.5116317676079056,7.406827261737567,1.858033340746766,0.0061495207937676,0.0025926032042389,0.0011448289521351,0.0009313933041853,0.0001900845877717,0.0002336438736008,0.0011650371777862,3.369665108354672,16.51098364185815,,,7440.0,1093.0,0.4486,0.5514,0.5181,0.4817,0.5216,0.4776,Los Angeles Chargers,Denver Broncos,Denver Broncos,Denver Broncos,Denver Broncos,Same,Same,Same,False,False,0.0020762222563205,0.0004237284613726
2026_05_DET_ARI,2026,5,2026-10-11,16:25,Detroit Lions,Arizona Cardinals,Home,,,,,7,7,0,0,3,-4,State Farm Stadium,33.5277,-112.262608,America/Denver,False,True,5,5,Sunday,3,-4,NFC North,Ford Field,42.3395,-83.045,America/Detroit,NFC West,State Farm Stadium,33.5277,-112.262608,America/Denver,Carolina Panthers,New York Giants,Bank of America Stadium,MetLife Stadium,Green Bay Packers,Los Angeles Rams,Ford Field,SoFi Stadium,1693,0,-1693,1693,2.0,0.0,America/New_York,America/New_York,2.0,2.0,2.0,0.0,2.0,0,4.305,0.075,4.305,0.075,Detroit Lions,4.23,Detroit Lions,4.23,4.305,0.075,Detroit Lions,4.23,-0.15,0,No,No,No,No,No,0,No,3.98,-4.4,3.658,-3.837,5.289,-1.0425,5.289,-1.0425,4.964,-5.5175,4.642,-4.9545,Detroit Lions,6.3315,Detroit Lions,6.3315,5.289,-1.0425,Detroit Lions,6.3315,Detroit Lions,8.38,Detroit Lions,7.495,3.819,-4.1185,Detroit Lions,7.9375,Detroit Lions,10.4815,Detroit Lions,9.5965,4.802999999999999,-5.236,Detroit Lions,10.038999999999998,Same,Same,Same,Same,Same,Same,False,Away Team,Away Team,48.5,310.0,-400.0,Detroit Lions,Arizona Cardinals,8.5,-8.5,389,-538,327,-436,10.4815,-10.4815,9.5965,-9.5965,0.8,0.2439,0.8433,0.2045,0.8134,0.2342,0.7664,0.2336,0.8048,0.1952,0.7765,0.2235,0.7664,0.2336,0.2664,-0.2664,,,74,5,2026-10-11,DET @ ARI,0.0,70.0,0.0,Dome,True,J.Goff,J.Brissett,10.37,10.0,13.1,171.73,Medium,3.0,19.0,54.68,54.0,13.723875545632088,37.0,73.0,0.2076,0.7912,0.0728,0.0722,0.4384,0.5616,0.6634,0.3366,0.215,0.7847,365,-364,,,,,,,,No Bet,,No Bet,,No Bet,,No Bet,,No Bet,,No Bet,,No Bet,,No Bet,,No Bet,,,,,,,,,,,,,,,,,,,,,,,,,,,,,5,0.08955,-0.234225,Detroit Lions,Arizona Cardinals,1,0,0,0,0,0,0,0,1,0,0,0,0,4.0,0.0,,,7952.4162654525635,0.9997847580305188,0.715661140687755,9.620070670175482e-05,0.2831813362839234,0.1787105559193083,1725.9143027343332,0.5863175088037581,526.0615620025317,0.0001704122531009,0.2580213833498901,2.2472485085529925e-05,7.372822161622489e-05,0.2170301761279989,0.0661511601559245,0.0662248883775407,2251.975864736865,0.7650280647230665,,,7440.0,1093.0,0.7664,0.2336,0.7805,0.2192,0.7742,0.2246,Detroit Lions,Detroit Lions,Detroit Lions,Detroit Lions,Detroit Lions,Same,Same,Same,False,False,9.620070670175482e-05,0.2831813362839234
2026_05_CHI_GB,2026,5,2026-10-11,16:25,Chicago Bears,Green Bay Packers,Home,,,,,7,7,0,0,-1,3,Lambeau Field,44.5013,-88.0622,America/Chicago,False,False,5,5,Sunday,-1,3,NFC North,Soldier Field,41.8623,-87.6167,America/Chicago,NFC North,Lambeau Field,44.5013,-88.0622,America/Chicago,New York Jets,Tampa Bay Buccaneers,Soldier Field,Raymond James Stadium,Atlanta Falcons,Dallas Cowboys,Mercedes-Benz Stadium,Lambeau Field,184,0,-184,184,0.0,0.0,America/Chicago,America/New_York,0.0,1.0,0.0,0.0,0.0,0,-1.575,3.535,-1.575,3.535,Green Bay Packers,5.11,Green Bay Packers,5.11,-1.575,3.535,Green Bay Packers,5.11,0.0,0,No,No,No,No,No,1,No,0.9,5.09,1.647,2.933,-1.75562,3.91662,-1.75562,3.91662,0.71018,5.4808200000000005,1.4281400000000002,3.35286,Green Bay Packers,5.67224,Green Bay Packers,5.67224,-1.75562,3.91662,Green Bay Packers,5.67224,Green Bay Packers,4.19,Green Bay Packers,1.2859999999999998,1.2735,4.0115,Green Bay Packers,2.7379999999999995,Green Bay Packers,4.77064,Green Bay Packers,1.9247199999999995,1.06916,4.4168400000000005,Green Bay Packers,3.3476800000000004,Same,Same,Same,Same,Same,Same,False,Home Team,Home Team,49.5,-167.0,140.0,Green Bay Packers,Chicago Bears,-3.0,3.0,-234,188,-131,108,-4.77064,4.77064,-1.9247199999999995,1.9247199999999995,0.4167,0.6255,0.3472,0.7006,0.4808,0.5671,0.3998,0.6002,0.3314,0.6686,0.4588,0.5412,0.3998,0.6002,-0.1002,0.1002,,,75,5,2026-10-11,CHI @ GB,12.0,52.0,0.0,Historical Avg,False,C.Williams,J.Love,-9.34,-10.0,12.71,161.57,Med-Low,-18.0,-2.0,52.51,52.0,13.777844605031373,36.0,71.0,0.7734,0.2258,0.0728,0.0824,0.7026,0.2582,0.5746,0.4254,0.6458,0.354,-182,182,,,,,,,,No Bet,,No Bet,,No Bet,,No Bet,,No Bet,,No Bet,,No Bet,,No Bet,,No Bet,,,,,,,,,,,,,,,,,,,,,,,,,,,,,5,0.0321166666666666,0.0731583333333333,Green Bay Packers,Chicago Bears,0,0,1,1,1,0,0,1,1,1,1,1,1,3.5,4.0,,,7952.4162654525635,0.8143200102340422,0.6746619826892161,0.0151702502086505,0.0003486697218299,72.40821473505662,1.1085521535069476,48.231929775201,1.664214613643997,0.0268911718262654,0.0009912864915259,0.009105184175232,0.0060650660334184,0.0001393981547875,0.0002092715670423,0.0062743376004607,2.7727667671509444,120.64014451025764,,,7440.0,1093.0,0.3998,0.6002,0.354,0.6457,0.226,0.7728,Green Bay Packers,Green Bay Packers,Green Bay Packers,Green Bay Packers,Green Bay Packers,Same,Same,Same,False,False,0.0151702502086505,0.0003486697218299
2026_05_SF_SEA,2026,5,2026-10-11,16:25,San Francisco 49ers,Seattle Seahawks,Home,,,,,7,7,0,0,3,4,Lumen Field,47.5952,-122.3316,America/Los_Angeles,False,False,5,5,Sunday,3,4,NFC West,Levi's Stadium,37.4031,-121.9702,America/Los_Angeles,NFC West,Lumen Field,47.5952,-122.3316,America/Los_Angeles,Denver Broncos,Los Angeles Chargers,Levi's Stadium,Lumen Field,Washington Commanders,Denver Broncos,Levi's Stadium,Empower Field at Mile High,704,0,-704,704,0.0,0.0,America/Los_Angeles,America/Los_Angeles,0.0,0.0,0.0,0.0,0.0,0,3.325,-0.13,3.325,-0.13,San Francisco 49ers,3.455,San Francisco 49ers,3.455,3.325,-0.13,San Francisco 49ers,3.455,0.0,0,No,No,No,No,No,1,No,3.57,10.42,2.606,10.022,5.084135,0.148365,5.084135,0.148365,5.4321850000000005,10.595315,4.473845,10.191655,San Francisco 49ers,4.93577,San Francisco 49ers,4.93577,5.084135,0.148365,San Francisco 49ers,4.93577,Seattle Seahawks,6.85,Seattle Seahawks,7.416,3.088,10.221,Seattle Seahawks,7.133,Seattle Seahawks,5.163129999999999,Seattle Seahawks,5.717810000000001,4.953015000000001,10.393485,Seattle Seahawks,5.44047,Different,Different,Different,Different,Same,Same,False,Home Team,Home Team,48.5,-204.0,170.0,Seattle Seahawks,San Francisco 49ers,-3.5,3.5,-234,188,-244,195,-5.163129999999999,5.163129999999999,-5.717810000000001,5.717810000000001,0.3704,0.6711,0.3472,0.7006,0.339,0.7093,0.3556,0.6444,0.3314,0.6686,0.3234,0.6766,0.3556,0.6444,-0.1444,0.1444,,,76,5,2026-10-11,SF @ SEA,10.0,55.0,0.0,Historical Avg,False,B.Purdy,S.Darnold,-4.93,-5.0,12.97,168.26,Med-Low,-14.0,5.0,56.22,56.0,13.80632842941744,39.0,74.0,0.6376,0.3618,0.0962,0.084,0.5492,0.4508,0.7088,0.2912,0.6568,0.3431,-191,191,,,,,,,,No Bet,,No Bet,,No Bet,,No Bet,,No Bet,,No Bet,,No Bet,,No Bet,,No Bet,,,,,,,,,,,,,,,,,,,,,,,,,,,,,5,0.0787916666666666,0.117625,Seattle Seahawks,San Francisco 49ers,0,0,0,0,0,1,0,0,0,0,0,1,1,4.0,4.5,,,7952.4162654525635,0.8296893958529573,0.3955752719947881,0.0345766990643523,0.0004737377600101,177.189575126607,1.3396731691544832,97.77872891840698,2.427686699108968,0.0499454182019015,0.0010709402920886,0.0222812248770686,0.0122954741872836,0.0001684611474595,0.0003052766125505,0.0126007507998342,3.7673598682634513,274.96830404501395,,,7440.0,1093.0,0.3556,0.6444,0.3436,0.6563,0.3638,0.6356,Seattle Seahawks,Seattle Seahawks,Seattle Seahawks,Seattle Seahawks,Seattle Seahawks,Same,Same,Same,False,False,0.0345766990643523,0.0004737377600101
2026_05_BAL_ATL,2026,5,2026-10-11,20:20,Baltimore Ravens,Atlanta Falcons,Home,,,,,7,6,1,-1,1,2,Mercedes-Benz Stadium,33.7489,-84.388,America/New_York,False,False,5,5,Sunday,1,2,AFC North,M&T Bank Stadium,39.2789,-76.6228,America/New_York,NFC South,Mercedes-Benz Stadium,33.7489,-84.388,America/New_York,Tennessee Titans,New Orleans Saints,M&T Bank Stadium,Caesars Superdome,Cleveland Browns,Chicago Bears,FirstEnergy Stadium,Mercedes-Benz Stadium,575,0,-575,575,0.0,0.0,America/New_York,America/Chicago,0.0,-1.0,0.0,0.0,0.0,0,6.69,-0.71,6.69,-0.71,Baltimore Ravens,7.4,Baltimore Ravens,7.4,6.69,-0.71,Baltimore Ravens,7.4,0.0,0,No,No,No,No,No,0,Yes,5.1,-0.79,2.881,-0.101,6.6435,-1.404,6.6435,-1.404,5.0535,-1.484,2.8345,-0.7949999999999999,Baltimore Ravens,8.0475,Baltimore Ravens,8.0475,6.6435,-1.404,Baltimore Ravens,8.0475,Baltimore Ravens,5.89,Baltimore Ravens,2.982,3.9905,-0.4455,Baltimore Ravens,4.436,Baltimore Ravens,6.5375,Baltimore Ravens,3.6295,3.944,-1.1395,Baltimore Ravens,5.0835,Same,Same,Same,Same,Same,Same,False,Away Team,Away Team,48.5,170.0,-204.0,Baltimore Ravens,Atlanta Falcons,4.5,-4.5,224,-282,156,-191,6.5375,-6.5375,3.6295,-3.6295,0.6711,0.3704,0.7382,0.3086,0.6564,0.3906,0.6444,0.3556,0.7052,0.2948,0.6269,0.3731,0.6444,0.3556,0.1444,-0.1444,,,77,5,2026-10-11,BAL @ ATL,0.0,70.0,0.0,Dome,True,L.Jackson,M.Penix,1.68,3.0,13.73,188.61,Med-High,-8.0,12.0,50.64,50.0,13.638193964998642,33.0,68.10000000000036,0.4544,0.5444,0.0888,0.09,0.559,0.441,0.547,0.453,0.3695,0.6302,171,-170,,,,,,,,No Bet,,No Bet,,No Bet,,No Bet,,No Bet,,No Bet,,No Bet,,No Bet,,No Bet,,,,,,,,,,,,,,,,,,,,,,,,,,,,,5,0.1086916666666666,-0.1025333333333333,Baltimore Ravens,Atlanta Falcons,0,0,0,0,0,0,0,0,0,0,0,0,0,4.5,1.5,,,7952.4162654525635,0.9974253507154424,0.7458060397152392,0.0003251139131831,0.0379152146533164,0.9193828805223276,194.2979219257373,1.666058290800303,107.2196477914218,0.0009885930200432,0.0466229652886632,0.0001156105075279,0.0002095034056552,0.0244325643225971,0.0134826503307193,0.0136921537363745,301.5175697171591,2.58544117132263,,,7440.0,1093.0,0.6444,0.3556,0.6322,0.3676,0.5524,0.447,Baltimore Ravens,Baltimore Ravens,Baltimore Ravens,Baltimore Ravens,Baltimore Ravens,Same,Same,Same,False,False,0.0003251139131831,0.0379152146533164
2026_05_BUF_LA,2026,5,2026-10-12,20:15,Buffalo Bills,Los Angeles Rams,Home,,,,,8,8,0,0,3,3,SoFi Stadium,33.9535,-118.3395,America/Los_Angeles,False,False,5,5,Monday,3,3,AFC East,Highmark Stadium,42.7725,-78.7877,America/New_York,NFC West,SoFi Stadium,33.9535,-118.3395,America/Los_Angeles,New England Patriots,Philadelphia Eagles,Highmark Stadium,Lincoln Financial Field,Las Vegas Raiders,Arizona Cardinals,Allegiant Stadium,SoFi Stadium,2204,0,-2204,2204,3.0,0.0,America/New_York,America/New_York,3.0,3.0,3.0,0.0,3.0,0,4.795,1.29,4.795,1.29,Buffalo Bills,3.505,Buffalo Bills,3.505,4.795,1.29,Buffalo Bills,3.505,-0.2249999999999999,0,No,No,No,No,No,0,No,6.16,8.12,3.416,7.087,5.3475,0.728,5.3475,0.728,6.7125,7.558,3.9685,6.525,Buffalo Bills,4.6195,Buffalo Bills,4.6195,5.3475,0.728,Buffalo Bills,4.6195,Los Angeles Rams,1.959999999999999,Los Angeles Rams,3.671,4.788,7.603499999999999,Los Angeles Rams,2.8154999999999992,Los Angeles Rams,0.8454999999999995,Los Angeles Rams,2.5565000000000007,5.3405000000000005,7.0415,Los Angeles Rams,1.7009999999999996,Different,Different,Different,Different,Same,Same,False,Home Team,Home Team,53.5,-167.0,140.0,Los Angeles Rams,Buffalo Bills,-3.0,3.0,-122,101,-142,117,-0.8454999999999995,0.8454999999999995,-2.5565000000000007,2.5565000000000007,0.4167,0.6255,0.4975,0.5495,0.4608,0.5868,0.3998,0.6002,0.4752,0.5248,0.4399,0.5601,0.3998,0.6002,-0.1002,0.1002,,,78,5,2026-10-12,BUF @ LA,0.0,70.0,0.0,Dome,True,J.Allen,M.Stafford,0.17,1.0,14.02,196.53,High,-10.0,10.0,59.82,59.0,14.154105029207448,42.0,78.0,0.4948,0.5046,0.0898,0.0844,0.4112,0.5424,0.6624,0.3376,0.545,0.4549,-120,120,,,,,,,,No Bet,,No Bet,,No Bet,,No Bet,,No Bet,,No Bet,,No Bet,,No Bet,,No Bet,,,,,,,,,,,,,,,,,,,,,,,,,,,,,5,0.138325,0.1591083333333333,Los Angeles Rams,Buffalo Bills,1,1,0,0,1,0,0,1,1,1,1,1,0,4.5,5.0,,,7952.4162654525635,0.8470307383701795,0.984610133329929,0.0069908276926641,0.0002528808363087,33.36750190564147,0.8040032676179203,22.22646994647694,1.207010408264822,0.014465715892041,0.0015397388322386,0.004195894781137,0.0027949329115271,0.0001011017583562,0.0001517790779524,0.0029467119894796,2.0110136758827424,55.59397185211841,,,7440.0,1093.0,0.3998,0.6002,0.457,0.5428,0.5132,0.4862,Los Angeles Rams,Buffalo Bills,Los Angeles Rams,Buffalo Bills,Los Angeles Rams,Same,Same,Same,False,False,0.0069908276926641,0.0002528808363087
2026_06_SEA_DEN,2026,6,2026-10-15,20:15,Seattle Seahawks,Denver Broncos,Home,,,,,4,4,0,0,4,0,Empower Field at Mile High,39.7648,-105.0076,America/Denver,False,False,6,6,Thursday,4,0,NFC West,Lumen Field,47.5952,-122.3316,America/Los_Angeles,AFC West,Empower Field at Mile High,39.7648,-105.0076,America/Denver,San Francisco 49ers,Los Angeles Chargers,Lumen Field,SoFi Stadium,Kansas City Chiefs,Arizona Cardinals,Lumen Field,State Farm Stadium,1017,0,-1017,1017,-1.0,0.0,America/Los_Angeles,America/Los_Angeles,-1.0,-1.0,-1.0,0.0,-1.0,0,-0.13,2.05,-0.13,2.05,Denver Broncos,2.18,Denver Broncos,2.18,-0.13,2.05,Denver Broncos,2.18,0.0,0,No,No,No,No,No,0,No,10.42,-0.48,10.022,3.499,-0.033,1.4694999999999998,-0.033,1.4694999999999998,10.517,-1.0605,10.119,2.9185,Denver Broncos,1.5024999999999995,Denver Broncos,1.5024999999999995,-0.033,1.4694999999999998,Denver Broncos,1.5024999999999995,Seattle Seahawks,10.9,Seattle Seahawks,6.523,10.221,1.5095,Seattle Seahawks,8.711500000000001,Seattle Seahawks,11.5775,Seattle Seahawks,7.2005,10.318,0.929,Seattle Seahawks,9.389,Different,Different,Different,Different,Same,Same,True,Away Team,Away Team,43.5,110.0,-130.0,Seattle Seahawks,Denver Broncos,2.5,-2.5,450,-646,249,-319,11.5775,-11.5775,7.2005,-7.2005,0.5652,0.4762,0.866,0.1818,0.7613,0.2865,0.5427,0.4573,0.8265,0.1735,0.7266,0.2734,0.5427,0.4573,0.0427,-0.0427,,,79,6,2026-10-15,SEA @ DEN,10.0,60.0,0.0,Historical Avg,False,S.Darnold,B.Nix,5.18,6.0,12.89,166.12,Med-Low,-4.0,14.0,42.51,42.0,12.766379943091552,27.0,59.0,0.3474,0.6526,0.0914,0.0864,0.384,0.616,0.4438,0.5562,0.3129,0.6871,220,-220,,,,,,,,No Bet,,No Bet,,No Bet,,No Bet,,No Bet,,No Bet,,No Bet,,No Bet,,No Bet,,,,,,,,,,,,,,,,,,,,,,,,,,,,,6,0.1244363636363636,0.1075090909090909,Seattle Seahawks,Denver Broncos,0,1,0,0,1,0,0,1,0,1,1,1,0,5.0,4.5,,,5724.592255568245,0.9976070121132578,0.7987370472460751,0.0007713473704143,0.0020591427585768,2.0192763713981883,6.397213384243591,2.396372811628683,5.390539304615062,0.0030791478668969,0.0047776463880534,0.0003527371524904,0.0004186102179238,0.0011174967750796,0.0009416459834972,0.001360256201421,11.787752688858651,4.415649183026871,,,6248.0,1192.0,0.5427,0.4573,0.689,0.3109,0.6602,0.3394,Seattle Seahawks,Seattle Seahawks,Seattle Seahawks,Seattle Seahawks,Seattle Seahawks,Same,Same,Same,False,False,0.0007713473704143,0.0020591427585768
2026_06_HOU_JAX,2026,6,2026-10-18,09:30,Houston Texans,Jacksonville Jaguars,Neutral,,,,,7,7,0,0,0,1,Wembley Stadium,30.3239,-81.6554,America/New_York,True,True,6,6,Sunday,0,1,AFC South,NRG Stadium,29.6847,-95.4093,America/Chicago,AFC South,TIAA Bank Field,30.3239,-81.6554,America/New_York,Tennessee Titans,Philadelphia Eagles,Nissan Stadium,Tottenham Hotspur Stadium,New York Giants,Indianapolis Colts,NRG Stadium,TIAA Bank Field,823,0,-823,823,-1.0,0.0,America/Chicago,America/New_York,-1.0,0.0,-1.0,0.0,-1.0,0,0.035,-1.825,0.035,-1.825,Houston Texans,1.86,Houston Texans,1.86,0.035,-1.825,Houston Texans,1.86,0.0,0,No,No,No,No,No,1,No,2.96,5.41,5.008,3.85,0.175145,-2.603645,0.175145,-2.603645,3.143245,4.588255,5.155165,3.0643350000000003,Houston Texans,2.77879,Houston Texans,2.77879,0.175145,-2.603645,Houston Texans,2.77879,Jacksonville Jaguars,2.45,Houston Texans,1.158,3.984,4.63,Jacksonville Jaguars,0.6459999999999999,Jacksonville Jaguars,1.4450100000000003,Houston Texans,2.09083,4.149205,3.826295,Houston Texans,0.3229100000000002,Different,Same,Different,Same,Same,Same,False,Home Team,Away Team,42.0,-112.0,-108.0,Pick Em,Pick Em,0.0,0.0,-128,105,108,-131,-1.4450100000000003,1.4450100000000003,2.09083,-2.09083,0.5192,0.5283,0.4878,0.5614,0.5671,0.4808,0.4957,0.5043,0.4649,0.5351,0.5412,0.4588,0.4957,0.5043,-0.0043,0.0043,,,80,6,2026-10-18,HOU @ JAX,10.0,60.0,0.0,Historical Avg,False,C.Stroud,T.Lawrence,1.52,3.0,13.96,194.9,Med-High,-9.0,11.0,48.82,49.0,13.092796997839892,32.0,66.0,0.4496,0.5498,0.0912,0.081,0.4496,0.5498,0.6834,0.2912,0.487,0.5129,105,-105,,,,,,,,No Bet,,No Bet,,No Bet,,No Bet,,No Bet,,No Bet,,No Bet,,No Bet,,No Bet,,,,,,,,,,,,,,,,,,,,,,,,,,,,,6,0.0661363636363636,0.0181818181818181,Pick Em,Jacksonville Jaguars,0,0,0,0,0,0,1,0,0,0,1,0,1,4.0,3.5,,,5724.592255568245,0.711369060797556,0.9613656449804386,0.0003059028799283,0.0014394490869117,0.8831146565036685,4.0846964335005085,0.8680546008900824,4.155562661719401,0.0039997108182425,0.0036181962259416,0.0001542668223478,0.0001516360575804,0.0007135349123821,0.0007259141745296,0.00087755023211,8.24025909521991,1.7511692573937507,,,6248.0,1192.0,0.5022,0.4978,0.5114,0.4885,0.5372,0.4624,Houston Texans,Houston Texans,Houston Texans,Houston Texans,Houston Texans,Different,Same,Same,False,False,0.0003059028799283,0.0014394490869117
2026_06_CHI_ATL,2026,6,2026-10-18,13:00,Chicago Bears,Atlanta Falcons,Home,,,,,7,7,0,0,-1,2,Mercedes-Benz Stadium,33.7489,-84.388,America/New_York,False,True,6,6,Sunday,-1,2,NFC North,Soldier Field,41.8623,-87.6167,America/Chicago,NFC South,Mercedes-Benz Stadium,33.7489,-84.388,America/New_York,Green Bay Packers,Baltimore Ravens,Lambeau Field,Mercedes-Benz Stadium,New England Patriots,San Francisco 49ers,Soldier Field,Mercedes-Benz Stadium,587,0,-587,587,-1.0,0.0,America/Chicago,America/New_York,-1.0,0.0,-1.0,0.0,-1.0,0,-1.575,-0.71,-1.575,-0.71,Atlanta Falcons,0.865,Atlanta Falcons,0.865,-1.575,-0.71,Atlanta Falcons,0.865,0.0,0,No,No,No,No,No,0,No,0.9,-0.79,1.647,-0.101,-1.8885,-1.3039999999999998,-1.8885,-1.3039999999999998,0.5865,-1.384,1.3335,-0.695,Atlanta Falcons,0.5845000000000002,Atlanta Falcons,0.5845000000000002,-1.8885,-1.3039999999999998,Atlanta Falcons,0.5845000000000002,Chicago Bears,1.69,Chicago Bears,1.748,1.2735,-0.4455,Chicago Bears,1.719,Chicago Bears,1.9705,Chicago Bears,2.0285,0.96,-1.0395,Chicago Bears,1.9995,Different,Different,Different,Different,Same,Same,False,Away Team,Away Team,47.5,130.0,-154.0,Chicago Bears,Atlanta Falcons,3.0,-3.0,108,-131,108,-131,1.9705,-1.9705,2.0285,-2.0285,0.6063,0.4348,0.5671,0.4808,0.5671,0.4808,0.5824,0.4176,0.5412,0.4588,0.5412,0.4588,0.5824,0.4176,0.0824,-0.0824,,,81,6,2026-10-18,CHI @ ATL,0.0,70.0,0.0,Dome,True,C.Williams,M.Penix,-5.09,-6.0,13.28,176.37,Medium,-14.0,5.0,49.47,49.0,13.316440180311522,33.0,67.0,0.653,0.3462,0.0846,0.0876,0.6838,0.2748,0.5318,0.4682,0.497,0.5028,101,-101,,,,,,,,No Bet,,No Bet,,No Bet,,No Bet,,No Bet,,No Bet,,No Bet,,No Bet,,No Bet,,,,,,,,,,,,,,,,,,,,,,,,,,,,,6,0.0275454545454545,-0.1043636363636363,Chicago Bears,Atlanta Falcons,0,0,1,0,1,0,0,0,1,0,1,0,0,3.5,1.5,,,5724.592255568245,0.9972647483809044,0.6744683353333841,0.0012961304985219,0.0147930916854721,3.09851625322492,49.32020510060418,4.321302360819429,35.364212997960685,0.0019269720066097,0.0107081136683593,0.0005412640961827,0.0007548664023391,0.0086154965976189,0.0061775950878531,0.0069324614901923,84.68441809856486,7.419818614044348,,,6248.0,1192.0,0.5824,0.4176,0.5042,0.4956,0.352,0.6474,Chicago Bears,Atlanta Falcons,Chicago Bears,Atlanta Falcons,Chicago Bears,Same,Same,Same,False,False,0.0012961304985219,0.0147930916854721
2026_06_BAL_CLE,2026,6,2026-10-18,13:00,Baltimore Ravens,Cleveland Browns,Home,,,,,7,7,0,0,1,3,FirstEnergy Stadium,41.5061,-81.6994,America/New_York,False,True,6,6,Sunday,1,3,AFC North,M&T Bank Stadium,39.2789,-76.6228,America/New_York,AFC North,FirstEnergy Stadium,41.5061,-81.6994,America/New_York,Atlanta Falcons,New York Jets,Mercedes-Benz Stadium,MetLife Stadium,Cincinnati Bengals,Tennessee Titans,M&T Bank Stadium,Nissan Stadium,308,0,-308,308,0.0,0.0,America/New_York,America/New_York,0.0,0.0,0.0,0.0,0.0,0,6.69,-4.705,6.69,-4.705,Baltimore Ravens,11.395,Baltimore Ravens,11.395,6.69,-4.705,Baltimore Ravens,11.395,0.0,0,No,No,No,No,No,1,No,5.1,-6.94,2.881,-7.475,6.4587,-4.301699999999999,6.4587,-4.301699999999999,4.86225,-6.53025,2.6600899999999994,-7.082089999999999,Baltimore Ravens,10.7604,Baltimore Ravens,10.7604,6.4587,-4.301699999999999,Baltimore Ravens,10.7604,Baltimore Ravens,12.04,Baltimore Ravens,10.356,3.9905,-7.2075,Baltimore Ravens,11.198,Baltimore Ravens,11.392499999999998,Baltimore Ravens,9.742179999999998,3.76117,-6.80617,Baltimore Ravens,10.56734,Same,Same,Same,Same,Same,Same,False,Away Team,Away Team,44.5,205.0,-250.0,Baltimore Ravens,Cleveland Browns,6.5,-6.5,450,-646,327,-436,11.392499999999998,-11.392499999999998,9.742179999999998,-9.742179999999998,0.7143,0.3279,0.866,0.1818,0.8134,0.2342,0.6854,0.3146,0.8265,0.1735,0.7765,0.2235,0.6854,0.3146,0.1854,-0.1854,,,82,6,2026-10-18,BAL @ CLE,10.0,60.0,0.0,Historical Avg,False,L.Jackson,S.Sanders,16.31,17.0,13.28,176.41,Medium,8.0,25.0,45.78,45.0,12.75824931662354,30.0,63.0,0.1164,0.8832,0.0422,0.0434,0.2118,0.7882,0.5126,0.4874,0.207,0.7929,383,-383,,,,,,,,No Bet,,No Bet,,No Bet,,No Bet,,No Bet,,No Bet,,No Bet,,No Bet,,No Bet,,,,,,,,,,,,,,,,,,,,,,,,,,,,,6,0.1017181818181818,-0.1239,Baltimore Ravens,Cleveland Browns,0,0,0,0,0,0,0,0,0,0,0,0,1,4.5,1.5,,,5724.592255568245,0.9969687560856156,0.7118651207376917,2.662861815570917e-05,0.0490114670485964,0.0479569889077485,192.3031335856772,0.104480992362908,88.2675311147564,0.0008357010283253,0.0542011895880345,8.377363271786104e-06,1.8251254883923065e-05,0.033592459515108,0.0154190075334884,0.0154372587883723,280.57066470043355,0.1524379812706566,,,6248.0,1192.0,0.6854,0.3146,0.7962,0.2038,0.8962,0.1034,Baltimore Ravens,Baltimore Ravens,Baltimore Ravens,Baltimore Ravens,Baltimore Ravens,Same,Same,Same,False,False,2.662861815570917e-05,0.0490114670485964
2026_06_TEN_IND,2026,6,2026-10-18,13:00,Tennessee Titans,Indianapolis Colts,Home,,,,,7,7,0,0,1,-2,Lucas Oil Stadium,39.7601,-86.1638,America/Indiana/Indianapolis,False,False,6,6,Sunday,1,-2,AFC South,Nissan Stadium,36.1664,-86.7716,America/Chicago,AFC South,Lucas Oil Stadium,39.7601,-86.1638,America/Indiana/Indianapolis,Houston Texans,Pittsburgh Steelers,Nissan Stadium,Acrisure Stadium,Cleveland Browns,Minnesota Vikings,Nissan Stadium,U.S. Bank Stadium,250,0,-250,250,-1.0,0.0,America/Chicago,America/New_York,-1.0,0.0,-1.0,0.0,-1.0,0,-4.36,-2.265,-4.36,-2.265,Indianapolis Colts,2.095,Indianapolis Colts,2.095,-4.36,-2.265,Indianapolis Colts,2.095,0.0,0,No,No,No,No,No,1,No,-8.19,0.93,-8.36,0.288,-2.7220750000000007,-3.0234250000000005,-2.7220750000000007,-3.0234250000000005,-6.481824999999998,0.1013250000000001,-6.656544999999998,-0.535955,Tennessee Titans,0.3013499999999998,Tennessee Titans,0.3013499999999998,-2.7220750000000007,-3.0234250000000005,Tennessee Titans,0.3013499999999998,Indianapolis Colts,9.12,Indianapolis Colts,8.648,-8.274999999999999,0.609,Indianapolis Colts,8.883999999999999,Indianapolis Colts,6.583149999999998,Indianapolis Colts,6.120589999999998,-6.569184999999997,-0.2173149999999999,Indianapolis Colts,6.351869999999997,Different,Different,Different,Different,Same,Same,False,Home Team,Home Team,48.0,-196.0,164.0,Indianapolis Colts,Tennessee Titans,-3.5,3.5,-282,224,-261,208,-6.583149999999998,6.583149999999998,-6.120589999999998,6.120589999999998,0.3788,0.6622,0.3086,0.7382,0.3247,0.723,0.3639,0.6361,0.2948,0.7052,0.3099,0.6901,0.3639,0.6361,-0.1361,0.1361,,,83,6,2026-10-18,TEN @ IND,0.0,70.0,0.0,Dome,True,C.Ward,D.Jones,-13.95,-14.0,13.45,180.95,Med-High,-23.0,-5.75,53.51,53.0,13.489561779961686,36.0,71.0,0.8528,0.147,0.056,0.055,0.79,0.21,0.6348,0.3462,0.721,0.2789,-258,259,,,,,,,,No Bet,,No Bet,,No Bet,,No Bet,,No Bet,,No Bet,,No Bet,,No Bet,,No Bet,,,,,,,,,,,,,,,,,,,,,,,,,,,,,6,-0.1088,-0.0241454545454545,Indianapolis Colts,Tennessee Titans,0,0,0,0,0,0,0,0,0,0,0,0,1,1.5,2.5,,,5724.592255568245,0.9981662193550974,0.9953201511878892,0.080693649391248,0.0001521117886559,293.8389147048768,0.316876102308005,168.09932567380076,0.5539018650127013,0.0486288972464099,0.0007296237139095,0.0513292303777728,0.0293644190134751,5.535347989191428e-05,9.67583087640744e-05,0.0294611773222392,0.8707779673207063,461.9382403786776,,,6248.0,1192.0,0.3639,0.6361,0.2794,0.7206,0.1488,0.851,Indianapolis Colts,Indianapolis Colts,Indianapolis Colts,Indianapolis Colts,Indianapolis Colts,Same,Same,Same,False,False,0.080693649391248,0.0001521117886559
2026_06_NYJ_NE,2026,6,2026-10-18,13:00,New York Jets,New England Patriots,Home,,,,,7,7,0,0,-5,4,Gillette Stadium,42.0628,-71.2687,America/New_York,False,False,6,6,Sunday,-5,4,AFC East,MetLife Stadium,40.8136,-74.0744,America/New_York,AFC East,Gillette Stadium,42.0628,-71.2687,America/New_York,Cleveland Browns,Las Vegas Raiders,MetLife Stadium,Gillette Stadium,Miami Dolphins,Chicago Bears,MetLife Stadium,Soldier Field,169,0,-169,169,0.0,0.0,America/New_York,America/New_York,0.0,0.0,0.0,0.0,0.0,0,-3.725,-1.995,-3.725,-1.995,New England Patriots,1.73,New England Patriots,1.73,-3.725,-1.995,New England Patriots,1.73,0.0,0,No,No,No,No,No,1,No,-9.26,5.09,-6.95,4.222,-4.836375,-1.835125,-4.836375,-1.835125,-10.245175,5.123675,-7.966955,4.2874550000000005,New England Patriots,3.00125,New England Patriots,3.00125,-4.836375,-1.835125,New England Patriots,3.00125,New England Patriots,14.35,New England Patriots,11.172,-8.105,4.656000000000001,New England Patriots,12.761,New England Patriots,15.36885,New England Patriots,12.25441,-9.106065,4.705565,New England Patriots,13.81163,Same,Same,Same,Same,Same,Same,False,Home Team,Home Team,42.5,-417.0,330.0,New England Patriots,New York Jets,-9.5,9.5,-1197,702,-675,466,-15.36885,15.36885,-12.25441,12.25441,0.2326,0.8066,0.1247,0.9229,0.1767,0.871,0.2238,0.7762,0.119,0.881,0.1686,0.8314,0.2238,0.7762,-0.2762,0.2762,,,84,6,2026-10-18,NYJ @ NE,12.0,58.0,0.0,Historical Avg,False,G.Smith,D.Maye,-15.63,-16.0,12.34,152.32,Low,-24.0,-7.0,46.29,46.0,12.789377412326177,30.0,63.0,0.8986,0.101,0.0488,0.0562,0.7062,0.2938,0.611,0.389,0.8468,0.1531,-553,553,,,,,,,,No Bet,,No Bet,,No Bet,,No Bet,,No Bet,,No Bet,,No Bet,,No Bet,,No Bet,,,,,,,,,,,,,,,,,,,,,,,,,,,,,6,-0.1395909090909091,0.0874,New England Patriots,New York Jets,0,0,0,0,0,0,0,0,0,0,0,0,1,1.0,4.5,,,5724.592255568245,0.5998549254450254,0.98896052318156,0.2066016891471124,0.0001429130424793,918.0198355167448,0.1830950089688581,264.6905941621328,0.6350238872280058,0.2135640569037489,6.92494086538772e-05,0.1603642311159886,0.0462374580311237,3.1983938906873895e-05,0.0001109291035724,0.0463483871346962,0.8181188961968641,1182.7104296788775,,,6248.0,1192.0,0.2185,0.7815,0.1528,0.8471,0.1052,0.8944,New England Patriots,New England Patriots,New England Patriots,New England Patriots,New England Patriots,Same,Same,Same,False,False,0.2066016891471124,0.0001429130424793
2026_06_NO_NYG,2026,6,2026-10-18,13:00,New Orleans Saints,New York Giants,Home,,,,,7,7,0,0,-4,-4,MetLife Stadium,40.8136,-74.0744,America/New_York,False,False,6,6,Sunday,-4,-4,NFC South,Caesars Superdome,29.9507,-90.0813,America/Chicago,NFC East,MetLife Stadium,40.8136,-74.0744,America/New_York,Minnesota Vikings,Washington Commanders,Caesars Superdome,FedExField,Pittsburgh Steelers,Houston Texans,Stade de France,NRG Stadium,1169,0,-1169,1169,-1.0,0.0,America/Chicago,America/New_York,-1.0,0.0,-1.0,0.0,-1.0,0,-6.145,-2.84,-6.145,-2.84,New York Giants,3.305,New York Giants,3.305,-6.145,-2.84,New York Giants,3.305,0.0,0,No,No,No,No,No,0,No,-4.37,-3.53,-4.865,-5.014,-5.441,-4.082,-5.441,-4.082,-3.666,-4.772,-4.1610000000000005,-6.256,New York Giants,1.359,New York Giants,1.359,-5.441,-4.082,New York Giants,1.359,New York Giants,0.8400000000000003,New Orleans Saints,0.149,-4.6175,-4.272,New York Giants,0.3454999999999995,New Orleans Saints,1.106,New Orleans Saints,2.095,-3.9135,-5.514,New Orleans Saints,1.6004999999999998,Different,Different,Different,Different,Different,Same,False,Away Team,Away Team,45.0,-143.0,120.0,New York Giants,New Orleans Saints,-2.5,2.5,101,-122,108,-131,1.106,-1.106,2.095,-2.095,0.4545,0.5885,0.5495,0.4975,0.5671,0.4808,0.4358,0.5642,0.5248,0.4752,0.5412,0.4588,0.4358,0.5642,-0.0642,0.0642,,,85,6,2026-10-18,NO @ NYG,12.0,62.0,0.0,Historical Avg,False,T.Shough,J.Dart,3.27,4.0,13.36,178.4,Medium,-7.0,13.0,45.06,44.0,13.099483779716628,29.0,62.0,0.394,0.604,0.0912,0.0936,0.3582,0.6418,0.4748,0.5076,0.4731,0.5265,111,-111,,,,,,,,No Bet,,No Bet,,No Bet,,No Bet,,No Bet,,No Bet,,No Bet,,No Bet,,No Bet,,,,,,,,,,,,,,,,,,,,,,,,,,,,,6,-0.0503818181818181,-0.0900363636363636,New York Giants,New Orleans Saints,0,0,0,0,0,0,0,0,0,0,0,0,0,2.5,2.0,,,5724.592255568245,0.8030900324416891,0.952631433578356,0.0168128041270972,0.0002975343857103,54.30224613106706,0.7422820329202723,41.94420216929993,0.96098100728228,0.010401935834103,0.0021672626142792,0.0094857840885082,0.0073270200385889,0.0001296654852925,0.0001678689004177,0.0074948889390067,1.703263040202552,96.24644830036698,,,6248.0,1192.0,0.4358,0.5642,0.5244,0.4751,0.5958,0.4022,New York Giants,New Orleans Saints,New Orleans Saints,New Orleans Saints,New Orleans Saints,Same,Same,Same,False,False,0.0168128041270972,0.0002975343857103
2026_06_CAR_PHI,2026,6,2026-10-18,13:00,Carolina Panthers,Philadelphia Eagles,Home,,,,,14,7,7,-7,7,-8,Lincoln Financial Field,39.9008,-75.1675,America/New_York,False,False,6,6,Sunday,7,-8,NFC South,Bank of America Stadium,35.2258,-80.8528,America/New_York,NFC East,Lincoln Financial Field,39.9008,-75.1675,America/New_York,Detroit Lions,Jacksonville Jaguars,Bank of America Stadium,Tottenham Hotspur Stadium,Tampa Bay Buccaneers,Dallas Cowboys,Bank of America Stadium,Lincoln Financial Field,448,0,-448,448,0.0,0.0,America/New_York,America/New_York,0.0,0.0,0.0,0.0,0.0,0,-5.25,4.905,-5.25,4.905,Philadelphia Eagles,10.155,Philadelphia Eagles,10.155,-5.25,4.905,Philadelphia Eagles,10.155,0.0,0,No,No,No,No,No,0,No,-3.79,5.52,-4.367,3.682,-2.7715,5.352,-2.7715,5.352,-1.3115,5.966999999999999,-1.8885,4.129,Philadelphia Eagles,8.1235,Philadelphia Eagles,8.1235,-2.7715,5.352,Philadelphia Eagles,8.1235,Philadelphia Eagles,9.31,Philadelphia Eagles,8.049,-4.0785,4.601,Philadelphia Eagles,8.6795,Philadelphia Eagles,7.278499999999999,Philadelphia Eagles,6.0175,-1.6,5.048,Philadelphia Eagles,6.648,Same,Same,Same,Same,Same,Same,False,Home Team,Home Team,43.5,-286.0,230.0,Philadelphia Eagles,Carolina Panthers,-6.5,6.5,-346,268,-261,208,-7.278499999999999,7.278499999999999,-6.0175,6.0175,0.303,0.7409,0.2717,0.7758,0.3247,0.723,0.2903,0.7097,0.2594,0.7406,0.3099,0.6901,0.2903,0.7097,-0.2097,0.2097,,,86,6,2026-10-18,CAR @ PHI,12.0,64.0,0.0,Historical Avg,False,B.Young,J.Hurts,-11.09,-11.0,13.2,174.32,Medium,-20.0,-3.0,43.04,43.0,12.87927836341122,27.0,60.0,0.7982,0.2012,0.0678,0.078,0.6618,0.3382,0.4646,0.5354,0.7346,0.2652,-277,277,,,,,,,,No Bet,,No Bet,,No Bet,,No Bet,,No Bet,,No Bet,,No Bet,,No Bet,,No Bet,,,,,,,,,,,,,,,,,,,,,,,,,,,,,6,-0.0908166666666666,0.0935090909090909,Philadelphia Eagles,Carolina Panthers,0,0,0,1,0,1,0,0,0,1,0,1,0,2.0,4.5,,,5724.592255568245,0.9264332796135288,0.9979031562784187,0.1043862392775978,1.564112782689608e-05,424.09447584197846,0.0259931946993665,173.47418111445168,0.0635458845268357,0.0975157962297582,0.0003733902242288,0.0740829140153111,0.0303033252622866,4.540619408147932e-06,1.1100508418748147e-05,0.0303144257707053,0.0895390792262022,597.5686569564301,,,6248.0,1192.0,0.295,0.705,0.2639,0.7358,0.1914,0.8074,Philadelphia Eagles,Philadelphia Eagles,Philadelphia Eagles,Philadelphia Eagles,Philadelphia Eagles,Same,Same,Same,False,False,0.1043862392775978,1.564112782689608e-05
2026_06_PIT_TB,2026,6,2026-10-18,13:00,Pittsburgh Steelers,Tampa Bay Buccaneers,Home,,,,,7,10,-3,3,-4,0,Raymond James Stadium,27.9759,-82.5033,America/New_York,False,False,6,6,Sunday,-4,0,AFC North,Acrisure Stadium,40.4468,-80.0158,America/New_York,NFC South,Raymond James Stadium,27.9759,-82.5033,America/New_York,Indianapolis Colts,Dallas Cowboys,Acrisure Stadium,AT&T Stadium,New Orleans Saints,Carolina Panthers,Stade de France,Bank of America Stadium,873,0,-873,873,0.0,0.0,America/New_York,America/Chicago,0.0,-1.0,0.0,0.0,0.0,0,-0.565,1.025,-0.565,1.025,Tampa Bay Buccaneers,1.59,Tampa Bay Buccaneers,1.59,-0.565,1.025,Tampa Bay Buccaneers,1.59,0.0,0,No,No,No,No,No,0,No,0.59,-1.4,0.538,-2.096,-2.199,-0.6165,-2.199,-0.6165,-1.044,-3.0415,-1.096,-3.7375,Tampa Bay Buccaneers,1.5824999999999998,Tampa Bay Buccaneers,1.5824999999999998,-2.199,-0.6165,Tampa Bay Buccaneers,1.5824999999999998,Pittsburgh Steelers,1.99,Pittsburgh Steelers,2.6340000000000003,0.5640000000000001,-1.748,Pittsburgh Steelers,2.3120000000000003,Pittsburgh Steelers,1.9975,Pittsburgh Steelers,2.6415,-1.07,-3.3895,Pittsburgh Steelers,2.3195,Different,Different,Different,Different,Same,Same,False,Away Team,Away Team,45.5,-125.0,105.0,Tampa Bay Buccaneers,Pittsburgh Steelers,-1.5,1.5,108,-131,117,-142,1.9975,-1.9975,2.6415,-2.6415,0.4878,0.5556,0.5671,0.4808,0.5868,0.4608,0.4675,0.5325,0.5412,0.4588,0.5601,0.4399,0.4675,0.5325,-0.0325,0.0325,,,87,6,2026-10-18,PIT @ TB,8.0,82.0,0.0,Historical Avg,False,A.Rodgers,B.Mayfield,5.26,6.0,13.9,193.3,Med-High,-5.0,14.0,51.73,51.0,13.330793900334768,35.0,69.0,0.351,0.6482,0.0828,0.0854,0.3304,0.6696,0.6724,0.3276,0.4456,0.5542,124,-124,,,,,,,,No Bet,,No Bet,,No Bet,,No Bet,,No Bet,,No Bet,,No Bet,,No Bet,,No Bet,,,,,,,,,,,,,,,,,,,,,,,,,,,,,6,-0.0255454545454545,-0.0162636363636363,Tampa Bay Buccaneers,Pittsburgh Steelers,0,0,1,0,0,0,0,0,1,0,0,0,0,2.5,3.0,,,5724.592255568245,0.9181896659558696,0.9645000382508035,0.0030913355587257,0.001011805077036,9.423458456384552,2.707840180057756,8.273177142459677,3.084331328087176,0.0076561521041575,0.0023954958220477,0.0016461361850214,0.0014451993737042,0.0004730188735143,0.0005387862035216,0.0019839855772259,5.792171508144932,17.696635598844228,,,6248.0,1192.0,0.4675,0.5325,0.552,0.4478,0.639,0.3602,Tampa Bay Buccaneers,Pittsburgh Steelers,Pittsburgh Steelers,Pittsburgh Steelers,Pittsburgh Steelers,Same,Same,Same,False,False,0.0030913355587257,0.001011805077036
2026_06_ARI_LA,2026,6,2026-10-18,16:05,Arizona Cardinals,Los Angeles Rams,Home,,,,,7,6,1,-1,-3,2,SoFi Stadium,33.9535,-118.3395,America/Los_Angeles,False,False,6,6,Sunday,-3,2,NFC West,State Farm Stadium,33.5277,-112.262608,America/Denver,NFC West,SoFi Stadium,33.9535,-118.3395,America/Los_Angeles,Detroit Lions,Buffalo Bills,State Farm Stadium,SoFi Stadium,Denver Broncos,Las Vegas Raiders,State Farm Stadium,Allegiant Stadium,350,0,-350,350,1.0,0.0,America/Denver,America/Los_Angeles,1.0,0.0,1.0,0.0,1.0,0,0.075,1.29,0.075,1.29,Los Angeles Rams,1.215,Los Angeles Rams,1.215,0.075,1.29,Los Angeles Rams,1.215,0.0,0,No,No,No,No,No,1,Yes,-4.4,8.12,-3.837,7.087,0.988355,0.5821450000000002,0.988355,0.5821450000000002,-3.3735950000000003,7.299094999999999,-2.826555,6.282054999999999,Arizona Cardinals,0.4062099999999997,Arizona Cardinals,0.4062099999999997,0.988355,0.5821450000000002,Arizona Cardinals,0.4062099999999997,Los Angeles Rams,12.52,Los Angeles Rams,10.924,-4.1185,7.603499999999999,Los Angeles Rams,11.722,Los Angeles Rams,10.67269,Los Angeles Rams,9.10861,-3.1000750000000004,6.790574999999999,Los Angeles Rams,9.89065,Different,Different,Different,Different,Same,Same,False,Home Team,Home Team,47.5,-769.0,525.0,Los Angeles Rams,Arizona Cardinals,-13.5,13.5,-538,389,-416,314,-10.67269,10.67269,-9.10861,9.10861,0.16,0.8849,0.2045,0.8433,0.2415,0.8062,0.1531,0.8469,0.1952,0.8048,0.2305,0.7695,0.1531,0.8469,-0.3469,0.3469,,,88,6,2026-10-18,ARI @ LA,0.0,70.0,0.0,Dome,True,J.Brissett,M.Stafford,-12.72,-13.0,12.97,168.18,Med-Low,-21.0,-5.0,54.21,54.0,13.721781593438209,37.0,72.0,0.8368,0.1628,0.0582,0.0614,0.4734,0.5266,0.663,0.337,0.8145,0.1854,-439,439,,,,,,,,No Bet,,No Bet,,No Bet,,No Bet,,No Bet,,No Bet,,No Bet,,No Bet,,No Bet,,,,,,,,,,,,,,,,,,,,,,,,,,,,,6,-0.2239818181818181,0.1420363636363636,Los Angeles Rams,Arizona Cardinals,0,1,0,0,0,0,0,1,0,1,0,1,1,0.0,5.0,,,5724.592255568245,0.8412019386206105,0.999753539989488,0.3796561545280089,0.0001448029089745,1840.632711977213,0.1269103482899191,332.7439700126477,0.7020272630093565,0.3846700118713778,9.301618951663992e-05,0.3215307972697707,0.0581253572582382,2.216932536399861e-05,0.0001226335836105,0.0582479908418487,0.8289376112992755,2173.376681989861,,,6248.0,1192.0,0.1531,0.8469,0.1852,0.8146,0.162,0.8372,Los Angeles Rams,Los Angeles Rams,Los Angeles Rams,Los Angeles Rams,Los Angeles Rams,Same,Same,Same,False,False,0.3796561545280089,0.0001448029089745
2026_06_LAC_KC,2026,6,2026-10-18,16:25,Los Angeles Chargers,Kansas City Chiefs,Home,,,,,7,14,-7,7,-10,6,GEHA Field at Arrowhead Stadium,39.0489,-94.4839,America/Chicago,False,False,6,6,Sunday,-10,6,AFC West,SoFi Stadium,33.9535,-118.3395,America/Los_Angeles,AFC West,GEHA Field at Arrowhead Stadium,39.0489,-94.4839,America/Chicago,Denver Broncos,Las Vegas Raiders,SoFi Stadium,Allegiant Stadium,Los Angeles Rams,Seattle Seahawks,SoFi Stadium,Lumen Field,1366,0,-1366,1366,-2.0,0.0,America/Los_Angeles,America/Los_Angeles,-2.0,-2.0,-2.0,0.0,-2.0,0,0.935,4.395,0.935,4.395,Kansas City Chiefs,3.4599999999999995,Kansas City Chiefs,3.4599999999999995,0.935,4.395,Kansas City Chiefs,3.4599999999999995,-0.3,0,No,No,No,No,No,1,No,1.12,-2.17,0.527,0.625,-0.4948800000000001,2.99588,-0.4948800000000001,2.99588,-0.37738,-3.50162,-0.9365,-0.7404999999999999,Kansas City Chiefs,3.49076,Kansas City Chiefs,3.49076,-0.4948800000000001,2.99588,Kansas City Chiefs,3.49076,Los Angeles Chargers,3.29,Kansas City Chiefs,0.0979999999999999,0.8235000000000001,-0.7725,Los Angeles Chargers,1.596,Los Angeles Chargers,3.12424,Kansas City Chiefs,0.196,-0.65694,-2.12106,Los Angeles Chargers,1.46412,Different,Same,Different,Same,Same,Same,False,Away Team,Home Team,46.5,-143.0,120.0,Kansas City Chiefs,Los Angeles Chargers,-2.5,2.5,135,-164,-110,-110,3.12424,-3.12424,-0.196,0.196,0.4545,0.5885,0.6212,0.4255,0.5238,0.5238,0.4358,0.5642,0.5935,0.4065,0.5,0.5,0.4358,0.5642,-0.0642,0.0642,,,89,6,2026-10-18,LAC @ KC,10.0,60.0,0.0,Historical Avg,False,J.Herbert,P.Mahomes,4.95,6.0,13.21,174.41,Medium,-5.0,14.0,43.34,43.0,12.477708829890554,27.0,60.0,0.3458,0.6532,0.0832,0.0864,0.3168,0.6832,0.3862,0.6138,0.4541,0.5456,120,-120,,,,,,,,No Bet,,No Bet,,No Bet,,No Bet,,No Bet,,No Bet,,No Bet,,No Bet,,No Bet,,,,,,,,,,,,,,,,,,,,,,,,,,,,,6,0.0614545454545454,0.063125,Kansas City Chiefs,Los Angeles Chargers,0,0,0,1,0,0,0,0,0,1,0,0,1,4.0,4.0,,,5724.592255568245,0.6843454924520964,0.5092812062542913,0.0079890775205137,8.905564294893192e-05,25.803242017190456,0.2221739969090983,19.93096928587664,0.287633247031008,0.0052314758517398,0.0013714055889801,0.0045074375370738,0.0034816399834398,3.881044919714453e-05,5.024519375178739e-05,0.0035318851771916,0.5098072439401065,45.73421130306709,,,6248.0,1192.0,0.4358,0.5642,0.5475,0.4523,0.6606,0.3386,Kansas City Chiefs,Los Angeles Chargers,Los Angeles Chargers,Los Angeles Chargers,Los Angeles Chargers,Same,Same,Same,False,False,0.0079890775205137,8.905564294893192e-05
2026_06_BUF_LV,2026,6,2026-10-18,16:25,Buffalo Bills,Las Vegas Raiders,Home,,,,,6,7,-1,1,2,1,Allegiant Stadium,36.108,-115.1578,America/Los_Angeles,False,True,6,6,Sunday,2,1,AFC East,Highmark Stadium,42.7725,-78.7877,America/New_York,AFC West,Allegiant Stadium,36.108,-115.1578,America/Los_Angeles,Los Angeles Rams,New England Patriots,SoFi Stadium,Gillette Stadium,Baltimore Ravens,Los Angeles Rams,Highmark Stadium,Allegiant Stadium,1977,0,-1977,1977,3.0,0.0,America/Los_Angeles,America/New_York,0.0,3.0,0.0,0.0,0.0,0,4.795,-2.35,4.795,-2.35,Buffalo Bills,7.145,Buffalo Bills,7.145,4.795,-2.35,Buffalo Bills,7.145,0.0,0,No,No,No,No,Yes,0,No,6.16,-8.15,3.416,-7.588,5.172499999999999,-2.1965,5.172499999999999,-2.1965,6.5375,-7.9965,3.7935,-7.4345,Buffalo Bills,7.369,Buffalo Bills,7.369,5.172499999999999,-2.1965,Buffalo Bills,7.369,Buffalo Bills,14.31,Buffalo Bills,11.004,4.788,-7.869,Buffalo Bills,12.657,Buffalo Bills,14.534,Buffalo Bills,11.228,5.1655,-7.7155,Buffalo Bills,12.881,Same,Same,Same,Same,Same,Same,False,Away Team,Away Team,47.5,215.0,-263.0,Buffalo Bills,Las Vegas Raiders,6.5,-6.5,615,-984,406,-567,14.534,-14.534,11.228,-11.228,0.7245,0.3175,0.9077,0.1399,0.8501,0.1976,0.6953,0.3047,0.8665,0.1335,0.8114,0.1886,0.6953,0.3047,0.1953,-0.1953,,,90,6,2026-10-18,BUF @ LV,0.0,70.0,0.0,Dome,True,J.Allen,K.Cousins,13.89,14.0,13.53,183.15,Med-High,6.0,23.0,48.04,47.0,12.765056948395458,32.0,65.0,0.1532,0.8458,0.0528,0.0504,0.27,0.73,0.499,0.501,0.195,0.8048,413,-412,,,,,,,,No Bet,,No Bet,,No Bet,,No Bet,,No Bet,,No Bet,,No Bet,,No Bet,,No Bet,,,,,,,,,,,,,,,,,,,,,,,,,,,,,6,0.1331454545454545,-0.1405545454545454,Buffalo Bills,Las Vegas Raiders,1,0,0,0,1,0,0,0,1,0,1,0,0,5.0,1.0,,,5724.592255568245,0.9215598277434526,0.984469686075046,0.0001272904385994,0.0948138687397487,0.2220305812416478,377.388494623693,0.5066552777726213,165.3822440843366,0.0005929749904848,0.0978570286651686,3.878539664125096e-05,8.850504195819422e-05,0.0659240829347472,0.0288897858050014,0.0289782908469596,542.7707387080296,0.7286858590142691,,,6248.0,1192.0,0.7002,0.2998,0.8086,0.1914,0.8562,0.1436,Buffalo Bills,Buffalo Bills,Buffalo Bills,Buffalo Bills,Buffalo Bills,Same,Same,Same,False,False,0.0001272904385994,0.0948138687397487
2026_06_DAL_GB,2026,6,2026-10-18,20:20,Dallas Cowboys,Green Bay Packers,Home,,,,,10,7,3,-3,3,0,Lambeau Field,44.5013,-88.0622,America/Chicago,False,False,6,6,Sunday,3,0,NFC East,AT&T Stadium,32.7369,-97.0826,America/Chicago,NFC North,Lambeau Field,44.5013,-88.0622,America/Chicago,Tampa Bay Buccaneers,Chicago Bears,AT&T Stadium,Lambeau Field,Philadelphia Eagles,Detroit Lions,Lincoln Financial Field,Ford Field,945,0,-945,945,0.0,0.0,America/Chicago,America/Chicago,0.0,0.0,0.0,0.0,0.0,0,-0.615,3.535,-0.615,3.535,Green Bay Packers,4.15,Green Bay Packers,4.15,-0.615,3.535,Green Bay Packers,4.15,0.0,0,No,No,No,No,No,0,No,-1.01,5.09,-3.616,2.933,-0.2299999999999999,3.5995,-0.2299999999999999,3.5995,-0.625,5.1545000000000005,-3.2310000000000003,2.9975,Green Bay Packers,3.8295,Green Bay Packers,3.8295,-0.2299999999999999,3.5995,Green Bay Packers,3.8295,Green Bay Packers,6.1,Green Bay Packers,6.549,-2.313,4.0115,Green Bay Packers,6.3245000000000005,Green Bay Packers,5.7795000000000005,Green Bay Packers,6.2285,-1.928,4.0760000000000005,Green Bay Packers,6.004,Same,Same,Same,Same,Same,Same,False,Home Team,Home Team,51.5,-167.0,140.0,Green Bay Packers,Dallas Cowboys,-3.0,3.0,-261,208,-261,208,-5.7795000000000005,5.7795000000000005,-6.2285,6.2285,0.4167,0.6255,0.3247,0.723,0.3247,0.723,0.3998,0.6002,0.3099,0.6901,0.3099,0.6901,0.3998,0.6002,-0.1002,0.1002,,,91,6,2026-10-18,DAL @ GB,12.0,52.0,0.0,Historical Avg,False,D.Prescott,J.Love,-11.17,-11.0,12.63,159.48,Low,-19.0,-3.0,62.3,62.0,14.214145361071454,44.0,81.0,0.812,0.1878,0.068,0.0708,0.7434,0.2204,0.7732,0.2268,0.6981,0.3018,-231,231,,,,,,,,No Bet,,No Bet,,No Bet,,No Bet,,No Bet,,No Bet,,No Bet,,No Bet,,No Bet,,,,,,,,,,,,,,,,,,,,,,,,,,,,,6,0.0406454545454545,0.0707,Green Bay Packers,Dallas Cowboys,1,0,0,1,0,0,0,1,1,1,0,1,0,3.5,4.0,,,5724.592255568245,0.8016713862792748,0.9019829950664804,0.0094344440816203,2.4891918354904926e-06,32.41580898424635,0.0056969933999682,21.59253654098916,0.0085526149041043,0.0169425763306036,0.0016144941090557,0.0056625533377885,0.0037718907438318,9.95178895829099e-07,1.4940129396613936e-06,0.0037733847567714,0.0142496083040725,54.00834552523551,,,6248.0,1192.0,0.3968,0.6032,0.2974,0.7025,0.1728,0.8266,Green Bay Packers,Green Bay Packers,Green Bay Packers,Green Bay Packers,Green Bay Packers,Same,Same,Same,False,False,0.0094344440816203,2.4891918354904926e-06
2026_06_WAS_SF,2026,6,2026-10-19,20:15,Washington Commanders,San Francisco 49ers,Home,,,,,8,8,0,0,0,3,Levi's Stadium,37.4031,-121.9702,America/Los_Angeles,False,False,6,6,Monday,0,3,NFC East,FedExField,38.9077,-76.8645,America/New_York,NFC West,Levi's Stadium,37.4031,-121.9702,America/Los_Angeles,New York Giants,Seattle Seahawks,FedExField,Lumen Field,Philadelphia Eagles,Atlanta Falcons,FedExField,Mercedes-Benz Stadium,2426,0,-2426,2426,3.0,0.0,America/New_York,America/Los_Angeles,3.0,0.0,3.0,0.0,3.0,0,1.45,3.325,1.45,3.325,San Francisco 49ers,1.875,San Francisco 49ers,1.875,1.45,3.325,San Francisco 49ers,1.875,-0.2249999999999999,0,No,No,No,No,No,0,No,-5.43,3.57,-1.427,2.606,2.003,1.8155,2.003,1.8155,-4.877,2.0605,-0.874,1.0964999999999998,Washington Commanders,0.1875,Washington Commanders,0.1875,2.003,1.8155,Washington Commanders,0.1875,San Francisco 49ers,9.0,San Francisco 49ers,4.033,-3.4285,3.088,San Francisco 49ers,6.5165,San Francisco 49ers,6.9375,San Francisco 49ers,1.9705,-2.8755,1.5784999999999998,San Francisco 49ers,4.454,Different,Different,Different,Different,Same,Same,False,Home Team,Home Team,50.5,-244.0,200.0,San Francisco 49ers,Washington Commanders,-5.5,5.5,-319,249,-131,108,-6.9375,6.9375,-1.9705,1.9705,0.3333,0.7093,0.2865,0.7613,0.4808,0.5671,0.3197,0.6803,0.2734,0.7266,0.4588,0.5412,0.3197,0.6803,-0.1803,0.1803,,,92,6,2026-10-19,WAS @ SF,10.0,70.0,0.0,Historical Avg,False,J.Daniels,B.Purdy,-7.55,-7.0,12.45,154.92,Low,-16.0,1.0,59.42,59.0,14.275825433170567,41.0,79.0,0.7442,0.255,0.0848,0.0888,0.5872,0.4128,0.7234,0.2766,0.6731,0.3267,-206,206,,,,,,,,No Bet,,No Bet,,No Bet,,No Bet,,No Bet,,No Bet,,No Bet,,No Bet,,No Bet,,,,,,,,,,,,,,,,,,,,,,,,,,,,,6,-0.0171454545454545,0.0695636363636363,San Francisco 49ers,Washington Commanders,0,0,0,0,0,0,0,0,0,0,0,0,0,3.0,4.0,,,5724.592255568245,0.3953412512804129,0.990459064693338,0.0248322266472761,1.7074304063891944e-06,96.70761951209452,0.0031248574191635,45.446752841417926,0.0066494854621737,0.0246708711183957,0.0003076075929164,0.0168933637881419,0.0079388628591341,5.458655009226254e-07,1.1615649054665691e-06,0.0079400244240396,0.0097743428813373,142.15437235351246,,,6248.0,1192.0,0.3197,0.6803,0.3292,0.6706,0.265,0.7342,San Francisco 49ers,San Francisco 49ers,San Francisco 49ers,San Francisco 49ers,San Francisco 49ers,Same,Same,Same,False,False,0.0248322266472761,1.7074304063891944e-06
2026_07_NE_CHI,2026,7,2026-10-22,20:15,New England Patriots,Chicago Bears,Home,,,,,4,4,0,0,4,-1,Soldier Field,41.8623,-87.6167,America/Chicago,False,False,7,7,Thursday,4,-1,AFC East,Gillette Stadium,42.0628,-71.2687,America/New_York,NFC North,Soldier Field,41.8623,-87.6167,America/Chicago,New York Jets,Atlanta Falcons,Gillette Stadium,Mercedes-Benz Stadium,Miami Dolphins,Seattle Seahawks,Hard Rock Stadium,Lumen Field,838,0,-838,838,1.0,0.0,America/New_York,America/New_York,1.0,1.0,1.0,0.0,1.0,0,-1.995,-1.575,-1.995,-1.575,Chicago Bears,0.4200000000000001,Chicago Bears,0.4200000000000001,-1.995,-1.575,Chicago Bears,0.4200000000000001,0.0,0,No,No,No,No,No,0,No,5.09,0.9,4.222,1.647,-1.7105,-1.4365,-1.7105,-1.4365,5.3745,1.0385,4.506500000000001,1.7855,Chicago Bears,0.274,Chicago Bears,0.274,-1.7105,-1.4365,Chicago Bears,0.274,New England Patriots,4.19,New England Patriots,2.575,4.656000000000001,1.2735,New England Patriots,3.3825000000000003,New England Patriots,4.336,New England Patriots,2.721000000000001,4.9405,1.412,New England Patriots,3.5285,Different,Different,Different,Different,Same,Same,True,Away Team,Away Team,47.5,-125.0,105.0,Chicago Bears,New England Patriots,-1.5,1.5,181,-224,117,-142,4.336,-4.336,2.721000000000001,-2.721000000000001,0.4878,0.5556,0.6914,0.3559,0.5868,0.4608,0.4675,0.5325,0.6602,0.3398,0.5601,0.4399,0.4675,0.5325,-0.0325,0.0325,,,93,7,2026-10-22,NE @ CHI,15.0,58.0,0.0,Historical Avg,False,D.Maye,C.Williams,7.32,8.0,13.58,184.39,Med-High,-3.0,17.0,49.39,49.0,13.603129429144357,32.0,67.0,0.291,0.7076,0.075,0.0834,0.2694,0.7306,0.5312,0.4688,0.4008,0.5988,150,-149,,,,,,,,No Bet,,No Bet,,No Bet,,No Bet,,No Bet,,No Bet,,No Bet,,No Bet,,No Bet,,,,,,,,,,,,,,,,,,,,,,,,,,,,,7,0.09939,0.02705,Chicago Bears,New England Patriots,0,0,0,1,0,1,0,0,0,1,0,1,0,4.5,3.5,,,4335.336943835763,0.663092009631473,0.3881021026749199,0.0032357993462757,0.0003986377294965,7.470059338958695,0.8079469994801646,6.558221109790029,0.9202818764132354,0.0060057330983247,0.0039544517897888,0.0017230631518918,0.0015127361943838,0.0001863631385396,0.0002122745909569,0.0017250107853408,1.7282288758934,14.028280448748724,,,2246.0,4002.0,0.4675,0.5325,0.5972,0.4022,0.701,0.2968,Chicago Bears,New England Patriots,New England Patriots,New England Patriots,New England Patriots,Same,Same,Same,False,False,0.0032357993462757,0.0003986377294965
2026_07_PIT_NO,2026,7,2026-10-25,09:30,Pittsburgh Steelers,New Orleans Saints,Neutral,,,,,7,7,0,0,-4,-4,Stade de France,29.9507,-90.0813,America/Chicago,True,True,7,7,Sunday,-4,-4,AFC North,Acrisure Stadium,40.4468,-80.0158,America/New_York,NFC South,Caesars Superdome,29.9507,-90.0813,America/Chicago,Tampa Bay Buccaneers,New York Giants,Raymond James Stadium,MetLife Stadium,Cleveland Browns,Cleveland Browns,Acrisure Stadium,Caesars Superdome,919,0,-919,919,1.0,0.0,America/New_York,America/New_York,1.0,1.0,1.0,0.0,1.0,0,-0.565,-6.145,-0.565,-6.145,Pittsburgh Steelers,5.58,Pittsburgh Steelers,5.58,-0.565,-6.145,Pittsburgh Steelers,5.58,0.0,0,No,No,No,No,No,0,No,0.59,-4.37,0.538,-4.865,-1.899,-7.324,-1.899,-7.324,-0.7440000000000002,-5.549,-0.796,-6.0440000000000005,Pittsburgh Steelers,5.425,Pittsburgh Steelers,5.425,-1.899,-7.324,Pittsburgh Steelers,5.425,Pittsburgh Steelers,4.96,Pittsburgh Steelers,5.4030000000000005,0.5640000000000001,-4.6175,Pittsburgh Steelers,5.1815,Pittsburgh Steelers,4.805,Pittsburgh Steelers,5.248,-0.7700000000000001,-5.7965,Pittsburgh Steelers,5.0265,Same,Same,Same,Same,Same,Same,False,Away Team,Away Team,42.5,120.0,-143.0,Pittsburgh Steelers,New Orleans Saints,2.5,-2.5,188,-234,188,-234,4.805,-4.805,5.248,-5.248,0.5885,0.4545,0.7006,0.3472,0.7006,0.3472,0.5642,0.4358,0.6686,0.3314,0.6686,0.3314,0.5642,0.4358,0.0642,-0.0642,,,94,7,2026-10-25,PIT @ NO,10.0,60.0,0.0,Historical Avg,False,A.Rodgers,T.Shough,5.56,6.0,13.6,184.91,Med-High,-5.0,15.0,45.26,45.0,13.001713939057058,29.0,62.0,0.343,0.656,0.0802,0.0832,0.3782,0.6218,0.5782,0.4218,0.3604,0.6394,177,-177,,,,,,,,No Bet,,No Bet,,No Bet,,No Bet,,No Bet,,No Bet,,No Bet,,No Bet,,No Bet,,,,,,,,,,,,,,,,,,,,,,,,,,,,,7,-0.03452,-0.049,Pittsburgh Steelers,New Orleans Saints,0,0,1,0,0,0,0,0,1,0,0,0,0,2.5,2.5,,,4335.336943835763,0.9524602168903484,0.9638754408515384,0.0011744634707125,0.0397061748026835,2.218960625987138,97.1211885668518,2.872734247778668,75.01845795362284,0.0023387125513143,0.0405597026819997,0.0005118311805365,0.000662632290176,0.022402223823674,0.0173039509790094,0.0179665832691855,172.13964652047466,5.091694873765806,,,2246.0,4002.0,0.5534,0.4466,0.6377,0.362,0.66,0.3386,Pittsburgh Steelers,Pittsburgh Steelers,Pittsburgh Steelers,Pittsburgh Steelers,Pittsburgh Steelers,Same,Same,Same,False,False,0.0011744634707125,0.0397061748026835
2026_07_SF_ATL,2026,7,2026-10-25,13:00,San Francisco 49ers,Atlanta Falcons,Home,,,,,6,7,-1,1,2,3,Mercedes-Benz Stadium,33.7489,-84.388,America/New_York,False,False,7,7,Sunday,2,3,NFC West,Levi's Stadium,37.4031,-121.9702,America/Los_Angeles,NFC South,Mercedes-Benz Stadium,33.7489,-84.388,America/New_York,Washington Commanders,Chicago Bears,Levi's Stadium,Mercedes-Benz Stadium,Las Vegas Raiders,Tampa Bay Buccaneers,Levi's Stadium,Raymond James Stadium,2112,0,-2112,2112,-3.0,0.0,America/Los_Angeles,America/New_York,-3.0,0.0,-3.0,0.0,-3.0,0,3.325,-0.71,3.325,-0.71,San Francisco 49ers,4.035,San Francisco 49ers,4.035,3.325,-0.71,San Francisco 49ers,4.035,-0.4499999999999999,0,No,No,No,No,Yes,0,No,3.57,-0.79,2.606,-0.101,4.2845,-1.1789999999999998,4.2845,-1.1789999999999998,4.5295000000000005,-1.259,3.5655,-0.57,San Francisco 49ers,5.4635,San Francisco 49ers,5.4635,4.2845,-1.1789999999999998,San Francisco 49ers,5.4635,San Francisco 49ers,4.359999999999999,San Francisco 49ers,2.707,3.088,-0.4455,San Francisco 49ers,3.5335,San Francisco 49ers,5.788500000000001,San Francisco 49ers,4.1355,4.0475,-0.9145,San Francisco 49ers,4.962,Same,Same,Same,Same,Same,Same,False,Away Team,Away Team,47.5,185.0,-227.0,San Francisco 49ers,Atlanta Falcons,4.5,-4.5,208,-261,171,-211,5.788500000000001,-5.788500000000001,4.1355,-4.1355,0.6942,0.3509,0.723,0.3247,0.6785,0.369,0.6643,0.3357,0.6901,0.3099,0.6477,0.3523,0.6643,0.3357,0.1643,-0.1643,,,95,7,2026-10-25,SF @ ATL,0.0,70.0,0.0,Dome,True,B.Purdy,M.Penix,2.42,3.0,12.83,164.49,Med-Low,-7.0,11.0,55.7,55.0,13.65612294682454,39.0,73.10000000000036,0.415,0.5844,0.0974,0.0838,0.5416,0.4584,0.72,0.28,0.3532,0.6466,183,-183,,,,,,,,No Bet,,No Bet,,No Bet,,No Bet,,No Bet,,No Bet,,No Bet,,No Bet,,No Bet,,,,,,,,,,,,,,,,,,,,,,,,,,,,,7,0.06009,-0.0983699999999999,San Francisco 49ers,Atlanta Falcons,0,0,0,0,0,0,0,0,0,0,0,0,0,4.0,2.0,,,4335.336943835763,0.996550036631076,0.3730344223614752,0.0001148667083937,0.037141498464541,0.1671738614321008,106.96619080711478,0.3308120230841364,54.054719635629134,0.0013574604273722,0.0643812568512663,3.856075400778213e-05,7.630595438596865e-05,0.0246730974299945,0.0124684010345464,0.0125447069889323,161.0209104427439,0.4979858845162372,,,2246.0,4002.0,0.6643,0.3357,0.645,0.3548,0.5778,0.4212,San Francisco 49ers,San Francisco 49ers,San Francisco 49ers,San Francisco 49ers,San Francisco 49ers,Same,Same,Same,False,False,0.0001148667083937,0.037141498464541
2026_07_CIN_BAL,2026,7,2026-10-25,13:00,Cincinnati Bengals,Baltimore Ravens,Home,,,,,14,7,7,-7,7,-6,M&T Bank Stadium,39.2789,-76.6228,America/New_York,False,False,7,7,Sunday,7,-6,AFC North,Paycor Stadium,39.0955,-84.5165,America/New_York,AFC North,M&T Bank Stadium,39.2789,-76.6228,America/New_York,Miami Dolphins,Cleveland Browns,Hard Rock Stadium,FirstEnergy Stadium,Tennessee Titans,Buffalo Bills,Paycor Stadium,Highmark Stadium,422,0,-422,422,0.0,0.0,America/New_York,America/New_York,0.0,0.0,0.0,0.0,0.0,0,1.31,6.69,1.31,6.69,Baltimore Ravens,5.380000000000001,Baltimore Ravens,5.380000000000001,1.31,6.69,Baltimore Ravens,5.380000000000001,0.0,0,No,No,No,No,No,1,No,-0.04,5.1,-0.609,2.881,0.6509,5.9821,0.6509,5.9821,-0.7015,4.3945,-1.287,2.192,Baltimore Ravens,5.3312,Baltimore Ravens,5.3312,0.6509,5.9821,Baltimore Ravens,5.3312,Baltimore Ravens,5.14,Baltimore Ravens,3.49,-0.3245,3.9905,Baltimore Ravens,4.315,Baltimore Ravens,5.096,Baltimore Ravens,3.479,-0.99425,3.29325,Baltimore Ravens,4.2875,Same,Same,Same,Same,Same,Same,False,Home Team,Home Team,52.0,-185.0,154.0,Baltimore Ravens,Cincinnati Bengals,-3.5,3.5,-234,188,-191,156,-5.096,5.096,-3.479,3.479,0.3937,0.6491,0.3472,0.7006,0.3906,0.6564,0.3775,0.6225,0.3314,0.6686,0.3731,0.6269,0.3775,0.6225,-0.1225,0.1225,,,96,7,2026-10-25,CIN @ BAL,10.0,60.0,0.0,Historical Avg,False,J.Burrow,L.Jackson,-6.64,-7.0,13.69,187.41,Med-High,-16.0,3.0,56.35,56.0,13.837805606843975,39.0,75.0,0.6776,0.322,0.0744,0.0762,0.6128,0.3872,0.6008,0.3794,0.6489,0.351,-185,185,,,,,,,,No Bet,,No Bet,,No Bet,,No Bet,,No Bet,,No Bet,,No Bet,,No Bet,,No Bet,,,,,,,,,,,,,,,,,,,,,,,,,,,,,7,0.1240454545454545,0.0996399999999999,Baltimore Ravens,Cincinnati Bengals,0,0,0,0,0,0,0,0,0,0,0,0,1,5.0,4.5,,,4335.336943835763,0.6675079840083066,0.8634663042966848,0.0364638404793148,0.0001046880781164,98.40668912820712,0.1713314299705452,59.67634561590069,0.2825266626666607,0.0398550794891584,0.0020451271482903,0.0226987406983735,0.0137650997809413,3.9519749488942106e-05,6.516832862746083e-05,0.0138302681095688,0.4538580926372059,158.0830347441078,,,2246.0,4002.0,0.3775,0.6225,0.3495,0.6503,0.316,0.6832,Baltimore Ravens,Baltimore Ravens,Baltimore Ravens,Baltimore Ravens,Baltimore Ravens,Same,Same,Same,False,False,0.0364638404793148,0.0001046880781164
2026_07_TB_CAR,2026,7,2026-10-25,13:00,Tampa Bay Buccaneers,Carolina Panthers,Home,,,,,7,7,0,0,0,7,Bank of America Stadium,35.2258,-80.8528,America/New_York,False,False,7,7,Sunday,0,7,NFC South,Raymond James Stadium,27.9759,-82.5033,America/New_York,NFC South,Bank of America Stadium,35.2258,-80.8528,America/New_York,Pittsburgh Steelers,Philadelphia Eagles,Raymond James Stadium,Lincoln Financial Field,Atlanta Falcons,Green Bay Packers,Raymond James Stadium,Lambeau Field,510,0,-510,510,0.0,0.0,America/New_York,America/New_York,0.0,0.0,0.0,0.0,0.0,0,1.025,-5.25,1.025,-5.25,Tampa Bay Buccaneers,6.275,Tampa Bay Buccaneers,6.275,1.025,-5.25,Tampa Bay Buccaneers,6.275,0.0,0,No,No,No,No,No,1,No,-1.4,-3.79,-2.096,-4.367,2.79755,-6.40955,2.79755,-6.40955,0.4114000000000001,-4.9884,-0.28341,-5.56659,Tampa Bay Buccaneers,9.2071,Tampa Bay Buccaneers,9.2071,2.79755,-6.40955,Tampa Bay Buccaneers,9.2071,Tampa Bay Buccaneers,2.39,Tampa Bay Buccaneers,2.271,-1.748,-4.0785,Tampa Bay Buccaneers,2.3305,Tampa Bay Buccaneers,5.3998,Tampa Bay Buccaneers,5.28318,0.063995,-5.277495,Tampa Bay Buccaneers,5.34149,Same,Same,Same,Same,Same,Same,False,Away Team,Away Team,45.5,105.0,-125.0,Tampa Bay Buccaneers,Carolina Panthers,1.5,-1.5,195,-244,195,-244,5.3998,-5.3998,5.28318,-5.28318,0.5556,0.4878,0.7093,0.339,0.7093,0.339,0.5325,0.4675,0.6766,0.3234,0.6766,0.3234,0.5325,0.4675,0.0325,-0.0325,,,97,7,2026-10-25,TB @ CAR,6.0,68.0,0.0,Historical Avg,False,B.Mayfield,B.Young,6.3,7.0,13.72,188.25,Med-High,-3.0,15.0,50.75,50.0,13.50604549870178,34.0,68.0,0.3172,0.6818,0.0852,0.0788,0.3416,0.6584,0.643,0.357,0.3579,0.6419,179,-179,,,,,,,,No Bet,,No Bet,,No Bet,,No Bet,,No Bet,,No Bet,,No Bet,,No Bet,,No Bet,,,,,,,,,,,,,,,,,,,,,,,,,,,,,7,-0.02114,-0.0961181818181818,Tampa Bay Buccaneers,Carolina Panthers,0,0,0,0,0,0,0,0,0,0,0,0,1,3.0,2.0,,,4335.336943835763,0.9978971606210948,0.9160160267258708,0.0029645873315276,0.008592548267964,6.008536728897761,19.83647271220165,6.843948252701726,17.41511923559488,0.0071048591110904,0.0079203297242719,0.0013859445774891,0.0015786427540384,0.0045755319526908,0.0040170163152731,0.0055956590693116,37.25159194779653,12.852484981599488,,,2246.0,4002.0,0.5325,0.4675,0.6403,0.3596,0.6754,0.324,Tampa Bay Buccaneers,Tampa Bay Buccaneers,Tampa Bay Buccaneers,Tampa Bay Buccaneers,Tampa Bay Buccaneers,Same,Same,Same,False,False,0.0029645873315276,0.008592548267964
2026_07_NYG_HOU,2026,7,2026-10-25,13:00,New York Giants,Houston Texans,Home,,,,,7,7,0,0,-4,0,NRG Stadium,29.6847,-95.4093,America/Chicago,False,False,7,7,Sunday,-4,0,NFC East,MetLife Stadium,40.8136,-74.0744,America/New_York,AFC South,NRG Stadium,29.6847,-95.4093,America/Chicago,New Orleans Saints,Jacksonville Jaguars,MetLife Stadium,Wembley Stadium,Philadelphia Eagles,Los Angeles Chargers,Lincoln Financial Field,SoFi Stadium,1421,0,-1421,1421,1.0,0.0,America/New_York,America/New_York,1.0,1.0,1.0,0.0,1.0,0,-2.84,0.035,-2.84,0.035,Houston Texans,2.875,Houston Texans,2.875,-2.84,0.035,Houston Texans,2.875,0.0,0,No,No,No,No,No,0,No,-3.53,2.96,-5.014,5.008,-1.923,-0.2085,-1.923,-0.2085,-2.6129999999999995,2.7165,-4.097,4.7645,Houston Texans,1.7145,Houston Texans,1.7145,-1.923,-0.2085,Houston Texans,1.7145,Houston Texans,6.49,Houston Texans,10.022,-4.272,3.984,Houston Texans,8.256,Houston Texans,5.3295,Houston Texans,8.8615,-3.355,3.7405,Houston Texans,7.0955,Same,Same,Same,Same,Same,Same,False,Home Team,Home Team,43.5,-244.0,200.0,Houston Texans,New York Giants,-5.5,5.5,-244,195,-416,314,-5.3295,5.3295,-8.8615,8.8615,0.3333,0.7093,0.339,0.7093,0.2415,0.8062,0.3197,0.6803,0.3234,0.6766,0.2305,0.7695,0.3197,0.6803,-0.1803,0.1803,,,98,7,2026-10-25,NYG @ HOU,0.0,70.0,0.0,Dome,True,J.Dart,C.Stroud,-9.92,-10.0,12.96,168.06,Med-Low,-19.0,-3.0,44.48,44.0,12.48369710056519,29.0,61.0,0.7826,0.2166,0.064,0.062,0.6694,0.3306,0.5058,0.4942,0.7272,0.2726,-267,267,,,,,,,,No Bet,,No Bet,,No Bet,,No Bet,,No Bet,,No Bet,,No Bet,,No Bet,,No Bet,,,,,,,,,,,,,,,,,,,,,,,,,,,,,7,-0.08101,0.0547199999999999,Houston Texans,New York Giants,0,0,0,0,0,0,0,1,0,0,0,1,0,2.0,4.0,,,4335.336943835763,0.9604234583669372,0.7905645363073511,0.1167269425053439,2.9377712410994827e-05,344.2662409932545,0.0407177215364636,161.78438519115605,0.0866445604043046,0.1599794242970071,0.0010686949891396,0.0794093389863854,0.0373176035189584,9.392054657795043e-06,1.9985657753199782e-05,0.0373375891767116,0.1273622819407683,506.0506261844105,,,2246.0,4002.0,0.325,0.675,0.273,0.7268,0.2132,0.7862,Houston Texans,Houston Texans,Houston Texans,Houston Texans,Houston Texans,Same,Same,Same,False,False,0.1167269425053439,2.9377712410994827e-05
2026_07_IND_MIN,2026,7,2026-10-25,13:00,Indianapolis Colts,Minnesota Vikings,Home,,,,,7,14,-7,7,-9,8,U.S. Bank Stadium,44.9738,-93.2575,America/Chicago,False,False,7,7,Sunday,-9,8,AFC South,Lucas Oil Stadium,39.7601,-86.1638,America/Indiana/Indianapolis,NFC North,U.S. Bank Stadium,44.9738,-93.2575,America/Chicago,Tennessee Titans,New Orleans Saints,Lucas Oil Stadium,Caesars Superdome,Jacksonville Jaguars,Detroit Lions,TIAA Bank Field,Ford Field,510,0,-510,510,1.0,0.0,America/Indiana/Indianapolis,America/Chicago,1.0,0.0,1.0,0.0,1.0,0,-2.265,0.27,-2.265,0.27,Minnesota Vikings,2.535,Minnesota Vikings,2.535,-2.265,0.27,Minnesota Vikings,2.535,0.0,0,No,No,No,No,No,0,No,0.93,-0.75,0.288,2.721,-2.5035,-0.2149999999999998,-2.5035,-0.2149999999999998,0.6915,-1.235,0.0494999999999998,2.236,Minnesota Vikings,2.2885,Minnesota Vikings,2.2885,-2.5035,-0.2149999999999998,Minnesota Vikings,2.2885,Indianapolis Colts,1.6800000000000002,Minnesota Vikings,2.4330000000000003,0.609,0.9855,Minnesota Vikings,0.3765,Indianapolis Colts,1.9265,Minnesota Vikings,2.1865,0.3704999999999999,0.5005,Minnesota Vikings,0.13,Different,Same,Different,Same,Same,Same,False,Away Team,Home Team,47.0,-143.0,120.0,Minnesota Vikings,Indianapolis Colts,-2.75,2.75,108,-131,-131,108,1.9265,-1.9265,-2.1865,2.1865,0.4545,0.5885,0.5671,0.4808,0.4808,0.5671,0.4358,0.5642,0.5412,0.4588,0.4588,0.5412,0.4358,0.5642,-0.0642,0.0642,,,99,7,2026-10-25,IND @ MIN,0.0,70.0,0.0,Dome,True,D.Jones,K.Murray,-5.12,-6.0,13.34,177.83,Medium,-14.0,5.0,52.88,53.0,13.54650947010944,36.0,70.0,0.6492,0.3502,0.0866,0.0832,0.6206,0.3794,0.6416,0.3276,0.5534,0.4465,-124,124,,,,,,,,No Bet,,No Bet,,No Bet,,No Bet,,No Bet,,No Bet,,No Bet,,No Bet,,No Bet,,,,,,,,,,,,,,,,,,,,,,,,,,,,,7,-0.0201399999999999,-0.0231545454545454,Minnesota Vikings,Indianapolis Colts,0,0,0,0,0,0,0,0,0,0,0,0,0,3.0,3.0,,,4335.336943835763,0.6982285945629282,0.9303885774989842,0.02144830022276,0.0012588428049051,52.462480224419465,2.3783818637602034,40.52312811379298,3.079125854826771,0.0247812810735348,0.0026309802869013,0.0121011309856812,0.0093471692370788,0.0005486036943776,0.0007102391105274,0.0100574083476062,5.457507718586974,92.98560833821244,,,2246.0,4002.0,0.4358,0.5642,0.4441,0.5556,0.3406,0.6582,Minnesota Vikings,Minnesota Vikings,Minnesota Vikings,Minnesota Vikings,Minnesota Vikings,Same,Same,Same,False,False,0.02144830022276,0.0012588428049051
2026_07_MIA_NYJ,2026,7,2026-10-25,13:00,Miami Dolphins,New York Jets,Home,,,,,14,7,7,-7,4,-12,MetLife Stadium,40.8136,-74.0744,America/New_York,False,False,7,7,Sunday,4,-12,AFC East,Hard Rock Stadium,25.9602,-80.2384,America/New_York,AFC East,MetLife Stadium,40.8136,-74.0744,America/New_York,Cincinnati Bengals,New England Patriots,Hard Rock Stadium,Gillette Stadium,New England Patriots,Las Vegas Raiders,Hard Rock Stadium,MetLife Stadium,1085,0,-1085,1085,0.0,0.0,America/New_York,America/New_York,0.0,0.0,0.0,0.0,0.0,0,0.66,-3.725,0.66,-3.725,Miami Dolphins,4.385,Miami Dolphins,4.385,0.66,-3.725,Miami Dolphins,4.385,0.0,0,No,No,No,No,No,1,No,-5.46,-9.26,-3.956,-6.95,0.1886149999999999,-3.916115,0.1886149999999999,-3.916115,-5.925535,-9.456965,-4.413475,-7.155025000000001,Miami Dolphins,4.104729999999999,Miami Dolphins,4.104729999999999,0.1886149999999999,-3.916115,Miami Dolphins,4.104729999999999,Miami Dolphins,3.8,Miami Dolphins,2.994,-4.708,-8.105,Miami Dolphins,3.397,Miami Dolphins,3.5314300000000003,Miami Dolphins,2.741550000000001,-5.169505,-8.305995000000001,Miami Dolphins,3.136490000000001,Same,Same,Same,Same,Same,Same,False,Away Team,Away Team,41.5,-143.0,120.0,New York Jets,Miami Dolphins,-2.5,2.5,156,-191,117,-142,3.5314300000000003,-3.5314300000000003,2.741550000000001,-2.741550000000001,0.4545,0.5885,0.6564,0.3906,0.5868,0.4608,0.4358,0.5642,0.6269,0.3731,0.5601,0.4399,0.4358,0.5642,-0.0642,0.0642,,,100,7,2026-10-25,MIA @ NYJ,12.0,62.0,0.0,Historical Avg,False,M.Willis,G.Smith,3.25,4.0,13.07,170.82,Medium,-7.0,13.0,42.29,42.0,12.462783926420263,26.0,58.0,0.4014,0.5986,0.0912,0.099,0.3676,0.6324,0.5092,0.4908,0.4446,0.5554,125,-125,,,,,,,,No Bet,,No Bet,,No Bet,,No Bet,,No Bet,,No Bet,,No Bet,,No Bet,,No Bet,,,,,,,,,,,,,,,,,,,,,,,,,,,,,7,-0.2365636363636363,-0.15997,New York Jets,Miami Dolphins,0,0,0,0,0,0,0,0,0,0,0,0,1,0.0,1.0,,,4335.336943835763,0.988918290014602,0.9993736409651952,0.0553959178930033,0.0029115273135141,135.49825472376156,5.500864549030345,104.66171465546844,7.121587376234329,0.0511668995888653,0.0031433870079798,0.0312543768752324,0.0241415410177708,0.0012688436032294,0.0016426837102846,0.0257842247280555,12.622451925264672,240.15996937923,,,2246.0,4002.0,0.4358,0.5642,0.5571,0.4426,0.6056,0.3932,New York Jets,Miami Dolphins,Miami Dolphins,Miami Dolphins,Miami Dolphins,Same,Same,Same,False,False,0.0553959178930033,0.0029115273135141
2026_07_CLE_TEN,2026,7,2026-10-25,13:00,Cleveland Browns,Tennessee Titans,Home,,,,,7,7,0,0,3,1,Nissan Stadium,36.1664,-86.7716,America/Chicago,False,False,7,7,Sunday,3,1,AFC North,FirstEnergy Stadium,41.5061,-81.6994,America/New_York,AFC South,Nissan Stadium,36.1664,-86.7716,America/Chicago,Baltimore Ravens,Indianapolis Colts,FirstEnergy Stadium,Lucas Oil Stadium,Pittsburgh Steelers,Cincinnati Bengals,Acrisure Stadium,Paycor Stadium,458,0,-458,458,1.0,0.0,America/New_York,America/Indiana/Indianapolis,1.0,1.0,1.0,0.0,1.0,0,-4.705,-4.36,-4.705,-4.36,Tennessee Titans,0.3449999999999997,Tennessee Titans,0.3449999999999997,-4.705,-4.36,Tennessee Titans,0.3449999999999997,0.0,0,No,No,No,No,No,0,No,-6.94,-8.19,-7.475,-8.36,-4.6235,-5.976000000000001,-4.6235,-5.976000000000001,-6.8585,-9.806,-7.393499999999999,-9.976,Cleveland Browns,1.352500000000001,Cleveland Browns,1.352500000000001,-4.6235,-5.976000000000001,Cleveland Browns,1.352500000000001,Cleveland Browns,1.2499999999999991,Cleveland Browns,0.8849999999999998,-7.2075,-8.274999999999999,Cleveland Browns,1.067499999999999,Cleveland Browns,2.947499999999999,Cleveland Browns,2.5825,-7.126,-9.890999999999998,Cleveland Browns,2.764999999999999,Different,Different,Same,Same,Same,Same,False,Away Team,Away Team,40.5,-135.0,114.0,Tennessee Titans,Cleveland Browns,-2.5,2.5,135,-164,117,-142,2.947499999999999,-2.947499999999999,2.5825,-2.5825,0.4673,0.5745,0.6212,0.4255,0.5868,0.4608,0.4486,0.5514,0.5935,0.4065,0.5601,0.4399,0.4486,0.5514,-0.0514,0.0514,,,101,7,2026-10-25,CLE @ TEN,8.0,68.0,0.0,Historical Avg,False,S.Sanders,C.Ward,0.47,1.0,13.12,172.15,Medium,-9.0,10.0,39.03,39.0,12.310941345622728,23.0,55.0,0.476,0.5232,0.0972,0.093,0.4374,0.5626,0.4356,0.5644,0.4684,0.5314,113,-113,,,,,,,,No Bet,,No Bet,,No Bet,,No Bet,,No Bet,,No Bet,,No Bet,,No Bet,,No Bet,,,,,,,,,,,,,,,,,,,,,,,,,,,,,7,-0.13115,-0.12482,Tennessee Titans,Cleveland Browns,0,0,0,0,0,0,0,0,0,0,0,0,0,1.5,1.5,,,4335.336943835763,0.9952470597289292,0.9969576942028764,0.0374727723174264,0.002574777811786,89.57884175052872,5.007510675204599,72.87825246515631,6.155018694399946,0.0209817185709365,0.0041844347043744,0.0206624866558289,0.0168102856615975,0.0011550453263672,0.0014197324854188,0.0182300181470163,11.162529369604544,162.45709421568503,,,2246.0,4002.0,0.4486,0.5514,0.5309,0.4688,0.5214,0.4774,Tennessee Titans,Cleveland Browns,Cleveland Browns,Cleveland Browns,Cleveland Browns,Same,Same,Same,False,False,0.0374727723174264,0.002574777811786
2026_07_DEN_ARI,2026,7,2026-10-25,16:05,Denver Broncos,Arizona Cardinals,Home,,,,,10,7,3,-3,3,-6,State Farm Stadium,33.5277,-112.262608,America/Denver,False,False,7,7,Sunday,3,-6,AFC West,Empower Field at Mile High,39.7648,-105.0076,America/Denver,NFC West,State Farm Stadium,33.5277,-112.262608,America/Denver,Seattle Seahawks,Los Angeles Rams,Empower Field at Mile High,SoFi Stadium,Kansas City Chiefs,Dallas Cowboys,Empower Field at Mile High,AT&T Stadium,589,0,-589,589,0.0,0.0,America/Denver,America/Los_Angeles,0.0,-1.0,0.0,0.0,0.0,0,2.05,0.075,2.05,0.075,Denver Broncos,1.975,Denver Broncos,1.975,2.05,0.075,Denver Broncos,1.975,0.0,0,No,No,No,No,No,0,No,-0.48,-4.4,3.499,-3.837,3.0055,-1.3675,3.0055,-1.3675,0.4755,-5.842499999999999,4.4545,-5.2795000000000005,Denver Broncos,4.372999999999999,Denver Broncos,4.372999999999999,3.0055,-1.3675,Denver Broncos,4.372999999999999,Denver Broncos,3.92,Denver Broncos,7.336,1.5095,-4.1185,Denver Broncos,5.628,Denver Broncos,6.318,Denver Broncos,9.734000000000002,2.4650000000000003,-5.561,Denver Broncos,8.026,Same,Same,Same,Same,Same,Same,False,Away Team,Away Team,43.5,295.0,-370.0,Denver Broncos,Arizona Cardinals,7.5,-7.5,224,-282,327,-436,6.318,-6.318,9.734000000000002,-9.734000000000002,0.7872,0.2532,0.7382,0.3086,0.8134,0.2342,0.7567,0.2433,0.7052,0.2948,0.7765,0.2235,0.7567,0.2433,0.2567,-0.2567,,,102,7,2026-10-25,DEN @ ARI,0.0,70.0,0.0,Dome,True,B.Nix,J.Brissett,9.87,10.0,12.82,164.35,Med-Low,3.0,19.0,43.38,43.0,12.540774665300432,28.0,60.0,0.2218,0.7776,0.0742,0.0774,0.4176,0.5824,0.4668,0.5332,0.2458,0.754,307,-307,,,,,,,,No Bet,,No Bet,,No Bet,,No Bet,,No Bet,,No Bet,,No Bet,,No Bet,,No Bet,,,,,,,,,,,,,,,,,,,,,,,,,,,,,7,0.0925899999999999,-0.22071,Denver Broncos,Arizona Cardinals,1,0,0,0,0,0,1,0,1,0,1,0,0,4.5,0.0,,,4335.336943835763,0.9997242665212585,0.9971412406178566,0.0001096423285827,0.4290259093965672,0.1156493552955211,1407.4407177138814,0.3596870824172662,452.5311571557913,0.0002736031538015,0.3476217067744062,2.667597854417249e-05,8.296635003853401e-05,0.3246439056403824,0.1043820037561847,0.1044649701062233,1859.9718748696728,0.4753364377127874,,,2246.0,4002.0,0.7505,0.2495,0.754,0.2459,0.784,0.2158,Denver Broncos,Denver Broncos,Denver Broncos,Denver Broncos,Denver Broncos,Same,Same,Same,False,False,0.0001096423285827,0.4290259093965672
2026_07_GB_DET,2026,7,2026-10-25,16:25,Green Bay Packers,Detroit Lions,Home,,,,,7,14,-7,7,-7,10,Ford Field,42.3395,-83.045,America/Detroit,False,False,7,7,Sunday,-7,10,NFC North,Lambeau Field,44.5013,-88.0622,America/Chicago,NFC North,Ford Field,42.3395,-83.045,America/Detroit,Dallas Cowboys,Arizona Cardinals,Lambeau Field,State Farm Stadium,Carolina Panthers,Minnesota Vikings,Lambeau Field,Ford Field,292,0,-292,292,-1.0,0.0,America/Chicago,America/Denver,-1.0,-2.0,-1.0,0.0,-1.0,0,3.535,4.305,3.535,4.305,Detroit Lions,0.7699999999999996,Detroit Lions,0.7699999999999996,3.535,4.305,Detroit Lions,0.7699999999999996,0.0,0,No,No,No,No,No,1,No,5.09,3.98,2.933,3.658,2.317505,4.473995,2.317505,4.473995,3.853705,4.167795,1.7150549999999998,3.827445,Detroit Lions,2.15649,Detroit Lions,2.15649,2.317505,4.473995,Detroit Lions,2.15649,Green Bay Packers,1.11,Detroit Lions,0.7250000000000001,4.0115,3.819,Green Bay Packers,0.1924999999999999,Detroit Lions,0.3140900000000002,Detroit Lions,2.1123899999999995,2.78438,3.99762,Detroit Lions,1.21324,Different,Same,Same,Same,Different,Same,False,Home Team,Home Team,50.5,-143.0,120.0,Detroit Lions,Green Bay Packers,-2.5,2.5,-116,-104,-131,108,-0.3140900000000002,0.3140900000000002,-2.1123899999999995,2.1123899999999995,0.4545,0.5885,0.5098,0.537,0.4808,0.5671,0.4358,0.5642,0.487,0.513,0.4588,0.5412,0.4358,0.5642,-0.0642,0.0642,,,103,7,2026-10-25,GB @ DET,0.0,70.0,0.0,Dome,True,J.Love,J.Goff,3.63,4.0,13.07,170.78,Medium,-6.0,13.0,58.05,57.0,14.416102768911188,40.0,76.0,0.3816,0.6174,0.09,0.0964,0.343,0.657,0.6824,0.3176,0.5,0.4998,-100,100,,,,,,,,No Bet,,No Bet,,No Bet,,No Bet,,No Bet,,No Bet,,No Bet,,No Bet,,No Bet,,,,,,,,,,,,,,,,,,,,,,,,,,,,,7,0.08419,0.0918545454545454,Detroit Lions,Green Bay Packers,0,1,1,0,0,0,1,0,1,1,1,0,1,4.5,4.5,,,4335.336943835763,0.4141699207575397,0.7941942721808338,0.0068706780894319,0.0003505372672891,16.805658707288952,0.6622840245375164,12.981045843028223,0.8574131405325075,0.0231472429017544,0.0030642200588981,0.0038764365780574,0.0029942415113744,0.0001527641410846,0.0001977731262045,0.0031920146375789,1.519697165070024,29.78670455031717,,,2246.0,4002.0,0.4486,0.5514,0.5007,0.4991,0.6084,0.3908,Detroit Lions,Green Bay Packers,Green Bay Packers,Green Bay Packers,Detroit Lions,Same,Same,Different,False,False,0.0068706780894319,0.0003505372672891
2026_07_LA_LV,2026,7,2026-10-25,16:25,Los Angeles Rams,Las Vegas Raiders,Home,,,,,7,7,0,0,2,1,Allegiant Stadium,36.108,-115.1578,America/Los_Angeles,False,False,7,7,Sunday,2,1,NFC West,SoFi Stadium,33.9535,-118.3395,America/Los_Angeles,AFC West,Allegiant Stadium,36.108,-115.1578,America/Los_Angeles,Arizona Cardinals,Buffalo Bills,SoFi Stadium,Allegiant Stadium,Los Angeles Chargers,New York Jets,SoFi Stadium,MetLife Stadium,233,0,-233,233,0.0,0.0,America/Los_Angeles,America/Los_Angeles,0.0,0.0,0.0,0.0,0.0,0,1.29,-2.35,1.29,-2.35,Los Angeles Rams,3.64,Los Angeles Rams,3.64,1.29,-2.35,Los Angeles Rams,3.64,0.0,0,No,No,No,No,No,0,No,8.12,-8.15,7.087,-7.588,2.1020000000000003,-2.2715,2.1020000000000003,-2.2715,8.931999999999999,-8.0715,7.898999999999999,-7.5095,Los Angeles Rams,4.3735,Los Angeles Rams,4.3735,2.1020000000000003,-2.2715,Los Angeles Rams,4.3735,Los Angeles Rams,16.27,Los Angeles Rams,14.675,7.603499999999999,-7.869,Los Angeles Rams,15.4725,Los Angeles Rams,17.0035,Los Angeles Rams,15.4085,8.415499999999998,-7.7905,Los Angeles Rams,16.205999999999996,Same,Same,Same,Same,Same,Same,False,Away Team,Away Team,46.5,275.0,-345.0,Los Angeles Rams,Las Vegas Raiders,7.5,-7.5,769,-1381,702,-1197,17.0035,-17.0035,15.4085,-15.4085,0.7753,0.2667,0.9325,0.1151,0.9229,0.1247,0.7441,0.2559,0.8901,0.1099,0.881,0.119,0.7441,0.2559,0.2441,-0.2441,,,104,7,2026-10-25,LA @ LV,0.0,70.0,0.0,Dome,True,M.Stafford,K.Cousins,13.54,13.0,12.31,151.66,Low,6.0,22.0,48.38,48.0,13.007058880321225,32.0,65.0,0.1292,0.8704,0.0594,0.0602,0.3152,0.6848,0.544,0.456,0.1535,0.8464,551,-551,,,,,,,,No Bet,,No Bet,,No Bet,,No Bet,,No Bet,,No Bet,,No Bet,,No Bet,,No Bet,,,,,,,,,,,,,,,,,,,,,,,,,,,,,7,0.13183,-0.1302,Los Angeles Rams,Las Vegas Raiders,1,0,0,0,0,0,1,0,1,0,1,0,0,5.0,1.5,,,4335.336943835763,0.9215086135969818,0.4166368504111847,2.7866633696917047e-05,0.1610996385441709,0.0309155979963886,519.6952257980961,0.0898956485701944,178.72598882103586,0.0003560082257545,0.1239925507552236,7.131071563041073e-06,2.073556213387597e-05,0.1198742410407175,0.0412253975034533,0.0412461330655872,698.4212146191319,0.120811246566583,,,2246.0,4002.0,0.7441,0.2559,0.8461,0.1538,0.8692,0.1304,Los Angeles Rams,Los Angeles Rams,Los Angeles Rams,Los Angeles Rams,Los Angeles Rams,Same,Same,Same,False,False,2.7866633696917047e-05,0.1610996385441709
2026_07_KC_SEA,2026,7,2026-10-25,20:20,Kansas City Chiefs,Seattle Seahawks,Home,,,,,7,10,-3,3,3,7,Lumen Field,47.5952,-122.3316,America/Los_Angeles,False,False,7,7,Sunday,3,7,AFC West,GEHA Field at Arrowhead Stadium,39.0489,-94.4839,America/Chicago,NFC West,Lumen Field,47.5952,-122.3316,America/Los_Angeles,Los Angeles Chargers,Denver Broncos,GEHA Field at Arrowhead Stadium,Empower Field at Mile High,Denver Broncos,Chicago Bears,Empower Field at Mile High,Lumen Field,1508,0,-1508,1508,2.0,0.0,America/Chicago,America/Denver,2.0,1.0,2.0,0.0,2.0,0,4.395,-0.13,4.395,-0.13,Kansas City Chiefs,4.525,Kansas City Chiefs,4.525,4.395,-0.13,Kansas City Chiefs,4.525,-0.15,0,No,No,No,No,No,0,No,-2.17,10.42,0.625,10.022,6.5085,0.473,6.5085,0.473,-0.0565000000000002,11.023,2.7385,10.625,Kansas City Chiefs,6.0355,Kansas City Chiefs,6.0355,6.5085,0.473,Kansas City Chiefs,6.0355,Seattle Seahawks,12.59,Seattle Seahawks,9.397,-0.7725,10.221,Seattle Seahawks,10.9935,Seattle Seahawks,11.0795,Seattle Seahawks,7.8865,1.341,10.824,Seattle Seahawks,9.483,Different,Different,Different,Different,Same,Same,False,Home Team,Home Team,45.5,-175.0,145.0,Seattle Seahawks,Kansas City Chiefs,-3.0,3.0,-567,406,-366,282,-11.0795,11.0795,-7.8865,7.8865,0.4082,0.6364,0.1976,0.8501,0.2618,0.7854,0.3908,0.6092,0.1886,0.8114,0.25,0.75,0.3908,0.6092,-0.1092,0.1092,,,105,7,2026-10-25,KC @ SEA,10.0,55.0,0.0,Historical Avg,False,P.Mahomes,S.Darnold,-9.52,-10.0,12.36,152.74,Low,-18.0,-3.0,45.47,45.0,12.648648056592132,29.0,62.0,0.7884,0.211,0.0756,0.0752,0.7074,0.2438,0.4882,0.5118,0.7397,0.2601,-284,284,,,,,,,,No Bet,,No Bet,,No Bet,,No Bet,,No Bet,,No Bet,,No Bet,,No Bet,,No Bet,,,,,,,,,,,,,,,,,,,,,,,,,,,,,7,0.078790909090909,0.12596,Seattle Seahawks,Kansas City Chiefs,0,0,1,0,0,1,0,0,1,0,0,1,0,4.5,5.0,,,4335.336943835763,0.7972614495088934,0.6783936501036305,0.0190209109723609,0.0003163272412562,50.23588576033613,0.5359373265305697,32.22617228355116,0.8354478488291276,0.01975557692422,0.0011493407387701,0.0115875389643622,0.0074333720079986,0.0001236206858829,0.0001927065553732,0.0076260785633719,1.3713851753596973,82.4620580438873,,,2246.0,4002.0,0.3908,0.6092,0.264,0.7357,0.2266,0.7722,Seattle Seahawks,Seattle Seahawks,Seattle Seahawks,Seattle Seahawks,Seattle Seahawks,Same,Same,Same,False,False,0.0190209109723609,0.0003163272412562
2026_07_DAL_PHI,2026,7,2026-10-26,20:15,Dallas Cowboys,Philadelphia Eagles,Home,,,,,8,8,0,0,3,-8,Lincoln Financial Field,39.9008,-75.1675,America/New_York,False,True,7,7,Monday,3,-8,NFC East,AT&T Stadium,32.7369,-97.0826,America/Chicago,NFC East,Lincoln Financial Field,39.9008,-75.1675,America/New_York,Green Bay Packers,Carolina Panthers,Lambeau Field,Lincoln Financial Field,Arizona Cardinals,Washington Commanders,AT&T Stadium,FedExField,1311,0,-1311,1311,-1.0,0.0,America/Chicago,America/New_York,-1.0,0.0,-1.0,0.0,-1.0,0,-0.615,4.905,-0.615,4.905,Philadelphia Eagles,5.5200000000000005,Philadelphia Eagles,5.5200000000000005,-0.615,4.905,Philadelphia Eagles,5.5200000000000005,0.0,0,No,No,No,No,No,1,No,-1.01,5.52,-3.616,3.682,-0.4659299999999999,5.81293,-0.4659299999999999,5.81293,-0.85083,6.41783,-3.4491500000000004,4.57215,Philadelphia Eagles,6.27886,Philadelphia Eagles,6.27886,-0.4659299999999999,5.81293,Philadelphia Eagles,6.27886,Philadelphia Eagles,6.529999999999999,Philadelphia Eagles,7.298,-2.313,4.601,Philadelphia Eagles,6.914,Philadelphia Eagles,7.26866,Philadelphia Eagles,8.0213,-2.1499900000000003,5.49499,Philadelphia Eagles,7.64498,Same,Same,Same,Same,Same,Same,False,Home Team,Home Team,48.5,-161.0,136.0,Philadelphia Eagles,Dallas Cowboys,-3.0,3.0,-346,268,-366,282,-7.26866,7.26866,-8.0213,8.0213,0.4237,0.6169,0.2717,0.7758,0.2618,0.7854,0.4072,0.5928,0.2594,0.7406,0.25,0.75,0.4072,0.5928,-0.0928,0.0928,,,106,7,2026-10-26,DAL @ PHI,12.0,64.0,0.0,Historical Avg,False,D.Prescott,J.Hurts,-9.38,-10.0,13.34,178.05,Medium,-18.0,-1.0,54.72,54.0,13.727752991674931,37.0,73.0,0.7626,0.2362,0.0666,0.0704,0.692,0.273,0.6704,0.3296,0.7115,0.2882,-247,247,,,,,,,,No Bet,,No Bet,,No Bet,,No Bet,,No Bet,,No Bet,,No Bet,,No Bet,,No Bet,,,,,,,,,,,,,,,,,,,,,,,,,,,,,7,0.05399,0.09358,Philadelphia Eagles,Dallas Cowboys,1,0,0,1,0,1,0,0,1,1,0,1,1,4.0,4.5,,,4335.336943835763,0.828610554105427,0.9019816809832908,0.0153934319510867,6.949431538103019e-05,39.5609313955252,0.1226817343077589,27.17478283444308,0.1785995385501951,0.0354465956122505,0.0017336214633043,0.0091252264606042,0.0062682054904825,2.8298085223155494e-05,4.1196230157874696e-05,0.0063094017206404,0.3012812728579541,66.73571422996828,,,2246.0,4002.0,0.4072,0.5928,0.2864,0.7135,0.229,0.7706,Philadelphia Eagles,Philadelphia Eagles,Philadelphia Eagles,Philadelphia Eagles,Philadelphia Eagles,Same,Same,Same,False,False,0.0153934319510867,6.949431538103019e-05
2026_08_CAR_GB,2026,8,2026-10-29,20:15,Carolina Panthers,Green Bay Packers,Home,,,,,4,4,0,0,7,-7,Lambeau Field,44.5013,-88.0622,America/Chicago,False,False,8,8,Thursday,7,-7,NFC South,Bank of America Stadium,35.2258,-80.8528,America/New_York,NFC North,Lambeau Field,44.5013,-88.0622,America/Chicago,Tampa Bay Buccaneers,Detroit Lions,Bank of America Stadium,Ford Field,Denver Broncos,New England Patriots,Bank of America Stadium,Gillette Stadium,745,0,-745,745,1.0,0.0,America/New_York,America/Detroit,1.0,1.0,1.0,0.0,1.0,0,-5.25,3.535,-5.25,3.535,Green Bay Packers,8.785,Green Bay Packers,8.785,-5.25,3.535,Green Bay Packers,8.785,0.0,0,No,No,No,No,No,0,No,-3.79,5.09,-4.367,2.933,-3.2215000000000003,3.4745,-3.2215000000000003,3.4745,-1.7614999999999998,5.0295000000000005,-2.3385,2.8725,Green Bay Packers,6.696,Green Bay Packers,6.696,-3.2215000000000003,3.4745,Green Bay Packers,6.696,Green Bay Packers,8.879999999999999,Green Bay Packers,7.3,-4.0785,4.0115,Green Bay Packers,8.09,Green Bay Packers,6.791,Green Bay Packers,5.210999999999999,-2.05,3.951,Green Bay Packers,6.001,Same,Same,Same,Same,Same,Same,True,Home Team,Home Team,45.5,-345.0,275.0,Green Bay Packers,Carolina Panthers,-7.0,7.0,-319,249,-234,188,-6.791,6.791,-5.210999999999999,5.210999999999999,0.2667,0.7753,0.2865,0.7613,0.3472,0.7006,0.2559,0.7441,0.2734,0.7266,0.3314,0.6686,0.2559,0.7441,-0.2441,0.2441,,,107,8,2026-10-29,CAR @ GB,12.0,52.0,0.0,Historical Avg,False,B.Young,J.Love,-13.03,-13.0,12.3,151.19,Low,-21.0,-5.0,49.88,49.0,13.557237024377311,33.0,68.0,0.86,0.139,0.0642,0.0644,0.6726,0.276,0.6108,0.3892,0.7498,0.2499,-300,300,,,,,,,,No Bet,,No Bet,,No Bet,,No Bet,,No Bet,,No Bet,,No Bet,,No Bet,,No Bet,,,,,,,,,,,,,,,,,,,,,,,,,,,,,8,-0.08132,0.0664222222222222,Green Bay Packers,Carolina Panthers,0,0,0,1,0,0,0,1,0,1,0,1,0,2.0,4.0,,,3009.113730114393,0.7939741794612036,0.995900381081403,0.1331458865175405,3.157876081700855e-07,298.12449484129183,0.0002431666277686,102.52662038689232,0.0007070741997759,0.1193490341369728,0.0001517168971607,0.0990738541577019,0.0340720323598386,8.081004893072488e-08,2.349775592393606e-07,0.0340722673373978,0.0009502408275445,400.65111522818415,,,2002.0,244.0,0.2559,0.7441,0.2524,0.7474,0.149,0.8504,Green Bay Packers,Green Bay Packers,Green Bay Packers,Green Bay Packers,Green Bay Packers,Same,Same,Same,False,False,0.1331458865175405,3.157876081700855e-07
2026_08_BAL_BUF,2026,8,2026-11-01,13:00,Baltimore Ravens,Buffalo Bills,Home,,,,,7,14,-7,7,-13,9,Highmark Stadium,42.7725,-78.7877,America/New_York,False,False,8,8,Sunday,-13,9,AFC North,M&T Bank Stadium,39.2789,-76.6228,America/New_York,AFC East,Highmark Stadium,42.7725,-78.7877,America/New_York,Cincinnati Bengals,Las Vegas Raiders,M&T Bank Stadium,Allegiant Stadium,Jacksonville Jaguars,Minnesota Vikings,M&T Bank Stadium,U.S. Bank Stadium,266,0,-266,266,0.0,0.0,America/New_York,America/Los_Angeles,0.0,-3.0,0.0,0.0,0.0,0,6.69,4.795,6.69,4.795,Baltimore Ravens,1.8950000000000005,Baltimore Ravens,1.8950000000000005,6.69,4.795,Baltimore Ravens,1.8950000000000005,0.0,0,No,No,No,No,No,0,No,5.1,6.16,2.881,3.416,5.3435,5.367500000000001,5.3435,5.367500000000001,3.7535,6.732500000000001,1.5345,3.9885,Buffalo Bills,0.0240000000000009,Buffalo Bills,0.0240000000000009,5.3435,5.367500000000001,Buffalo Bills,0.0240000000000009,Buffalo Bills,1.0600000000000005,Buffalo Bills,0.5350000000000001,3.9905,4.788,Buffalo Bills,0.7975000000000003,Buffalo Bills,2.979000000000001,Buffalo Bills,2.454,2.644,5.3605,Buffalo Bills,2.7165000000000004,Different,Different,Same,Same,Same,Same,False,Home Team,Home Team,51.5,-135.0,114.0,Buffalo Bills,Baltimore Ravens,-2.5,2.5,-164,135,-142,117,-2.979000000000001,2.979000000000001,-2.454,2.454,0.4673,0.5745,0.4255,0.6212,0.4608,0.5868,0.4486,0.5514,0.4065,0.5935,0.4399,0.5601,0.4486,0.5514,-0.0514,0.0514,,,108,8,2026-11-01,BAL @ BUF,15.0,40.0,0.0,Historical Avg,False,L.Jackson,J.Allen,-0.49,-1.0,14.29,204.24,High,-10.0,10.0,57.73,57.0,14.019092001556649,40.0,76.0,0.5198,0.479,0.081,0.0856,0.4834,0.5166,0.6544,0.3456,0.5562,0.4435,-125,125,,,,,,,,No Bet,,No Bet,,No Bet,,No Bet,,No Bet,,No Bet,,No Bet,,No Bet,,No Bet,,,,,,,,,,,,,,,,,,,,,,,,,,,,,8,0.1164222222222222,0.1413199999999999,Buffalo Bills,Baltimore Ravens,0,1,0,0,0,1,0,0,0,1,0,1,0,4.5,5.0,,,3009.113730114393,0.897420282646257,0.6348051027102753,0.0030236379463876,0.0001985720025328,5.016896611296516,0.2680500466221519,4.081573848073298,0.3294756926158149,0.0046107613874873,0.0023798147949154,0.0016672339636381,0.0013564039827494,8.907940033624513e-05,0.0001094926021966,0.0014658965849461,0.5975257392379668,9.098470459369814,,,2002.0,244.0,0.4486,0.5514,0.4428,0.557,0.4764,0.5228,Buffalo Bills,Buffalo Bills,Buffalo Bills,Buffalo Bills,Buffalo Bills,Same,Same,Same,False,False,0.0030236379463876,0.0001985720025328
2026_08_TEN_CIN,2026,8,2026-11-01,13:00,Tennessee Titans,Cincinnati Bengals,Home,,,,,7,7,0,0,1,7,Paycor Stadium,39.0955,-84.5165,America/New_York,False,False,8,8,Sunday,1,7,AFC South,Nissan Stadium,36.1664,-86.7716,America/Chicago,AFC North,Paycor Stadium,39.0955,-84.5165,America/New_York,Cleveland Browns,Baltimore Ravens,Nissan Stadium,M&T Bank Stadium,Jacksonville Jaguars,Atlanta Falcons,Nissan Stadium,Bernabéu Stadium,237,0,-237,237,-1.0,0.0,America/Chicago,America/New_York,-1.0,0.0,-1.0,0.0,-1.0,0,-4.36,1.31,-4.36,1.31,Cincinnati Bengals,5.67,Cincinnati Bengals,5.67,-4.36,1.31,Cincinnati Bengals,5.67,0.0,0,No,No,No,No,No,0,No,-8.19,-0.04,-8.36,-0.609,-2.7190000000000007,3.2485,-2.7190000000000007,3.2485,-6.548999999999998,1.8985,-6.718999999999998,1.3295,Cincinnati Bengals,5.967500000000001,Cincinnati Bengals,5.967500000000001,-2.7190000000000007,3.2485,Cincinnati Bengals,5.967500000000001,Cincinnati Bengals,8.15,Cincinnati Bengals,7.750999999999999,-8.274999999999999,-0.3245,Cincinnati Bengals,7.950499999999998,Cincinnati Bengals,8.447499999999998,Cincinnati Bengals,8.048499999999997,-6.633999999999998,1.614,Cincinnati Bengals,8.247999999999998,Same,Same,Same,Same,Same,Same,False,Home Team,Home Team,49.5,-294.0,235.0,Cincinnati Bengals,Tennessee Titans,-6.5,6.5,-397,302,-366,282,-8.447499999999998,8.447499999999998,-8.048499999999997,8.048499999999997,0.2985,0.7462,0.2488,0.7988,0.2618,0.7854,0.2857,0.7143,0.2375,0.7625,0.25,0.75,0.2857,0.7143,-0.2143,0.2143,,,109,8,2026-11-01,TEN @ CIN,10.0,48.0,0.0,Historical Avg,False,C.Ward,J.Burrow,-11.72,-12.0,13.01,169.31,Med-Low,-20.0,-4.0,50.76,50.0,12.86173436524703,35.0,68.0,0.821,0.1788,0.0612,0.0698,0.6834,0.3166,0.5314,0.4686,0.7619,0.238,-320,320,,,,,,,,No Bet,,No Bet,,No Bet,,No Bet,,No Bet,,No Bet,,No Bet,,No Bet,,No Bet,,,,,,,,,,,,,,,,,,,,,,,,,,,,,8,-0.1148777777777777,0.1150199999999999,Cincinnati Bengals,Tennessee Titans,0,0,0,0,0,0,0,0,0,0,0,0,0,1.5,4.5,,,3009.113730114393,0.8634093667910478,0.9654778818962512,0.0670898511857204,1.2183696606840848e-05,144.20359283866426,0.0104743701819302,57.6773995156186,0.0261877585612627,0.0955520460615633,0.0004111454443822,0.0479222807019601,0.0191675704837603,3.4808821205744306e-06,8.702814486266418e-06,0.0191762732982466,0.0366621287431929,201.88099235428288,,,2002.0,244.0,0.2857,0.7143,0.2388,0.7608,0.1822,0.8166,Cincinnati Bengals,Cincinnati Bengals,Cincinnati Bengals,Cincinnati Bengals,Cincinnati Bengals,Same,Same,Same,False,False,0.0670898511857204,1.2183696606840848e-05
2026_08_ARI_DAL,2026,8,2026-11-01,13:00,Arizona Cardinals,Dallas Cowboys,Home,,,,,7,6,1,-1,-5,2,AT&T Stadium,32.7369,-97.0826,America/Chicago,False,False,8,8,Sunday,-5,2,NFC West,State Farm Stadium,33.5277,-112.262608,America/Denver,NFC East,AT&T Stadium,32.7369,-97.0826,America/Chicago,Denver Broncos,Philadelphia Eagles,State Farm Stadium,Lincoln Financial Field,Seattle Seahawks,Indianapolis Colts,Lumen Field,Lucas Oil Stadium,879,0,-879,879,-1.0,0.0,America/Denver,America/New_York,-1.0,1.0,-1.0,0.0,-1.0,0,0.075,-0.615,0.075,-0.615,Arizona Cardinals,0.69,Arizona Cardinals,0.69,0.075,-0.615,Arizona Cardinals,0.69,0.0,0,No,No,No,No,No,0,Yes,-4.4,-1.01,-3.837,-3.616,0.7424999999999999,-0.625,0.7424999999999999,-0.625,-3.7325,-1.0199999999999998,-3.1695,-3.626,Arizona Cardinals,1.3675,Arizona Cardinals,1.3675,0.7424999999999999,-0.625,Arizona Cardinals,1.3675,Dallas Cowboys,3.390000000000001,Dallas Cowboys,0.221,-4.1185,-2.313,Dallas Cowboys,1.8055,Dallas Cowboys,2.7125000000000004,Arizona Cardinals,0.4565000000000001,-3.451,-2.323,Dallas Cowboys,1.128,Different,Different,Different,Same,Same,Different,False,Home Team,Away Team,48.5,-556.0,410.0,Dallas Cowboys,Arizona Cardinals,-10.5,10.5,-142,117,-104,-116,-2.7125000000000004,2.7125000000000004,0.4565000000000001,-0.4565000000000001,0.1961,0.8476,0.4608,0.5868,0.537,0.5098,0.1879,0.8121,0.4399,0.5601,0.513,0.487,0.1879,0.8121,-0.3121,0.3121,,,110,8,2026-11-01,ARI @ DAL,0.0,70.0,0.0,Dome,True,J.Brissett,D.Prescott,-0.5,-1.0,13.4,179.54,Medium,-10.0,9.0,57.57,57.0,13.96366960271385,39.0,76.0,0.5192,0.4796,0.0878,0.0892,0.224,0.776,0.7354,0.2646,0.5946,0.4051,-147,147,,,,,,,,No Bet,,No Bet,,No Bet,,No Bet,,No Bet,,No Bet,,No Bet,,No Bet,,No Bet,,,,,,,,,,,,,,,,,,,,,,,,,,,,,8,-0.2105555555555555,0.0253111111111111,Dallas Cowboys,Arizona Cardinals,0,1,0,0,0,0,0,0,0,1,0,0,0,0.5,3.5,,,3009.113730114393,0.9019409109276162,0.9996858334922446,0.4161980825316128,7.592145014363097e-05,1017.0637787861048,0.0429269346432265,235.32358580705457,0.1855293433941687,0.379788830681127,0.0001476581392217,0.3379944628239227,0.07820361970769,1.426564048198826e-05,6.165580966164271e-05,0.0782652755173516,0.2284562780373953,1252.3873645931594,,,2002.0,244.0,0.1879,0.8121,0.4073,0.5924,0.4884,0.5104,Dallas Cowboys,Dallas Cowboys,Dallas Cowboys,Dallas Cowboys,Dallas Cowboys,Same,Same,Same,False,False,0.4161980825316128,7.592145014363097e-05
2026_08_MIN_DET,2026,8,2026-11-01,13:00,Minnesota Vikings,Detroit Lions,Home,,,,,7,7,0,0,8,10,Ford Field,42.3395,-83.045,America/Detroit,False,False,8,8,Sunday,8,10,NFC North,U.S. Bank Stadium,44.9738,-93.2575,America/Chicago,NFC North,Ford Field,42.3395,-83.045,America/Detroit,Indianapolis Colts,Green Bay Packers,U.S. Bank Stadium,Ford Field,Buffalo Bills,Miami Dolphins,U.S. Bank Stadium,Hard Rock Stadium,541,0,-541,541,-1.0,0.0,America/Chicago,America/Detroit,-1.0,0.0,-1.0,0.0,-1.0,0,0.27,4.305,0.27,4.305,Detroit Lions,4.035,Detroit Lions,4.035,0.27,4.305,Detroit Lions,4.035,0.0,0,No,No,No,No,No,1,No,-0.75,3.98,2.721,3.658,2.02466,3.95134,2.02466,3.95134,1.01161,3.619390000000001,4.444679999999999,3.3353199999999994,Detroit Lions,1.92668,Detroit Lions,1.92668,2.02466,3.95134,Detroit Lions,1.92668,Detroit Lions,4.73,Detroit Lions,0.9369999999999998,0.9855,3.819,Detroit Lions,2.8335,Detroit Lions,2.607780000000001,Minnesota Vikings,1.1093599999999997,2.728145,3.477355,Detroit Lions,0.7492100000000006,Same,Different,Same,Different,Same,Different,False,Home Team,Away Team,47.5,-227.0,185.0,Detroit Lions,Minnesota Vikings,-4.5,4.5,-142,117,101,-122,-2.607780000000001,2.607780000000001,1.1093599999999997,-1.1093599999999997,0.3509,0.6942,0.4608,0.5868,0.5495,0.4975,0.3357,0.6643,0.4399,0.5601,0.5248,0.4752,0.3357,0.6643,-0.1643,0.1643,,,111,8,2026-11-01,MIN @ DET,0.0,70.0,0.0,Dome,True,K.Murray,J.Goff,2.04,3.0,13.32,177.45,Medium,-7.0,11.0,52.76,53.0,13.86615672132852,35.0,71.0,0.4292,0.5692,0.1004,0.0862,0.3244,0.6756,0.6308,0.3692,0.5322,0.4674,-114,114,,,,,,,,No Bet,,No Bet,,No Bet,,No Bet,,No Bet,,No Bet,,No Bet,,No Bet,,No Bet,,,,,,,,,,,,,,,,,,,,,,,,,,,,,8,-0.00904,0.0846099999999999,Detroit Lions,Minnesota Vikings,0,1,0,0,0,0,0,0,0,1,0,0,1,3.0,4.0,,,3009.113730114393,0.4085850010055534,0.6807940656850764,0.0148805396073798,0.0038405502342934,29.74551790408076,3.879568224513056,15.031718139996851,7.677084216693545,0.0231784919796356,0.0008014096204873,0.0098851424611824,0.0049953971461974,0.0012892727136523,0.0025512775206411,0.0075466746668385,11.5566524412066,44.77723604407761,,,2002.0,244.0,0.3357,0.6643,0.4701,0.5297,0.58,0.419,Detroit Lions,Minnesota Vikings,Detroit Lions,Minnesota Vikings,Detroit Lions,Same,Same,Same,False,False,0.0148805396073798,0.0038405502342934
2026_08_IND_JAX,2026,8,2026-11-01,13:00,Indianapolis Colts,Jacksonville Jaguars,Home,,,,,7,14,-7,7,-16,8,TIAA Bank Field,30.3239,-81.6554,America/New_York,False,True,8,8,Sunday,-16,8,AFC South,Lucas Oil Stadium,39.7601,-86.1638,America/Indiana/Indianapolis,AFC South,TIAA Bank Field,30.3239,-81.6554,America/New_York,Minnesota Vikings,Houston Texans,U.S. Bank Stadium,Wembley Stadium,Dallas Cowboys,Baltimore Ravens,Lucas Oil Stadium,M&T Bank Stadium,699,0,-699,699,0.0,0.0,America/Chicago,America/New_York,-1.0,0.0,0.0,0.0,0.0,0,-2.265,-1.825,-2.265,-1.825,Jacksonville Jaguars,0.4400000000000001,Jacksonville Jaguars,0.4400000000000001,-2.265,-1.825,Jacksonville Jaguars,0.4400000000000001,0.0,0,No,No,No,No,No,1,No,0.93,5.41,0.288,3.85,-2.9167849999999995,-1.7687149999999996,-2.9167849999999995,-1.7687149999999996,0.318615,5.425885000000001,-0.3325650000000001,3.875065,Jacksonville Jaguars,1.14807,Jacksonville Jaguars,1.14807,-2.9167849999999995,-1.7687149999999996,Jacksonville Jaguars,1.14807,Jacksonville Jaguars,4.48,Jacksonville Jaguars,3.5620000000000003,0.609,4.63,Jacksonville Jaguars,4.021,Jacksonville Jaguars,5.107270000000001,Jacksonville Jaguars,4.20763,-0.006975,4.650475,Jacksonville Jaguars,4.65745,Same,Same,Same,Same,Same,Same,False,Home Team,Home Team,49.5,-227.0,185.0,Jacksonville Jaguars,Indianapolis Colts,-4.5,4.5,-234,188,-211,171,-5.107270000000001,5.107270000000001,-4.20763,4.20763,0.3509,0.6942,0.3472,0.7006,0.369,0.6785,0.3357,0.6643,0.3314,0.6686,0.3523,0.6477,0.3357,0.6643,-0.1643,0.1643,,,112,8,2026-11-01,IND @ JAX,10.0,60.0,0.0,Historical Avg,False,D.Jones,T.Lawrence,1.37,2.0,14.06,197.74,High,-9.0,11.0,56.25,56.0,14.097767390941083,39.0,75.0,0.4594,0.5396,0.0892,0.088,0.3528,0.6472,0.679,0.321,0.61,0.3898,-156,157,,,,,,,,No Bet,,No Bet,,No Bet,,No Bet,,No Bet,,No Bet,,No Bet,,No Bet,,No Bet,,,,,,,,,,,,,,,,,,,,,,,,,,,,,8,-0.0041222222222222,0.0035699999999999,Jacksonville Jaguars,Indianapolis Colts,0,0,0,0,0,0,0,0,0,0,0,0,1,3.0,3.0,,,3009.113730114393,0.7111653592933951,0.929598184686656,0.0462302373828599,0.003824350938332,92.412129537277,3.8632043521412816,46.69991251793451,7.644702565169656,0.0616171042916831,0.0006658535466207,0.0307107466934338,0.015519490689426,0.001283834609998,0.002540516328334,0.01806000701776,11.507906917310937,139.11204205521153,,,2002.0,244.0,0.3357,0.6643,0.3909,0.6089,0.5442,0.455,Jacksonville Jaguars,Indianapolis Colts,Jacksonville Jaguars,Indianapolis Colts,Jacksonville Jaguars,Same,Same,Same,False,False,0.0462302373828599,0.003824350938332
2026_08_LV_NYJ,2026,8,2026-11-01,13:00,Las Vegas Raiders,New York Jets,Home,,,,,7,7,0,0,1,-12,MetLife Stadium,40.8136,-74.0744,America/New_York,False,False,8,8,Sunday,1,-12,AFC West,Allegiant Stadium,36.108,-115.1578,America/Los_Angeles,AFC East,MetLife Stadium,40.8136,-74.0744,America/New_York,Los Angeles Rams,Miami Dolphins,Allegiant Stadium,MetLife Stadium,San Francisco 49ers,Kansas City Chiefs,Levi's Stadium,GEHA Field at Arrowhead Stadium,2224,0,-2224,2224,-3.0,0.0,America/Los_Angeles,America/New_York,-3.0,0.0,-3.0,0.0,-3.0,0,-2.35,-3.725,-2.35,-3.725,Las Vegas Raiders,1.375,Las Vegas Raiders,1.375,-2.35,-3.725,Las Vegas Raiders,1.375,-0.4499999999999999,0,No,No,No,No,No,0,No,-8.15,-9.26,-7.588,-6.95,-3.0035000000000003,-3.4330000000000003,-3.0035000000000003,-3.4330000000000003,-8.803499999999998,-8.968,-8.241499999999998,-6.658,Las Vegas Raiders,0.4295,Las Vegas Raiders,0.4295,-3.0035000000000003,-3.4330000000000003,Las Vegas Raiders,0.4295,Las Vegas Raiders,1.1099999999999994,New York Jets,0.6379999999999999,-7.869,-8.105,Las Vegas Raiders,0.2360000000000006,Las Vegas Raiders,0.1645000000000021,New York Jets,1.583499999999998,-8.522499999999997,-7.813000000000001,New York Jets,0.7094999999999967,Same,Different,Same,Different,Same,Same,False,Away Team,Home Team,40.5,-125.0,105.0,New York Jets,Las Vegas Raiders,-1.5,1.5,-110,-110,-128,105,0.1645000000000021,-0.1645000000000021,-1.583499999999998,1.583499999999998,0.4878,0.5556,0.5238,0.5238,0.4878,0.5614,0.4675,0.5325,0.5,0.5,0.4649,0.5351,0.4675,0.5325,-0.0325,0.0325,,,113,8,2026-11-01,LV @ NYJ,12.0,48.0,0.0,Historical Avg,False,K.Cousins,G.Smith,3.53,5.0,12.02,144.43,Low,-5.0,12.0,39.74,39.0,12.004183372628423,24.0,56.0,0.3674,0.6312,0.1018,0.0986,0.3522,0.6478,0.4478,0.5522,0.4838,0.5159,107,-107,,,,,,,,No Bet,,No Bet,,No Bet,,No Bet,,No Bet,,No Bet,,No Bet,,No Bet,,No Bet,,,,,,,,,,,,,,,,,,,,,,,,,,,,,8,-0.1410555555555555,-0.1813555555555555,New York Jets,Las Vegas Raiders,0,0,0,0,0,0,0,0,0,0,0,0,0,1.5,0.5,,,3009.113730114393,0.943889000038709,0.9214983396091004,0.0049776690696581,0.0019583150396799,7.975983271834893,2.754880574997049,7.002389069639084,3.1379120987934304,0.008940520889456,0.0039546122720726,0.0026506087795929,0.0023270602900651,0.0009155122810503,0.0010428027586295,0.0033698630486947,5.892792673790479,14.978372341473976,,,2002.0,244.0,0.4675,0.5325,0.5148,0.4847,0.627,0.3712,New York Jets,Las Vegas Raiders,Las Vegas Raiders,Las Vegas Raiders,Las Vegas Raiders,Same,Same,Same,False,False,0.0049776690696581,0.0019583150396799
2026_08_CLE_PIT,2026,8,2026-11-01,13:00,Cleveland Browns,Pittsburgh Steelers,Home,,,,,7,7,0,0,3,-4,Acrisure Stadium,40.4468,-80.0158,America/New_York,False,True,8,8,Sunday,3,-4,AFC North,FirstEnergy Stadium,41.5061,-81.6994,America/New_York,AFC North,Acrisure Stadium,40.4468,-80.0158,America/New_York,Tennessee Titans,New Orleans Saints,Nissan Stadium,Stade de France,New Orleans Saints,Cincinnati Bengals,Caesars Superdome,Paycor Stadium,114,0,-114,114,0.0,0.0,America/Chicago,America/Chicago,-1.0,-1.0,0.0,0.0,0.0,0,-4.705,-0.565,-4.705,-0.565,Pittsburgh Steelers,4.140000000000001,Pittsburgh Steelers,4.140000000000001,-4.705,-0.565,Pittsburgh Steelers,4.140000000000001,0.0,0,No,No,No,No,No,1,No,-6.94,0.59,-7.475,0.538,-4.647075,0.3925750000000002,-4.647075,0.3925750000000002,-6.848175,1.513675,-7.378344999999999,1.4568450000000002,Pittsburgh Steelers,5.03965,Pittsburgh Steelers,5.03965,-4.647075,0.3925750000000002,Pittsburgh Steelers,5.03965,Pittsburgh Steelers,7.53,Pittsburgh Steelers,8.013,-7.2075,0.5640000000000001,Pittsburgh Steelers,7.7715,Pittsburgh Steelers,8.36185,Pittsburgh Steelers,8.835189999999999,-7.11326,1.48526,Pittsburgh Steelers,8.59852,Same,Same,Same,Same,Same,Same,False,Home Team,Home Team,39.5,-263.0,215.0,Pittsburgh Steelers,Cleveland Browns,-6.0,6.0,-397,302,-416,314,-8.36185,8.36185,-8.835189999999999,8.835189999999999,0.3175,0.7245,0.2488,0.7988,0.2415,0.8062,0.3047,0.6953,0.2375,0.7625,0.2305,0.7695,0.3047,0.6953,-0.1953,0.1953,,,114,8,2026-11-01,CLE @ PIT,12.0,45.0,0.0,Historical Avg,False,S.Sanders,A.Rodgers,-14.74,-15.0,13.31,177.21,Medium,-23.0,-6.0,41.4,41.0,12.504835630380295,26.0,58.0,0.8632,0.1362,0.0512,0.0482,0.7488,0.2248,0.5458,0.4542,0.7726,0.2272,-340,340,,,,,,,,No Bet,,No Bet,,No Bet,,No Bet,,No Bet,,No Bet,,No Bet,,No Bet,,No Bet,,,,,,,,,,,,,,,,,,,,,,,,,,,,,8,-0.1240222222222222,-0.0600555555555555,Pittsburgh Steelers,Cleveland Browns,0,0,0,1,0,0,0,0,0,1,0,0,1,1.5,2.5,,,3009.113730114393,0.9315997619382128,0.9952935794088456,0.125064886709925,1.333238710247291e-05,261.6653554293816,0.012224158470276,114.66911232465488,0.0278945106149752,0.1229777895019172,0.0006312111709617,0.0869576157294108,0.0381072709805141,4.062378350123496e-06,9.270008752349414e-06,0.0381165409892665,0.0401186690852512,376.3344677540365,,,2002.0,244.0,0.3047,0.6953,0.227,0.7729,0.1354,0.8644,Pittsburgh Steelers,Pittsburgh Steelers,Pittsburgh Steelers,Pittsburgh Steelers,Pittsburgh Steelers,Same,Same,Same,False,False,0.125064886709925,1.333238710247291e-05
2026_08_ATL_TB,2026,8,2026-11-01,13:00,Atlanta Falcons,Tampa Bay Buccaneers,Home,,,,,7,7,0,0,3,0,Raymond James Stadium,27.9759,-82.5033,America/New_York,False,False,8,8,Sunday,3,0,NFC South,Mercedes-Benz Stadium,33.7489,-84.388,America/New_York,NFC South,Raymond James Stadium,27.9759,-82.5033,America/New_York,San Francisco 49ers,Carolina Panthers,Mercedes-Benz Stadium,Bank of America Stadium,Cincinnati Bengals,Chicago Bears,Bernabéu Stadium,Soldier Field,414,0,-414,414,0.0,0.0,America/New_York,America/New_York,0.0,0.0,0.0,0.0,0.0,0,-0.71,1.025,-0.71,1.025,Tampa Bay Buccaneers,1.735,Tampa Bay Buccaneers,1.735,-0.71,1.025,Tampa Bay Buccaneers,1.735,0.0,0,No,No,No,No,No,1,No,-0.79,-1.4,-0.101,-2.096,0.124245,-0.8317450000000002,0.124245,-0.8317450000000002,0.0207949999999999,-3.233295,0.695945,-3.915445000000001,Atlanta Falcons,0.9559900000000002,Atlanta Falcons,0.9559900000000002,0.124245,-0.8317450000000002,Atlanta Falcons,0.9559900000000002,Atlanta Falcons,0.6099999999999999,Atlanta Falcons,1.995,-0.4455,-1.748,Atlanta Falcons,1.3025,Atlanta Falcons,3.25409,Atlanta Falcons,4.61139,0.3583699999999999,-3.57437,Atlanta Falcons,3.93274,Different,Different,Same,Same,Same,Same,False,Away Team,Away Team,46.5,-217.0,180.0,Tampa Bay Buccaneers,Atlanta Falcons,-4.5,4.5,156,-191,181,-224,3.25409,-3.25409,4.61139,-4.61139,0.3571,0.6845,0.6564,0.3906,0.6914,0.3559,0.3429,0.6571,0.6269,0.3731,0.6602,0.3398,0.3429,0.6571,-0.1571,0.1571,,,115,8,2026-11-01,ATL @ TB,8.0,75.0,0.0,Historical Avg,False,M.Penix,B.Mayfield,6.58,7.0,13.64,185.92,Med-High,-3.0,16.0,51.18,51.0,13.482897394270598,34.0,69.0,0.3118,0.6866,0.0758,0.0914,0.2292,0.7708,0.6316,0.3684,0.4205,0.5791,138,-138,,,,,,,,No Bet,,No Bet,,No Bet,,No Bet,,No Bet,,No Bet,,No Bet,,No Bet,,No Bet,,,,,,,,,,,,,,,,,,,,,,,,,,,,,8,-0.0918444444444444,-0.0409444444444444,Tampa Bay Buccaneers,Atlanta Falcons,0,0,0,0,0,0,0,0,0,0,0,0,1,2.0,2.5,,,3009.113730114393,0.9094238954568916,0.9964944807842634,0.0658069601115551,1.7390683984411777e-05,130.11935413888335,0.0179441442074805,67.90127306988754,0.0343864017460934,0.0515038545366839,0.0006859074091996,0.0432417534893029,0.0225652066222522,5.963265538254798e-06,1.142741844615698e-05,0.0225766340406984,0.0523305459535739,198.0206272087709,,,2002.0,244.0,0.3429,0.6571,0.579,0.4207,0.6862,0.3128,Tampa Bay Buccaneers,Atlanta Falcons,Atlanta Falcons,Atlanta Falcons,Atlanta Falcons,Same,Same,Same,False,False,0.0658069601115551,1.7390683984411777e-05
2026_08_LAC_LA,2026,8,2026-11-01,16:05,Los Angeles Chargers,Los Angeles Rams,Home,,,,,14,7,7,-7,-3,-5,SoFi Stadium,33.9535,-118.3395,America/Los_Angeles,False,False,8,8,Sunday,-3,-5,AFC West,SoFi Stadium,33.9535,-118.3395,America/Los_Angeles,NFC West,SoFi Stadium,33.9535,-118.3395,America/Los_Angeles,Kansas City Chiefs,Las Vegas Raiders,GEHA Field at Arrowhead Stadium,Allegiant Stadium,Houston Texans,Washington Commanders,SoFi Stadium,FedExField,0,0,0,0,0.0,0.0,America/Chicago,America/Los_Angeles,2.0,0.0,0.0,0.0,0.0,0,0.935,1.29,0.935,1.29,Los Angeles Rams,0.355,Los Angeles Rams,0.355,0.935,1.29,Los Angeles Rams,0.355,0.0,0,No,No,No,No,No,0,No,1.12,8.12,0.527,7.087,1.31,0.515,1.31,0.515,1.495,7.344999999999999,0.902,6.311999999999999,Los Angeles Chargers,0.795,Los Angeles Chargers,0.795,1.31,0.515,Los Angeles Chargers,0.795,Los Angeles Rams,6.999999999999999,Los Angeles Rams,6.56,0.8235000000000001,7.603499999999999,Los Angeles Rams,6.779999999999999,Los Angeles Rams,5.849999999999999,Los Angeles Rams,5.409999999999999,1.1985,6.828499999999999,Los Angeles Rams,5.629999999999999,Different,Different,Different,Different,Same,Same,False,Home Team,Home Team,48.5,-196.0,164.0,Los Angeles Rams,Los Angeles Chargers,-3.5,3.5,-261,208,-244,195,-5.849999999999999,5.849999999999999,-5.409999999999999,5.409999999999999,0.3788,0.6622,0.3247,0.723,0.339,0.7093,0.3639,0.6361,0.3099,0.6901,0.3234,0.6766,0.3639,0.6361,-0.1361,0.1361,,,116,8,2026-11-01,LAC @ LA,0.0,70.0,0.0,Dome,True,J.Herbert,M.Stafford,-3.33,-4.0,13.45,180.86,Med-High,-13.0,6.0,51.13,50.0,13.593972347214605,34.0,69.0,0.6026,0.3966,0.089,0.0862,0.5158,0.4842,0.561,0.439,0.6514,0.3484,-187,187,,,,,,,,No Bet,,No Bet,,No Bet,,No Bet,,No Bet,,No Bet,,No Bet,,No Bet,,No Bet,,,,,,,,,,,,,,,,,,,,,,,,,,,,,8,0.08121,0.1313555555555555,Los Angeles Rams,Los Angeles Chargers,0,1,0,0,0,0,0,1,0,1,0,1,0,4.0,5.0,,,3009.113730114393,0.2439297770303658,0.5092299590271929,0.00435891104203,0.0003951556320745,8.3433796111956,0.4327019318109368,4.773079453724381,0.756366306196584,0.0119793061024889,0.0007594716009663,0.0027727033138353,0.0015862077281947,0.0001437971345119,0.0002513584975626,0.0018375662257573,1.1890682380075208,13.11645906491998,,,2002.0,244.0,0.3639,0.6361,0.3476,0.6518,0.3934,0.6046,Los Angeles Rams,Los Angeles Rams,Los Angeles Rams,Los Angeles Rams,Los Angeles Rams,Same,Same,Same,False,False,0.00435891104203,0.0003951556320745
2026_08_KC_DEN,2026,8,2026-11-01,16:25,Kansas City Chiefs,Denver Broncos,Home,,,,,7,7,0,0,3,3,Empower Field at Mile High,39.7648,-105.0076,America/Denver,False,True,8,8,Sunday,3,3,AFC West,GEHA Field at Arrowhead Stadium,39.0489,-94.4839,America/Chicago,AFC West,Empower Field at Mile High,39.7648,-105.0076,America/Denver,Seattle Seahawks,Arizona Cardinals,Lumen Field,State Farm Stadium,New York Jets,Carolina Panthers,GEHA Field at Arrowhead Stadium,Bank of America Stadium,563,0,-563,563,1.0,0.0,America/Los_Angeles,America/Denver,-1.0,0.0,1.0,0.0,1.0,0,4.395,2.05,4.395,2.05,Kansas City Chiefs,2.345,Kansas City Chiefs,2.345,4.395,2.05,Kansas City Chiefs,2.345,0.0,0,No,No,No,No,No,1,No,-2.17,-0.48,0.625,3.499,6.75661,1.6713899999999997,6.75661,1.6713899999999997,0.23196,-0.89896,3.0388,3.0682,Kansas City Chiefs,5.0852200000000005,Kansas City Chiefs,5.0852200000000005,6.75661,1.6713899999999997,Kansas City Chiefs,5.0852200000000005,Denver Broncos,1.69,Denver Broncos,2.874,-0.7725,1.5095,Denver Broncos,2.282,Kansas City Chiefs,1.13092,Denver Broncos,0.0293999999999998,1.63538,1.08462,Kansas City Chiefs,0.5507599999999999,Different,Different,Same,Different,Different,Same,False,Away Team,Home Team,43.5,-125.0,105.0,Denver Broncos,Kansas City Chiefs,-1.5,1.5,101,-122,-110,-110,1.13092,-1.13092,-0.0293999999999998,0.0293999999999998,0.4878,0.5556,0.5495,0.4975,0.5238,0.5238,0.4675,0.5325,0.5248,0.4752,0.5,0.5,0.4675,0.5325,-0.0325,0.0325,,,117,8,2026-11-01,KC @ DEN,10.0,45.0,0.0,Historical Avg,False,P.Mahomes,B.Nix,-4.52,-6.0,12.78,163.38,Med-Low,-13.0,5.0,41.98,41.0,12.497639665130366,26.0,58.0,0.6392,0.3598,0.091,0.0938,0.6184,0.3816,0.4236,0.5764,0.5367,0.463,-116,116,,,,,,,,No Bet,,No Bet,,No Bet,,No Bet,,No Bet,,No Bet,,No Bet,,No Bet,,No Bet,,,,,,,,,,,,,,,,,,,,,,,,,,,,,8,0.08992,0.0992666666666666,Denver Broncos,Kansas City Chiefs,0,1,1,0,0,0,0,1,1,1,0,1,1,4.5,4.5,,,3009.113730114393,0.5294152442128032,0.6782155453942049,0.0011285358380073,9.946637951443516e-05,1.80831285480197,0.1399253905716741,1.587579830272152,0.1593802577099817,0.0047499306642175,0.0025558397361682,0.0006009453337389,0.0005275905042684,4.650053242299844e-05,5.296584709143672e-05,0.0005805563513598,0.2993056482816558,3.395892685074122,,,2002.0,244.0,0.4675,0.5325,0.466,0.5337,0.3718,0.6272,Denver Broncos,Denver Broncos,Denver Broncos,Denver Broncos,Denver Broncos,Same,Same,Same,False,False,0.0011285358380073,9.946637951443516e-05
2026_08_NE_MIA,2026,8,2026-11-01,16:25,New England Patriots,Miami Dolphins,Home,,,,,10,7,3,-3,7,1,Hard Rock Stadium,25.9602,-80.2384,America/New_York,False,True,8,8,Sunday,7,1,AFC East,Gillette Stadium,42.0628,-71.2687,America/New_York,AFC East,Hard Rock Stadium,25.9602,-80.2384,America/New_York,Chicago Bears,New York Jets,Soldier Field,MetLife Stadium,Green Bay Packers,Detroit Lions,Gillette Stadium,Hard Rock Stadium,1223,0,-1223,1223,0.0,0.0,America/Chicago,America/New_York,-1.0,0.0,0.0,0.0,0.0,0,-1.995,0.66,-1.995,0.66,Miami Dolphins,2.655,Miami Dolphins,2.655,-1.995,0.66,Miami Dolphins,2.655,0.0,0,No,No,No,No,No,1,No,5.09,-5.46,4.222,-3.956,-1.38,1.6090000000000002,-1.38,1.6090000000000002,5.57295,-4.37895,4.72867,-2.89867,Miami Dolphins,2.989,Miami Dolphins,2.989,-1.38,1.6090000000000002,Miami Dolphins,2.989,New England Patriots,10.55,New England Patriots,8.178,4.656000000000001,-4.708,New England Patriots,9.364,New England Patriots,9.951899999999998,New England Patriots,7.62734,5.15081,-3.63881,New England Patriots,8.78962,Different,Different,Different,Different,Same,Same,False,Away Team,Away Team,45.5,280.0,-357.0,New England Patriots,Miami Dolphins,7.0,-7.0,356,-483,268,-346,9.951899999999998,-9.951899999999998,7.62734,-7.62734,0.7812,0.2632,0.8285,0.2193,0.7758,0.2717,0.748,0.252,0.7907,0.2093,0.7406,0.2594,0.748,0.252,0.248,-0.248,,,118,8,2026-11-01,NE @ MIA,10.0,75.0,0.0,Historical Avg,False,D.Maye,M.Willis,12.52,13.0,13.63,185.89,Med-High,4.0,21.0,44.68,44.0,13.00847407037151,29.0,62.0,0.1798,0.8194,0.0608,0.0616,0.2924,0.6652,0.461,0.539,0.2251,0.7747,344,-344,,,,,,,,No Bet,,No Bet,,No Bet,,No Bet,,No Bet,,No Bet,,No Bet,,No Bet,,No Bet,,,,,,,,,,,,,,,,,,,,,,,,,,,,,8,0.0828777777777777,-0.2354199999999999,New England Patriots,Miami Dolphins,0,0,0,0,0,0,0,0,0,0,0,0,1,4.0,0.0,,,3009.113730114393,0.9975455729550102,0.3878336026872344,7.52394987210615e-05,0.0972578938136399,0.0570538605794145,218.9097276002005,0.1693503480690559,73.75033603643118,0.0001768774451508,0.0821769459380115,1.8960353677707497e-05,5.6279145043354e-05,0.0727489045726026,0.0245089892410372,0.0245652683860806,292.6600636366317,0.2264042086484704,,,2002.0,244.0,0.748,0.252,0.7742,0.2255,0.8174,0.1814,New England Patriots,New England Patriots,New England Patriots,New England Patriots,New England Patriots,Same,Same,Same,False,False,7.52394987210615e-05,0.0972578938136399
2026_08_PHI_WAS,2026,8,2026-11-01,20:20,Philadelphia Eagles,Washington Commanders,Home,,,,,6,13,-7,7,-15,7,FedExField,38.9077,-76.8645,America/New_York,False,False,8,8,Sunday,-15,7,NFC East,Lincoln Financial Field,39.9008,-75.1675,America/New_York,NFC East,FedExField,38.9077,-76.8645,America/New_York,Dallas Cowboys,San Francisco 49ers,Lincoln Financial Field,Levi's Stadium,New York Giants,Los Angeles Rams,Lincoln Financial Field,FedExField,114,0,-114,114,0.0,0.0,America/New_York,America/Los_Angeles,0.0,-3.0,0.0,0.0,0.0,0,4.905,1.45,4.905,1.45,Philadelphia Eagles,3.455,Philadelphia Eagles,3.455,4.905,1.45,Philadelphia Eagles,3.455,0.0,0,No,No,No,No,Yes,1,No,5.52,-5.43,3.682,-1.427,2.20364,1.7763600000000002,2.20364,1.7763600000000002,2.7436899999999995,-5.028689999999999,0.9641,-1.0841,Philadelphia Eagles,0.4272799999999999,Philadelphia Eagles,0.4272799999999999,2.20364,1.7763600000000002,Philadelphia Eagles,0.4272799999999999,Philadelphia Eagles,10.95,Philadelphia Eagles,5.109,4.601,-3.4285,Philadelphia Eagles,8.029499999999999,Philadelphia Eagles,7.772379999999998,Philadelphia Eagles,2.0482,1.853895,-3.056395,Philadelphia Eagles,4.91029,Same,Same,Same,Same,Same,Same,False,Away Team,Away Team,46.5,105.0,-125.0,Philadelphia Eagles,Washington Commanders,2.0,-2.0,282,-366,108,-131,7.772379999999998,-7.772379999999998,2.0482,-2.0482,0.5556,0.4878,0.7854,0.2618,0.5671,0.4808,0.5325,0.4675,0.75,0.25,0.5412,0.4588,0.5325,0.4675,0.0325,-0.0325,,,119,8,2026-11-01,PHI @ WAS,10.0,52.0,0.0,Historical Avg,False,J.Hurts,J.Daniels,5.8,7.0,13.34,177.85,Medium,-4.0,15.0,45.65,45.0,13.50180134529884,29.0,64.0,0.3206,0.6782,0.0856,0.0892,0.3446,0.6404,0.464,0.536,0.3742,0.6255,167,-167,,,,,,,,No Bet,,No Bet,,No Bet,,No Bet,,No Bet,,No Bet,,No Bet,,No Bet,,No Bet,,,,,,,,,,,,,,,,,,,,,,,,,,,,,8,0.1003666666666666,-0.01561,Philadelphia Eagles,Washington Commanders,0,0,1,0,1,0,0,0,1,0,1,0,1,4.5,3.0,,,3009.113730114393,0.990458343905667,0.8154635164911255,0.000721640871614,0.001481746150138,1.0151759952057646,2.374280479722336,1.156323459779828,2.0844622052022386,0.0029228268887397,0.0049462221722873,0.0003373671074795,0.0003842737641344,0.0007890298249485,0.0006927163251895,0.001076990089324,4.458742684924575,2.1714994549855926,,,2002.0,244.0,0.5325,0.4675,0.6266,0.3732,0.6826,0.3164,Philadelphia Eagles,Philadelphia Eagles,Philadelphia Eagles,Philadelphia Eagles,Philadelphia Eagles,Same,Same,Same,False,False,0.000721640871614,0.001481746150138
2026_08_CHI_SEA,2026,8,2026-11-02,20:15,Chicago Bears,Seattle Seahawks,Home,,,,,11,8,3,-3,2,4,Lumen Field,47.5952,-122.3316,America/Los_Angeles,False,False,8,8,Monday,2,4,NFC North,Soldier Field,41.8623,-87.6167,America/Chicago,NFC West,Lumen Field,47.5952,-122.3316,America/Los_Angeles,New England Patriots,Kansas City Chiefs,Soldier Field,Lumen Field,Tampa Bay Buccaneers,Arizona Cardinals,Soldier Field,Lumen Field,1733,0,-1733,1733,2.0,0.0,America/Chicago,America/Los_Angeles,2.0,0.0,2.0,0.0,2.0,0,-1.575,-0.13,-1.575,-0.13,Seattle Seahawks,1.4449999999999998,Seattle Seahawks,1.4449999999999998,-1.575,-0.13,Seattle Seahawks,1.4449999999999998,-0.15,0,No,No,No,No,No,0,No,0.9,10.42,1.647,10.022,-1.4385,-0.1269999999999999,-1.4385,-0.1269999999999999,1.0365000000000002,10.423,1.7835,10.025,Seattle Seahawks,1.3115,Seattle Seahawks,1.3115,-1.4385,-0.1269999999999999,Seattle Seahawks,1.3115,Seattle Seahawks,9.52,Seattle Seahawks,8.375,1.2735,10.221,Seattle Seahawks,8.9475,Seattle Seahawks,9.3865,Seattle Seahawks,8.2415,1.41,10.224,Seattle Seahawks,8.814,Same,Same,Same,Same,Same,Same,False,Home Team,Home Team,47.5,-217.0,180.0,Seattle Seahawks,Chicago Bears,-4.5,4.5,-436,327,-366,282,-9.3865,9.3865,-8.2415,8.2415,0.3571,0.6845,0.2342,0.8134,0.2618,0.7854,0.3429,0.6571,0.2235,0.7765,0.25,0.75,0.3429,0.6571,-0.1571,0.1571,,,120,8,2026-11-02,CHI @ SEA,10.0,48.0,0.0,Historical Avg,False,C.Williams,S.Darnold,-11.35,-12.0,13.09,171.36,Medium,-20.0,-3.0,49.36,49.0,13.352806240146576,33.0,67.0,0.8072,0.1928,0.0672,0.061,0.7186,0.2814,0.5232,0.4768,0.7477,0.2523,-296,296,,,,,,,,No Bet,,No Bet,,No Bet,,No Bet,,No Bet,,No Bet,,No Bet,,No Bet,,No Bet,,,,,,,,,,,,,,,,,,,,,,,,,,,,,8,0.0475111111111111,0.1224999999999999,Seattle Seahawks,Chicago Bears,0,0,1,0,1,1,0,0,1,0,1,1,0,4.0,5.0,,,3009.113730114393,0.7805668708834367,0.6606095313973668,0.0078717454749055,0.0002509820164315,15.564712841986008,0.258969543714847,8.122264546518037,0.4962638879411665,0.0115783238940891,0.0008064927963308,0.0051725239515604,0.0026992215233451,8.606173343438308e-05,0.0001649202829971,0.0028641418063422,0.7552334316560135,23.686977388504047,,,2002.0,244.0,0.3429,0.6571,0.2504,0.7495,0.185,0.8142,Seattle Seahawks,Seattle Seahawks,Seattle Seahawks,Seattle Seahawks,Seattle Seahawks,Same,Same,Same,False,False,0.0078717454749055,0.0002509820164315
2026_09_JAX_BAL,2026,9,2026-11-05,20:15,Jacksonville Jaguars,Baltimore Ravens,Home,,,,,4,4,0,0,8,-13,M&T Bank Stadium,39.2789,-76.6228,America/New_York,False,False,9,9,Thursday,8,-13,AFC South,TIAA Bank Field,30.3239,-81.6554,America/New_York,AFC North,M&T Bank Stadium,39.2789,-76.6228,America/New_York,Indianapolis Colts,Buffalo Bills,TIAA Bank Field,Highmark Stadium,Tennessee Titans,Los Angeles Chargers,Nissan Stadium,M&T Bank Stadium,681,0,-681,681,0.0,0.0,America/New_York,America/New_York,0.0,0.0,0.0,0.0,0.0,0,-1.825,6.69,-1.825,6.69,Baltimore Ravens,8.515,Baltimore Ravens,8.515,-1.825,6.69,Baltimore Ravens,8.515,0.0,0,No,No,No,No,No,0,No,5.41,5.1,3.85,2.881,-0.5679999999999998,6.2115,-0.5679999999999998,6.2115,6.667000000000001,4.621499999999999,5.107,2.4025,Baltimore Ravens,6.7795,Baltimore Ravens,6.7795,-0.5679999999999998,6.2115,Baltimore Ravens,6.7795,Jacksonville Jaguars,0.3100000000000005,Jacksonville Jaguars,0.9690000000000004,4.63,3.9905,Jacksonville Jaguars,0.6395,Jacksonville Jaguars,2.045500000000001,Jacksonville Jaguars,2.7045000000000003,5.8870000000000005,3.512,Jacksonville Jaguars,2.375000000000001,Different,Different,Different,Different,Same,Same,True,Away Team,Away Team,49.5,-204.0,170.0,Baltimore Ravens,Jacksonville Jaguars,-4.5,4.5,108,-131,117,-142,2.045500000000001,-2.045500000000001,2.7045000000000003,-2.7045000000000003,0.3704,0.6711,0.5671,0.4808,0.5868,0.4608,0.3556,0.6444,0.5412,0.4588,0.5601,0.4399,0.3556,0.6444,-0.1444,0.1444,,,121,9,2026-11-05,JAX @ BAL,10.0,50.0,0.0,Historical Avg,False,T.Lawrence,L.Jackson,-2.97,-4.0,13.66,186.72,Med-High,-12.0,7.0,55.82,55.0,14.02056802364088,38.0,74.0,0.5864,0.413,0.0846,0.085,0.471,0.529,0.668,0.332,0.5324,0.4675,-114,114,,,,,,,,No Bet,,No Bet,,No Bet,,No Bet,,No Bet,,No Bet,,No Bet,,No Bet,,No Bet,,,,,,,,,,,,,,,,,,,,,,,,,,,,,9,0.0200111111111111,0.112925,Baltimore Ravens,Jacksonville Jaguars,0,0,0,0,0,0,0,0,0,0,0,0,0,3.5,4.5,,,2246.080859441008,0.6346857614828679,0.6700216359279433,0.0132142012087325,0.0010955526821787,19.12589794434533,0.8750248879785872,10.55426646339106,1.5856750219724454,0.0235359940640655,0.0010350536195733,0.0085152312589072,0.0046989699498252,0.0003895785337827,0.000705974148396,0.0054049440982213,2.4606999099510327,29.680164407736385,,,1727.0,275.0,0.3556,0.6444,0.4634,0.5364,0.3966,0.6026,Baltimore Ravens,Baltimore Ravens,Baltimore Ravens,Baltimore Ravens,Baltimore Ravens,Same,Same,Same,False,False,0.0132142012087325,0.0010955526821787
2026_09_CIN_ATL,2026,9,2026-11-08,09:30,Cincinnati Bengals,Atlanta Falcons,Neutral,,,,,7,7,0,0,7,3,Bernabéu Stadium,33.7489,-84.388,America/New_York,True,False,9,9,Sunday,7,3,AFC North,Paycor Stadium,39.0955,-84.5165,America/New_York,NFC South,Mercedes-Benz Stadium,33.7489,-84.388,America/New_York,Tennessee Titans,Tampa Bay Buccaneers,Paycor Stadium,Raymond James Stadium,Pittsburgh Steelers,Kansas City Chiefs,Paycor Stadium,Mercedes-Benz Stadium,369,0,-369,369,0.0,0.0,America/New_York,America/New_York,0.0,0.0,0.0,0.0,0.0,0,1.31,-0.71,1.31,-0.71,Cincinnati Bengals,2.02,Cincinnati Bengals,2.02,1.31,-0.71,Cincinnati Bengals,2.02,0.0,0,No,No,No,No,No,0,No,-0.04,-0.79,-0.609,-0.101,0.0715000000000001,-1.254,0.0715000000000001,-1.254,-1.2785,-1.334,-1.8475,-0.6449999999999999,Cincinnati Bengals,1.3255,Cincinnati Bengals,1.3255,0.0715000000000001,-1.254,Cincinnati Bengals,1.3255,Cincinnati Bengals,0.75,Atlanta Falcons,0.508,-0.3245,-0.4455,Cincinnati Bengals,0.121,Cincinnati Bengals,0.0555000000000001,Atlanta Falcons,1.2025,-1.563,-0.9895,Atlanta Falcons,0.5734999999999999,Same,Different,Same,Different,Same,Same,False,Away Team,Home Team,49.0,190.0,-233.0,Cincinnati Bengals,Atlanta Falcons,5.0,-5.0,-110,-110,-122,101,0.0555000000000001,-0.0555000000000001,-1.2025,1.2025,0.6997,0.3448,0.5238,0.5238,0.4975,0.5495,0.6699,0.3301,0.5,0.5,0.4752,0.5248,0.6699,0.3301,0.1699,-0.1699,,,122,9,2026-11-08,CIN @ ATL,10.0,60.0,0.0,Historical Avg,False,J.Burrow,M.Penix,-4.02,-5.0,13.92,193.83,Med-High,-14.0,6.0,51.57,51.0,13.474797059368212,35.0,69.0,0.6158,0.384,0.0838,0.0888,0.706,0.2698,0.5456,0.4248,0.4927,0.5073,103,-103,,,,,,,,No Bet,,No Bet,,No Bet,,No Bet,,No Bet,,No Bet,,No Bet,,No Bet,,No Bet,,,,,,,,,,,,,,,,,,,,,,,,,,,,,9,0.1089222222222222,-0.0820875,Cincinnati Bengals,Atlanta Falcons,0,0,0,0,0,0,0,0,0,0,0,0,0,4.5,2.0,,,2246.080859441008,0.99648649169334,0.7992070509071251,4.620061477823425e-06,0.0307546725178563,0.0034254581492428,46.275004709963454,0.006951573505537,22.802476570770168,0.0008995805548868,0.0301996081247519,1.5250822938295128e-06,3.0949791839939123e-06,0.0206025551197119,0.0101521173981443,0.0101552123773283,69.07748128073362,0.0103770316547799,,,1727.0,275.0,0.6627,0.3373,0.5065,0.4932,0.388,0.6106,Cincinnati Bengals,Atlanta Falcons,Cincinnati Bengals,Atlanta Falcons,Cincinnati Bengals,Same,Same,Same,False,False,4.620061477823425e-06,0.0307546725178563
2026_09_DEN_CAR,2026,9,2026-11-08,13:00,Denver Broncos,Carolina Panthers,Home,,,,,7,10,-3,3,0,10,Bank of America Stadium,35.2258,-80.8528,America/New_York,False,False,9,9,Sunday,0,10,AFC West,Empower Field at Mile High,39.7648,-105.0076,America/Denver,NFC South,Bank of America Stadium,35.2258,-80.8528,America/New_York,Kansas City Chiefs,Green Bay Packers,Empower Field at Mile High,Lambeau Field,Las Vegas Raiders,New Orleans Saints,Empower Field at Mile High,Caesars Superdome,1355,0,-1355,1355,-2.0,0.0,America/Denver,America/Chicago,-2.0,-1.0,-2.0,0.0,-2.0,0,2.05,-5.25,2.05,-5.25,Denver Broncos,7.3,Denver Broncos,7.3,2.05,-5.25,Denver Broncos,7.3,-0.3,0,No,No,No,No,No,0,No,-0.48,-3.79,3.499,-4.367,1.9555,-6.128500000000001,1.9555,-6.128500000000001,-0.5745,-4.6685,3.4045000000000005,-5.2455,Denver Broncos,8.084000000000001,Denver Broncos,8.084000000000001,1.9555,-6.128500000000001,Denver Broncos,8.084000000000001,Denver Broncos,3.31,Denver Broncos,7.866,1.5095,-4.0785,Denver Broncos,5.588,Denver Broncos,4.093999999999999,Denver Broncos,8.65,1.4150000000000005,-4.957,Denver Broncos,6.372,Same,Same,Same,Same,Same,Same,False,Away Team,Away Team,42.5,136.0,-161.0,Denver Broncos,Carolina Panthers,3.0,-3.0,171,-211,302,-397,4.093999999999999,-4.093999999999999,8.65,-8.65,0.6169,0.4237,0.6785,0.369,0.7988,0.2488,0.5928,0.4072,0.6477,0.3523,0.7625,0.2375,0.5928,0.4072,0.0928,-0.0928,,,123,9,2026-11-08,DEN @ CAR,6.0,55.0,0.0,Historical Avg,False,B.Nix,B.Young,10.87,11.0,13.0,168.97,Med-Low,3.0,20.0,43.82,43.0,12.473947880087644,29.0,60.0,0.197,0.802,0.0686,0.0774,0.2252,0.7376,0.5286,0.4714,0.2985,0.7012,235,-235,,,,,,,,No Bet,,No Bet,,No Bet,,No Bet,,No Bet,,No Bet,,No Bet,,No Bet,,No Bet,,,,,,,,,,,,,,,,,,,,,,,,,,,,,9,0.100075,-0.0800444444444444,Denver Broncos,Carolina Panthers,1,0,0,0,0,0,1,0,1,0,1,0,0,4.5,2.0,,,2246.080859441008,0.99590027281877,0.5286101472603932,8.416164289932256e-05,0.0043910612321996,0.076974585843661,5.846595865945091,0.1120592693716165,4.0160827203320535,0.0014032668699112,0.0076875099340364,3.427062098860415e-05,4.989102191071841e-05,0.0026030210984479,0.0017880401337517,0.0018379311556624,9.862678586277145,0.1890338552152776,,,1727.0,275.0,0.5928,0.4072,0.7005,0.2994,0.799,0.2004,Denver Broncos,Denver Broncos,Denver Broncos,Denver Broncos,Denver Broncos,Same,Same,Same,False,False,8.416164289932256e-05,0.0043910612321996
2026_09_DAL_IND,2026,9,2026-11-08,13:00,Dallas Cowboys,Indianapolis Colts,Home,,,,,7,7,0,0,2,-16,Lucas Oil Stadium,39.7601,-86.1638,America/Indiana/Indianapolis,False,False,9,9,Sunday,2,-16,NFC East,AT&T Stadium,32.7369,-97.0826,America/Chicago,AFC South,Lucas Oil Stadium,39.7601,-86.1638,America/Indiana/Indianapolis,Arizona Cardinals,Jacksonville Jaguars,AT&T Stadium,TIAA Bank Field,San Francisco 49ers,Miami Dolphins,AT&T Stadium,Lucas Oil Stadium,777,0,-777,777,-1.0,0.0,America/Chicago,America/New_York,-1.0,0.0,-1.0,0.0,-1.0,0,-0.615,-2.265,-0.615,-2.265,Dallas Cowboys,1.65,Dallas Cowboys,1.65,-0.615,-2.265,Dallas Cowboys,1.65,0.0,0,No,No,No,No,No,0,No,-1.01,0.93,-3.616,0.288,-0.58,-3.7265000000000006,-0.58,-3.7265000000000006,-0.975,-0.5315,-3.5810000000000004,-1.1735,Dallas Cowboys,3.1465000000000005,Dallas Cowboys,3.1465000000000005,-0.58,-3.7265000000000006,Dallas Cowboys,3.1465000000000005,Indianapolis Colts,1.94,Indianapolis Colts,3.904,-2.313,0.609,Indianapolis Colts,2.922,Indianapolis Colts,0.4435,Indianapolis Colts,2.4075000000000006,-2.278,-0.8525,Indianapolis Colts,1.4255,Different,Different,Different,Different,Same,Same,False,Home Team,Home Team,52.5,105.0,-125.0,Dallas Cowboys,Indianapolis Colts,1.5,-1.5,-116,-104,-142,117,-0.4435,0.4435,-2.4075000000000006,2.4075000000000006,0.5556,0.4878,0.5098,0.537,0.4608,0.5868,0.5325,0.4675,0.487,0.513,0.4399,0.5601,0.5325,0.4675,0.0325,-0.0325,,,124,9,2026-11-08,DAL @ IND,0.0,70.0,0.0,Dome,True,D.Prescott,D.Jones,-6.12,-7.0,13.49,181.94,Med-High,-15.0,3.0,64.06,63.5,14.3985240055607,46.0,83.0,0.6758,0.3232,0.0892,0.0738,0.6964,0.3036,0.7854,0.2146,0.5541,0.4456,-124,124,,,,,,,,No Bet,,No Bet,,No Bet,,No Bet,,No Bet,,No Bet,,No Bet,,No Bet,,No Bet,,,,,,,,,,,,,,,,,,,,,,,,,,,,,9,0.0244125,-0.0005749999999999,Dallas Cowboys,Indianapolis Colts,1,0,0,0,0,0,0,0,1,0,0,0,0,3.5,3.0,,,2246.080859441008,0.927878209051806,0.4491238297833399,0.0003433552406088,0.0009929164500005,0.3605376988577741,1.1875658622697456,0.4106659350625983,1.0426047711006687,0.0032737089887447,0.0046771165016713,0.0001605185749846,0.0001828366656242,0.0005287280096253,0.0004641884403752,0.0006470251059995,2.2301706333704145,0.7712036339203724,,,1727.0,275.0,0.5325,0.4675,0.4463,0.5536,0.3258,0.6736,Dallas Cowboys,Indianapolis Colts,Indianapolis Colts,Indianapolis Colts,Indianapolis Colts,Same,Same,Same,False,False,0.0003433552406088,0.0009929164500005
2026_09_NYJ_KC,2026,9,2026-11-08,13:00,New York Jets,Kansas City Chiefs,Home,,,,,7,7,0,0,-12,3,GEHA Field at Arrowhead Stadium,39.0489,-94.4839,America/Chicago,False,False,9,9,Sunday,-12,3,AFC East,MetLife Stadium,40.8136,-74.0744,America/New_York,AFC West,GEHA Field at Arrowhead Stadium,39.0489,-94.4839,America/Chicago,Las Vegas Raiders,Denver Broncos,MetLife Stadium,Empower Field at Mile High,Buffalo Bills,Atlanta Falcons,MetLife Stadium,Mercedes-Benz Stadium,1085,0,-1085,1085,1.0,0.0,America/New_York,America/Denver,1.0,-1.0,1.0,0.0,1.0,0,-3.725,4.395,-3.725,4.395,Kansas City Chiefs,8.12,Kansas City Chiefs,8.12,-3.725,4.395,Kansas City Chiefs,8.12,0.0,0,No,No,No,No,No,0,No,-9.26,-2.17,-6.95,0.625,-5.142,2.3565,-5.142,2.3565,-10.677,-4.2085,-8.366999999999999,-1.4135,Kansas City Chiefs,7.4985,Kansas City Chiefs,7.4985,-5.142,2.3565,Kansas City Chiefs,7.4985,Kansas City Chiefs,7.09,Kansas City Chiefs,7.575,-8.105,-0.7725,Kansas City Chiefs,7.3325,Kansas City Chiefs,6.4685,Kansas City Chiefs,6.953499999999999,-9.521999999999998,-2.811,Kansas City Chiefs,6.710999999999999,Same,Same,Same,Same,Same,Same,False,Home Team,Home Team,41.5,-455.0,350.0,Kansas City Chiefs,New York Jets,-9.5,9.5,-282,224,-319,249,-6.4685,6.4685,-6.953499999999999,6.953499999999999,0.2222,0.8198,0.3086,0.7382,0.2865,0.7613,0.2133,0.7867,0.2948,0.7052,0.2734,0.7266,0.2133,0.7867,-0.2867,0.2867,,,125,9,2026-11-08,NYJ @ KC,10.0,60.0,0.0,Historical Avg,False,G.Smith,P.Mahomes,-10.43,-11.0,12.79,163.64,Med-Low,-19.0,-3.0,45.65,45.0,12.518448647947968,30.0,62.0,0.7922,0.2068,0.07,0.075,0.5456,0.4544,0.623,0.377,0.7527,0.2471,-304,305,,,,,,,,No Bet,,No Bet,,No Bet,,No Bet,,No Bet,,No Bet,,No Bet,,No Bet,,No Bet,,,,,,,,,,,,,,,,,,,,,,,,,,,,,9,-0.1681875,0.0680555555555555,Kansas City Chiefs,New York Jets,0,0,0,1,0,0,0,0,0,1,0,0,0,1.0,4.0,,,2246.080859441008,0.6781532478193052,0.9403379331934042,0.2599179570631784,0.0001037285155251,459.27290195417646,0.049695195682735,124.52384643043838,0.1832874376165384,0.2354276998357628,0.0001814305342611,0.2044774568216024,0.0554405002415759,2.2125292361514937e-05,8.160322316363714e-05,0.0555221034647396,0.2329826332992735,583.796748384615,,,1727.0,275.0,0.2083,0.7917,0.2434,0.7563,0.197,0.8016,Kansas City Chiefs,Kansas City Chiefs,Kansas City Chiefs,Kansas City Chiefs,Kansas City Chiefs,Same,Same,Same,False,False,0.2599179570631784,0.0001037285155251
2026_09_DET_MIA,2026,9,2026-11-08,13:00,Detroit Lions,Miami Dolphins,Home,,,,,7,7,0,0,10,1,Hard Rock Stadium,25.9602,-80.2384,America/New_York,False,False,9,9,Sunday,10,1,NFC North,Ford Field,42.3395,-83.045,America/Detroit,AFC East,Hard Rock Stadium,25.9602,-80.2384,America/New_York,Minnesota Vikings,New England Patriots,Ford Field,Hard Rock Stadium,New England Patriots,Indianapolis Colts,FC Bayern Munich Stadium,Lucas Oil Stadium,1142,0,-1142,1142,0.0,0.0,America/Detroit,America/New_York,0.0,0.0,0.0,0.0,0.0,0,4.305,0.66,4.305,0.66,Detroit Lions,3.645,Detroit Lions,3.645,4.305,0.66,Detroit Lions,3.645,0.0,0,No,No,No,No,No,0,No,3.98,-5.46,3.658,-3.956,5.638999999999999,1.8645,5.638999999999999,1.8645,5.314,-4.2555,4.991999999999999,-2.7515,Detroit Lions,3.7744999999999993,Detroit Lions,3.7744999999999993,5.638999999999999,1.8645,Detroit Lions,3.7744999999999993,Detroit Lions,9.44,Detroit Lions,7.614,3.819,-4.708,Detroit Lions,8.527000000000001,Detroit Lions,9.5695,Detroit Lions,7.743499999999999,5.153,-3.5035,Detroit Lions,8.6565,Same,Same,Same,Same,Same,Same,False,Away Team,Away Team,47.5,225.0,-278.0,Detroit Lions,Miami Dolphins,6.5,-6.5,327,-436,268,-346,9.5695,-9.5695,7.743499999999999,-7.743499999999999,0.7354,0.3077,0.8134,0.2342,0.7758,0.2717,0.705,0.295,0.7765,0.2235,0.7406,0.2594,0.705,0.295,0.205,-0.205,,,126,9,2026-11-08,DET @ MIA,10.0,75.0,0.0,Historical Avg,False,J.Goff,M.Willis,12.09,12.0,14.0,196.04,High,3.0,21.0,51.79,51.0,13.825011556917763,35.0,71.0,0.1992,0.7998,0.0706,0.0642,0.3202,0.6798,0.5998,0.4002,0.2443,0.7555,309,-309,,,,,,,,No Bet,,No Bet,,No Bet,,No Bet,,No Bet,,No Bet,,No Bet,,No Bet,,No Bet,,,,,,,,,,,,,,,,,,,,,,,,,,,,,9,0.0712333333333333,-0.2388,Detroit Lions,Miami Dolphins,1,0,0,0,0,0,0,0,1,0,0,0,0,4.0,0.0,,,2246.080859441008,0.9975201714382572,0.395341703116677,9.92824390043638e-05,0.0293533565893676,0.0657839338482646,46.4806587389863,0.1572124520780562,19.449353656738957,0.0005048143560127,0.0511595646985373,2.928831950628732e-05,6.999411949807647e-05,0.0206941163955041,0.0086592401938634,0.0087292343133615,65.93001239572526,0.2229963859263209,,,1727.0,275.0,0.705,0.295,0.7572,0.2425,0.8066,0.192,Detroit Lions,Detroit Lions,Detroit Lions,Detroit Lions,Detroit Lions,Same,Same,Same,False,False,9.92824390043638e-05,0.0293533565893676
2026_09_CLE_NO,2026,9,2026-11-08,13:00,Cleveland Browns,New Orleans Saints,Home,,,,,7,14,-7,7,-4,3,Caesars Superdome,29.9507,-90.0813,America/Chicago,False,True,9,9,Sunday,-4,3,AFC North,FirstEnergy Stadium,41.5061,-81.6994,America/New_York,NFC South,Caesars Superdome,29.9507,-90.0813,America/Chicago,Pittsburgh Steelers,Pittsburgh Steelers,Acrisure Stadium,Stade de France,Houston Texans,Carolina Panthers,FirstEnergy Stadium,Caesars Superdome,925,0,-925,925,1.0,0.0,America/New_York,America/Chicago,1.0,0.0,1.0,0.0,1.0,0,-4.705,-6.145,-4.705,-6.145,Cleveland Browns,1.4399999999999995,Cleveland Browns,1.4399999999999995,-4.705,-6.145,Cleveland Browns,1.4399999999999995,0.0,0,No,No,No,No,No,0,No,-6.94,-4.37,-7.475,-4.865,-5.498500000000001,-6.448999999999999,-5.498500000000001,-6.448999999999999,-7.733500000000001,-4.674,-8.2685,-5.169,Cleveland Browns,0.950499999999998,Cleveland Browns,0.950499999999998,-5.498500000000001,-6.448999999999999,Cleveland Browns,0.950499999999998,New Orleans Saints,2.5700000000000003,New Orleans Saints,2.6099999999999994,-7.2075,-4.6175,New Orleans Saints,2.59,New Orleans Saints,3.0595000000000008,New Orleans Saints,3.0995,-8.001000000000001,-4.9215,New Orleans Saints,3.079500000000001,Different,Different,Different,Different,Same,Same,False,Home Team,Home Team,41.5,-192.0,160.0,New Orleans Saints,Cleveland Browns,-3.5,3.5,-164,135,-164,135,-3.0595000000000008,3.0595000000000008,-3.0995,3.0995,0.3846,0.6575,0.4255,0.6212,0.4255,0.6212,0.3691,0.6309,0.4065,0.5935,0.4065,0.5935,0.3691,0.6309,-0.1309,0.1309,,,127,9,2026-11-08,CLE @ NO,0.0,70.0,0.0,Dome,True,S.Sanders,T.Shough,-5.62,-7.0,13.29,176.55,Medium,-15.0,5.0,38.43,37.5,12.07167657432318,23.0,54.0,0.6588,0.3396,0.089,0.085,0.5828,0.4172,0.3848,0.6152,0.6192,0.3804,-163,163,,,,,,,,No Bet,,No Bet,,No Bet,,No Bet,,No Bet,,No Bet,,No Bet,,No Bet,,No Bet,,,,,,,,,,,,,,,,,,,,,,,,,,,,,9,-0.1231625,-0.0689888888888888,New Orleans Saints,Cleveland Browns,0,0,0,0,0,0,0,0,0,0,0,0,0,1.5,2.0,,,2246.080859441008,0.9517228035437606,0.9952881369696658,0.060336560825392,7.619157310266847e-05,85.50006918343406,0.0631649813881465,50.02072521097719,0.1079674526084574,0.0597216927436341,0.0009916941389887,0.0380663362247398,0.0222702246006522,2.812230963219493e-05,4.806926347047354e-05,0.0223182938641226,0.171132433996604,135.52079439441127,,,1727.0,275.0,0.3691,0.6309,0.3784,0.6212,0.3314,0.667,New Orleans Saints,New Orleans Saints,New Orleans Saints,New Orleans Saints,New Orleans Saints,Same,Same,Same,False,False,0.060336560825392,7.619157310266847e-05
2026_09_NYG_PHI,2026,9,2026-11-08,13:00,New York Giants,Philadelphia Eagles,Home,,,,,14,7,7,-7,3,-22,Lincoln Financial Field,39.9008,-75.1675,America/New_York,False,False,9,9,Sunday,3,-22,NFC East,MetLife Stadium,40.8136,-74.0744,America/New_York,NFC East,Lincoln Financial Field,39.9008,-75.1675,America/New_York,Houston Texans,Washington Commanders,NRG Stadium,FedExField,Washington Commanders,Pittsburgh Steelers,MetLife Stadium,Lincoln Financial Field,85,0,-85,85,0.0,0.0,America/Chicago,America/New_York,-1.0,0.0,0.0,0.0,0.0,0,-2.84,4.905,-2.84,4.905,Philadelphia Eagles,7.745,Philadelphia Eagles,7.745,-2.84,4.905,Philadelphia Eagles,7.745,0.0,0,No,No,No,No,No,1,No,-3.53,5.52,-5.014,3.682,-1.06525,4.59425,-1.06525,4.59425,-1.7422,5.196199999999999,-3.22974,3.36174,Philadelphia Eagles,5.6595,Philadelphia Eagles,5.6595,-1.06525,4.59425,Philadelphia Eagles,5.6595,Philadelphia Eagles,9.05,Philadelphia Eagles,8.696,-4.272,4.601,Philadelphia Eagles,8.873000000000001,Philadelphia Eagles,6.9384,Philadelphia Eagles,6.59148,-2.48597,4.278969999999999,Philadelphia Eagles,6.764939999999999,Same,Same,Same,Same,Same,Same,False,Home Team,Home Team,44.5,-238.0,195.0,Philadelphia Eagles,New York Giants,-5.5,5.5,-319,249,-282,224,-6.9384,6.9384,-6.59148,6.59148,0.339,0.7041,0.2865,0.7613,0.3086,0.7382,0.325,0.675,0.2734,0.7266,0.2948,0.7052,0.325,0.675,-0.175,0.175,,,128,9,2026-11-08,NYG @ PHI,12.0,50.0,0.0,Historical Avg,False,J.Dart,J.Hurts,-10.38,-11.0,13.34,177.93,Medium,-20.0,-3.0,44.29,44.0,13.022877371264975,28.0,61.0,0.782,0.217,0.0718,0.071,0.671,0.329,0.4724,0.5276,0.7222,0.2776,-260,260,,,,,,,,No Bet,,No Bet,,No Bet,,No Bet,,No Bet,,No Bet,,No Bet,,No Bet,,No Bet,,,,,,,,,,,,,,,,,,,,,,,,,,,,,9,-0.0705666666666666,0.0910375,Philadelphia Eagles,New York Giants,0,0,0,1,0,1,0,0,0,1,0,1,1,2.0,4.5,,,2246.080859441008,0.8144064394630467,0.7905510048408835,0.0598078002231598,4.229300756962441e-06,90.67487984539498,0.0030872892306856,43.65827548111609,0.006412062248347,0.050295658062674,0.0010250592149977,0.0403702651506329,0.0194375350725269,1.3745227460127934e-06,2.854778010949648e-06,0.0194403898505379,0.0094993514790327,134.33315532651108,,,1727.0,275.0,0.325,0.675,0.2772,0.7224,0.2158,0.7828,Philadelphia Eagles,Philadelphia Eagles,Philadelphia Eagles,Philadelphia Eagles,Philadelphia Eagles,Same,Same,Same,False,False,0.0598078002231598,4.229300756962441e-06
2026_09_LA_WAS,2026,9,2026-11-08,13:00,Los Angeles Rams,Washington Commanders,Home,,,,,7,7,0,0,-5,7,FedExField,38.9077,-76.8645,America/New_York,False,False,9,9,Sunday,-5,7,NFC West,SoFi Stadium,33.9535,-118.3395,America/Los_Angeles,NFC East,FedExField,38.9077,-76.8645,America/New_York,Los Angeles Chargers,Philadelphia Eagles,SoFi Stadium,FedExField,Arizona Cardinals,New York Giants,State Farm Stadium,MetLife Stadium,2309,0,-2309,2309,-3.0,0.0,America/Los_Angeles,America/New_York,-3.0,0.0,-3.0,0.0,-3.0,0,1.29,1.45,1.29,1.45,Washington Commanders,0.1599999999999999,Washington Commanders,0.1599999999999999,1.29,1.45,Washington Commanders,0.1599999999999999,-0.4499999999999999,0,No,No,No,No,No,0,No,8.12,-5.43,7.087,-1.427,1.077,1.247,1.077,1.247,7.906999999999999,-5.633,6.874,-1.63,Washington Commanders,0.1699999999999999,Washington Commanders,0.1699999999999999,1.077,1.247,Washington Commanders,0.1699999999999999,Los Angeles Rams,13.55,Los Angeles Rams,8.514,7.603499999999999,-3.4285,Los Angeles Rams,11.032,Los Angeles Rams,13.54,Los Angeles Rams,8.504,7.390499999999999,-3.6315,Los Angeles Rams,11.021999999999998,Different,Different,Different,Different,Same,Same,False,Away Team,Away Team,50.5,185.0,-227.0,Los Angeles Rams,Washington Commanders,5.5,-5.5,539,-819,302,-397,13.54,-13.54,8.504,-8.504,0.6942,0.3509,0.8912,0.1565,0.7988,0.2488,0.6643,0.3357,0.8506,0.1494,0.7625,0.2375,0.6643,0.3357,0.1643,-0.1643,,,129,9,2026-11-08,LA @ WAS,10.0,52.0,0.0,Historical Avg,False,M.Stafford,J.Daniels,10.48,10.0,13.09,171.32,Medium,3.0,19.0,56.31,56.0,14.043117274613843,39.0,75.0,0.2056,0.7938,0.0708,0.0704,0.3318,0.6682,0.6478,0.3522,0.232,0.7678,331,-331,,,,,,,,No Bet,,No Bet,,No Bet,,No Bet,,No Bet,,No Bet,,No Bet,,No Bet,,No Bet,,,,,,,,,,,,,,,,,,,,,,,,,,,,,9,0.1272375,0.0009111111111111,Los Angeles Rams,Washington Commanders,1,0,0,0,0,0,1,0,1,0,1,0,0,5.0,3.0,,,2246.080859441008,0.9900063673034272,0.2402151380065186,1.143362117757422e-06,0.0045278527947529,0.0008621057209528,6.7558801788319816,0.001705978047152,3.4140433178291376,0.0007479318354947,0.0104271370327797,3.838266629311666e-07,7.595354548262554e-07,0.0030078526115543,0.0015200001831985,0.0015207597186533,10.16992349666112,0.0025680837681048,,,1727.0,275.0,0.6643,0.3357,0.7694,0.2304,0.8004,0.199,Los Angeles Rams,Los Angeles Rams,Los Angeles Rams,Los Angeles Rams,Los Angeles Rams,Same,Same,Same,False,False,1.143362117757422e-06,0.0045278527947529
2026_09_HOU_LAC,2026,9,2026-11-08,16:05,Houston Texans,Los Angeles Chargers,Home,,,,,14,7,7,-7,7,-10,SoFi Stadium,33.9535,-118.3395,America/Los_Angeles,False,False,9,9,Sunday,7,-10,AFC South,NRG Stadium,29.6847,-95.4093,America/Chicago,AFC West,SoFi Stadium,33.9535,-118.3395,America/Los_Angeles,New York Giants,Los Angeles Rams,NRG Stadium,SoFi Stadium,Cleveland Browns,Baltimore Ravens,FirstEnergy Stadium,M&T Bank Stadium,1374,0,-1374,1374,2.0,0.0,America/Chicago,America/Los_Angeles,2.0,0.0,2.0,0.0,2.0,0,0.035,0.935,0.035,0.935,Los Angeles Chargers,0.9,Los Angeles Chargers,0.9,0.035,0.935,Los Angeles Chargers,0.9,-0.15,0,No,No,No,No,No,0,No,2.96,1.12,5.008,0.527,1.1535000000000002,-0.0994999999999999,1.1535000000000002,-0.0994999999999999,4.0785,0.0855,6.1265,-0.5075,Houston Texans,1.253,Houston Texans,1.253,1.1535000000000002,-0.0994999999999999,Houston Texans,1.253,Houston Texans,1.84,Houston Texans,4.481,3.984,0.8235000000000001,Houston Texans,3.1605,Houston Texans,3.993,Houston Texans,6.634,5.1025,-0.2109999999999999,Houston Texans,5.3135,Different,Different,Same,Same,Same,Same,False,Away Team,Away Team,43.5,-143.0,120.0,Los Angeles Chargers,Houston Texans,-2.0,2.0,171,-211,224,-282,3.993,-3.993,6.634,-6.634,0.4545,0.5885,0.6785,0.369,0.7382,0.3086,0.4358,0.5642,0.6477,0.3523,0.7052,0.2948,0.4358,0.5642,-0.0642,0.0642,,,130,9,2026-11-08,HOU @ LAC,0.0,70.0,0.0,Dome,True,C.Stroud,J.Herbert,-0.79,-1.0,13.45,180.82,Med-High,-10.0,9.0,42.75,42.0,12.50640963731811,27.0,60.0,0.5166,0.4826,0.0906,0.0784,0.4848,0.5024,0.4374,0.5626,0.432,0.5678,131,-131,,,,,,,,No Bet,,No Bet,,No Bet,,No Bet,,No Bet,,No Bet,,No Bet,,No Bet,,No Bet,,,,,,,,,,,,,,,,,,,,,,,,,,,,,9,0.0679333333333333,0.0831,Los Angeles Chargers,Houston Texans,0,0,0,0,0,0,1,0,0,0,1,0,0,4.0,4.0,,,2246.080859441008,0.5090373114962761,0.8460156054672839,0.0055308566242855,3.5241163552171606e-05,7.008916227107858,0.0344955323720839,5.413834973012414,0.0446589705468787,0.0090058110406144,0.0023941630157748,0.0031205093074219,0.0024103473168636,1.5358099076036388e-05,1.988306447613522e-05,0.0024302303813397,0.0791545029189627,12.422751200120272,,,1727.0,275.0,0.4358,0.5642,0.5697,0.4301,0.49,0.509,Los Angeles Chargers,Los Angeles Chargers,Houston Texans,Los Angeles Chargers,Houston Texans,Same,Same,Same,False,False,0.0055308566242855,3.5241163552171606e-05
2026_09_LV_SF,2026,9,2026-11-08,16:05,Las Vegas Raiders,San Francisco 49ers,Home,,,,,7,14,-7,7,-6,9,Levi's Stadium,37.4031,-121.9702,America/Los_Angeles,False,True,9,9,Sunday,-6,9,AFC West,Allegiant Stadium,36.108,-115.1578,America/Los_Angeles,NFC West,Levi's Stadium,37.4031,-121.9702,America/Los_Angeles,New York Jets,Atlanta Falcons,MetLife Stadium,Mercedes-Benz Stadium,Seattle Seahawks,Dallas Cowboys,Allegiant Stadium,AT&T Stadium,387,0,-387,387,0.0,0.0,America/New_York,America/New_York,3.0,3.0,0.0,0.0,0.0,0,-2.35,3.325,-2.35,3.325,San Francisco 49ers,5.675000000000001,San Francisco 49ers,5.675000000000001,-2.35,3.325,San Francisco 49ers,5.675000000000001,0.0,0,No,No,No,No,No,0,No,-8.15,3.57,-7.588,2.606,-3.2035,2.6405,-3.2035,2.6405,-9.0035,2.8855,-8.4415,1.9215,San Francisco 49ers,5.843999999999999,San Francisco 49ers,5.843999999999999,-3.2035,2.6405,San Francisco 49ers,5.843999999999999,San Francisco 49ers,11.72,San Francisco 49ers,10.194,-7.869,3.088,San Francisco 49ers,10.957,San Francisco 49ers,11.889,San Francisco 49ers,10.363,-8.7225,2.4035,San Francisco 49ers,11.126,Same,Same,Same,Same,Same,Same,False,Home Team,Home Team,46.5,-417.0,330.0,San Francisco 49ers,Las Vegas Raiders,-8.5,8.5,-660,458,-538,389,-11.889,11.889,-10.363,10.363,0.2326,0.8066,0.1792,0.8684,0.2045,0.8433,0.2238,0.7762,0.1711,0.8289,0.1952,0.8048,0.2238,0.7762,-0.2762,0.2762,,,131,9,2026-11-08,LV @ SF,8.0,60.0,0.0,Historical Avg,False,K.Cousins,B.Purdy,-10.03,-10.0,12.02,144.44,Low,-18.0,-3.0,50.62,50.0,12.852893774386962,34.0,67.0,0.8082,0.1908,0.0736,0.0686,0.5624,0.4376,0.6176,0.3824,0.8045,0.1952,-412,412,,,,,,,,No Bet,,No Bet,,No Bet,,No Bet,,No Bet,,No Bet,,No Bet,,No Bet,,No Bet,,,,,,,,,,,,,,,,,,,,,,,,,,,,,9,-0.1241625,0.0360777777777777,San Francisco 49ers,Las Vegas Raiders,0,0,0,0,0,0,0,0,0,0,0,0,0,1.5,3.5,,,2246.080859441008,0.3374870152506617,0.9202718118269786,0.1268193218558709,1.6466209285956307e-05,221.0978155982276,0.0082771171135599,63.74863582953276,0.0287073203911762,0.0998139920509496,0.0003199282353479,0.0984371576245269,0.0283821642313439,3.6851376381970216e-06,1.2781071647759284e-05,0.0283949453029916,0.0369844375047362,284.8464514277603,,,1727.0,275.0,0.2238,0.7762,0.1982,0.8016,0.2028,0.7964,San Francisco 49ers,San Francisco 49ers,San Francisco 49ers,San Francisco 49ers,San Francisco 49ers,Same,Same,Same,False,False,0.1268193218558709,1.6466209285956307e-05
2026_09_GB_NE,2026,9,2026-11-08,16:25,Green Bay Packers,New England Patriots,Home,,,,,10,7,3,-3,-4,4,Gillette Stadium,42.0628,-71.2687,America/New_York,False,False,9,9,Sunday,-4,4,NFC North,Lambeau Field,44.5013,-88.0622,America/Chicago,AFC East,Gillette Stadium,42.0628,-71.2687,America/New_York,Carolina Panthers,Miami Dolphins,Lambeau Field,Hard Rock Stadium,Minnesota Vikings,Detroit Lions,Lambeau Field,FC Bayern Munich Stadium,859,0,-859,859,-1.0,0.0,America/Chicago,America/New_York,-1.0,0.0,-1.0,0.0,-1.0,0,3.535,-1.995,3.535,-1.995,Green Bay Packers,5.53,Green Bay Packers,5.53,3.535,-1.995,Green Bay Packers,5.53,0.0,0,No,No,No,No,No,0,No,5.09,5.09,2.933,4.222,3.1955,-2.0295,3.1955,-2.0295,4.750499999999999,5.0555,2.5935,4.1875,Green Bay Packers,5.225,Green Bay Packers,5.225,3.1955,-2.0295,Green Bay Packers,5.225,Tie,0.0,New England Patriots,1.2890000000000006,4.0115,4.656000000000001,New England Patriots,0.6445000000000007,New England Patriots,0.3050000000000015,New England Patriots,1.5940000000000003,3.6719999999999993,4.6215,New England Patriots,0.9495000000000008,Different,Different,Different,Different,Different,Same,False,Home Team,Home Team,46.5,-125.0,105.0,New England Patriots,Green Bay Packers,-1.5,1.5,-116,-104,-128,105,-0.3050000000000015,0.3050000000000015,-1.5940000000000003,1.5940000000000003,0.4878,0.5556,0.5098,0.537,0.4878,0.5614,0.4675,0.5325,0.487,0.513,0.4649,0.5351,0.4675,0.5325,-0.0325,0.0325,,,132,9,2026-11-08,GB @ NE,12.0,45.0,0.0,Historical Avg,False,J.Love,D.Maye,2.03,3.0,13.05,170.21,Medium,-7.0,11.0,50.54,50.0,13.908410467639618,33.0,69.0,0.4308,0.568,0.1026,0.1008,0.4094,0.5906,0.5988,0.4012,0.5028,0.4968,-101,101,,,,,,,,No Bet,,No Bet,,No Bet,,No Bet,,No Bet,,No Bet,,No Bet,,No Bet,,No Bet,,,,,,,,,,,,,,,,,,,,,,,,,,,,,9,0.0787875,0.0891749999999999,New England Patriots,Green Bay Packers,0,0,1,0,0,0,1,0,1,0,1,0,0,4.0,4.5,,,2246.080859441008,0.2903706254840531,0.661243207827579,0.000292281830972,0.0001565782850089,0.3495801934028466,0.1644139010900724,0.3069084327057855,0.1872735878726492,0.0030798216528209,0.0026724530064811,0.0001556400749926,0.0001366417559794,7.320034824168832e-05,8.337793676727064e-05,0.0002200196927466,0.3516874889627217,0.6564886261086321,,,1727.0,275.0,0.4675,0.5325,0.4948,0.5048,0.56,0.4388,New England Patriots,Green Bay Packers,New England Patriots,Green Bay Packers,New England Patriots,Same,Same,Same,False,False,0.000292281830972,0.0001565782850089
2026_09_ARI_SEA,2026,9,2026-11-08,16:25,Arizona Cardinals,Seattle Seahawks,Home,,,,,7,6,1,-1,-4,3,Lumen Field,47.5952,-122.3316,America/Los_Angeles,False,True,9,9,Sunday,-4,3,NFC West,State Farm Stadium,33.5277,-112.262608,America/Denver,NFC West,Lumen Field,47.5952,-122.3316,America/Los_Angeles,Dallas Cowboys,Chicago Bears,AT&T Stadium,Lumen Field,Los Angeles Rams,Las Vegas Raiders,State Farm Stadium,Allegiant Stadium,1103,0,-1103,1103,1.0,0.0,America/Chicago,America/Los_Angeles,2.0,0.0,1.0,0.0,1.0,0,0.075,-0.13,0.075,-0.13,Arizona Cardinals,0.205,Arizona Cardinals,0.205,0.075,-0.13,Arizona Cardinals,0.205,0.0,0,No,No,No,No,No,1,Yes,-4.4,10.42,-3.837,10.022,0.932555,-0.0420549999999999,0.932555,-0.0420549999999999,-3.392195,10.357695,-2.838805,9.969305000000002,Arizona Cardinals,0.97461,Arizona Cardinals,0.97461,0.932555,-0.0420549999999999,Arizona Cardinals,0.97461,Seattle Seahawks,14.82,Seattle Seahawks,13.859,-4.1185,10.221,Seattle Seahawks,14.3395,Seattle Seahawks,13.74989,Seattle Seahawks,12.808110000000005,-3.1155,10.163500000000004,Seattle Seahawks,13.279000000000003,Different,Different,Different,Different,Same,Same,False,Home Team,Home Team,45.5,-833.0,575.0,Seattle Seahawks,Arizona Cardinals,-13.5,13.5,-819,539,-729,494,-13.74989,13.74989,-12.808110000000005,12.808110000000005,0.1481,0.8928,0.1565,0.8912,0.1684,0.8794,0.1423,0.8577,0.1494,0.8506,0.1607,0.8393,0.1423,0.8577,-0.3577,0.3577,,,133,9,2026-11-08,ARI @ SEA,10.0,48.0,0.0,Historical Avg,False,J.Brissett,S.Darnold,-14.78,-15.0,12.99,168.65,Med-Low,-23.0,-7.0,47.21,47.0,12.70216598238776,32.0,64.0,0.8692,0.13,0.06,0.0576,0.5414,0.4586,0.5414,0.4586,0.8542,0.1456,-586,587,,,,,,,,No Bet,,No Bet,,No Bet,,No Bet,,No Bet,,No Bet,,No Bet,,No Bet,,No Bet,,,,,,,,,,,,,,,,,,,,,,,,,,,,,9,-0.1921625,0.0931,Seattle Seahawks,Arizona Cardinals,0,0,0,0,0,1,0,0,0,0,0,1,1,0.5,4.5,,,2246.080859441008,0.7736371502651596,0.9996667215647008,0.3721048205859288,0.0001023836330257,716.8463748074405,0.0327235809967471,118.93114041634462,0.1972383374624736,0.3579315795813855,0.0005675571902017,0.3191543046165511,0.0529505159693776,1.4569190979567485e-05,8.781444204620541e-05,0.0530383304114238,0.2299619184592207,835.7775152237851,,,1727.0,275.0,0.1423,0.8577,0.141,0.8589,0.1114,0.888,Seattle Seahawks,Seattle Seahawks,Seattle Seahawks,Seattle Seahawks,Seattle Seahawks,Same,Same,Same,False,False,0.3721048205859288,0.0001023836330257
2026_09_TB_CHI,2026,9,2026-11-08,20:20,Tampa Bay Buccaneers,Chicago Bears,Home,,,,,7,6,1,-1,1,1,Soldier Field,41.8623,-87.6167,America/Chicago,False,False,9,9,Sunday,1,1,NFC South,Raymond James Stadium,27.9759,-82.5033,America/New_York,NFC North,Soldier Field,41.8623,-87.6167,America/Chicago,Atlanta Falcons,Seattle Seahawks,Raymond James Stadium,Lumen Field,Detroit Lions,New Orleans Saints,Ford Field,Soldier Field,1001,0,-1001,1001,1.0,0.0,America/New_York,America/Los_Angeles,1.0,-2.0,1.0,0.0,1.0,0,1.025,-1.575,1.025,-1.575,Tampa Bay Buccaneers,2.6,Tampa Bay Buccaneers,2.6,1.025,-1.575,Tampa Bay Buccaneers,2.6,0.0,0,No,No,No,No,No,0,Yes,-1.4,0.9,-2.096,1.647,3.0915,-1.4364999999999997,3.0915,-1.4364999999999997,0.6665000000000001,1.0385,-0.0294999999999998,1.7855000000000003,Tampa Bay Buccaneers,4.528,Tampa Bay Buccaneers,4.528,3.0915,-1.4364999999999997,Tampa Bay Buccaneers,4.528,Chicago Bears,2.3,Chicago Bears,3.743,-1.748,1.2735,Chicago Bears,3.0215,Chicago Bears,0.3719999999999999,Chicago Bears,1.815,0.3185000000000001,1.412,Chicago Bears,1.0935,Different,Different,Different,Different,Same,Same,False,Home Team,Home Team,48.5,-192.0,160.0,Chicago Bears,Tampa Bay Buccaneers,-3.5,3.5,-116,-104,-131,108,-0.3719999999999999,0.3719999999999999,-1.815,1.815,0.3846,0.6575,0.5098,0.537,0.4808,0.5671,0.3691,0.6309,0.487,0.513,0.4588,0.5412,0.3691,0.6309,-0.1309,0.1309,,,134,9,2026-11-08,TB @ CHI,15.0,45.0,0.0,Historical Avg,False,B.Mayfield,C.Williams,-0.1,-1.0,14.06,197.57,High,-10.0,10.0,52.96,53.0,13.629300536954393,36.0,71.0,0.5036,0.4954,0.0858,0.0846,0.4194,0.5806,0.6202,0.3798,0.5472,0.4526,-121,121,,,,,,,,No Bet,,No Bet,,No Bet,,No Bet,,No Bet,,No Bet,,No Bet,,No Bet,,No Bet,,,,,,,,,,,,,,,,,,,,,,,,,,,,,9,-0.0296999999999999,0.0370875,Chicago Bears,Tampa Bay Buccaneers,0,0,0,1,0,1,0,0,0,1,0,1,0,2.5,3.5,,,2246.080859441008,0.6604942329909776,0.8514921635729081,0.0229129477656189,7.569768629622008e-06,32.46884794819759,0.0062755535176882,18.99548546153072,0.0107267589117027,0.0299395011124399,0.0005944263923519,0.0144557787453289,0.0084571690202899,2.794001601193483e-06,4.775767028428525e-06,0.0084619447873183,0.0170023124293909,51.46433340972831,,,1727.0,275.0,0.3691,0.6309,0.4485,0.5514,0.479,0.5206,Chicago Bears,Chicago Bears,Chicago Bears,Chicago Bears,Chicago Bears,Same,Same,Same,False,False,0.0229129477656189,7.569768629622008e-06
2026_09_BUF_MIN,2026,9,2026-11-09,20:15,Buffalo Bills,Minnesota Vikings,Home,,,,,8,8,0,0,9,8,U.S. Bank Stadium,44.9738,-93.2575,America/Chicago,False,False,9,9,Monday,9,8,AFC East,Highmark Stadium,42.7725,-78.7877,America/New_York,NFC North,U.S. Bank Stadium,44.9738,-93.2575,America/Chicago,Baltimore Ravens,Detroit Lions,Highmark Stadium,Ford Field,New York Jets,Green Bay Packers,MetLife Stadium,Lambeau Field,735,0,-735,735,1.0,0.0,America/New_York,America/Detroit,1.0,1.0,1.0,0.0,1.0,0,4.795,0.27,4.795,0.27,Buffalo Bills,4.525,Buffalo Bills,4.525,4.795,0.27,Buffalo Bills,4.525,0.0,0,No,No,No,No,No,0,No,6.16,-0.75,3.416,2.721,5.7225,-0.7399999999999999,5.7225,-0.7399999999999999,7.0875,-1.7599999999999998,4.343500000000001,1.711,Buffalo Bills,6.4625,Buffalo Bills,6.4625,5.7225,-0.7399999999999999,Buffalo Bills,6.4625,Buffalo Bills,6.91,Buffalo Bills,0.6949999999999998,4.788,0.9855,Buffalo Bills,3.8025,Buffalo Bills,8.8475,Buffalo Bills,2.6325000000000003,5.7155000000000005,-0.0244999999999998,Buffalo Bills,5.74,Same,Same,Same,Same,Same,Same,False,Away Team,Away Team,48.5,142.0,-169.0,Buffalo Bills,Minnesota Vikings,3.0,-3.0,314,-416,117,-142,8.8475,-8.8475,2.6325000000000003,-2.6325000000000003,0.6283,0.4132,0.8062,0.2415,0.5868,0.4608,0.6032,0.3968,0.7695,0.2305,0.5601,0.4399,0.6032,0.3968,0.1032,-0.1032,,,135,9,2026-11-09,BUF @ MIN,0.0,70.0,0.0,Dome,True,J.Allen,K.Murray,1.03,2.0,13.54,183.38,Med-High,-9.0,10.0,51.91,51.0,13.286021982370164,36.0,70.0,0.4644,0.5346,0.0836,0.0824,0.5036,0.4534,0.589,0.411,0.3829,0.6168,161,-161,,,,,,,,No Bet,,No Bet,,No Bet,,No Bet,,No Bet,,No Bet,,No Bet,,No Bet,,No Bet,,,,,,,,,,,,,,,,,,,,,,,,,,,,,9,0.1455555555555555,0.0014222222222222,Buffalo Bills,Minnesota Vikings,1,0,0,0,1,0,0,0,1,0,1,0,0,5.0,3.0,,,2246.080859441008,0.6790668045278451,0.8951866602055472,0.0009129876244154,0.0059999009310939,0.8136955503525196,8.128881624371076,1.2369484777536286,5.347381015501399,0.0011882841253564,0.0092979614854905,0.000362273489368,0.0005507141350474,0.0036191402416358,0.002380760689458,0.0029314748245055,13.476262639872475,2.050644028106148,,,1727.0,275.0,0.6032,0.3968,0.622,0.3778,0.5552,0.4442,Buffalo Bills,Buffalo Bills,Buffalo Bills,Buffalo Bills,Buffalo Bills,Same,Same,Same,False,False,0.0009129876244154,0.0059999009310939
2026_10_WAS_NYG,2026,10,2026-11-12,20:15,Washington Commanders,New York Giants,Home,,,,,4,4,0,0,7,3,MetLife Stadium,40.8136,-74.0744,America/New_York,False,False,10,10,Thursday,7,3,NFC East,FedExField,38.9077,-76.8645,America/New_York,NFC East,MetLife Stadium,40.8136,-74.0744,America/New_York,Los Angeles Rams,Philadelphia Eagles,FedExField,Lincoln Financial Field,Cincinnati Bengals,Jacksonville Jaguars,FedExField,MetLife Stadium,198,0,-198,198,0.0,0.0,America/New_York,America/New_York,0.0,0.0,0.0,0.0,0.0,0,1.45,-2.84,1.45,-2.84,Washington Commanders,4.29,Washington Commanders,4.29,1.45,-2.84,Washington Commanders,4.29,0.0,0,No,No,No,No,No,1,No,-5.43,-3.53,-1.427,-5.014,2.2921500000000004,-3.67115,2.2921500000000004,-3.67115,-4.52595,-4.42305,-0.5778199999999999,-5.85218,Washington Commanders,5.9633,Washington Commanders,5.9633,2.2921500000000004,-3.67115,Washington Commanders,5.9633,New York Giants,1.9,Washington Commanders,3.587,-3.4285,-4.272,Washington Commanders,0.8435000000000006,New York Giants,0.1028999999999999,Washington Commanders,5.27436,-2.551885,-5.137615,Washington Commanders,2.5857300000000003,Different,Same,Different,Same,Same,Same,True,Home Team,Away Team,47.5,-125.0,105.0,New York Giants,Washington Commanders,-1.5,1.5,-110,-110,195,-244,-0.1028999999999999,0.1028999999999999,5.27436,-5.27436,0.4878,0.5556,0.5238,0.5238,0.7093,0.339,0.4675,0.5325,0.5,0.5,0.6766,0.3234,0.4675,0.5325,-0.0325,0.0325,,,136,10,2026-11-12,WAS @ NYG,12.0,48.0,0.0,Historical Avg,False,J.Daniels,J.Dart,4.45,6.0,13.67,186.78,Med-High,-6.0,14.0,50.49,50.0,13.650832937516215,33.0,68.0,0.3752,0.6236,0.0844,0.0874,0.3532,0.6468,0.565,0.435,0.4328,0.5669,131,-131,,,,,,,,No Bet,,No Bet,,No Bet,,No Bet,,No Bet,,No Bet,,No Bet,,No Bet,,No Bet,,,,,,,,,,,,,,,,,,,,,,,,,,,,,10,0.0050874999999999,-0.08345,New York Giants,Washington Commanders,0,0,0,0,0,0,0,0,0,0,0,0,1,3.5,2.0,,,1749.5783080542376,0.7905492402504011,0.9900058745528504,0.0121880949183333,0.0010811196956797,11.355044103593782,0.8842779180266616,9.968982382028344,1.0072256499448071,0.0133782862028162,0.0054459236613773,0.0064901605440125,0.0056979343743208,0.0005054234577302,0.0005756962379494,0.0062736306122703,1.8915035679714685,21.324026485622127,,,1572.0,155.0,0.4675,0.5325,0.5667,0.4331,0.6228,0.3764,New York Giants,Washington Commanders,Washington Commanders,Washington Commanders,Washington Commanders,Same,Same,Same,False,False,0.0121880949183333,0.0010811196956797
2026_10_NE_DET,2026,10,2026-11-15,09:30,New England Patriots,Detroit Lions,Neutral,,,,,7,7,0,0,4,10,FC Bayern Munich Stadium,42.3395,-83.045,America/Detroit,True,False,10,10,Sunday,4,10,AFC East,Gillette Stadium,42.0628,-71.2687,America/New_York,NFC North,Ford Field,42.3395,-83.045,America/Detroit,Green Bay Packers,Miami Dolphins,Gillette Stadium,Hard Rock Stadium,Los Angeles Chargers,Tampa Bay Buccaneers,SoFi Stadium,Ford Field,602,0,-602,602,0.0,0.0,America/New_York,America/New_York,0.0,0.0,0.0,0.0,0.0,0,-1.995,4.305,-1.995,4.305,Detroit Lions,6.3,Detroit Lions,6.3,-1.995,4.305,Detroit Lions,6.3,0.0,0,No,No,No,No,No,0,No,5.09,3.98,4.222,3.658,-1.7855,3.971,-1.7855,3.971,5.2995,3.646,4.431500000000001,3.3239999999999994,Detroit Lions,5.7565,Detroit Lions,5.7565,-1.7855,3.971,Detroit Lions,5.7565,New England Patriots,1.11,New England Patriots,0.5640000000000005,4.656000000000001,3.819,New England Patriots,0.8370000000000006,New England Patriots,1.6534999999999995,New England Patriots,1.1075000000000013,4.865500000000001,3.485,New England Patriots,1.380500000000001,Different,Different,Different,Different,Same,Same,False,Away Team,Away Team,,,,,,,,105,-128,101,-122,1.6534999999999995,-1.6534999999999995,1.1075000000000013,-1.1075000000000013,,,0.5614,0.4878,0.5495,0.4975,0.5376,0.4622,0.5351,0.4649,0.5248,0.4752,0.5376,0.4622,0.0528,-0.0534,,,137,10,2026-11-15,NE @ DET,10.0,60.0,0.0,Historical Avg,False,D.Maye,J.Goff,1.55,3.0,13.41,179.7,Medium,-7.0,10.0,54.46,54.0,14.223252319399675,36.0,74.0,0.4466,0.5528,0.096,0.086,0.0,0.0,0.0,0.0,0.4622,0.5376,116,-116,,,,,,,,No Bet,,No Bet,,No Bet,,No Bet,,No Bet,,No Bet,,No Bet,,No Bet,,No Bet,,,,,,,,,,,,,,,,,,,,,,,,,,,,,10,0.0943714285714285,0.0868124999999999,New England Patriots,Detroit Lions,0,1,0,0,0,0,0,0,0,1,0,0,0,4.5,4.5,,,1749.5783080542376,0.368774924982191,0.2901708172263755,0.0013022152150624,0.0073584404660244,1.017501058236007,7.116839971152997,1.260826434455455,5.757327849311904,0.0030634649821964,0.0046483391191652,0.0005815693150468,0.0007206459000155,0.0040677458896183,0.0032906945764061,0.0040113404764217,12.8741678204649,2.278327492691462,,,1572.0,155.0,0.4933,0.5067,0.5229,0.477,0.5384,0.4612,Detroit Lions,New England Patriots,New England Patriots,New England Patriots,New England Patriots,Different,Same,Same,True,True,0.0013022152150624,0.0073584404660244
2026_10_KC_ATL,2026,10,2026-11-15,13:00,Kansas City Chiefs,Atlanta Falcons,Home,,,,,7,7,0,0,3,3,Mercedes-Benz Stadium,33.7489,-84.388,America/New_York,False,False,10,10,Sunday,3,3,AFC West,GEHA Field at Arrowhead Stadium,39.0489,-94.4839,America/Chicago,NFC South,Mercedes-Benz Stadium,33.7489,-84.388,America/New_York,New York Jets,Cincinnati Bengals,GEHA Field at Arrowhead Stadium,Bernabéu Stadium,Arizona Cardinals,Minnesota Vikings,GEHA Field at Arrowhead Stadium,U.S. Bank Stadium,669,0,-669,669,-1.0,0.0,America/Chicago,America/New_York,-1.0,0.0,-1.0,0.0,-1.0,0,4.395,-0.71,4.395,-0.71,Kansas City Chiefs,5.105,Kansas City Chiefs,5.105,4.395,-0.71,Kansas City Chiefs,5.105,0.0,0,No,No,No,No,No,0,No,-2.17,-0.79,0.625,-0.101,6.6585,-1.254,6.6585,-1.254,0.0934999999999997,-1.334,2.8885,-0.6449999999999999,Kansas City Chiefs,7.9125,Kansas City Chiefs,7.9125,6.6585,-1.254,Kansas City Chiefs,7.9125,Atlanta Falcons,1.38,Kansas City Chiefs,0.726,-0.7725,-0.4455,Atlanta Falcons,0.3269999999999999,Kansas City Chiefs,1.4274999999999998,Kansas City Chiefs,3.5335,1.491,-0.9895,Kansas City Chiefs,2.4805,Different,Same,Same,Same,Different,Same,False,Away Team,Away Team,45.5,185.0,-227.0,Kansas City Chiefs,Atlanta Falcons,4.5,-4.5,105,-128,156,-191,1.4274999999999998,-1.4274999999999998,3.5335,-3.5335,0.6942,0.3509,0.5614,0.4878,0.6564,0.3906,0.6643,0.3357,0.5351,0.4649,0.6269,0.3731,0.6643,0.3357,0.1643,-0.1643,,,138,10,2026-11-15,KC @ ATL,0.0,70.0,0.0,Dome,True,P.Mahomes,M.Penix,-4.49,-6.0,12.88,165.83,Med-Low,-13.0,5.0,45.23,45.0,12.928347140758495,29.0,62.0,0.6468,0.3522,0.092,0.0922,0.74,0.26,0.4752,0.5248,0.4551,0.5446,120,-120,,,,,,,,No Bet,,No Bet,,No Bet,,No Bet,,No Bet,,No Bet,,No Bet,,No Bet,,No Bet,,,,,,,,,,,,,,,,,,,,,,,,,,,,,10,0.056025,-0.0703428571428571,Kansas City Chiefs,Atlanta Falcons,0,0,1,0,0,0,0,0,1,0,0,0,0,4.0,2.5,,,1749.5783080542376,0.9964845338169,0.4156483345839847,1.2932858108435418e-05,0.0256379922243258,0.0075959000161721,29.79762494085917,0.0150311479914898,15.058050116884576,0.0010431329980271,0.0352783835022144,4.341560467001769e-06,8.591297641433648e-06,0.0170313182346196,0.0086066739897061,0.0086152652873476,44.85567505774374,0.0226270480076619,,,1572.0,155.0,0.6643,0.3357,0.5426,0.4573,0.344,0.6554,Kansas City Chiefs,Atlanta Falcons,Kansas City Chiefs,Atlanta Falcons,Kansas City Chiefs,Same,Same,Same,False,False,1.2932858108435418e-05,0.0256379922243258
2026_10_HOU_CLE,2026,10,2026-11-15,13:00,Houston Texans,Cleveland Browns,Home,,,,,7,7,0,0,7,-4,FirstEnergy Stadium,41.5061,-81.6994,America/New_York,False,True,10,10,Sunday,7,-4,AFC South,NRG Stadium,29.6847,-95.4093,America/Chicago,AFC North,FirstEnergy Stadium,41.5061,-81.6994,America/New_York,Los Angeles Chargers,New Orleans Saints,SoFi Stadium,Caesars Superdome,Indianapolis Colts,Las Vegas Raiders,NRG Stadium,FirstEnergy Stadium,1119,0,-1119,1119,-1.0,0.0,America/Los_Angeles,America/Chicago,-3.0,-1.0,-1.0,0.0,-1.0,0,0.035,-4.705,0.035,-4.705,Houston Texans,4.74,Houston Texans,4.74,0.035,-4.705,Houston Texans,4.74,0.0,0,No,No,No,No,No,0,No,2.96,-6.94,5.008,-7.475,0.5535000000000001,-4.7615,0.5535000000000001,-4.7615,3.4785,-6.9965,5.5265,-7.531499999999999,Houston Texans,5.315,Houston Texans,5.315,0.5535000000000001,-4.7615,Houston Texans,5.315,Houston Texans,9.9,Houston Texans,12.483,3.984,-7.2075,Houston Texans,11.1915,Houston Texans,10.475,Houston Texans,13.058,4.5025,-7.263999999999999,Houston Texans,11.7665,Same,Same,Same,Same,Same,Same,False,Away Team,Away Team,38.5,170.0,-204.0,Houston Texans,Cleveland Browns,4.5,-4.5,389,-538,494,-729,10.475,-10.475,13.058,-13.058,0.6711,0.3704,0.8433,0.2045,0.8794,0.1684,0.6444,0.3556,0.8048,0.1952,0.8393,0.1607,0.6444,0.3556,0.1444,-0.1444,,,139,10,2026-11-15,HOU @ CLE,10.0,60.0,0.0,Historical Avg,False,C.Stroud,S.Sanders,15.47,16.0,13.48,181.71,Med-High,7.0,24.0,40.84,40.0,12.242618354781635,26.0,57.0,0.1246,0.8748,0.0506,0.0434,0.1884,0.8116,0.5676,0.4324,0.209,0.7908,378,-378,,,,,,,,No Bet,,No Bet,,No Bet,,No Bet,,No Bet,,No Bet,,No Bet,,No Bet,,No Bet,,,,,,,,,,,,,,,,,,,,,,,,,,,,,10,0.0583749999999999,-0.1201285714285714,Houston Texans,Cleveland Browns,0,0,0,0,0,0,1,0,0,0,1,0,0,4.0,1.5,,,1749.5783080542376,0.9952520339949678,0.8459958889834813,0.0001410771311203,0.0419297927915624,0.0877711436646095,47.27283340085802,0.1590543447060584,26.08662252846852,0.0010096827931618,0.0414861389876752,5.016702782639245e-05,9.091010329394628e-05,0.0270195584748828,0.0149102343166795,0.0150011444199735,73.35945592932653,0.246825488370668,,,1572.0,155.0,0.6444,0.3556,0.791,0.2089,0.8754,0.124,Houston Texans,Houston Texans,Houston Texans,Houston Texans,Houston Texans,Same,Same,Same,False,False,0.0001410771311203,0.0419297927915624
2026_10_MIN_GB,2026,10,2026-11-15,13:00,Minnesota Vikings,Green Bay Packers,Home,,,,,6,7,-1,1,7,-3,Lambeau Field,44.5013,-88.0622,America/Chicago,False,False,10,10,Sunday,7,-3,NFC North,U.S. Bank Stadium,44.9738,-93.2575,America/Chicago,NFC North,Lambeau Field,44.5013,-88.0622,America/Chicago,Buffalo Bills,New England Patriots,U.S. Bank Stadium,Gillette Stadium,San Francisco 49ers,Los Angeles Rams,Estadio Banorte,SoFi Stadium,257,0,-257,257,0.0,0.0,America/Chicago,America/New_York,0.0,1.0,0.0,0.0,0.0,0,0.27,3.535,0.27,3.535,Green Bay Packers,3.265,Green Bay Packers,3.265,0.27,3.535,Green Bay Packers,3.265,0.0,0,No,No,No,No,Yes,1,No,-0.75,5.09,2.721,2.933,1.923445,3.731055000000001,1.923445,3.731055000000001,0.929195,5.260305,4.343915,3.159585,Green Bay Packers,1.8076100000000004,Green Bay Packers,1.8076100000000004,1.923445,3.731055000000001,Green Bay Packers,1.8076100000000004,Green Bay Packers,5.84,Green Bay Packers,0.2119999999999997,0.9855,4.0115,Green Bay Packers,3.026,Green Bay Packers,4.33111,Minnesota Vikings,1.18433,2.636555,4.209944999999999,Green Bay Packers,1.5733899999999994,Same,Different,Same,Different,Same,Different,False,Home Team,Away Team,45.5,-244.0,200.0,Green Bay Packers,Minnesota Vikings,-4.5,4.5,-224,181,101,-122,-4.33111,4.33111,1.18433,-1.18433,0.3333,0.7093,0.3559,0.6914,0.5495,0.4975,0.3197,0.6803,0.3398,0.6602,0.5248,0.4752,0.3197,0.6803,-0.1803,0.1803,,,140,10,2026-11-15,MIN @ GB,15.0,38.0,0.0,Historical Avg,False,K.Murray,J.Love,0.52,1.0,12.66,160.24,Med-Low,-8.0,9.0,49.47,49.0,13.876262644278343,32.0,68.0,0.4834,0.5164,0.1072,0.1024,0.3618,0.6382,0.6066,0.3934,0.5748,0.4252,-135,135,,,,,,,,No Bet,,No Bet,,No Bet,,No Bet,,No Bet,,No Bet,,No Bet,,No Bet,,No Bet,,,,,,,,,,,,,,,,,,,,,,,,,,,,,10,0.0241375,0.0642857142857143,Green Bay Packers,Minnesota Vikings,0,0,0,1,0,0,0,1,0,1,0,1,1,3.5,4.0,,,1749.5783080542376,0.6611492343824732,0.6786017235728478,0.065458186445727,7.834349355974578e-07,77.91082896813649,0.000438206641879,36.613394121877455,0.000932474127214,0.0780271212296236,0.0009708505563109,0.0445312042390281,0.0209269822066989,2.504641489105073e-07,5.329707866869506e-07,0.0209275151774856,0.0013706807690931,114.52422309001396,,,1572.0,155.0,0.3197,0.6803,0.4238,0.5758,0.5108,0.4876,Green Bay Packers,Minnesota Vikings,Green Bay Packers,Minnesota Vikings,Green Bay Packers,Same,Same,Same,False,False,0.065458186445727,7.834349355974578e-07
2026_10_MIA_IND,2026,10,2026-11-15,13:00,Miami Dolphins,Indianapolis Colts,Home,,,,,7,7,0,0,1,-16,Lucas Oil Stadium,39.7601,-86.1638,America/Indiana/Indianapolis,False,False,10,10,Sunday,1,-16,AFC East,Hard Rock Stadium,25.9602,-80.2384,America/New_York,AFC South,Lucas Oil Stadium,39.7601,-86.1638,America/Indiana/Indianapolis,Detroit Lions,Dallas Cowboys,Hard Rock Stadium,Lucas Oil Stadium,Buffalo Bills,Houston Texans,Highmark Stadium,NRG Stadium,1012,0,-1012,1012,0.0,0.0,America/New_York,America/Indiana/Indianapolis,0.0,0.0,0.0,0.0,0.0,0,0.66,-2.265,0.66,-2.265,Miami Dolphins,2.9250000000000003,Miami Dolphins,2.9250000000000003,0.66,-2.265,Miami Dolphins,2.9250000000000003,0.0,0,No,No,No,No,No,0,No,-5.46,0.93,-3.956,0.288,-0.4445,-3.7265000000000006,-0.4445,-3.7265000000000006,-6.564500000000001,-0.5315,-5.0605,-1.1735,Miami Dolphins,3.2820000000000005,Miami Dolphins,3.2820000000000005,-0.4445,-3.7265000000000006,Miami Dolphins,3.2820000000000005,Indianapolis Colts,6.39,Indianapolis Colts,4.244,-4.708,0.609,Indianapolis Colts,5.317,Indianapolis Colts,6.033,Indianapolis Colts,3.887000000000001,-5.8125,-0.8525,Indianapolis Colts,4.96,Different,Different,Different,Different,Same,Same,False,Home Team,Home Team,47.5,-303.0,245.0,Indianapolis Colts,Miami Dolphins,-6.5,6.5,-261,208,-211,171,-6.033,6.033,-3.887000000000001,3.887000000000001,0.2899,0.7519,0.3247,0.723,0.369,0.6785,0.2782,0.7218,0.3099,0.6901,0.3523,0.6477,0.2782,0.7218,-0.2218,0.2218,,,141,10,2026-11-15,MIA @ IND,0.0,70.0,0.0,Dome,True,M.Willis,D.Jones,-11.11,-12.0,13.68,187.06,Med-High,-20.0,-3.0,51.79,51.0,13.433438227517277,35.0,69.0,0.7882,0.2112,0.0638,0.0682,0.664,0.336,0.6088,0.3912,0.712,0.2879,-247,247,,,,,,,,No Bet,,No Bet,,No Bet,,No Bet,,No Bet,,No Bet,,No Bet,,No Bet,,No Bet,,,,,,,,,,,,,,,,,,,,,,,,,,,,,10,-0.240925,-0.0323428571428571,Indianapolis Colts,Miami Dolphins,0,0,0,0,0,0,0,0,0,0,0,0,0,0.0,3.0,,,1749.5783080542376,0.9276721378532792,0.997482571558592,0.2847598998281577,0.000122760701932,359.607793033728,0.0597516461007772,138.6019507093144,0.1550278150810244,0.2525846811158625,0.0005900041296459,0.2055396956959642,0.0792202041321935,3.415202727749235e-05,8.860867465454342e-05,0.079308812806848,0.2147794611818017,498.2097437430424,,,1572.0,155.0,0.2739,0.7261,0.2895,0.7103,0.222,0.7772,Indianapolis Colts,Indianapolis Colts,Indianapolis Colts,Indianapolis Colts,Indianapolis Colts,Same,Same,Same,False,False,0.2847598998281577,0.000122760701932
2026_10_CAR_NO,2026,10,2026-11-15,13:00,Carolina Panthers,New Orleans Saints,Home,,,,,7,7,0,0,10,3,Caesars Superdome,29.9507,-90.0813,America/Chicago,False,False,10,10,Sunday,10,3,NFC South,Bank of America Stadium,35.2258,-80.8528,America/New_York,NFC South,Caesars Superdome,29.9507,-90.0813,America/Chicago,Denver Broncos,Cleveland Browns,Bank of America Stadium,Caesars Superdome,Baltimore Ravens,Chicago Bears,Bank of America Stadium,Soldier Field,648,0,-648,648,1.0,0.0,America/New_York,America/Chicago,1.0,0.0,1.0,0.0,1.0,0,-5.25,-6.145,-5.25,-6.145,Carolina Panthers,0.8949999999999996,Carolina Panthers,0.8949999999999996,-5.25,-6.145,Carolina Panthers,0.8949999999999996,0.0,0,No,No,No,No,No,1,No,-3.79,-4.37,-4.367,-4.865,-3.110525,-6.934975,-3.110525,-6.934975,-1.647375,-5.163125,-2.223555,-5.658945,Carolina Panthers,3.82445,Carolina Panthers,3.82445,-3.110525,-6.934975,Carolina Panthers,3.82445,Carolina Panthers,0.5800000000000001,Carolina Panthers,0.4980000000000002,-4.0785,-4.6175,Carolina Panthers,0.5389999999999997,Carolina Panthers,3.51575,Carolina Panthers,3.4353900000000004,-1.935465,-5.411035,Carolina Panthers,3.4755700000000003,Same,Same,Same,Same,Same,Same,False,Away Team,Away Team,43.5,-120.0,100.0,New Orleans Saints,Carolina Panthers,-1.5,1.5,156,-191,156,-191,3.51575,-3.51575,3.4353900000000004,-3.4353900000000004,0.5,0.5455,0.6564,0.3906,0.6564,0.3906,0.4783,0.5217,0.6269,0.3731,0.6269,0.3731,0.4783,0.5217,-0.0217,0.0217,,,142,10,2026-11-15,CAR @ NO,0.0,70.0,0.0,Dome,True,B.Young,T.Shough,-2.22,-3.0,13.03,169.8,Med-Low,-11.0,7.0,44.87,44.0,13.29520633545416,28.0,63.0,0.5722,0.4266,0.0956,0.0996,0.5514,0.4486,0.5204,0.4796,0.46,0.5397,117,-117,,,,,,,,No Bet,,No Bet,,No Bet,,No Bet,,No Bet,,No Bet,,No Bet,,No Bet,,No Bet,,,,,,,,,,,,,,,,,,,,,,,,,,,,,10,-0.0873375,-0.080325,New Orleans Saints,Carolina Panthers,0,0,0,0,0,0,0,0,0,0,0,0,1,2.0,2.0,,,1749.5783080542376,0.9028538453554747,0.9958562767395496,0.0082796242088075,0.0019355472930239,7.557268422131347,1.6197110822333742,6.928582492438993,1.7666804758543828,0.0110670774864638,0.0083302950395762,0.0043194799497348,0.0039601442590726,0.0009257722702533,0.0010097750227705,0.0049699192818432,3.386391558087757,14.48585091457034,,,1572.0,155.0,0.4826,0.5174,0.537,0.4628,0.4116,0.5874,New Orleans Saints,New Orleans Saints,Carolina Panthers,New Orleans Saints,Carolina Panthers,Same,Same,Same,False,False,0.0082796242088075,0.0019355472930239
2026_10_BUF_NYJ,2026,10,2026-11-15,13:00,Buffalo Bills,New York Jets,Home,,,,,6,7,-1,1,8,-11,MetLife Stadium,40.8136,-74.0744,America/New_York,False,True,10,10,Sunday,8,-11,AFC East,Highmark Stadium,42.7725,-78.7877,America/New_York,AFC East,MetLife Stadium,40.8136,-74.0744,America/New_York,Minnesota Vikings,Kansas City Chiefs,U.S. Bank Stadium,GEHA Field at Arrowhead Stadium,Miami Dolphins,Los Angeles Chargers,Highmark Stadium,SoFi Stadium,278,0,-278,278,0.0,0.0,America/Chicago,America/Chicago,-1.0,-1.0,0.0,0.0,0.0,0,4.795,-3.725,4.795,-3.725,Buffalo Bills,8.52,Buffalo Bills,8.52,4.795,-3.725,Buffalo Bills,8.52,0.0,0,No,No,No,No,Yes,1,No,6.16,-9.26,3.416,-6.95,5.384695,-3.2201950000000004,5.384695,-3.2201950000000004,6.680695,-8.686195000000001,3.987235,-6.426735,Buffalo Bills,8.604890000000001,Buffalo Bills,8.604890000000001,5.384695,-3.2201950000000004,Buffalo Bills,8.604890000000001,Buffalo Bills,15.42,Buffalo Bills,10.366,4.788,-8.105,Buffalo Bills,12.893,Buffalo Bills,15.36689,Buffalo Bills,10.41397,5.333965,-7.556465000000001,Buffalo Bills,12.890430000000002,Same,Same,Same,Same,Same,Same,False,Away Team,Away Team,46.5,275.0,-345.0,Buffalo Bills,New York Jets,7.0,-7.0,702,-1197,389,-538,15.36689,-15.36689,10.41397,-10.41397,0.7753,0.2667,0.9229,0.1247,0.8433,0.2045,0.7441,0.2559,0.881,0.119,0.8048,0.1952,0.7441,0.2559,0.2441,-0.2441,,,143,10,2026-11-15,BUF @ NYJ,12.0,48.0,0.0,Historical Avg,False,J.Allen,G.Smith,16.43,17.0,13.21,174.5,Medium,8.0,25.0,51.74,51.0,13.291497418301828,35.0,69.0,0.1038,0.8958,0.042,0.0488,0.2048,0.758,0.6504,0.3496,0.1685,0.8314,493,-493,,,,,,,,No Bet,,No Bet,,No Bet,,No Bet,,No Bet,,No Bet,,No Bet,,No Bet,,No Bet,,,,,,,,,,,,,,,,,,,,,,,,,,,,,10,0.1332375,-0.1573428571428571,Buffalo Bills,New York Jets,1,0,0,0,1,0,0,0,1,0,1,0,1,5.0,1.0,,,1749.5783080542376,0.9403095290942828,0.8905404654128078,0.0001222015795015,0.2741394057685463,0.0547117354494462,356.8914609761239,0.1590894972564788,122.73689673940343,0.0003583998069942,0.2562705873311132,3.1271384194453635e-05,9.093019530712368e-05,0.2039871318323753,0.0701522739361709,0.0702432041314781,479.6283577155273,0.213801232705925,,,1572.0,155.0,0.7415,0.2585,0.8305,0.1694,0.8948,0.105,Buffalo Bills,Buffalo Bills,Buffalo Bills,Buffalo Bills,Buffalo Bills,Same,Same,Same,False,False,0.0001222015795015,0.2741394057685463
2026_10_JAX_TEN,2026,10,2026-11-15,13:00,Jacksonville Jaguars,Tennessee Titans,Home,,,,,10,14,-4,4,4,5,Nissan Stadium,36.1664,-86.7716,America/Chicago,False,True,10,10,Sunday,4,5,AFC South,TIAA Bank Field,30.3239,-81.6554,America/New_York,AFC South,Nissan Stadium,36.1664,-86.7716,America/Chicago,Baltimore Ravens,Cincinnati Bengals,M&T Bank Stadium,Paycor Stadium,New York Giants,Dallas Cowboys,MetLife Stadium,AT&T Stadium,500,0,-500,500,1.0,0.0,America/New_York,America/New_York,1.0,1.0,1.0,0.0,1.0,0,-1.825,-4.36,-1.825,-4.36,Jacksonville Jaguars,2.535,Jacksonville Jaguars,2.535,-1.825,-4.36,Jacksonville Jaguars,2.535,0.0,0,No,No,No,No,No,1,No,5.41,-8.19,3.85,-8.36,-1.0378299999999998,-5.431170000000001,-1.0378299999999998,-5.431170000000001,6.086520000000001,-9.150519999999998,4.54042,-9.33442,Jacksonville Jaguars,4.393340000000001,Jacksonville Jaguars,4.393340000000001,-1.0378299999999998,-5.431170000000001,Jacksonville Jaguars,4.393340000000001,Jacksonville Jaguars,13.6,Jacksonville Jaguars,12.21,4.63,-8.274999999999999,Jacksonville Jaguars,12.904999999999998,Jacksonville Jaguars,15.23704,Jacksonville Jaguars,13.87484,5.313470000000001,-9.24247,Jacksonville Jaguars,14.55594,Same,Same,Same,Same,Same,Same,False,Away Team,Away Team,45.5,114.0,-135.0,Jacksonville Jaguars,Tennessee Titans,2.5,-2.5,677,-1134,573,-890,15.23704,-15.23704,13.87484,-13.87484,0.5745,0.4673,0.919,0.1287,0.899,0.1486,0.5514,0.4486,0.8772,0.1228,0.8582,0.1418,0.5514,0.4486,0.0514,-0.0514,,,144,10,2026-11-15,JAX @ TEN,8.0,55.0,0.0,Historical Avg,False,T.Lawrence,C.Ward,15.77,16.0,12.85,165.13,Med-Low,7.0,24.0,53.27,53.0,13.026191007751809,37.0,70.0,0.1062,0.8934,0.0532,0.0508,0.1312,0.8688,0.724,0.276,0.2048,0.795,388,-388,,,,,,,,No Bet,,No Bet,,No Bet,,No Bet,,No Bet,,No Bet,,No Bet,,No Bet,,No Bet,,,,,,,,,,,,,,,,,,,,,,,,,,,,,10,0.0160874999999999,-0.1228124999999999,Jacksonville Jaguars,Tennessee Titans,0,0,0,0,0,0,0,0,0,0,0,0,1,3.5,1.5,,,1749.5783080542376,0.9654732184977194,0.6695215011903608,0.0040479278749174,0.0092504973091483,3.1770600276121392,8.924116444143126,3.9051067749115775,7.260352986656884,0.0030943856670699,0.0097182316931085,0.0018159004446879,0.0022320274302295,0.0051007242162643,0.0041497730928839,0.0063818005231134,16.18446943080001,7.082166802523717,,,1572.0,155.0,0.5514,0.4486,0.795,0.205,0.8932,0.1068,Jacksonville Jaguars,Jacksonville Jaguars,Jacksonville Jaguars,Jacksonville Jaguars,Jacksonville Jaguars,Same,Same,Same,False,False,0.0040479278749174,0.0092504973091483
2026_10_LA_ARI,2026,10,2026-11-15,16:05,Los Angeles Rams,Arizona Cardinals,Home,,,,,7,7,0,0,-5,-4,State Farm Stadium,33.5277,-112.262608,America/Denver,False,True,10,10,Sunday,-5,-4,NFC West,SoFi Stadium,33.9535,-118.3395,America/Los_Angeles,NFC West,State Farm Stadium,33.5277,-112.262608,America/Denver,Washington Commanders,Seattle Seahawks,FedExField,Lumen Field,Green Bay Packers,Kansas City Chiefs,SoFi Stadium,GEHA Field at Arrowhead Stadium,350,0,-350,350,-1.0,0.0,America/New_York,America/Los_Angeles,2.0,-1.0,-1.0,0.0,-1.0,0,1.29,0.075,1.29,0.075,Los Angeles Rams,1.215,Los Angeles Rams,1.215,1.29,0.075,Los Angeles Rams,1.215,0.0,0,No,No,No,No,No,1,No,8.12,-4.4,7.087,-3.837,1.649805,-1.015305,1.649805,-1.015305,8.366755,-5.377255,7.349714999999999,-4.830214999999999,Los Angeles Rams,2.66511,Los Angeles Rams,2.66511,1.649805,-1.015305,Los Angeles Rams,2.66511,Los Angeles Rams,12.52,Los Angeles Rams,10.924,7.603499999999999,-4.1185,Los Angeles Rams,11.722,Los Angeles Rams,13.74401,Los Angeles Rams,12.17993,7.858234999999999,-5.103735,Los Angeles Rams,12.961969999999996,Same,Same,Same,Same,Same,Same,False,Away Team,Away Team,47.5,360.0,-476.0,Los Angeles Rams,Arizona Cardinals,10.5,-10.5,539,-819,458,-660,13.74401,-13.74401,12.17993,-12.17993,0.8264,0.2174,0.8912,0.1565,0.8684,0.1792,0.7917,0.2083,0.8506,0.1494,0.8289,0.1711,0.7917,0.2083,0.2917,-0.2917,,,145,10,2026-11-15,LA @ ARI,0.0,70.0,0.0,Dome,True,M.Stafford,J.Brissett,13.42,13.0,12.82,164.23,Med-Low,5.0,22.0,53.95,53.0,13.55458781852794,37.0,72.0,0.1448,0.8546,0.0616,0.0616,0.4156,0.5844,0.6594,0.3406,0.1684,0.8314,494,-493,,,,,,,,No Bet,,No Bet,,No Bet,,No Bet,,No Bet,,No Bet,,No Bet,,No Bet,,No Bet,,,,,,,,,,,,,,,,,,,,,,,,,,,,,10,0.1037428571428571,-0.1779428571428571,Los Angeles Rams,Arizona Cardinals,1,0,0,0,0,0,1,0,1,0,1,0,1,4.5,1.0,,,1749.5783080542376,0.9996480178685896,0.2363537045698264,0.0001255413542784,0.1133288925258868,0.0457519348125991,156.9765121233567,0.1738924953967102,41.30125991574487,0.0004717975978476,0.115089833908451,2.6150264096198908e-05,9.93910901822404e-05,0.0897224842127445,0.0236064083131422,0.0237057994033244,198.2777720391016,0.2196444302093094,,,1572.0,155.0,0.7917,0.2083,0.8322,0.1677,0.8578,0.1418,Los Angeles Rams,Los Angeles Rams,Los Angeles Rams,Los Angeles Rams,Los Angeles Rams,Same,Same,Same,False,False,0.0001255413542784,0.1133288925258868
2026_10_SEA_LV,2026,10,2026-11-15,16:05,Seattle Seahawks,Las Vegas Raiders,Home,,,,,7,7,0,0,3,-6,Allegiant Stadium,36.108,-115.1578,America/Los_Angeles,False,False,10,10,Sunday,3,-6,NFC West,Lumen Field,47.5952,-122.3316,America/Los_Angeles,AFC West,Allegiant Stadium,36.108,-115.1578,America/Los_Angeles,Arizona Cardinals,San Francisco 49ers,Lumen Field,Levi's Stadium,San Francisco 49ers,Denver Broncos,Levi's Stadium,Empower Field at Mile High,874,0,-874,874,0.0,0.0,America/Los_Angeles,America/Los_Angeles,0.0,0.0,0.0,0.0,0.0,0,-0.13,-2.35,-0.13,-2.35,Seattle Seahawks,2.22,Seattle Seahawks,2.22,-0.13,-2.35,Seattle Seahawks,2.22,0.0,0,No,No,No,No,No,0,No,10.42,-8.15,10.022,-7.588,-0.0079999999999999,-2.6215,-0.0079999999999999,-2.6215,10.542,-8.421500000000002,10.144,-7.8595,Seattle Seahawks,2.6135,Seattle Seahawks,2.6135,-0.0079999999999999,-2.6215,Seattle Seahawks,2.6135,Seattle Seahawks,18.57,Seattle Seahawks,17.61,10.221,-7.869,Seattle Seahawks,18.09,Seattle Seahawks,18.963500000000003,Seattle Seahawks,18.0035,10.343,-8.140500000000001,Seattle Seahawks,18.4835,Same,Same,Same,Same,Same,Same,False,Away Team,Away Team,43.5,250.0,-312.0,Seattle Seahawks,Las Vegas Raiders,7.0,-7.0,1190,-3245,986,-2149,18.963500000000003,-18.963500000000003,18.0035,-18.0035,0.7573,0.2857,0.9701,0.0775,0.9555,0.0921,0.7261,0.2739,0.926,0.074,0.9121,0.0879,0.7261,0.2739,0.2261,-0.2261,,,146,10,2026-11-15,SEA @ LV,0.0,70.0,0.0,Dome,True,S.Darnold,K.Cousins,14.3,14.0,12.01,144.29,Low,7.0,23.0,42.39,42.0,12.225596770844383,27.0,58.0,0.118,0.8814,0.0542,0.0542,0.244,0.7158,0.4496,0.5504,0.1384,0.8614,623,-622,,,,,,,,No Bet,,No Bet,,No Bet,,No Bet,,No Bet,,No Bet,,No Bet,,No Bet,,No Bet,,,,,,,,,,,,,,,,,,,,,,,,,,,,,10,0.0740999999999999,-0.1096,Seattle Seahawks,Las Vegas Raiders,0,0,0,0,1,0,0,0,0,0,1,0,0,4.0,2.0,,,1749.5783080542376,0.9202670809057756,0.363911920186908,3.302905118196778e-06,0.1075353923590284,0.0015827835055353,136.6096083679081,0.004195907642823,51.53198145154943,0.0005918297017812,0.1006751047040507,9.046657118740974e-07,2.3982394063226808e-06,0.0780814483918905,0.0294539439671378,0.0294563422065442,188.14158981945755,0.0057786911483584,,,1572.0,155.0,0.7261,0.2739,0.8624,0.1374,0.8856,0.1138,Seattle Seahawks,Seattle Seahawks,Seattle Seahawks,Seattle Seahawks,Seattle Seahawks,Same,Same,Same,False,False,3.302905118196778e-06,0.1075353923590284
2026_10_SF_DAL,2026,10,2026-11-15,16:25,San Francisco 49ers,Dallas Cowboys,Home,,,,,7,7,0,0,9,2,AT&T Stadium,32.7369,-97.0826,America/Chicago,False,False,10,10,Sunday,9,2,NFC West,Levi's Stadium,37.4031,-121.9702,America/Los_Angeles,NFC East,AT&T Stadium,32.7369,-97.0826,America/Chicago,Las Vegas Raiders,Indianapolis Colts,Levi's Stadium,Lucas Oil Stadium,Minnesota Vikings,Tennessee Titans,Estadio Banorte,AT&T Stadium,1438,0,-1438,1438,-2.0,0.0,America/Los_Angeles,America/Indiana/Indianapolis,-2.0,1.0,-2.0,0.0,-2.0,0,3.325,-0.615,3.325,-0.615,San Francisco 49ers,3.94,San Francisco 49ers,3.94,3.325,-0.615,San Francisco 49ers,3.94,-0.3,0,No,No,No,No,No,0,No,3.57,-1.01,2.606,-3.616,4.984500000000001,-0.525,4.984500000000001,-0.525,5.2295,-0.92,4.2655,-3.526,San Francisco 49ers,5.509500000000001,San Francisco 49ers,5.509500000000001,4.984500000000001,-0.525,San Francisco 49ers,5.509500000000001,San Francisco 49ers,4.58,San Francisco 49ers,6.222,3.088,-2.313,San Francisco 49ers,5.401,San Francisco 49ers,6.1495,San Francisco 49ers,7.7915,4.7475000000000005,-2.223,San Francisco 49ers,6.9705,Same,Same,Same,Same,Same,Same,False,Away Team,Away Team,52.5,-120.0,100.0,Dallas Cowboys,San Francisco 49ers,-1.5,1.5,208,-261,282,-366,6.1495,-6.1495,7.7915,-7.7915,0.5,0.5455,0.723,0.3247,0.7854,0.2618,0.4783,0.5217,0.6901,0.3099,0.75,0.25,0.4783,0.5217,-0.0217,0.0217,,,147,10,2026-11-15,SF @ DAL,0.0,70.0,0.0,Dome,True,B.Purdy,D.Prescott,10.38,11.0,12.37,153.08,Low,3.0,18.0,65.87,65.0,14.09857228616081,48.0,84.0,0.1912,0.808,0.0682,0.0696,0.1726,0.8274,0.8272,0.1728,0.3182,0.6816,214,-214,,,,,,,,No Bet,,No Bet,,No Bet,,No Bet,,No Bet,,No Bet,,No Bet,,No Bet,,No Bet,,,,,,,,,,,,,,,,,,,,,,,,,,,,,10,0.0433,0.0248,Dallas Cowboys,San Francisco 49ers,0,1,0,0,0,0,0,0,0,1,0,0,0,4.0,3.5,,,1749.5783080542376,0.4484450571575004,0.2111149548630831,0.0018285040142499,0.0001612311035762,1.6689761875825408,0.1349219449219277,1.530134771939293,0.1471644964787156,0.0060270134419583,0.0030491762088578,0.0009539305442342,0.0008745734700157,7.711683684051772e-05,8.411426673572674e-05,0.0009586877367514,0.2820864414006433,3.1991109595218337,,,1572.0,155.0,0.4826,0.5174,0.6846,0.3152,0.8158,0.1836,Dallas Cowboys,San Francisco 49ers,San Francisco 49ers,San Francisco 49ers,San Francisco 49ers,Same,Same,Same,False,False,0.0018285040142499,0.0001612311035762
2026_10_PIT_CIN,2026,10,2026-11-15,20:20,Pittsburgh Steelers,Cincinnati Bengals,Home,,,,,14,7,7,-7,3,0,Paycor Stadium,39.0955,-84.5165,America/New_York,False,False,10,10,Sunday,3,0,AFC North,Acrisure Stadium,40.4468,-80.0158,America/New_York,AFC North,Paycor Stadium,39.0955,-84.5165,America/New_York,Cleveland Browns,Atlanta Falcons,Acrisure Stadium,Bernabéu Stadium,Philadelphia Eagles,Washington Commanders,Lincoln Financial Field,FedExField,256,0,-256,256,0.0,0.0,America/New_York,America/New_York,0.0,0.0,0.0,0.0,0.0,0,-0.565,1.31,-0.565,1.31,Cincinnati Bengals,1.875,Cincinnati Bengals,1.875,-0.565,1.31,Cincinnati Bengals,1.875,0.0,0,No,No,No,No,No,1,No,0.59,-0.04,0.538,-0.609,-1.064275,2.338775,-1.064275,2.338775,0.065675,1.0138249999999998,0.008505,0.4499950000000001,Cincinnati Bengals,3.4030500000000004,Cincinnati Bengals,3.4030500000000004,-1.064275,2.338775,Cincinnati Bengals,3.4030500000000004,Pittsburgh Steelers,0.63,Pittsburgh Steelers,1.147,0.5640000000000001,-0.3245,Pittsburgh Steelers,0.8885000000000001,Cincinnati Bengals,0.9481499999999996,Cincinnati Bengals,0.4414900000000001,0.03709,0.73191,Cincinnati Bengals,0.6948199999999999,Different,Different,Same,Same,Different,Different,False,Home Team,Home Team,47.5,-192.0,160.0,Cincinnati Bengals,Pittsburgh Steelers,-3.5,3.5,-122,101,-116,-104,-0.9481499999999996,0.9481499999999996,-0.4414900000000001,0.4414900000000001,0.3846,0.6575,0.4975,0.5495,0.5098,0.537,0.3691,0.6309,0.4752,0.5248,0.487,0.513,0.3691,0.6309,-0.1309,0.1309,,,148,10,2026-11-15,PIT @ CIN,10.0,48.0,0.0,Historical Avg,False,A.Rodgers,J.Burrow,1.48,3.0,13.73,188.55,Med-High,-9.0,11.0,51.16,51.0,13.20672020191608,35.0,68.0,0.4622,0.5366,0.0932,0.0866,0.3764,0.6236,0.5898,0.4102,0.5327,0.467,-114,114,,,,,,,,No Bet,,No Bet,,No Bet,,No Bet,,No Bet,,No Bet,,No Bet,,No Bet,,No Bet,,,,,,,,,,,,,,,,,,,,,,,,,,,,,10,-0.0511999999999999,0.1061749999999999,Cincinnati Bengals,Pittsburgh Steelers,0,0,1,0,0,0,0,0,1,0,0,0,1,2.5,4.5,,,1749.5783080542376,0.7727578176850766,0.8151011264017775,0.0242493246479106,2.924340186798736e-06,26.766621688188177,0.0018884492718513,15.659470700761224,0.003227912884343,0.0238612509903873,0.0014449563747799,0.0152988989203668,0.0089504257275438,1.0793739629474131e-06,1.8449662238513224e-06,0.0089522706937676,0.0051163621561943,42.4260923889494,,,1572.0,155.0,0.3691,0.6309,0.4643,0.5354,0.526,0.473,Cincinnati Bengals,Pittsburgh Steelers,Cincinnati Bengals,Pittsburgh Steelers,Cincinnati Bengals,Same,Same,Same,False,False,0.0242493246479106,2.924340186798736e-06
2026_10_LAC_BAL,2026,10,2026-11-16,20:15,Los Angeles Chargers,Baltimore Ravens,Home,,,,,8,11,-3,3,-13,-10,M&T Bank Stadium,39.2789,-76.6228,America/New_York,False,False,10,10,Monday,-13,-10,AFC West,SoFi Stadium,33.9535,-118.3395,America/Los_Angeles,AFC North,M&T Bank Stadium,39.2789,-76.6228,America/New_York,Houston Texans,Jacksonville Jaguars,SoFi Stadium,M&T Bank Stadium,New York Jets,Carolina Panthers,SoFi Stadium,Bank of America Stadium,2320,0,-2320,2320,-3.0,0.0,America/Los_Angeles,America/New_York,-3.0,0.0,-3.0,0.0,-3.0,0,0.935,6.69,0.935,6.69,Baltimore Ravens,5.755000000000001,Baltimore Ravens,5.755000000000001,0.935,6.69,Baltimore Ravens,5.755000000000001,-0.4499999999999999,0,No,No,No,No,No,0,No,1.12,5.1,0.527,2.881,-0.6054999999999999,6.5865,-0.6054999999999999,6.5865,-0.4204999999999998,4.996499999999999,-1.0134999999999998,2.7775,Baltimore Ravens,7.192,Baltimore Ravens,7.192,-0.6054999999999999,6.5865,Baltimore Ravens,7.192,Baltimore Ravens,3.98,Baltimore Ravens,2.354,0.8235000000000001,3.9905,Baltimore Ravens,3.167,Baltimore Ravens,5.416999999999999,Baltimore Ravens,3.791,-0.7169999999999999,3.887,Baltimore Ravens,4.603999999999999,Same,Same,Same,Same,Same,Same,False,Home Team,Home Team,48.0,-179.0,150.0,Baltimore Ravens,Los Angeles Chargers,-3.0,3.0,-244,195,-211,171,-5.416999999999999,5.416999999999999,-3.791,3.791,0.4,0.6416,0.339,0.7093,0.369,0.6785,0.384,0.616,0.3234,0.6766,0.3523,0.6477,0.384,0.616,-0.116,0.116,,,149,10,2026-11-16,LAC @ BAL,10.0,50.0,0.0,Historical Avg,False,J.Herbert,L.Jackson,-2.83,-4.0,13.87,192.46,Med-High,-13.0,7.0,48.59,48.0,13.258431137930604,32.0,66.0,0.5738,0.4246,0.0862,0.0798,0.5004,0.4552,0.4852,0.4988,0.6285,0.3711,-169,169,,,,,,,,No Bet,,No Bet,,No Bet,,No Bet,,No Bet,,No Bet,,No Bet,,No Bet,,No Bet,,,,,,,,,,,,,,,,,,,,,,,,,,,,,10,0.1079874999999999,0.1124857142857143,Baltimore Ravens,Los Angeles Chargers,0,0,0,0,0,0,0,0,0,0,0,0,0,4.5,4.5,,,1749.5783080542376,0.6237540427616775,0.5050312511817179,0.0146494000285355,0.0003469869763143,15.78824786981592,0.2331190605838093,9.842024646119016,0.3739618263531941,0.0209606781927991,0.0014633725766837,0.0090240304175779,0.0056253696109576,0.0001332429989047,0.0002137439774096,0.0058391135883673,0.6070808869370035,25.630272515934937,,,1572.0,155.0,0.384,0.616,0.3721,0.6276,0.4288,0.5702,Baltimore Ravens,Baltimore Ravens,Baltimore Ravens,Baltimore Ravens,Baltimore Ravens,Same,Same,Same,False,False,0.0146494000285355,0.0003469869763143
2026_11_IND_HOU,2026,11,2026-11-19,20:15,Indianapolis Colts,Houston Texans,Home,,,,,4,4,0,0,-16,7,NRG Stadium,29.6847,-95.4093,America/Chicago,False,False,11,11,Thursday,-16,7,AFC South,Lucas Oil Stadium,39.7601,-86.1638,America/Indiana/Indianapolis,AFC South,NRG Stadium,29.6847,-95.4093,America/Chicago,Miami Dolphins,Cleveland Browns,Lucas Oil Stadium,FirstEnergy Stadium,New York Giants,Baltimore Ravens,Lucas Oil Stadium,NRG Stadium,870,0,-870,870,1.0,0.0,America/Indiana/Indianapolis,America/New_York,1.0,1.0,1.0,0.0,1.0,0,-2.265,0.035,-2.265,0.035,Houston Texans,2.3000000000000003,Houston Texans,2.3000000000000003,-2.265,0.035,Houston Texans,2.3000000000000003,0.0,0,No,No,No,No,No,1,No,0.93,2.96,0.288,5.008,-2.3038,0.1168,-2.3038,0.1168,0.8885000000000001,3.0445,0.2733999999999999,5.0656,Houston Texans,2.4206,Houston Texans,2.4206,-2.3038,0.1168,Houston Texans,2.4206,Houston Texans,2.03,Houston Texans,4.72,0.609,3.984,Houston Texans,3.375,Houston Texans,2.156,Houston Texans,4.7922,0.58095,4.05505,Houston Texans,3.4740999999999995,Same,Same,Same,Same,Same,Same,True,Home Team,Home Team,45.5,-238.0,195.0,Houston Texans,Indianapolis Colts,-5.5,5.5,-131,108,-234,188,-2.156,2.156,-4.7922,4.7922,0.339,0.7041,0.4808,0.5671,0.3472,0.7006,0.325,0.675,0.4588,0.5412,0.3314,0.6686,0.325,0.675,-0.175,0.175,,,150,11,2026-11-19,IND @ HOU,0.0,70.0,0.0,Dome,True,D.Jones,C.Stroud,-1.85,-3.0,13.87,192.28,Med-High,-11.0,8.0,51.2,50.0,13.53094203218888,34.0,69.0,0.5606,0.4386,0.0906,0.087,0.4236,0.5764,0.6536,0.3464,0.6114,0.3884,-157,157,,,,,,,,No Bet,,No Bet,,No Bet,,No Bet,,No Bet,,No Bet,,No Bet,,No Bet,,No Bet,,,,,,,,,,,,,,,,,,,,,,,,,,,,,11,-0.0085666666666666,0.0417142857142857,Houston Texans,Indianapolis Colts,0,0,0,0,0,0,0,1,0,0,0,1,1,3.0,4.0,,,1251.569859388655,0.8082250581774812,0.6403467517902247,0.0483620545255355,9.728798779463188e-07,40.85673060303289,0.000395728817914,19.67175917923805,0.0008218983141292,0.0370970876980007,0.0039085164495782,0.0326443868047364,0.015717667720799,3.161859603325536e-07,6.566939176137652e-07,0.0157183244147166,0.0012176271320433,60.52848978227094,,,1465.0,107.0,0.3197,0.6803,0.3894,0.6106,0.4476,0.5522,Houston Texans,Houston Texans,Houston Texans,Houston Texans,Houston Texans,Same,Same,Same,False,False,0.0483620545255355,9.728798779463188e-07
2026_11_MIA_BUF,2026,11,2026-11-22,13:00,Miami Dolphins,Buffalo Bills,Home,,,,,7,7,0,0,1,8,Highmark Stadium,42.7725,-78.7877,America/New_York,False,True,11,11,Sunday,1,8,AFC East,Hard Rock Stadium,25.9602,-80.2384,America/New_York,AFC East,Highmark Stadium,42.7725,-78.7877,America/New_York,Indianapolis Colts,New York Jets,Lucas Oil Stadium,MetLife Stadium,New York Jets,Kansas City Chiefs,Hard Rock Stadium,Highmark Stadium,1164,0,-1164,1164,0.0,0.0,America/Indiana/Indianapolis,America/New_York,0.0,0.0,0.0,0.0,0.0,0,0.66,4.795,0.66,4.795,Buffalo Bills,4.135,Buffalo Bills,4.135,0.66,4.795,Buffalo Bills,4.135,0.0,0,No,No,No,No,No,1,No,-5.46,6.16,-3.956,3.416,-0.39213,4.740130000000001,-0.39213,4.740130000000001,-6.43728,6.03028,-4.97576,3.32876,Buffalo Bills,5.1322600000000005,Buffalo Bills,5.1322600000000005,-0.39213,4.740130000000001,Buffalo Bills,5.1322600000000005,Buffalo Bills,11.62,Buffalo Bills,7.372,-4.708,4.788,Buffalo Bills,9.496,Buffalo Bills,12.46756,Buffalo Bills,8.30452,-5.70652,4.67952,Buffalo Bills,10.38604,Same,Same,Same,Same,Same,Same,False,Home Team,Home Team,47.5,-667.0,470.0,Buffalo Bills,Miami Dolphins,-11.5,11.5,-675,466,-397,302,-12.46756,12.46756,-8.30452,8.30452,0.1754,0.8696,0.1767,0.871,0.2488,0.7988,0.1679,0.8321,0.1686,0.8314,0.2375,0.7625,0.1679,0.8321,-0.3321,0.3321,,,151,11,2026-11-22,MIA @ BUF,15.0,40.0,0.0,Historical Avg,False,M.Willis,J.Allen,-16.76,-17.0,14.28,203.92,High,-26.0,-8.0,52.22,52.0,13.1073318867662,36.0,69.0,0.8768,0.1232,0.0418,0.0482,0.6528,0.3472,0.6218,0.3782,0.8257,0.1743,-474,474,,,,,,,,No Bet,,No Bet,,No Bet,,No Bet,,No Bet,,No Bet,,No Bet,,No Bet,,No Bet,,,,,,,,,,,,,,,,,,,,,,,,,,,,,11,-0.2279,0.1048285714285714,Buffalo Bills,Miami Dolphins,0,1,0,0,0,1,0,0,0,1,0,1,1,0.0,5.0,,,1251.569859388655,0.6053854192930076,0.997434830199488,0.2226719120182654,8.44788240231613e-05,231.89749435262823,0.0177522600688794,46.791959261875135,0.0879788898351075,0.2983689476687141,0.0008199911853258,0.1852852979903986,0.0373866140278667,1.418399455348878e-05,7.029482946967251e-05,0.0374569088573364,0.1057311499039869,278.6894536145034,,,1465.0,107.0,0.1679,0.8321,0.1754,0.8245,0.1276,0.872,Buffalo Bills,Buffalo Bills,Buffalo Bills,Buffalo Bills,Buffalo Bills,Same,Same,Same,False,False,0.2226719120182654,8.44788240231613e-05
2026_11_BAL_CAR,2026,11,2026-11-22,13:00,Baltimore Ravens,Carolina Panthers,Home,,,,,6,7,-1,1,-11,11,Bank of America Stadium,35.2258,-80.8528,America/New_York,False,False,11,11,Sunday,-11,11,AFC North,M&T Bank Stadium,39.2789,-76.6228,America/New_York,NFC South,Bank of America Stadium,35.2258,-80.8528,America/New_York,Los Angeles Chargers,New Orleans Saints,M&T Bank Stadium,Caesars Superdome,Houston Texans,Tampa Bay Buccaneers,NRG Stadium,Raymond James Stadium,364,0,-364,364,0.0,0.0,America/New_York,America/Chicago,0.0,-1.0,0.0,0.0,0.0,0,6.69,-5.25,6.69,-5.25,Baltimore Ravens,11.94,Baltimore Ravens,11.94,6.69,-5.25,Baltimore Ravens,11.94,0.0,0,No,No,No,No,Yes,0,No,5.1,-3.79,2.881,-4.367,5.843500000000001,-6.2285,5.843500000000001,-6.2285,4.2535,-4.7685,2.0344999999999995,-5.3455,Baltimore Ravens,12.072,Baltimore Ravens,12.072,5.843500000000001,-6.2285,Baltimore Ravens,12.072,Baltimore Ravens,8.89,Baltimore Ravens,7.247999999999999,3.9905,-4.0785,Baltimore Ravens,8.068999999999999,Baltimore Ravens,9.021999999999998,Baltimore Ravens,7.379999999999999,3.144,-5.057,Baltimore Ravens,8.200999999999999,Same,Same,Same,Same,Same,Same,False,Away Team,Away Team,46.5,180.0,-217.0,Baltimore Ravens,Carolina Panthers,4.5,-4.5,314,-416,268,-346,9.021999999999998,-9.021999999999998,7.379999999999999,-7.379999999999999,0.6845,0.3571,0.8062,0.2415,0.7758,0.2717,0.6571,0.3429,0.7695,0.2305,0.7406,0.2594,0.6571,0.3429,0.1571,-0.1571,,,152,11,2026-11-22,BAL @ CAR,6.0,55.0,0.0,Historical Avg,False,L.Jackson,B.Young,12.97,13.0,13.1,171.53,Medium,5.0,22.0,52.09,51.0,13.53558869914,35.900000000000034,70.0,0.1604,0.839,0.0594,0.058,0.2426,0.7574,0.6524,0.3476,0.2483,0.7516,303,-303,,,,,,,,No Bet,,No Bet,,No Bet,,No Bet,,No Bet,,No Bet,,No Bet,,No Bet,,No Bet,,,,,,,,,,,,,,,,,,,,,,,,,,,,,11,0.10505,-0.0773714285714285,Baltimore Ravens,Carolina Panthers,0,0,0,0,0,0,0,0,0,0,0,0,0,5.0,2.0,,,1251.569859388655,0.994562133172506,0.6111392871798133,0.0006081514816843,0.0163688878720317,0.2609962996891764,13.46188067754148,0.5001477647295358,7.024926014805925,0.0022932929957013,0.0144288622334469,0.0002085351430695,0.0003996163386148,0.010755996220712,0.0056128916513196,0.0060125079899344,20.486806692347404,0.7611440644187122,,,1465.0,107.0,0.6571,0.3429,0.7493,0.2506,0.8298,0.1698,Baltimore Ravens,Baltimore Ravens,Baltimore Ravens,Baltimore Ravens,Baltimore Ravens,Same,Same,Same,False,False,0.0006081514816843,0.0163688878720317
2026_11_NO_CHI,2026,11,2026-11-22,13:00,New Orleans Saints,Chicago Bears,Home,,,,,7,14,-7,7,-4,8,Soldier Field,41.8623,-87.6167,America/Chicago,False,False,11,11,Sunday,-4,8,NFC South,Caesars Superdome,29.9507,-90.0813,America/Chicago,NFC North,Soldier Field,41.8623,-87.6167,America/Chicago,Carolina Panthers,Tampa Bay Buccaneers,Caesars Superdome,Soldier Field,Cincinnati Bengals,Detroit Lions,Paycor Stadium,Ford Field,834,0,-834,834,0.0,0.0,America/Chicago,America/Chicago,0.0,0.0,0.0,0.0,0.0,0,-6.145,-1.575,-6.145,-1.575,Chicago Bears,4.569999999999999,Chicago Bears,4.569999999999999,-6.145,-1.575,Chicago Bears,4.569999999999999,0.0,0,No,No,No,No,No,0,No,-4.37,0.9,-4.865,1.647,-5.891,-0.4614999999999998,-5.891,-0.4614999999999998,-4.1160000000000005,2.0135,-4.611000000000001,2.7605,Chicago Bears,5.4295,Chicago Bears,5.4295,-5.891,-0.4614999999999998,Chicago Bears,5.4295,Chicago Bears,5.2700000000000005,Chicago Bears,6.5120000000000005,-4.6175,1.2735,Chicago Bears,5.891,Chicago Bears,6.1295,Chicago Bears,7.371500000000001,-4.3635,2.387,Chicago Bears,6.750500000000001,Same,Same,Same,Same,Same,Same,False,Home Team,Home Team,46.5,-286.0,230.0,Chicago Bears,New Orleans Saints,-6.5,6.5,-261,208,-346,268,-6.1295,6.1295,-7.371500000000001,7.371500000000001,0.303,0.7409,0.3247,0.723,0.2717,0.7758,0.2903,0.7097,0.3099,0.6901,0.2594,0.7406,0.2903,0.7097,-0.2097,0.2097,,,153,11,2026-11-22,NO @ CHI,15.0,45.0,0.0,Historical Avg,False,T.Shough,C.Williams,-1.4,-2.0,13.49,181.87,Med-High,-11.0,8.0,47.97,47.0,13.44692200104769,31.0,65.0,0.5314,0.4674,0.1018,0.088,0.3694,0.6306,0.534,0.466,0.668,0.3318,-201,201,,,,,,,,No Bet,,No Bet,,No Bet,,No Bet,,No Bet,,No Bet,,No Bet,,No Bet,,No Bet,,,,,,,,,,,,,,,,,,,,,,,,,,,,,11,-0.0618428571428571,0.0124285714285714,Chicago Bears,New Orleans Saints,0,0,0,1,0,1,0,0,0,1,0,1,0,2.5,3.5,,,1251.569859388655,0.6419361337057233,0.8968156139571709,0.0776087617658762,6.932116762942639e-06,68.93513896984298,0.0025186510451766,28.19764808080233,0.0061573773570852,0.0752227481753837,0.0039233434384949,0.0550789382252423,0.0225298235406338,2.012393496282248e-06,4.919723266660391e-06,0.0225347432639005,0.0086760284022618,97.1327870506453,,,1465.0,107.0,0.2903,0.7097,0.3284,0.6715,0.454,0.5456,Chicago Bears,Chicago Bears,Chicago Bears,Chicago Bears,Chicago Bears,Same,Same,Same,False,False,0.0776087617658762,6.932116762942639e-06
2026_11_TEN_DAL,2026,11,2026-11-22,13:00,Tennessee Titans,Dallas Cowboys,Home,,,,,7,7,0,0,5,2,AT&T Stadium,32.7369,-97.0826,America/Chicago,False,False,11,11,Sunday,5,2,AFC South,Nissan Stadium,36.1664,-86.7716,America/Chicago,NFC East,AT&T Stadium,32.7369,-97.0826,America/Chicago,Jacksonville Jaguars,San Francisco 49ers,Nissan Stadium,AT&T Stadium,Jacksonville Jaguars,Philadelphia Eagles,TIAA Bank Field,AT&T Stadium,633,0,-633,633,0.0,0.0,America/Chicago,America/Chicago,0.0,0.0,0.0,0.0,0.0,0,-4.36,-0.615,-4.36,-0.615,Dallas Cowboys,3.745,Dallas Cowboys,3.745,-4.36,-0.615,Dallas Cowboys,3.745,0.0,0,No,No,No,No,No,0,No,-8.19,-1.01,-8.36,-3.616,-2.4440000000000004,-0.525,-2.4440000000000004,-0.525,-6.273999999999999,-0.92,-6.443999999999999,-3.526,Dallas Cowboys,1.9190000000000005,Dallas Cowboys,1.9190000000000005,-2.4440000000000004,-0.525,Dallas Cowboys,1.9190000000000005,Dallas Cowboys,7.18,Dallas Cowboys,4.744,-8.274999999999999,-2.313,Dallas Cowboys,5.961999999999998,Dallas Cowboys,5.353999999999999,Dallas Cowboys,2.9179999999999997,-6.358999999999999,-2.223,Dallas Cowboys,4.135999999999999,Same,Same,Same,Same,Same,Same,False,Home Team,Home Team,48.5,-286.0,230.0,Dallas Cowboys,Tennessee Titans,-6.5,6.5,-244,195,-164,135,-5.353999999999999,5.353999999999999,-2.9179999999999997,2.9179999999999997,0.303,0.7409,0.339,0.7093,0.4255,0.6212,0.2903,0.7097,0.3234,0.6766,0.4065,0.5935,0.2903,0.7097,-0.2097,0.2097,,,154,11,2026-11-22,TEN @ DAL,0.0,70.0,0.0,Dome,True,C.Ward,D.Prescott,-6.78,-7.0,13.22,174.79,Medium,-16.0,3.0,56.15,56.0,13.526211928024209,39.0,74.0,0.7032,0.2954,0.0858,0.077,0.5354,0.4646,0.715,0.285,0.6708,0.3289,-204,204,,,,,,,,No Bet,,No Bet,,No Bet,,No Bet,,No Bet,,No Bet,,No Bet,,No Bet,,No Bet,,,,,,,,,,,,,,,,,,,,,,,,,,,,,11,-0.1103999999999999,-0.0060166666666666,Dallas Cowboys,Tennessee Titans,0,1,0,0,0,0,0,0,0,1,0,0,0,1.5,3.0,,,1251.569859388655,0.4471115509412372,0.9629347584958428,0.0956395671810963,1.9106532126529343e-05,84.9508058707793,0.0069419902687495,34.74879377805725,0.0169711694582555,0.064803772092346,0.0040220105377173,0.067875400828424,0.0277641663526722,5.546626276331468e-06,1.3559905850197876e-05,0.0277777262585224,0.0239131597270051,119.69959964883655,,,1465.0,107.0,0.2903,0.7097,0.3256,0.6742,0.2822,0.7168,Dallas Cowboys,Dallas Cowboys,Dallas Cowboys,Dallas Cowboys,Dallas Cowboys,Same,Same,Same,False,False,0.0956395671810963,1.9106532126529343e-05
2026_11_TB_DET,2026,11,2026-11-22,13:00,Tampa Bay Buccaneers,Detroit Lions,Home,,,,,14,7,7,-7,8,3,Ford Field,42.3395,-83.045,America/Detroit,False,False,11,11,Sunday,8,3,NFC South,Raymond James Stadium,27.9759,-82.5033,America/New_York,NFC North,Ford Field,42.3395,-83.045,America/Detroit,Chicago Bears,New England Patriots,Soldier Field,FC Bayern Munich Stadium,Carolina Panthers,Chicago Bears,Raymond James Stadium,Ford Field,992,0,-992,992,0.0,0.0,America/Chicago,America/Detroit,-1.0,0.0,0.0,0.0,0.0,0,1.025,4.305,1.025,4.305,Detroit Lions,3.28,Detroit Lions,3.28,1.025,4.305,Detroit Lions,3.28,0.0,0,No,No,No,No,No,0,No,-1.4,3.98,-2.096,3.658,3.8165,3.096,3.8165,3.096,1.3915000000000002,2.771,0.6954999999999998,2.449,Tampa Bay Buccaneers,0.7204999999999999,Tampa Bay Buccaneers,0.7204999999999999,3.8165,3.096,Tampa Bay Buccaneers,0.7204999999999999,Detroit Lions,5.38,Detroit Lions,5.754,-1.748,3.819,Detroit Lions,5.567,Detroit Lions,1.3794999999999995,Detroit Lions,1.7535,1.0435,2.61,Detroit Lions,1.5665,Different,Different,Different,Different,Same,Same,False,Home Team,Home Team,49.5,-227.0,185.0,Detroit Lions,Tampa Bay Buccaneers,-4.5,4.5,-128,105,-131,108,-1.3794999999999995,1.3794999999999995,-1.7535,1.7535,0.3509,0.6942,0.4878,0.5614,0.4808,0.5671,0.3357,0.6643,0.4649,0.5351,0.4588,0.5412,0.3357,0.6643,-0.1643,0.1643,,,155,11,2026-11-22,TB @ DET,0.0,70.0,0.0,Dome,True,B.Mayfield,J.Goff,-5.53,-6.0,13.66,186.48,Med-High,-14.0,4.0,59.13,59.0,14.582703606975551,40.0,78.0,0.653,0.346,0.09,0.0804,0.5432,0.4568,0.743,0.257,0.5984,0.4014,-149,149,,,,,,,,No Bet,,No Bet,,No Bet,,No Bet,,No Bet,,No Bet,,No Bet,,No Bet,,No Bet,,,,,,,,,,,,,,,,,,,,,,,,,,,,,11,-0.0104714285714285,0.0757428571428571,Detroit Lions,Tampa Bay Buccaneers,0,1,0,0,0,0,0,0,0,1,0,0,0,3.0,4.5,,,1251.569859388655,0.3679619451468242,0.851488576678004,0.0114464617938567,1.4672408969877912e-06,9.516792741655724,0.0006164641999875,4.809253836179176,0.0012198902831447,0.0201323612824277,0.0021884622977742,0.007603884569659,0.0038425772241977,4.925527691188015e-07,9.746881278689895e-07,0.0038435519123255,0.0018363544831322,14.3260465778349,,,1465.0,107.0,0.3357,0.6643,0.404,0.5956,0.3568,0.6418,Detroit Lions,Detroit Lions,Detroit Lions,Detroit Lions,Detroit Lions,Same,Same,Same,False,False,0.0114464617938567,1.4672408969877912e-06
2026_11_ARI_KC,2026,11,2026-11-22,13:00,Arizona Cardinals,Kansas City Chiefs,Home,,,,,7,7,0,0,-4,3,GEHA Field at Arrowhead Stadium,39.0489,-94.4839,America/Chicago,False,False,11,11,Sunday,-4,3,NFC West,State Farm Stadium,33.5277,-112.262608,America/Denver,AFC West,GEHA Field at Arrowhead Stadium,39.0489,-94.4839,America/Chicago,Los Angeles Rams,Atlanta Falcons,State Farm Stadium,Mercedes-Benz Stadium,Washington Commanders,Buffalo Bills,State Farm Stadium,Highmark Stadium,1058,0,-1058,1058,-1.0,0.0,America/Denver,America/New_York,-1.0,1.0,-1.0,0.0,-1.0,0,0.075,4.395,0.075,4.395,Kansas City Chiefs,4.319999999999999,Kansas City Chiefs,4.319999999999999,0.075,4.395,Kansas City Chiefs,4.319999999999999,0.0,0,No,No,No,No,No,0,No,-4.4,-2.17,-3.837,0.625,0.7175,2.3565,0.7175,2.3565,-3.7575000000000007,-4.2085,-3.1945,-1.4135,Kansas City Chiefs,1.639,Kansas City Chiefs,1.639,0.7175,2.3565,Kansas City Chiefs,1.639,Kansas City Chiefs,2.2300000000000004,Kansas City Chiefs,4.462,-4.1185,-0.7725,Kansas City Chiefs,3.346,Arizona Cardinals,0.4509999999999992,Kansas City Chiefs,1.781,-3.4760000000000004,-2.811,Kansas City Chiefs,0.6650000000000005,Different,Same,Different,Same,Different,Same,False,Away Team,Home Team,44.5,-588.0,440.0,Kansas City Chiefs,Arizona Cardinals,-11.5,11.5,-104,-116,-131,108,0.4509999999999992,-0.4509999999999992,-1.781,1.781,0.1852,0.8547,0.537,0.5098,0.4808,0.5671,0.1781,0.8219,0.513,0.487,0.4588,0.5412,0.1781,0.8219,-0.3219,0.3219,,,156,11,2026-11-22,ARI @ KC,10.0,60.0,0.0,Historical Avg,False,J.Brissett,P.Mahomes,-4.98,-6.0,13.16,173.27,Medium,-14.0,4.0,46.72,46.0,12.869962316417448,30.0,64.0,0.6486,0.3496,0.0968,0.0848,0.3096,0.6904,0.5406,0.4594,0.6247,0.3749,-166,167,,,,,,,,No Bet,,No Bet,,No Bet,,No Bet,,No Bet,,No Bet,,No Bet,,No Bet,,No Bet,,,,,,,,,,,,,,,,,,,,,,,,,,,,,11,-0.15395,0.0180428571428571,Kansas City Chiefs,Arizona Cardinals,0,0,0,1,0,0,0,0,0,1,0,0,0,1.0,3.5,,,1251.569859388655,0.3918401350517476,0.9996114622305086,0.2203194187763584,8.229368412981921e-05,226.6349338359432,0.0183436400816054,49.11021014257391,0.0846526545933267,0.1267903665665826,0.0008573625114556,0.181080530292289,0.0392388884840694,1.46565051435208e-05,6.76371789862984e-05,0.0393065256630557,0.1029962946749322,275.74514397851715,,,1465.0,107.0,0.1781,0.8219,0.3787,0.621,0.3648,0.634,Kansas City Chiefs,Kansas City Chiefs,Kansas City Chiefs,Kansas City Chiefs,Kansas City Chiefs,Same,Same,Same,False,False,0.2203194187763584,8.229368412981921e-05
2026_11_JAX_NYG,2026,11,2026-11-22,13:00,Jacksonville Jaguars,New York Giants,Home,,,,,7,10,-3,3,1,6,MetLife Stadium,40.8136,-74.0744,America/New_York,False,True,11,11,Sunday,1,6,AFC South,TIAA Bank Field,30.3239,-81.6554,America/New_York,NFC East,MetLife Stadium,40.8136,-74.0744,America/New_York,Tennessee Titans,Washington Commanders,Nissan Stadium,MetLife Stadium,Tennessee Titans,Indianapolis Colts,TIAA Bank Field,Lucas Oil Stadium,839,0,-839,839,0.0,0.0,America/Chicago,America/New_York,-1.0,0.0,0.0,0.0,0.0,0,-1.825,-2.84,-1.825,-2.84,Jacksonville Jaguars,1.015,Jacksonville Jaguars,1.015,-1.825,-2.84,Jacksonville Jaguars,1.015,0.0,0,No,No,No,No,No,0,No,5.41,-3.53,3.85,-5.014,-1.1429999999999998,-3.3569999999999998,-1.1429999999999998,-3.3569999999999998,6.0920000000000005,-4.047,4.532,-5.531000000000001,Jacksonville Jaguars,2.2139999999999995,Jacksonville Jaguars,2.2139999999999995,-1.1429999999999998,-3.3569999999999998,Jacksonville Jaguars,2.2139999999999995,Jacksonville Jaguars,8.94,Jacksonville Jaguars,8.864,4.63,-4.272,Jacksonville Jaguars,8.902000000000001,Jacksonville Jaguars,10.139,Jacksonville Jaguars,10.063,5.312,-4.789,Jacksonville Jaguars,10.101,Same,Same,Same,Same,Same,Same,False,Away Team,Away Team,46.5,105.0,-125.0,Jacksonville Jaguars,New York Giants,1.5,-1.5,356,-483,356,-483,10.139,-10.139,10.063,-10.063,0.5556,0.4878,0.8285,0.2193,0.8285,0.2193,0.5325,0.4675,0.7907,0.2093,0.7907,0.2093,0.5325,0.4675,0.0325,-0.0325,,,157,11,2026-11-22,JAX @ NYG,12.0,48.0,0.0,Historical Avg,False,T.Lawrence,J.Dart,9.01,10.0,13.56,183.9,Med-High,-1.0,18.0,51.52,51.0,13.240314015273375,35.0,69.0,0.2562,0.7432,0.0714,0.0774,0.2738,0.7262,0.6458,0.3542,0.2856,0.7143,250,-250,,,,,,,,No Bet,,No Bet,,No Bet,,No Bet,,No Bet,,No Bet,,No Bet,,No Bet,,No Bet,,,,,,,,,,,,,,,,,,,,,,,,,,,,,11,0.0137428571428571,-0.0907285714285714,Jacksonville Jaguars,New York Giants,0,0,0,0,0,0,0,0,0,0,0,0,0,3.5,2.0,,,1251.569859388655,0.7814765991841323,0.6623911629378064,0.0003714021948985,0.001369890408957,0.2173107331554157,0.9129784635199052,0.2475250596903932,0.8015350829963488,0.0050970701088743,0.0060235334611638,0.000173630526115,0.0001977716687834,0.0007294666427696,0.0006404237661874,0.0008381954349709,1.7145135465162542,0.4648357928458089,,,1465.0,107.0,0.5325,0.4675,0.7176,0.2823,0.7566,0.243,Jacksonville Jaguars,Jacksonville Jaguars,Jacksonville Jaguars,Jacksonville Jaguars,Jacksonville Jaguars,Same,Same,Same,False,False,0.0003714021948985,0.001369890408957
2026_11_NYJ_LAC,2026,11,2026-11-22,16:05,New York Jets,Los Angeles Chargers,Home,,,,,7,6,1,-1,-10,-14,SoFi Stadium,33.9535,-118.3395,America/Los_Angeles,False,False,11,11,Sunday,-10,-14,AFC East,MetLife Stadium,40.8136,-74.0744,America/New_York,AFC West,SoFi Stadium,33.9535,-118.3395,America/Los_Angeles,Buffalo Bills,Baltimore Ravens,MetLife Stadium,M&T Bank Stadium,Miami Dolphins,New England Patriots,Hard Rock Stadium,SoFi Stadium,2448,0,-2448,2448,3.0,0.0,America/New_York,America/New_York,3.0,3.0,3.0,0.0,3.0,0,-3.725,0.935,-3.725,0.935,Los Angeles Chargers,4.66,Los Angeles Chargers,4.66,-3.725,0.935,Los Angeles Chargers,4.66,-0.2249999999999999,0,No,No,No,No,No,0,Yes,-9.26,1.12,-6.95,0.527,-5.042000000000001,0.1255,-5.042000000000001,0.1255,-10.577,0.3105000000000001,-8.267,-0.2825000000000001,Los Angeles Chargers,5.1675,Los Angeles Chargers,5.1675,-5.042000000000001,0.1255,Los Angeles Chargers,5.1675,Los Angeles Chargers,10.38,Los Angeles Chargers,7.477,-8.105,0.8235000000000001,Los Angeles Chargers,8.9285,Los Angeles Chargers,10.8875,Los Angeles Chargers,7.9845,-9.422,0.014,Los Angeles Chargers,9.436,Same,Same,Same,Same,Same,Same,False,Home Team,Home Team,41.5,-417.0,330.0,Los Angeles Chargers,New York Jets,-9.5,9.5,-567,406,-366,282,-10.8875,10.8875,-7.9845,7.9845,0.2326,0.8066,0.1976,0.8501,0.2618,0.7854,0.2238,0.7762,0.1886,0.8114,0.25,0.75,0.2238,0.7762,-0.2762,0.2762,,,158,11,2026-11-22,NYJ @ LAC,0.0,70.0,0.0,Dome,True,G.Smith,J.Herbert,-13.58,-14.0,12.46,155.29,Low,-21.25,-6.0,44.01,43.0,12.319715550216555,29.0,60.0,0.8646,0.1352,0.0556,0.06,0.6512,0.3488,0.5694,0.4306,0.8006,0.1994,-402,402,,,,,,,,No Bet,,No Bet,,No Bet,,No Bet,,No Bet,,No Bet,,No Bet,,No Bet,,No Bet,,,,,,,,,,,,,,,,,,,,,,,,,,,,,11,-0.1375333333333333,0.0839571428571428,Los Angeles Chargers,New York Jets,0,0,0,0,0,0,0,0,0,0,0,0,0,1.5,4.5,,,1251.569859388655,0.5048449898565229,0.9402658146064024,0.1607959666859891,2.236588388874561e-06,156.20822055946937,0.0006264713925207,45.03916485597687,0.0021727752228533,0.1609573116293036,0.0011472070028149,0.1248098293416647,0.0359861373443243,5.005484814301267e-07,1.736039907444434e-06,0.0359878733842318,0.002799246615374,201.24738541544625,,,1465.0,107.0,0.2238,0.7762,0.1996,0.8004,0.1362,0.8638,Los Angeles Chargers,Los Angeles Chargers,Los Angeles Chargers,Los Angeles Chargers,Los Angeles Chargers,Same,Same,Same,False,False,0.1607959666859891,2.236588388874561e-06
2026_11_LV_DEN,2026,11,2026-11-22,16:25,Las Vegas Raiders,Denver Broncos,Home,,,,,7,14,-7,7,-13,7,Empower Field at Mile High,39.7648,-105.0076,America/Denver,False,False,11,11,Sunday,-13,7,AFC West,Allegiant Stadium,36.108,-115.1578,America/Los_Angeles,AFC West,Empower Field at Mile High,39.7648,-105.0076,America/Denver,Seattle Seahawks,Carolina Panthers,Allegiant Stadium,Bank of America Stadium,Cleveland Browns,Pittsburgh Steelers,FirstEnergy Stadium,Acrisure Stadium,607,0,-607,607,-1.0,0.0,America/Los_Angeles,America/New_York,-1.0,2.0,-1.0,0.0,-1.0,0,-2.35,2.05,-2.35,2.05,Denver Broncos,4.4,Denver Broncos,4.4,-2.35,2.05,Denver Broncos,4.4,0.0,0,No,No,No,No,No,1,No,-8.15,-0.48,-7.588,3.499,-3.56877,2.28477,-3.56877,2.28477,-9.33607,-0.2779299999999999,-8.7399,3.6669,Denver Broncos,5.853540000000001,Denver Broncos,5.853540000000001,-3.56877,2.28477,Denver Broncos,5.853540000000001,Denver Broncos,7.67,Denver Broncos,11.087,-7.869,1.5095,Denver Broncos,9.3785,Denver Broncos,9.05814,Denver Broncos,12.4068,-9.037985,1.694485,Denver Broncos,10.73247,Same,Same,Same,Same,Same,Same,False,Home Team,Home Team,41.5,-345.0,270.0,Denver Broncos,Las Vegas Raiders,-7.5,7.5,-416,314,-675,466,-9.05814,9.05814,-12.4068,12.4068,0.2703,0.7753,0.2415,0.8062,0.1767,0.871,0.2585,0.7415,0.2305,0.7695,0.1686,0.8314,0.2585,0.7415,-0.2415,0.2415,,,159,11,2026-11-22,LV @ DEN,10.0,45.0,0.0,Historical Avg,False,K.Cousins,B.Nix,-10.96,-12.0,12.61,158.94,Low,-20.0,-3.0,38.74,38.0,11.929999766089008,23.0,54.0,0.8062,0.193,0.0754,0.0666,0.6124,0.3876,0.3888,0.6112,0.7872,0.2126,-370,370,,,,,,,,No Bet,,No Bet,,No Bet,,No Bet,,No Bet,,No Bet,,No Bet,,No Bet,,No Bet,,,,,,,,,,,,,,,,,,,,,,,,,,,,,11,-0.0876166666666666,0.0798714285714285,Denver Broncos,Las Vegas Raiders,0,1,0,0,0,0,0,1,0,1,0,1,1,2.0,4.5,,,1251.569859388655,0.5252684300940166,0.9202658162672148,0.100038688217861,2.272922326558721e-06,92.83980925064722,0.0007353603983146,32.36559769560661,0.0021093606783377,0.116992595293031,0.0020194658121985,0.0741786873135439,0.025860000904317,5.875504214154294e-07,1.6853719051432915e-06,0.0258616862762222,0.0028447210766524,125.20540694625385,,,1465.0,107.0,0.2585,0.7415,0.2104,0.7895,0.1838,0.8156,Denver Broncos,Denver Broncos,Denver Broncos,Denver Broncos,Denver Broncos,Same,Same,Same,False,False,0.100038688217861,2.272922326558721e-06
2026_11_PIT_PHI,2026,11,2026-11-22,16:25,Pittsburgh Steelers,Philadelphia Eagles,Home,,,,,7,14,-7,7,-4,-15,Lincoln Financial Field,39.9008,-75.1675,America/New_York,False,True,11,11,Sunday,-4,-15,AFC North,Acrisure Stadium,40.4468,-80.0158,America/New_York,NFC East,Lincoln Financial Field,39.9008,-75.1675,America/New_York,Cincinnati Bengals,New York Giants,Paycor Stadium,Lincoln Financial Field,Denver Broncos,Dallas Cowboys,Acrisure Stadium,AT&T Stadium,259,0,-259,259,0.0,0.0,America/New_York,America/New_York,0.0,0.0,0.0,0.0,0.0,0,-0.565,4.905,-0.565,4.905,Philadelphia Eagles,5.470000000000001,Philadelphia Eagles,5.470000000000001,-0.565,4.905,Philadelphia Eagles,5.470000000000001,0.0,0,No,No,No,No,No,0,No,0.59,5.52,0.538,3.682,-2.499,6.0520000000000005,-2.499,6.0520000000000005,-1.344,6.667,-1.396,4.829,Philadelphia Eagles,8.551,Philadelphia Eagles,8.551,-2.499,6.0520000000000005,Philadelphia Eagles,8.551,Philadelphia Eagles,4.93,Philadelphia Eagles,3.144,0.5640000000000001,4.601,Philadelphia Eagles,4.037,Philadelphia Eagles,8.011,Philadelphia Eagles,6.225,-1.37,5.747999999999999,Philadelphia Eagles,7.117999999999999,Same,Same,Same,Same,Same,Same,False,Home Team,Home Team,42.5,-244.0,200.0,Philadelphia Eagles,Pittsburgh Steelers,-5.5,5.5,-366,282,-261,208,-8.011,8.011,-6.225,6.225,0.3333,0.7093,0.2618,0.7854,0.3247,0.723,0.3197,0.6803,0.25,0.75,0.3099,0.6901,0.3197,0.6803,-0.1803,0.1803,,,160,11,2026-11-22,PIT @ PHI,12.0,50.0,0.0,Historical Avg,False,A.Rodgers,J.Hurts,-3.79,-5.0,13.08,170.98,Medium,-13.0,6.0,42.97,43.0,12.795523808187973,27.0,60.0,0.6122,0.3858,0.092,0.0858,0.4776,0.5224,0.5028,0.4972,0.6832,0.3163,-216,216,,,,,,,,No Bet,,No Bet,,No Bet,,No Bet,,No Bet,,No Bet,,No Bet,,No Bet,,No Bet,,,,,,,,,,,,,,,,,,,,,,,,,,,,,11,-0.0327571428571428,0.0782857142857142,Philadelphia Eagles,Pittsburgh Steelers,0,0,1,1,0,1,0,0,1,1,0,1,0,3.0,4.5,,,1251.569859388655,0.762579733891784,0.815099617537324,0.0385185389703769,2.544577960384477e-07,32.79633942676845,0.0001018154050502,15.412302976242646,0.0002166563029579,0.0244531687123409,0.0034569273168391,0.0262041620615474,0.0123143769088295,8.135015739349172e-08,1.73107638644956e-07,0.0123145500164681,0.0003184717080081,48.20864240301109,,,1465.0,107.0,0.3197,0.6803,0.3206,0.679,0.4028,0.5958,Philadelphia Eagles,Philadelphia Eagles,Philadelphia Eagles,Philadelphia Eagles,Philadelphia Eagles,Same,Same,Same,False,False,0.0385185389703769,2.544577960384477e-07
2026_11_MIN_SF,2026,11,2026-11-22,20:20,Minnesota Vikings,San Francisco 49ers,Neutral,,,,,7,7,0,0,7,9,Estadio Banorte,37.4031,-121.9702,America/Los_Angeles,True,True,11,11,Sunday,7,9,NFC North,U.S. Bank Stadium,44.9738,-93.2575,America/Chicago,NFC West,Levi's Stadium,37.4031,-121.9702,America/Los_Angeles,Green Bay Packers,Dallas Cowboys,Lambeau Field,AT&T Stadium,Atlanta Falcons,Seattle Seahawks,U.S. Bank Stadium,Levi's Stadium,1571,0,-1571,1571,2.0,0.0,America/Chicago,America/Chicago,2.0,2.0,2.0,0.0,2.0,0,0.27,3.325,0.27,3.325,San Francisco 49ers,3.055,San Francisco 49ers,3.055,0.27,3.325,San Francisco 49ers,3.055,-0.15,0,No,No,No,No,No,0,No,-0.75,3.57,2.721,2.606,2.03,2.1155000000000004,2.03,2.1155000000000004,1.01,2.3605,4.481,1.3965,San Francisco 49ers,0.0855000000000001,San Francisco 49ers,0.0855000000000001,2.03,2.1155000000000004,San Francisco 49ers,0.0855000000000001,San Francisco 49ers,4.32,Minnesota Vikings,0.1150000000000002,0.9855,3.088,San Francisco 49ers,2.1025,San Francisco 49ers,1.3504999999999996,Minnesota Vikings,3.0845,2.7455,1.8785,Minnesota Vikings,0.867,Same,Different,Same,Different,Same,Same,False,Home Team,Away Team,46.5,-192.0,160.0,San Francisco 49ers,Minnesota Vikings,-3.5,3.5,-128,105,135,-164,-1.3504999999999996,1.3504999999999996,3.0845,-3.0845,0.3846,0.6575,0.4878,0.5614,0.6212,0.4255,0.3691,0.6309,0.4649,0.5351,0.5935,0.4065,0.3691,0.6309,-0.1309,0.1309,,,161,11,2026-11-22,MIN @ SF,10.0,60.0,0.0,Historical Avg,False,K.Murray,B.Purdy,4.65,5.0,13.23,175.11,Medium,-5.0,13.0,56.55,56.0,13.496692785391115,40.0,74.0,0.3716,0.628,0.0964,0.081,0.2816,0.7184,0.7694,0.2306,0.486,0.5139,106,-106,,,,,,,,No Bet,,No Bet,,No Bet,,No Bet,,No Bet,,No Bet,,No Bet,,No Bet,,No Bet,,,,,,,,,,,,,,,,,,,,,,,,,,,,,11,0.0462857142857142,0.0307857142857142,San Francisco 49ers,Minnesota Vikings,0,0,0,0,0,0,0,0,0,0,0,0,0,4.0,4.0,,,1251.569859388655,0.2110071526945427,0.6786013734472526,0.0026478919971372,0.0007941060584566,2.090816362789108,0.3668408156441062,1.2232054517442696,0.6270383922781539,0.0126059086634628,0.0020748139418128,0.0016705550609938,0.0009773369361433,0.0002931045461763,0.0005010015122802,0.0014783384484236,0.99387920792226,3.314021814533377,,,1465.0,107.0,0.3589,0.6411,0.511,0.4887,0.6266,0.3722,San Francisco 49ers,Minnesota Vikings,Minnesota Vikings,Minnesota Vikings,Minnesota Vikings,Same,Same,Same,False,False,0.0026478919971372,0.0007941060584566
2026_11_CIN_WAS,2026,11,2026-11-23,20:15,Cincinnati Bengals,Washington Commanders,Home,,,,,8,11,-3,3,-3,10,FedExField,38.9077,-76.8645,America/New_York,False,False,11,11,Monday,-3,10,AFC North,Paycor Stadium,39.0955,-84.5165,America/New_York,NFC East,FedExField,38.9077,-76.8645,America/New_York,Pittsburgh Steelers,New York Giants,Paycor Stadium,MetLife Stadium,New Orleans Saints,Arizona Cardinals,Paycor Stadium,State Farm Stadium,411,0,-411,411,0.0,0.0,America/New_York,America/New_York,0.0,0.0,0.0,0.0,0.0,0,1.31,1.45,1.31,1.45,Washington Commanders,0.1399999999999999,Washington Commanders,0.1399999999999999,1.31,1.45,Washington Commanders,0.1399999999999999,0.0,0,No,No,No,No,No,0,No,-0.04,-5.43,-0.609,-1.427,-0.6535000000000001,1.622,-0.6535000000000001,1.622,-2.0035,-5.258,-2.5725,-1.255,Washington Commanders,2.2755,Washington Commanders,2.2755,-0.6535000000000001,1.622,Washington Commanders,2.2755,Cincinnati Bengals,5.39,Cincinnati Bengals,0.8180000000000001,-0.3245,-3.4285,Cincinnati Bengals,3.104,Cincinnati Bengals,3.2545,Washington Commanders,1.3175,-2.288,-3.2565,Cincinnati Bengals,0.9685,Different,Different,Different,Same,Same,Different,False,Away Team,Home Team,52.5,105.0,-125.0,Cincinnati Bengals,Washington Commanders,1.5,-1.5,156,-191,-128,105,3.2545,-3.2545,-1.3175,1.3175,0.5556,0.4878,0.6564,0.3906,0.4878,0.5614,0.5325,0.4675,0.6269,0.3731,0.4649,0.5351,0.5325,0.4675,0.0325,-0.0325,,,162,11,2026-11-23,CIN @ WAS,10.0,52.0,0.0,Historical Avg,False,J.Burrow,J.Daniels,2.46,3.0,13.75,189.2,Med-High,-7.0,12.0,54.95,54.0,14.03128145865068,37.0,73.0,0.4112,0.5884,0.0878,0.0892,0.4338,0.5662,0.5616,0.4384,0.4467,0.5532,124,-124,,,,,,,,No Bet,,No Bet,,No Bet,,No Bet,,No Bet,,No Bet,,No Bet,,No Bet,,No Bet,,,,,,,,,,,,,,,,,,,,,,,,,,,,,11,0.1167,0.0104571428571428,Cincinnati Bengals,Washington Commanders,0,0,0,0,0,0,0,0,0,0,0,0,0,5.0,3.5,,,1251.569859388655,0.989299339546919,0.7513713792954028,0.0012146446832637,0.0010236401220261,0.7106994257679898,0.6822161683110589,0.8095132496715604,0.5989409552777841,0.0051669385396414,0.0051479343855669,0.0005678463894257,0.0006467982938379,0.0005450883649789,0.0004785517570472,0.0011253500508851,1.281157123588843,1.5202126754395502,,,1465.0,107.0,0.5325,0.4675,0.553,0.4467,0.5878,0.4112,Cincinnati Bengals,Cincinnati Bengals,Cincinnati Bengals,Cincinnati Bengals,Cincinnati Bengals,Same,Same,Same,False,False,0.0012146446832637,0.0010236401220261
2026_12_GB_LA,2026,12,2026-11-25,20:00,Green Bay Packers,Los Angeles Rams,Home,,,,,10,10,0,0,-3,-5,SoFi Stadium,33.9535,-118.3395,America/Los_Angeles,False,False,12,12,Wednesday,-3,-5,NFC North,Lambeau Field,44.5013,-88.0622,America/Chicago,NFC West,SoFi Stadium,33.9535,-118.3395,America/Los_Angeles,Minnesota Vikings,Arizona Cardinals,Lambeau Field,State Farm Stadium,New Orleans Saints,Kansas City Chiefs,Caesars Superdome,SoFi Stadium,1762,0,-1762,1762,2.0,0.0,America/Chicago,America/Denver,2.0,1.0,2.0,0.0,2.0,0,3.535,1.29,3.535,1.29,Green Bay Packers,2.245,Green Bay Packers,2.245,3.535,1.29,Green Bay Packers,2.245,-0.15,0,No,No,No,No,No,0,No,5.09,8.12,2.933,7.087,3.0955000000000004,0.328,3.0955000000000004,0.328,4.650499999999999,7.158,2.4935,6.125,Green Bay Packers,2.7675,Green Bay Packers,2.7675,3.0955000000000004,0.328,Green Bay Packers,2.7675,Los Angeles Rams,3.03,Los Angeles Rams,4.154,4.0115,7.603499999999999,Los Angeles Rams,3.592,Los Angeles Rams,2.5075000000000003,Los Angeles Rams,3.6315,3.572,6.6415,Los Angeles Rams,3.0695,Different,Different,Different,Different,Same,Same,False,Home Team,Home Team,48.5,-227.0,185.0,Los Angeles Rams,Green Bay Packers,-4.5,4.5,-142,117,-191,156,-2.5075000000000003,2.5075000000000003,-3.6315,3.6315,0.3509,0.6942,0.4608,0.5868,0.3906,0.6564,0.3357,0.6643,0.4399,0.5601,0.3731,0.6269,0.3357,0.6643,-0.1643,0.1643,,,163,12,2026-11-25,GB @ LA,0.0,70.0,0.0,Dome,True,J.Love,M.Stafford,-0.57,-1.0,12.69,161.05,Med-Low,-9.0,8.0,58.44,58.0,14.321852915533896,40.0,77.0,0.5194,0.4802,0.1138,0.095,0.394,0.606,0.7508,0.2492,0.5927,0.4072,-146,146,,,,,,,,No Bet,,No Bet,,No Bet,,No Bet,,No Bet,,No Bet,,No Bet,,No Bet,,No Bet,,,,,,,,,,,,,,,,,,,,,,,,,,,,,12,0.1023833333333333,0.09365,Los Angeles Rams,Green Bay Packers,0,1,1,0,0,0,1,1,0,0,1,1,0,4.5,4.5,,,963.388036938864,0.1109300129190593,0.5988987508128281,0.0917719299364385,0.0599185901339317,58.73207793372579,19.378233127014106,29.679901493830723,38.34661979825877,0.3562969711555295,0.0090201646910258,0.0609640930567761,0.0308078368796624,0.0201146707079608,0.0398039194259708,0.0706117563056332,57.72485292527288,88.41197942755652,,,627.0,838.0,0.3286,0.6714,0.4074,0.5923,0.4882,0.5108,Los Angeles Rams,Los Angeles Rams,Los Angeles Rams,Los Angeles Rams,Los Angeles Rams,Same,Same,Same,False,False,0.0917719299364385,0.0599185901339317
2026_12_CHI_DET,2026,12,2026-11-26,13:00,Chicago Bears,Detroit Lions,Home,,,,,4,4,0,0,8,3,Ford Field,42.3395,-83.045,America/Detroit,False,False,Thanksgiving,12,Thursday,8,3,NFC North,Soldier Field,41.8623,-87.6167,America/Chicago,NFC North,Ford Field,42.3395,-83.045,America/Detroit,New Orleans Saints,Tampa Bay Buccaneers,Soldier Field,Ford Field,Jacksonville Jaguars,Atlanta Falcons,Soldier Field,Mercedes-Benz Stadium,236,0,-236,236,-1.0,0.0,America/Chicago,America/Detroit,-1.0,0.0,-1.0,0.0,-1.0,0,-1.575,4.305,-1.575,4.305,Detroit Lions,5.88,Detroit Lions,5.88,-1.575,4.305,Detroit Lions,5.88,0.0,0,No,No,No,No,No,1,No,0.9,3.98,1.647,3.658,-1.387905,3.570405,-1.387905,3.570405,1.059095,3.273405,1.795405,2.962095,Detroit Lions,4.95831,Detroit Lions,4.95831,-1.387905,3.570405,Detroit Lions,4.95831,Detroit Lions,3.08,Detroit Lions,2.011,1.2735,3.819,Detroit Lions,2.5455,Detroit Lions,2.21431,Detroit Lions,1.1666899999999996,1.42725,3.11775,Detroit Lions,1.6905,Same,Same,Same,Same,Same,Same,False,Home Team,Home Team,52.5,-143.0,120.0,Detroit Lions,Chicago Bears,-2.5,2.5,-131,108,-122,101,-2.21431,2.21431,-1.1666899999999996,1.1666899999999996,0.4545,0.5885,0.4808,0.5671,0.4975,0.5495,0.4358,0.5642,0.4588,0.5412,0.4752,0.5248,0.4358,0.5642,-0.0642,0.0642,,,164,12,2026-11-26,CHI @ DET,0.0,70.0,0.0,Dome,True,C.Williams,J.Goff,-5.39,-6.0,13.92,193.82,Med-High,-14.0,5.0,57.39,57.0,14.037889293877674,39.0,76.0,0.653,0.3468,0.0874,0.079,0.6148,0.3852,0.628,0.372,0.5708,0.4292,-133,133,,,,,,,,No Bet,,No Bet,,No Bet,,No Bet,,No Bet,,No Bet,,No Bet,,No Bet,,No Bet,,,,,,,,,,,,,,,,,,,,,,,,,,,,,12,0.0252,0.0776666666666666,Detroit Lions,Chicago Bears,0,1,1,0,1,0,0,0,0,0,1,0,1,2.0,4.0,,,963.388036938864,0.3580834824954764,0.5703812292158542,0.0992201233355144,0.1035832152982807,53.93045612856776,43.488843908378286,41.65702371646548,56.30198653764807,0.1438456118100859,0.0236990204850821,0.0559799935858972,0.0432401297496172,0.0451415652269907,0.0584416500712899,0.1016817798209071,99.79083044602636,95.58747984503324,,,627.0,838.0,0.4466,0.5534,0.432,0.5678,0.3476,0.6518,Detroit Lions,Detroit Lions,Detroit Lions,Detroit Lions,Detroit Lions,Same,Same,Same,False,False,0.0992201233355144,0.1035832152982807
2026_12_PHI_DAL,2026,12,2026-11-26,16:30,Philadelphia Eagles,Dallas Cowboys,Home,,,,,4,4,0,0,-15,2,AT&T Stadium,32.7369,-97.0826,America/Chicago,False,False,Thanksgiving,12,Thursday,-15,2,NFC East,Lincoln Financial Field,39.9008,-75.1675,America/New_York,NFC East,AT&T Stadium,32.7369,-97.0826,America/Chicago,Pittsburgh Steelers,Tennessee Titans,Lincoln Financial Field,AT&T Stadium,Arizona Cardinals,Seattle Seahawks,State Farm Stadium,Lumen Field,1311,0,-1311,1311,1.0,0.0,America/New_York,America/Chicago,1.0,0.0,1.0,0.0,1.0,0,4.905,-0.615,4.905,-0.615,Philadelphia Eagles,5.5200000000000005,Philadelphia Eagles,5.5200000000000005,4.905,-0.615,Philadelphia Eagles,5.5200000000000005,0.0,0,No,No,No,No,No,1,No,5.52,-1.01,3.682,-3.616,2.8241700000000005,-0.49117,2.8241700000000005,-0.49117,3.42907,-0.87607,1.58339,-3.47439,Philadelphia Eagles,3.3153400000000004,Philadelphia Eagles,3.3153400000000004,2.8241700000000005,-0.49117,Philadelphia Eagles,3.3153400000000004,Philadelphia Eagles,6.529999999999999,Philadelphia Eagles,7.298,4.601,-2.313,Philadelphia Eagles,6.914,Philadelphia Eagles,4.30514,Philadelphia Eagles,5.057779999999999,2.50623,-2.17523,Philadelphia Eagles,4.68146,Same,Same,Same,Same,Same,Same,False,Away Team,Away Team,49.5,-125.0,105.0,Dallas Cowboys,Philadelphia Eagles,-1.1666666666666667,1.1666666666666667,181,-224,188,-234,4.30514,-4.30514,5.057779999999999,-5.057779999999999,0.4878,0.5556,0.6914,0.3559,0.7006,0.3472,0.4675,0.5325,0.6602,0.3398,0.6686,0.3314,0.4675,0.5325,-0.0325,0.0325,,,165,12,2026-11-26,PHI @ DAL,0.0,70.0,0.0,Dome,True,J.Hurts,D.Prescott,8.27,9.0,12.77,163.01,Med-Low,-1.0,17.0,53.99,53.0,13.867730989334865,36.0,72.0,0.2544,0.745,0.0782,0.0702,0.2362,0.7638,0.6156,0.3844,0.3645,0.6353,174,-174,,,,,,,,No Bet,,No Bet,,No Bet,,No Bet,,No Bet,,No Bet,,No Bet,,No Bet,,No Bet,,,,,,,,,,,,,,,,,,,,,,,,,,,,,12,0.09675,-0.01372,Dallas Cowboys,Philadelphia Eagles,0,1,1,0,1,0,0,0,0,0,1,0,1,4.5,0.5,,,963.388036938864,0.3589323307168426,0.728537024029019,0.1600437678998453,0.0893970459227048,82.10311386055886,40.26299084096677,72.08113752077233,45.861053738641296,0.0691104301434486,0.0645761140800599,0.0852233064066676,0.0748204614931777,0.0417931189688645,0.0476039269538403,0.122424388447018,86.12404457960807,154.1842513813312,,,627.0,838.0,0.4654,0.5346,0.6346,0.3651,0.7444,0.2546,Dallas Cowboys,Philadelphia Eagles,Philadelphia Eagles,Philadelphia Eagles,Philadelphia Eagles,Same,Same,Same,False,False,0.1600437678998453,0.0893970459227048
2026_12_KC_BUF,2026,12,2026-11-26,20:20,Kansas City Chiefs,Buffalo Bills,Home,,,,,4,4,0,0,3,8,Highmark Stadium,42.7725,-78.7877,America/New_York,False,False,Thanksgiving,12,Thursday,3,8,AFC West,GEHA Field at Arrowhead Stadium,39.0489,-94.4839,America/Chicago,AFC East,Highmark Stadium,42.7725,-78.7877,America/New_York,Arizona Cardinals,Miami Dolphins,GEHA Field at Arrowhead Stadium,Highmark Stadium,Los Angeles Rams,New England Patriots,SoFi Stadium,Gillette Stadium,857,0,-857,857,-1.0,0.0,America/Chicago,America/New_York,-1.0,0.0,-1.0,0.0,-1.0,0,4.395,4.795,4.395,4.795,Buffalo Bills,0.4000000000000003,Buffalo Bills,0.4000000000000003,4.395,4.795,Buffalo Bills,0.4000000000000003,0.0,0,No,No,Yes,No,No,0,No,-2.17,6.16,0.625,3.416,6.6585,4.5425,6.6585,4.5425,0.0934999999999997,5.907500000000001,2.8885,3.1635,Kansas City Chiefs,2.116,Kansas City Chiefs,2.116,6.6585,4.5425,Kansas City Chiefs,2.116,Buffalo Bills,8.33,Buffalo Bills,2.791,-0.7725,4.788,Buffalo Bills,5.5605,Buffalo Bills,5.814000000000001,Buffalo Bills,0.2749999999999999,1.491,4.535500000000001,Buffalo Bills,3.044500000000001,Different,Different,Different,Different,Same,Same,False,Home Team,Home Team,50.5,-147.0,124.0,Buffalo Bills,Kansas City Chiefs,-2.5,2.5,-261,208,-116,-104,-5.814000000000001,5.814000000000001,-0.2749999999999999,0.2749999999999999,0.4464,0.5951,0.3247,0.723,0.5098,0.537,0.4286,0.5714,0.3099,0.6901,0.487,0.513,0.4286,0.5714,-0.0714,0.0714,,,166,12,2026-11-26,KC @ BUF,15.0,40.0,0.0,Historical Avg,False,P.Mahomes,J.Allen,-7.44,-8.0,13.62,185.54,Med-High,-17.0,3.0,50.86,50.0,13.239699882194992,34.0,68.0,0.7124,0.2874,0.08,0.074,0.6816,0.3184,0.4898,0.5102,0.6217,0.3782,-164,164,,,,,,,,No Bet,,No Bet,,No Bet,,No Bet,,No Bet,,No Bet,,No Bet,,No Bet,,No Bet,,,,,,,,,,,,,,,,,,,,,,,,,,,,,12,0.03295,0.1104,Buffalo Bills,Kansas City Chiefs,0,1,1,0,0,1,0,0,0,0,0,1,0,2.5,5.0,,,963.388036938864,0.3646750456314501,0.1565923167831412,0.0983156453189776,0.0934932199039375,54.1207889933716,38.60410897442311,40.59532755085591,51.4661406159248,0.17168822372904,0.0217970912383956,0.0561775597352638,0.0421380855837138,0.0400711940508276,0.0534220258531099,0.0955601114368237,90.0702495903479,94.7161165442275,,,627.0,838.0,0.4234,0.5766,0.3767,0.6232,0.2864,0.7132,Buffalo Bills,Buffalo Bills,Buffalo Bills,Buffalo Bills,Buffalo Bills,Same,Same,Same,False,False,0.0983156453189776,0.0934932199039375
2026_12_DEN_PIT,2026,12,2026-11-27,15:00,Denver Broncos,Pittsburgh Steelers,Home,,,,,5,5,0,0,7,-4,Acrisure Stadium,40.4468,-80.0158,America/New_York,False,False,Thanksgiving,12,Friday,7,-4,AFC West,Empower Field at Mile High,39.7648,-105.0076,America/Denver,AFC North,Acrisure Stadium,40.4468,-80.0158,America/New_York,Las Vegas Raiders,Philadelphia Eagles,Empower Field at Mile High,Lincoln Financial Field,Miami Dolphins,Houston Texans,Empower Field at Mile High,Acrisure Stadium,1316,0,-1316,1316,-2.0,0.0,America/Denver,America/New_York,-2.0,0.0,-2.0,0.0,-2.0,0,2.05,-0.565,2.05,-0.565,Denver Broncos,2.615,Denver Broncos,2.615,2.05,-0.565,Denver Broncos,2.615,-0.3,0,No,No,No,No,No,0,No,-0.48,0.59,3.499,0.538,2.5305,0.4440000000000002,2.5305,0.4440000000000002,0.0004999999999999,1.599,3.9795000000000007,1.5470000000000002,Denver Broncos,2.0865,Denver Broncos,2.0865,2.5305,0.4440000000000002,Denver Broncos,2.0865,Pittsburgh Steelers,1.0699999999999998,Denver Broncos,2.9610000000000003,1.5095,0.5640000000000001,Denver Broncos,0.9455,Pittsburgh Steelers,1.5985,Denver Broncos,2.432500000000001,1.99,1.573,Denver Broncos,0.4170000000000002,Different,Same,Different,Same,Same,Same,False,Home Team,Away Team,39.5,102.0,-122.0,Denver Broncos,Pittsburgh Steelers,1.5,-1.5,-128,105,117,-142,-1.5985,1.5985,2.432500000000001,-2.432500000000001,0.5495,0.495,0.4878,0.5614,0.5868,0.4608,0.5261,0.4739,0.4649,0.5351,0.5601,0.4399,0.5261,0.4739,0.0261,-0.0261,,,167,12,2026-11-27,DEN @ PIT,12.0,45.0,0.0,Historical Avg,False,B.Nix,A.Rodgers,1.64,3.0,13.24,175.26,Medium,-7.0,11.0,42.67,42.0,12.645985451106842,27.0,60.0,0.4532,0.5456,0.0952,0.1008,0.477,0.523,0.574,0.426,0.4755,0.5242,110,-110,,,,,,,,No Bet,,No Bet,,No Bet,,No Bet,,No Bet,,No Bet,,No Bet,,No Bet,,No Bet,,,,,,,,,,,,,,,,,,,,,,,,,,,,,12,0.0888333333333333,-0.0338666666666666,Denver Broncos,Pittsburgh Steelers,1,0,0,1,0,0,1,0,0,0,1,0,0,4.5,0.0,,,963.388036938864,0.8150995118525934,0.4289003980125276,0.1272510254819334,0.0770054367684357,58.09640360060993,39.0293159232488,64.4957120368873,35.15680063871432,0.0947214933655934,0.0452448793017387,0.0603042609758882,0.0669467645060452,0.040512560283874,0.0364928764845617,0.1034396409906069,74.18611656196312,122.59211563749724,,,627.0,838.0,0.5366,0.4634,0.5276,0.4722,0.5486,0.4506,Denver Broncos,Denver Broncos,Denver Broncos,Denver Broncos,Denver Broncos,Same,Same,Same,False,False,0.1272510254819334,0.0770054367684357
2026_12_NO_CIN,2026,13,2026-11-29,13:00,New Orleans Saints,Cincinnati Bengals,Home,,,,,7,6,1,-1,-3,-4,Paycor Stadium,39.0955,-84.5165,America/New_York,False,True,12,12,Sunday,-3,-4,NFC South,Caesars Superdome,29.9507,-90.0813,America/Chicago,AFC North,Paycor Stadium,39.0955,-84.5165,America/New_York,Chicago Bears,Washington Commanders,Soldier Field,FedExField,Green Bay Packers,Cleveland Browns,Caesars Superdome,FirstEnergy Stadium,706,0,-706,706,-1.0,0.0,America/Chicago,America/New_York,-1.0,0.0,-1.0,0.0,-1.0,0,-6.145,1.31,-6.145,1.31,Cincinnati Bengals,7.455,Cincinnati Bengals,7.455,-6.145,1.31,Cincinnati Bengals,7.455,0.0,0,No,No,No,No,No,0,Yes,-4.37,-0.04,-4.865,-0.609,-5.316,2.5985000000000005,-5.316,2.5985000000000005,-3.5410000000000004,1.2485,-4.0360000000000005,0.6795,Cincinnati Bengals,7.9145,Cincinnati Bengals,7.9145,-5.316,2.5985000000000005,Cincinnati Bengals,7.9145,Cincinnati Bengals,4.33,Cincinnati Bengals,4.256,-4.6175,-0.3245,Cincinnati Bengals,4.292999999999999,Cincinnati Bengals,4.7895,Cincinnati Bengals,4.7155000000000005,-3.7885,0.964,Cincinnati Bengals,4.7525,Same,Same,Same,Same,Same,Same,False,Home Team,Home Team,48.5,-294.0,235.0,Cincinnati Bengals,New Orleans Saints,-6.5,6.5,-234,188,-224,181,-4.7895,4.7895,-4.7155000000000005,4.7155000000000005,0.2985,0.7462,0.3472,0.7006,0.3559,0.6914,0.2857,0.7143,0.3314,0.6686,0.3398,0.6602,0.2857,0.7143,-0.2143,0.2143,,,168,13,2026-11-29,NO @ CIN,10.0,48.0,0.0,Historical Avg,False,T.Shough,J.Burrow,-4.43,-5.0,13.64,185.95,Med-High,-14.0,5.0,49.02,49.0,13.41831747309482,32.0,67.0,0.6316,0.367,0.085,0.08,0.4604,0.5396,0.5032,0.4968,0.6687,0.331,-202,202,,,,,,,,No Bet,,No Bet,,No Bet,,No Bet,,No Bet,,No Bet,,No Bet,,No Bet,,No Bet,,,,,,,,,,,,,,,,,,,,,,,,,,,,,13,-0.0364333333333333,0.1004333333333333,Cincinnati Bengals,New Orleans Saints,0,0,0,0,0,0,0,0,0,0,0,0,0,3.0,4.5,,,487.746333290865,0.7506632366341354,0.896812999588974,0.1925686936395441,8.413314919938692e-06,67.09039480198868,0.0011723880928132,26.83427942731088,0.0029311754102082,0.228391779936962,0.0006064568739179,0.1375518178667263,0.0550168757728177,2.4036840726264844e-06,6.009630847312208e-06,0.055022885403665,0.0041035635030214,93.92467422929955,,,375.0,252.0,0.2857,0.7143,0.3287,0.6711,0.3578,0.6414,Cincinnati Bengals,Cincinnati Bengals,Cincinnati Bengals,Cincinnati Bengals,Cincinnati Bengals,Same,Same,Same,False,False,0.1925686936395441,8.413314919938692e-06
2026_12_LV_CLE,2026,13,2026-11-29,13:00,Las Vegas Raiders,Cleveland Browns,Home,,,,,7,14,-7,7,-20,3,FirstEnergy Stadium,41.5061,-81.6994,America/New_York,False,True,12,12,Sunday,-20,3,AFC West,Allegiant Stadium,36.108,-115.1578,America/Los_Angeles,AFC North,FirstEnergy Stadium,41.5061,-81.6994,America/New_York,Denver Broncos,Houston Texans,Empower Field at Mile High,FirstEnergy Stadium,Los Angeles Chargers,Cincinnati Bengals,Allegiant Stadium,FirstEnergy Stadium,1826,0,-1826,1826,-3.0,0.0,America/Denver,America/New_York,-2.0,0.0,-3.0,0.0,-3.0,0,-2.35,-4.705,-2.35,-4.705,Las Vegas Raiders,2.355,Las Vegas Raiders,2.355,-2.35,-4.705,Las Vegas Raiders,2.355,-0.4499999999999999,0,No,No,No,No,No,0,No,-8.15,-6.94,-7.588,-7.475,-4.5785,-3.8865,-4.5785,-3.8865,-10.3785,-6.121499999999999,-9.8165,-6.656499999999999,Cleveland Browns,0.6920000000000006,Cleveland Browns,0.6920000000000006,-4.5785,-3.8865,Cleveland Browns,0.6920000000000006,Cleveland Browns,1.21,Cleveland Browns,0.1130000000000004,-7.869,-7.2075,Cleveland Browns,0.6615000000000002,Cleveland Browns,4.257,Cleveland Browns,3.160000000000001,-10.0975,-6.388999999999999,Cleveland Browns,3.708500000000001,Different,Different,Same,Same,Same,Same,False,Home Team,Home Team,39.5,-122.0,102.0,Cleveland Browns,Las Vegas Raiders,-1.5,1.5,-224,181,-164,135,-4.257,4.257,-3.160000000000001,3.160000000000001,0.495,0.5495,0.3559,0.6914,0.4255,0.6212,0.4739,0.5261,0.3398,0.6602,0.4065,0.5935,0.4739,0.5261,-0.0261,0.0261,,,169,13,2026-11-29,LV @ CLE,10.0,60.0,0.0,Historical Avg,False,K.Cousins,S.Sanders,2.22,3.0,12.81,163.97,Med-Low,-7.0,11.0,34.24,33.0,11.26650491796872,20.0,49.0,0.4336,0.5644,0.0926,0.0954,0.4148,0.5852,0.302,0.698,0.5534,0.4462,-124,124,,,,,,,,No Bet,,No Bet,,No Bet,,No Bet,,No Bet,,No Bet,,No Bet,,No Bet,,No Bet,,,,,,,,,,,,,,,,,,,,,,,,,,,,,13,-0.09992,-0.1445,Cleveland Browns,Las Vegas Raiders,0,0,0,0,0,0,0,0,0,0,0,0,0,2.0,1.5,,,487.746333290865,0.9951819051539716,0.9202650529606656,0.0467803608076331,0.0075335294224626,12.003997107721377,1.7413224959710776,10.812952346225355,1.933128856573927,0.0235384848358467,0.0068801081417026,0.0246111478208957,0.0221692129867373,0.003570139593305,0.0039633898291576,0.0261326028158949,3.6744513525450047,22.81694945394673,,,375.0,252.0,0.4739,0.5261,0.4501,0.5494,0.5802,0.4178,Cleveland Browns,Las Vegas Raiders,Cleveland Browns,Las Vegas Raiders,Cleveland Browns,Same,Same,Same,False,False,0.0467803608076331,0.0075335294224626
2026_12_BAL_HOU,2026,13,2026-11-29,13:00,Baltimore Ravens,Houston Texans,Home,,,,,7,10,-3,3,-14,10,NRG Stadium,29.6847,-95.4093,America/Chicago,False,True,12,12,Sunday,-14,10,AFC North,M&T Bank Stadium,39.2789,-76.6228,America/New_York,AFC South,NRG Stadium,29.6847,-95.4093,America/Chicago,Carolina Panthers,Indianapolis Colts,Bank of America Stadium,NRG Stadium,Tampa Bay Buccaneers,Pittsburgh Steelers,M&T Bank Stadium,Acrisure Stadium,1254,0,-1254,1254,1.0,0.0,America/New_York,America/Chicago,1.0,0.0,1.0,0.0,1.0,0,6.69,0.035,6.69,0.035,Baltimore Ravens,6.655,Baltimore Ravens,6.655,6.69,0.035,Baltimore Ravens,6.655,0.0,0,No,No,No,No,No,0,No,5.1,2.96,2.881,5.008,5.668500000000001,0.5165,5.668500000000001,0.5165,4.0785,3.4415,1.8595,5.4895,Baltimore Ravens,5.152000000000001,Baltimore Ravens,5.152000000000001,5.668500000000001,0.5165,Baltimore Ravens,5.152000000000001,Baltimore Ravens,2.14,Houston Texans,2.127,3.9905,3.984,Baltimore Ravens,0.0064999999999999,Baltimore Ravens,0.637,Houston Texans,3.63,2.969,4.4655,Houston Texans,1.4964999999999995,Same,Different,Same,Different,Same,Same,False,Away Team,Home Team,45.5,-122.0,102.0,Houston Texans,Baltimore Ravens,-1.5,1.5,-104,-116,-191,156,0.637,-0.637,-3.63,3.63,0.495,0.5495,0.537,0.5098,0.3906,0.6564,0.4739,0.5261,0.513,0.487,0.3731,0.6269,0.4739,0.5261,-0.0261,0.0261,,,170,13,2026-11-29,BAL @ HOU,0.0,70.0,0.0,Dome,True,L.Jackson,C.Stroud,1.04,2.0,13.39,179.24,Medium,-9.0,11.0,48.91,49.0,13.394237846234338,32.0,67.0,0.4756,0.5232,0.0904,0.0856,0.4592,0.5408,0.5866,0.4134,0.5289,0.4708,-112,112,,,,,,,,No Bet,,No Bet,,No Bet,,No Bet,,No Bet,,No Bet,,No Bet,,No Bet,,No Bet,,,,,,,,,,,,,,,,,,,,,,,,,,,,,13,0.13128,0.0443166666666666,Houston Texans,Baltimore Ravens,0,0,0,0,0,0,0,1,0,0,0,1,0,5.0,4.0,,,487.746333290865,0.7658156353525376,0.5971658100746625,0.0112813277827586,0.0020336862094332,2.894826455750544,0.4700723057738653,2.6075998049423736,0.5218506859414022,0.0098836161134796,0.0044768236928513,0.0059351065465093,0.0053462212362493,0.0009637638946504,0.0010699223147828,0.0064161435510321,0.9919229917152677,5.502426260692918,,,375.0,252.0,0.4739,0.5261,0.4718,0.528,0.527,0.472,Houston Texans,Baltimore Ravens,Houston Texans,Baltimore Ravens,Houston Texans,Same,Same,Same,False,False,0.0112813277827586,0.0020336862094332
2026_12_NYG_IND,2026,13,2026-11-29,13:00,New York Giants,Indianapolis Colts,Home,,,,,7,10,-3,3,3,-13,Lucas Oil Stadium,39.7601,-86.1638,America/Indiana/Indianapolis,False,False,12,12,Sunday,3,-13,NFC East,MetLife Stadium,40.8136,-74.0744,America/New_York,AFC South,Lucas Oil Stadium,39.7601,-86.1638,America/Indiana/Indianapolis,Jacksonville Jaguars,Houston Texans,MetLife Stadium,NRG Stadium,San Francisco 49ers,Philadelphia Eagles,MetLife Stadium,Lincoln Financial Field,640,0,-640,640,0.0,0.0,America/New_York,America/Chicago,0.0,-1.0,0.0,0.0,0.0,0,-2.84,-2.265,-2.84,-2.265,Indianapolis Colts,0.5749999999999997,Indianapolis Colts,0.5749999999999997,-2.84,-2.265,Indianapolis Colts,0.5749999999999997,0.0,0,No,No,No,No,No,0,No,-3.53,0.93,-5.014,0.288,-1.873,-3.3515,-1.873,-3.3515,-2.563,-0.1564999999999999,-4.047,-0.7985000000000001,New York Giants,1.4784999999999997,New York Giants,1.4784999999999997,-1.873,-3.3515,New York Giants,1.4784999999999997,Indianapolis Colts,4.46,Indianapolis Colts,5.3020000000000005,-4.272,0.609,Indianapolis Colts,4.881,Indianapolis Colts,2.4065,Indianapolis Colts,3.2484999999999995,-3.305,-0.4775,Indianapolis Colts,2.8275,Different,Different,Different,Different,Same,Same,False,Home Team,Home Team,47.5,-135.0,114.0,Indianapolis Colts,New York Giants,-2.5,2.5,-142,117,-164,135,-2.4065,2.4065,-3.2484999999999995,3.2484999999999995,0.4673,0.5745,0.4608,0.5868,0.4255,0.6212,0.4486,0.5514,0.4399,0.5601,0.4065,0.5935,0.4486,0.5514,-0.0514,0.0514,,,171,13,2026-11-29,NYG @ IND,0.0,70.0,0.0,Dome,True,J.Dart,D.Jones,-9.12,-9.0,13.33,177.7,Medium,-18.0,-1.0,53.56,53.0,13.47019169176306,37.0,71.0,0.7522,0.2476,0.073,0.0834,0.724,0.276,0.6544,0.3456,0.6143,0.3856,-159,159,,,,,,,,No Bet,,No Bet,,No Bet,,No Bet,,No Bet,,No Bet,,No Bet,,No Bet,,No Bet,,,,,,,,,,,,,,,,,,,,,,,,,,,,,13,-0.0972833333333333,-0.02056,Indianapolis Colts,New York Giants,0,0,0,0,0,0,0,0,0,0,0,0,0,2.0,3.0,,,487.746333290865,0.64034634102239,0.7812510299173122,0.0294955429479843,0.0017405114591462,7.932629486806238,0.3808291376970325,6.453713434496335,0.4680989445522598,0.0277238581574231,0.004451962993594,0.0162638423815185,0.0132317005664657,0.0007807934405729,0.0009597180185732,0.0141914185850389,0.8489280822492924,14.386342921302573,,,375.0,252.0,0.4486,0.5514,0.3853,0.6146,0.2462,0.7532,Indianapolis Colts,Indianapolis Colts,Indianapolis Colts,Indianapolis Colts,Indianapolis Colts,Same,Same,Same,False,False,0.0294955429479843,0.0017405114591462
2026_12_NYJ_MIA,2026,13,2026-11-29,13:00,New York Jets,Miami Dolphins,Home,,,,,7,7,0,0,-10,1,Hard Rock Stadium,25.9602,-80.2384,America/New_York,False,True,12,12,Sunday,-10,1,AFC East,MetLife Stadium,40.8136,-74.0744,America/New_York,AFC East,Hard Rock Stadium,25.9602,-80.2384,America/New_York,Los Angeles Chargers,Buffalo Bills,SoFi Stadium,Highmark Stadium,Denver Broncos,Denver Broncos,MetLife Stadium,Empower Field at Mile High,1085,0,-1085,1085,0.0,0.0,America/Los_Angeles,America/New_York,-3.0,0.0,0.0,0.0,0.0,0,-3.725,0.66,-3.725,0.66,Miami Dolphins,4.385,Miami Dolphins,4.385,-3.725,0.66,Miami Dolphins,4.385,0.0,0,No,No,No,No,No,1,No,-9.26,-5.46,-6.95,-3.956,-5.047185,1.794685,-5.047185,1.794685,-10.588035,-4.319464999999999,-8.286095000000001,-2.807405,Miami Dolphins,6.84187,Miami Dolphins,6.84187,-5.047185,1.794685,Miami Dolphins,6.84187,Miami Dolphins,3.8,Miami Dolphins,2.994,-8.105,-4.708,Miami Dolphins,3.397,Miami Dolphins,6.26857,Miami Dolphins,5.478690000000001,-9.437065,-3.563435,Miami Dolphins,5.87363,Same,Same,Same,Same,Same,Same,False,Home Team,Home Team,40.5,-125.0,105.0,Miami Dolphins,New York Jets,-1.5,1.5,-282,224,-244,195,-6.26857,6.26857,-5.478690000000001,5.478690000000001,0.4878,0.5556,0.3086,0.7382,0.339,0.7093,0.4675,0.5325,0.2948,0.7052,0.3234,0.6766,0.4675,0.5325,-0.0325,0.0325,,,172,13,2026-11-29,NYJ @ MIA,10.0,75.0,0.0,Historical Avg,False,G.Smith,M.Willis,-4.74,-6.0,13.2,174.12,Medium,-14.0,5.0,42.14,42.0,12.339151400783535,27.0,58.0,0.644,0.3546,0.0898,0.0894,0.6272,0.3728,0.5288,0.4712,0.6396,0.3601,-177,178,,,,,,,,No Bet,,No Bet,,No Bet,,No Bet,,No Bet,,No Bet,,No Bet,,No Bet,,No Bet,,,,,,,,,,,,,,,,,,,,,,,,,,,,,13,-0.15854,-0.2712999999999999,Miami Dolphins,New York Jets,0,0,0,0,0,0,0,0,0,0,0,0,1,1.5,0.0,,,487.746333290865,0.9974164032942447,0.9402651643270046,0.0692055996746928,0.0065870103229929,17.97441901051059,1.501979386891815,15.780358474016344,1.7108107454970938,0.035632579162346,0.0087173944500814,0.0368519818267739,0.0323536178479189,0.0030794273259992,0.0035075829969937,0.0358612008449127,3.2127901323889088,33.75477748452693,,,375.0,252.0,0.4675,0.5325,0.3582,0.6416,0.3472,0.652,Miami Dolphins,Miami Dolphins,Miami Dolphins,Miami Dolphins,Miami Dolphins,Same,Same,Same,False,False,0.0692055996746928,0.0065870103229929
2026_12_ATL_MIN,2026,13,2026-11-29,13:00,Atlanta Falcons,Minnesota Vikings,Home,,,,,14,7,7,-7,10,0,U.S. Bank Stadium,44.9738,-93.2575,America/Chicago,False,False,12,12,Sunday,10,0,NFC South,Mercedes-Benz Stadium,33.7489,-84.388,America/New_York,NFC North,U.S. Bank Stadium,44.9738,-93.2575,America/Chicago,Kansas City Chiefs,San Francisco 49ers,Mercedes-Benz Stadium,Estadio Banorte,Detroit Lions,Carolina Panthers,Mercedes-Benz Stadium,U.S. Bank Stadium,907,0,-907,907,1.0,0.0,America/New_York,America/Los_Angeles,1.0,-2.0,1.0,0.0,1.0,0,-0.71,0.27,-0.71,0.27,Minnesota Vikings,0.98,Minnesota Vikings,0.98,-0.71,0.27,Minnesota Vikings,0.98,0.0,0,No,No,No,No,No,0,No,-0.79,-0.75,-0.101,2.721,1.084,-1.665,1.084,-1.665,1.004,-2.685,1.693,0.7860000000000003,Atlanta Falcons,2.749,Atlanta Falcons,2.749,1.084,-1.665,Atlanta Falcons,2.749,Minnesota Vikings,0.04,Minnesota Vikings,2.822,-0.4455,0.9855,Minnesota Vikings,1.431,Atlanta Falcons,3.689,Atlanta Falcons,0.9069999999999998,1.3485,-0.9494999999999996,Atlanta Falcons,2.298,Different,Different,Same,Same,Different,Different,False,Away Team,Away Team,43.5,-217.0,180.0,Minnesota Vikings,Atlanta Falcons,-4.5,4.5,156,-191,101,-122,3.689,-3.689,0.9069999999999998,-0.9069999999999998,0.3571,0.6845,0.6564,0.3906,0.5495,0.4975,0.3429,0.6571,0.6269,0.3731,0.5248,0.4752,0.3429,0.6571,-0.1571,0.1571,,,173,13,2026-11-29,ATL @ MIN,0.0,70.0,0.0,Dome,True,M.Penix,K.Murray,-1.43,-2.0,13.3,176.93,Medium,-10.0,8.0,45.49,45.0,12.962141311584142,29.0,63.0,0.5354,0.4632,0.0884,0.0916,0.4248,0.5752,0.5328,0.4672,0.5102,0.4895,-104,104,,,,,,,,No Bet,,No Bet,,No Bet,,No Bet,,No Bet,,No Bet,,No Bet,,No Bet,,No Bet,,,,,,,,,,,,,,,,,,,,,,,,,,,,,13,-0.0558833333333333,0.0278166666666666,Minnesota Vikings,Atlanta Falcons,0,0,0,0,0,0,0,0,0,0,0,0,0,2.5,3.5,,,487.746333290865,0.6782205914553882,0.9964784647189912,0.1295565923457836,0.0001236630199613,41.5226437110842,0.0206824196821309,21.66810915923112,0.0396337648676823,0.1453652078104623,0.0021273536539067,0.0851316368304144,0.0444249555153692,4.240404954473977e-05,8.125897041658941e-05,0.0445062144857857,0.0603161845498133,63.19075287031532,,,375.0,252.0,0.3429,0.6571,0.489,0.5108,0.4614,0.5378,Minnesota Vikings,Minnesota Vikings,Minnesota Vikings,Minnesota Vikings,Minnesota Vikings,Same,Same,Same,False,False,0.1295565923457836,0.0001236630199613
2026_12_TEN_JAX,2026,13,2026-11-29,16:05,Tennessee Titans,Jacksonville Jaguars,Home,,,,,7,7,0,0,5,1,TIAA Bank Field,30.3239,-81.6554,America/New_York,False,True,12,12,Sunday,5,1,AFC South,Nissan Stadium,36.1664,-86.7716,America/Chicago,AFC South,TIAA Bank Field,30.3239,-81.6554,America/New_York,Dallas Cowboys,New York Giants,AT&T Stadium,MetLife Stadium,Washington Commanders,Chicago Bears,Nissan Stadium,Soldier Field,500,0,-500,500,-1.0,0.0,America/Chicago,America/New_York,-1.0,0.0,-1.0,0.0,-1.0,0,-4.36,-1.825,-4.36,-1.825,Jacksonville Jaguars,2.535,Jacksonville Jaguars,2.535,-4.36,-1.825,Jacksonville Jaguars,2.535,0.0,0,No,No,No,No,No,1,No,-8.19,5.41,-8.36,3.85,-2.5201300000000004,-2.63087,-2.5201300000000004,-2.63087,-6.239479999999999,4.49348,-6.423379999999998,2.9473800000000003,Tennessee Titans,0.1107399999999994,Tennessee Titans,0.1107399999999994,-2.5201300000000004,-2.63087,Tennessee Titans,0.1107399999999994,Jacksonville Jaguars,13.6,Jacksonville Jaguars,12.21,-8.274999999999999,4.63,Jacksonville Jaguars,12.904999999999998,Jacksonville Jaguars,10.73296,Jacksonville Jaguars,9.37076,-6.331429999999998,3.72043,Jacksonville Jaguars,10.051859999999998,Different,Different,Different,Different,Same,Same,False,Home Team,Home Team,45.5,-238.0,195.0,Jacksonville Jaguars,Tennessee Titans,-5.5,5.5,-538,389,-436,327,-10.73296,10.73296,-9.37076,9.37076,0.339,0.7041,0.2045,0.8433,0.2342,0.8134,0.325,0.675,0.1952,0.8048,0.2235,0.7765,0.325,0.675,-0.175,0.175,,,174,13,2026-11-29,TEN @ JAX,10.0,60.0,0.0,Historical Avg,False,C.Ward,T.Lawrence,-14.15,-14.0,12.76,162.74,Med-Low,-23.0,-6.0,52.76,52.0,13.16847806403248,36.0,70.0,0.8696,0.1304,0.0538,0.0546,0.7706,0.2294,0.7006,0.2994,0.7815,0.2185,-358,358,,,,,,,,No Bet,,No Bet,,No Bet,,No Bet,,No Bet,,No Bet,,No Bet,,No Bet,,No Bet,,,,,,,,,,,,,,,,,,,,,,,,,,,,,13,-0.0996333333333333,-0.0131333333333333,Jacksonville Jaguars,Tennessee Titans,0,0,0,0,0,0,0,0,0,0,0,0,1,2.0,3.0,,,487.746333290865,0.6614434882433803,0.9629275526867582,0.1766554266876904,4.512355206725914e-05,58.16004972042659,0.0071528752964061,28.00298690242761,0.0148559717694589,0.1862250335355764,0.0012278410711155,0.119242413014191,0.0574130136734993,1.4665154421859222e-05,3.0458397645399924e-05,0.0574434720711447,0.022008847065865,86.16303662285421,,,375.0,252.0,0.325,0.675,0.2215,0.7783,0.1424,0.8568,Jacksonville Jaguars,Jacksonville Jaguars,Jacksonville Jaguars,Jacksonville Jaguars,Jacksonville Jaguars,Same,Same,Same,False,False,0.1766554266876904,4.512355206725914e-05
2026_12_WAS_ARI,2026,13,2026-11-29,16:25,Washington Commanders,Arizona Cardinals,Home,,,,,6,7,-1,1,9,-3,State Farm Stadium,33.5277,-112.262608,America/Denver,False,False,12,12,Sunday,9,-3,NFC East,FedExField,38.9077,-76.8645,America/New_York,NFC West,State Farm Stadium,33.5277,-112.262608,America/Denver,Cincinnati Bengals,Kansas City Chiefs,FedExField,GEHA Field at Arrowhead Stadium,Tennessee Titans,Philadelphia Eagles,Nissan Stadium,State Farm Stadium,1994,0,-1994,1994,2.0,0.0,America/New_York,America/Chicago,2.0,1.0,2.0,0.0,2.0,0,1.45,0.075,1.45,0.075,Washington Commanders,1.375,Washington Commanders,1.375,1.45,0.075,Washington Commanders,1.375,-0.15,0,No,No,No,No,Yes,0,No,-5.43,-4.4,-1.427,-3.837,2.328,-0.9175,2.328,-0.9175,-4.552,-5.3925,-0.549,-4.8295,Washington Commanders,3.2455,Washington Commanders,3.2455,2.328,-0.9175,Washington Commanders,3.2455,Arizona Cardinals,1.0299999999999994,Washington Commanders,2.41,-3.4285,-4.1185,Washington Commanders,0.6900000000000004,Washington Commanders,0.8405000000000005,Washington Commanders,4.280499999999999,-2.5505,-5.111,Washington Commanders,2.5605,Different,Same,Same,Same,Different,Same,False,Away Team,Away Team,47.5,180.0,-217.0,Washington Commanders,Arizona Cardinals,4.5,-4.5,101,-122,181,-224,0.8405000000000005,-0.8405000000000005,4.280499999999999,-4.280499999999999,0.6845,0.3571,0.5495,0.4975,0.6914,0.3559,0.6571,0.3429,0.5248,0.4752,0.6602,0.3398,0.6571,0.3429,0.1571,-0.1571,,,175,13,2026-11-29,WAS @ ARI,0.0,70.0,0.0,Dome,True,J.Daniels,J.Brissett,4.19,5.0,13.09,171.33,Medium,-6.0,13.0,49.77,49.0,13.538123213947758,33.0,67.0,0.3732,0.6256,0.0946,0.0972,0.4868,0.5132,0.5376,0.4624,0.3828,0.6169,161,-161,,,,,,,,No Bet,,No Bet,,No Bet,,No Bet,,No Bet,,No Bet,,No Bet,,No Bet,,No Bet,,,,,,,,,,,,,,,,,,,,,,,,,,,,,13,-0.0139833333333333,-0.15332,Washington Commanders,Arizona Cardinals,0,0,0,0,0,0,0,0,0,0,0,0,0,3.0,1.5,,,487.746333290865,0.9995924214708372,0.9885616311692788,9.533200472221474e-05,0.1961052440971146,0.0159441078781701,62.85136119346761,0.0305537278703575,32.798252554010105,0.0022136350522249,0.204244760524331,3.2689344419247434e-05,6.26426603029673e-05,0.128860755896214,0.0672444882009005,0.0673071308612035,95.6496137474777,0.0464978357485276,,,375.0,252.0,0.6571,0.3429,0.6122,0.3874,0.6068,0.3918,Washington Commanders,Washington Commanders,Washington Commanders,Washington Commanders,Washington Commanders,Same,Same,Same,False,False,9.533200472221474e-05,0.1961052440971146
2026_12_SEA_SF,2026,13,2026-11-29,16:25,Seattle Seahawks,San Francisco 49ers,Home,,,,,14,7,7,-7,10,2,Levi's Stadium,37.4031,-121.9702,America/Los_Angeles,False,False,12,12,Sunday,10,2,NFC West,Lumen Field,47.5952,-122.3316,America/Los_Angeles,NFC West,Levi's Stadium,37.4031,-121.9702,America/Los_Angeles,Las Vegas Raiders,Minnesota Vikings,Allegiant Stadium,Estadio Banorte,Dallas Cowboys,New York Giants,Lumen Field,MetLife Stadium,704,0,-704,704,0.0,0.0,America/Los_Angeles,America/Los_Angeles,0.0,0.0,0.0,0.0,0.0,0,-0.13,3.325,-0.13,3.325,San Francisco 49ers,3.455,San Francisco 49ers,3.455,-0.13,3.325,San Francisco 49ers,3.455,0.0,0,No,No,No,No,No,1,No,10.42,3.57,10.022,2.606,0.870735,1.2367650000000003,0.870735,1.2367650000000003,11.317685,1.584815,10.914025,0.6264750000000001,San Francisco 49ers,0.3660300000000003,San Francisco 49ers,0.3660300000000003,0.870735,1.2367650000000003,San Francisco 49ers,0.3660300000000003,Seattle Seahawks,6.85,Seattle Seahawks,7.416,10.221,3.088,Seattle Seahawks,7.133,Seattle Seahawks,9.732869999999998,Seattle Seahawks,10.28755,11.115855,1.105645,Seattle Seahawks,10.01021,Different,Different,Different,Different,Same,Same,False,Away Team,Away Team,46.5,-110.0,-110.0,San Francisco 49ers,Seattle Seahawks,-1.5,1.5,327,-436,389,-538,9.732869999999998,-9.732869999999998,10.28755,-10.28755,0.5238,0.5238,0.8134,0.2342,0.8433,0.2045,0.5,0.5,0.7765,0.2235,0.8048,0.1952,0.5,0.5,0.0,0.0,,,176,13,2026-11-29,SEA @ SF,8.0,60.0,0.0,Historical Avg,False,S.Darnold,B.Purdy,5.52,6.0,13.0,169.03,Med-Low,-4.0,14.0,57.34,57.0,13.82825857825422,40.0,75.0,0.3372,0.662,0.094,0.092,0.3166,0.6834,0.7824,0.2176,0.314,0.6858,218,-218,,,,,,,,No Bet,,No Bet,,No Bet,,No Bet,,No Bet,,No Bet,,No Bet,,No Bet,,No Bet,,,,,,,,,,,,,,,,,,,,,,,,,,,,,13,0.0864499999999999,0.0359166666666666,San Francisco 49ers,Seattle Seahawks,0,0,0,0,1,0,0,0,0,0,1,0,1,4.5,4.0,,,487.746333290865,0.2088368783267681,0.2547613143752303,0.0057083618895047,0.0067300104488783,1.392116290351625,1.641268959724823,1.392116290351625,1.641268959724823,0.0034002373807789,0.0034364295913881,0.0028541809447523,0.0028541809447523,0.0033650052244391,0.0033650052244391,0.0062191861691915,3.2825379194496453,2.78423258070325,,,375.0,252.0,0.5,0.5,0.6849,0.3148,0.6582,0.3406,San Francisco 49ers,Seattle Seahawks,Seattle Seahawks,Seattle Seahawks,Seattle Seahawks,Same,Same,Same,False,False,0.0057083618895047,0.0067300104488783
2026_12_NE_LAC,2026,13,2026-11-29,20:20,New England Patriots,Los Angeles Chargers,Home,,,,,14,7,7,-7,11,-21,SoFi Stadium,33.9535,-118.3395,America/Los_Angeles,False,False,12,12,Sunday,11,-21,AFC East,Gillette Stadium,42.0628,-71.2687,America/New_York,AFC West,SoFi Stadium,33.9535,-118.3395,America/Los_Angeles,Detroit Lions,New York Jets,FC Bayern Munich Stadium,SoFi Stadium,Buffalo Bills,Tampa Bay Buccaneers,Gillette Stadium,Raymond James Stadium,2588,0,-2588,2588,3.0,0.0,America/Detroit,America/Los_Angeles,3.0,0.0,3.0,0.0,3.0,0,-1.995,0.935,-1.995,0.935,Los Angeles Chargers,2.93,Los Angeles Chargers,2.93,-1.995,0.935,Los Angeles Chargers,2.93,-0.2249999999999999,0,No,No,No,No,No,0,No,5.09,1.12,4.222,0.527,-0.9105000000000002,-0.6495,-0.9105000000000002,-0.6495,6.1745,-0.4644999999999999,5.306500000000001,-1.0575,Los Angeles Chargers,0.2610000000000002,Los Angeles Chargers,0.2610000000000002,-0.9105000000000002,-0.6495,Los Angeles Chargers,0.2610000000000002,New England Patriots,3.97,New England Patriots,3.695,4.656000000000001,0.8235000000000001,New England Patriots,3.832500000000001,New England Patriots,6.639,New England Patriots,6.364000000000001,5.740500000000001,-0.761,New England Patriots,6.501500000000001,Different,Different,Different,Different,Same,Same,False,Away Team,Away Team,45.5,-125.0,105.0,Los Angeles Chargers,New England Patriots,-2.0,2.0,224,-282,224,-282,6.639,-6.639,6.364000000000001,-6.364000000000001,0.4878,0.5556,0.7382,0.3086,0.7382,0.3086,0.4675,0.5325,0.7052,0.2948,0.7052,0.2948,0.4675,0.5325,-0.0325,0.0325,,,177,13,2026-11-29,NE @ LAC,0.0,70.0,0.0,Dome,True,D.Maye,J.Herbert,0.34,1.0,13.78,189.76,Med-High,-10.0,10.0,43.82,43.0,12.976928769784443,27.0,61.0,0.4882,0.5106,0.085,0.0886,0.4556,0.5342,0.4406,0.5594,0.4026,0.5971,148,-148,,,,,,,,No Bet,,No Bet,,No Bet,,No Bet,,No Bet,,No Bet,,No Bet,,No Bet,,No Bet,,,,,,,,,,,,,,,,,,,,,,,,,,,,,13,0.1155166666666666,0.0925333333333333,Los Angeles Chargers,New England Patriots,0,0,0,0,0,0,0,0,0,0,0,0,0,5.0,4.5,,,487.746333290865,0.3427003351898363,0.2844844866410184,0.0085274325208297,0.0010677762991294,2.214786750403638,0.2434758581606859,1.9444371940163396,0.277328116514578,0.0103845175462059,0.0030250437486826,0.0045408578173418,0.0039865747034878,0.000499185419843,0.0005685908792864,0.0045551655827743,0.520803974675264,4.159223944419978,,,375.0,252.0,0.4675,0.5325,0.5993,0.4005,0.5194,0.4798,Los Angeles Chargers,New England Patriots,New England Patriots,New England Patriots,New England Patriots,Same,Same,Same,False,False,0.0085274325208297,0.0010677762991294
2026_12_CAR_TB,2026,13,2026-11-30,20:15,Carolina Panthers,Tampa Bay Buccaneers,Home,,,,,8,8,0,0,11,8,Raymond James Stadium,27.9759,-82.5033,America/New_York,False,False,12,12,Monday,11,8,NFC South,Bank of America Stadium,35.2258,-80.8528,America/New_York,NFC South,Raymond James Stadium,27.9759,-82.5033,America/New_York,Baltimore Ravens,Detroit Lions,Bank of America Stadium,Ford Field,Minnesota Vikings,Los Angeles Chargers,U.S. Bank Stadium,Raymond James Stadium,510,0,-510,510,0.0,0.0,America/New_York,America/Detroit,0.0,0.0,0.0,0.0,0.0,0,-5.25,1.025,-5.25,1.025,Tampa Bay Buccaneers,6.275,Tampa Bay Buccaneers,6.275,-5.25,1.025,Tampa Bay Buccaneers,6.275,0.0,0,No,No,No,No,No,1,No,-3.79,-1.4,-4.367,-2.096,-3.0699500000000004,-0.4680500000000002,-3.0699500000000004,-0.4680500000000002,-1.6488000000000005,-2.8542,-2.22699,-3.54901,Tampa Bay Buccaneers,2.6019,Tampa Bay Buccaneers,2.6019,-3.0699500000000004,-0.4680500000000002,Tampa Bay Buccaneers,2.6019,Tampa Bay Buccaneers,2.39,Tampa Bay Buccaneers,2.271,-4.0785,-1.748,Tampa Bay Buccaneers,2.3305,Carolina Panthers,1.2053999999999994,Carolina Panthers,1.3220199999999998,-1.937895,-3.201605,Carolina Panthers,1.2637099999999997,Different,Different,Different,Different,Different,Different,False,Away Team,Away Team,44.5,-192.0,160.0,Tampa Bay Buccaneers,Carolina Panthers,-3.5,3.5,101,-122,105,-128,1.2053999999999994,-1.2053999999999994,1.3220199999999998,-1.3220199999999998,0.3846,0.6575,0.5495,0.4975,0.5614,0.4878,0.3691,0.6309,0.5248,0.4752,0.5351,0.4649,0.3691,0.6309,-0.1309,0.1309,,,178,13,2026-11-30,CAR @ TB,8.0,75.0,0.0,Historical Avg,False,B.Young,B.Mayfield,-4.38,-5.0,13.88,192.63,Med-High,-14.0,6.0,50.84,51.0,13.638265003088144,33.0,69.0,0.6254,0.3738,0.0906,0.0926,0.5372,0.4628,0.6698,0.3302,0.5491,0.4507,-122,122,,,,,,,,No Bet,,No Bet,,No Bet,,No Bet,,No Bet,,No Bet,,No Bet,,No Bet,,No Bet,,,,,,,,,,,,,,,,,,,,,,,,,,,,,13,-0.06845,-0.0340333333333333,Tampa Bay Buccaneers,Carolina Panthers,0,0,0,0,0,0,0,0,0,0,0,0,1,2.5,3.0,,,487.746333290865,0.8514879367861055,0.9942912181417168,0.108002520174233,0.000147841378517,33.23444496660859,0.0266154652224748,19.44338823454625,0.0454936250578688,0.0863272959203765,0.0017195798067456,0.0681387899779236,0.0398637301963094,5.456825281063236e-05,9.32731257063884e-05,0.0399570033220158,0.0721090902803437,52.67783320115485,,,375.0,252.0,0.3691,0.6309,0.4521,0.5477,0.3794,0.6196,Tampa Bay Buccaneers,Tampa Bay Buccaneers,Tampa Bay Buccaneers,Tampa Bay Buccaneers,Tampa Bay Buccaneers,Same,Same,Same,False,False,0.108002520174233,0.000147841378517
2026_13_KC_LA,2026,14,2026-12-03,20:15,Kansas City Chiefs,Los Angeles Rams,Home,,,,,7,8,-1,1,2,-4,SoFi Stadium,33.9535,-118.3395,America/Los_Angeles,False,True,13,13,Thursday,2,-4,AFC West,GEHA Field at Arrowhead Stadium,39.0489,-94.4839,America/Chicago,NFC West,SoFi Stadium,33.9535,-118.3395,America/Los_Angeles,Buffalo Bills,Green Bay Packers,Highmark Stadium,SoFi Stadium,Cincinnati Bengals,San Francisco 49ers,Paycor Stadium,Levi's Stadium,1366,0,-1366,1366,2.0,0.0,America/New_York,America/Los_Angeles,3.0,0.0,2.0,0.0,2.0,0,4.395,1.29,4.395,1.29,Kansas City Chiefs,3.1049999999999995,Kansas City Chiefs,3.1049999999999995,4.395,1.29,Kansas City Chiefs,3.1049999999999995,-0.15,0,No,No,No,No,No,0,No,-2.17,8.12,0.625,7.087,6.608499999999999,0.453,6.608499999999999,0.453,0.0434999999999998,7.282999999999999,2.8385,6.25,Kansas City Chiefs,6.155499999999999,Kansas City Chiefs,6.155499999999999,6.608499999999999,0.453,Kansas City Chiefs,6.155499999999999,Los Angeles Rams,10.29,Los Angeles Rams,6.462,-0.7725,7.603499999999999,Los Angeles Rams,8.376,Los Angeles Rams,7.239499999999999,Los Angeles Rams,3.4115,1.4409999999999998,6.766499999999999,Los Angeles Rams,5.325499999999999,Different,Different,Different,Different,Same,Same,True,Home Team,Home Team,47.5,-204.0,170.0,Los Angeles Rams,Kansas City Chiefs,-3.5,3.5,-319,249,-191,156,-7.239499999999999,7.239499999999999,-3.4115,3.4115,0.3704,0.6711,0.2865,0.7613,0.3906,0.6564,0.3556,0.6444,0.2734,0.7266,0.3731,0.6269,0.3556,0.6444,-0.1444,0.1444,,,179,14,2026-12-03,KC @ LA,0.0,70.0,0.0,Dome,True,P.Mahomes,M.Stafford,-7.56,-8.0,12.77,163.01,Med-Low,-17.0,2.0,53.74,53.0,13.806893673182993,36.0,72.0,0.7268,0.2722,0.0858,0.0788,0.6378,0.3622,0.6518,0.3482,0.6812,0.3186,-214,214,,,,,,,,No Bet,,No Bet,,No Bet,,No Bet,,No Bet,,No Bet,,No Bet,,No Bet,,No Bet,,,,,,,,,,,,,,,,,,,,,,,,,,,,,14,0.06842,0.0834999999999999,Los Angeles Rams,Kansas City Chiefs,0,0,0,0,0,0,0,1,0,0,0,1,0,4.0,4.5,,,313.322184895511,0.0,0.0774443943088543,0.0,4.40243267211869e-05,0.0,0.0049050746530189,0.0,0.0088887235838171,0.0236803514304144,0.0016560622353034,0.0,0.0,1.5655050582054064e-05,2.836927613913284e-05,2.836927613913284e-05,0.0137937982368361,0.0,0.0,4.40243267211869e-05,205.0,170.0,0.3556,0.6444,0.3174,0.6824,0.2676,0.7316,Los Angeles Rams,Los Angeles Rams,Los Angeles Rams,Los Angeles Rams,Los Angeles Rams,Same,Same,Same,False,False,0.0,4.40243267211869e-05
2026_13_DET_ATL,2026,14,2026-12-06,13:00,Detroit Lions,Atlanta Falcons,Home,,,,,10,7,3,-3,6,7,Mercedes-Benz Stadium,33.7489,-84.388,America/New_York,False,False,13,13,Sunday,6,7,NFC North,Ford Field,42.3395,-83.045,America/Detroit,NFC South,Mercedes-Benz Stadium,33.7489,-84.388,America/New_York,Chicago Bears,Minnesota Vikings,Ford Field,U.S. Bank Stadium,Tennessee Titans,Cleveland Browns,Ford Field,FirstEnergy Stadium,598,0,-598,598,0.0,0.0,America/Detroit,America/Chicago,0.0,-1.0,0.0,0.0,0.0,0,4.305,-0.71,4.305,-0.71,Detroit Lions,5.015,Detroit Lions,5.015,4.305,-0.71,Detroit Lions,5.015,0.0,0,No,No,No,No,No,0,No,3.98,-0.79,3.658,-0.101,5.663999999999999,-1.279,5.663999999999999,-1.279,5.339,-1.359,5.017,-0.6699999999999999,Detroit Lions,6.942999999999999,Detroit Lions,6.942999999999999,5.663999999999999,-1.279,Detroit Lions,6.942999999999999,Detroit Lions,4.77,Detroit Lions,3.759,3.819,-0.4455,Detroit Lions,4.2645,Detroit Lions,6.698,Detroit Lions,5.686999999999999,5.177999999999999,-1.0145,Detroit Lions,6.192499999999999,Same,Same,Same,Same,Same,Same,False,Away Team,Away Team,48.5,154.0,-185.0,Detroit Lions,Atlanta Falcons,3.5,-3.5,224,-282,195,-244,6.698,-6.698,5.686999999999999,-5.686999999999999,0.6491,0.3937,0.7382,0.3086,0.7093,0.339,0.6225,0.3775,0.7052,0.2948,0.6766,0.3234,0.6225,0.3775,0.1225,-0.1225,,,180,14,2026-12-06,DET @ ATL,0.0,70.0,0.0,Dome,True,J.Goff,M.Penix,0.73,1.0,13.32,177.46,Medium,-9.0,10.0,53.44,53.0,14.111758655336663,36.0,72.0,0.4798,0.5192,0.095,0.0924,0.572,0.428,0.6278,0.3722,0.3689,0.6309,171,-171,,,,,,,,No Bet,,No Bet,,No Bet,,No Bet,,No Bet,,No Bet,,No Bet,,No Bet,,No Bet,,,,,,,,,,,,,,,,,,,,,,,,,,,,,14,0.0687,-0.04256,Detroit Lions,Atlanta Falcons,0,0,0,0,0,0,0,0,0,0,0,0,0,4.0,3.0,,,313.322184895511,0.9964124546479552,0.247512777094793,0.0021688528897394,0.0144807552260556,0.2565300216141211,2.82437081181212,0.4230197045160012,1.7127710545527304,0.0027863899184714,0.0323204389594273,0.0008187419658766,0.0013501109238628,0.0090142701282196,0.005466485097836,0.0068165960216988,4.537141866364849,0.6795497261301223,0.0021688528897394,0.0144807552260556,205.0,170.0,0.6225,0.3775,0.6315,0.3684,0.5218,0.4778,Detroit Lions,Detroit Lions,Detroit Lions,Detroit Lions,Detroit Lions,Same,Same,Same,False,False,0.0021688528897394,0.0144807552260556
2026_13_JAX_CHI,2026,14,2026-12-06,13:00,Jacksonville Jaguars,Chicago Bears,Home,,,,,7,10,-3,3,-2,11,Soldier Field,41.8623,-87.6167,America/Chicago,False,False,13,13,Sunday,-2,11,AFC South,TIAA Bank Field,30.3239,-81.6554,America/New_York,NFC North,Soldier Field,41.8623,-87.6167,America/Chicago,Tennessee Titans,Detroit Lions,TIAA Bank Field,Ford Field,Pittsburgh Steelers,Miami Dolphins,TIAA Bank Field,Hard Rock Stadium,863,0,-863,863,1.0,0.0,America/New_York,America/Detroit,1.0,1.0,1.0,0.0,1.0,0,-1.825,-1.575,-1.825,-1.575,Chicago Bears,0.25,Chicago Bears,0.25,-1.825,-1.575,Chicago Bears,0.25,0.0,0,No,No,No,No,No,0,No,5.41,0.9,3.85,1.647,-1.2180000000000002,-0.6115,-1.2180000000000002,-0.6115,6.017000000000001,1.8635,4.457,2.6105,Chicago Bears,0.6065000000000002,Chicago Bears,0.6065000000000002,-1.2180000000000002,-0.6115,Chicago Bears,0.6065000000000002,Jacksonville Jaguars,4.51,Jacksonville Jaguars,2.2030000000000003,4.63,1.2735,Jacksonville Jaguars,3.3565,Jacksonville Jaguars,4.153500000000001,Jacksonville Jaguars,1.8465000000000005,5.237,2.237,Jacksonville Jaguars,3.0,Different,Different,Different,Different,Same,Same,False,Away Team,Away Team,47.5,-154.0,130.0,Chicago Bears,Jacksonville Jaguars,-3.0,3.0,171,-211,108,-131,4.153500000000001,-4.153500000000001,1.8465000000000005,-1.8465000000000005,0.4348,0.6063,0.6785,0.369,0.5671,0.4808,0.4176,0.5824,0.6477,0.3523,0.5412,0.4588,0.4176,0.5824,-0.0824,0.0824,,,181,14,2026-12-06,JAX @ CHI,18.0,32.0,0.0,Historical Avg,False,T.Lawrence,C.Williams,3.8,5.0,14.04,197.07,High,-7.0,14.0,43.51,43.0,12.980539081215689,27.0,61.0,0.3928,0.6064,0.0802,0.0828,0.3192,0.644,0.3594,0.6406,0.4466,0.5532,124,-124,,,,,,,,No Bet,,No Bet,,No Bet,,No Bet,,No Bet,,No Bet,,No Bet,,No Bet,,No Bet,,,,,,,,,,,,,,,,,,,,,,,,,,,,,14,0.00072,0.0137599999999999,Chicago Bears,Jacksonville Jaguars,0,0,0,0,0,1,0,0,0,0,0,1,0,3.5,3.5,,,313.322184895511,0.4812183981701435,0.4758197037679137,0.0103676150368998,5.469264768219677e-05,1.8918703705091031,0.0071561689375058,1.3565334250079006,0.0099802509320004,0.0124083185800504,0.0027756703879478,0.0060380989974904,0.0043295160394093,2.283964967208537e-05,3.1852998010111394e-05,0.0043613690374194,0.0171364198695062,3.248403795517004,0.0103676150368998,5.469264768219677e-05,205.0,170.0,0.4176,0.5824,0.5571,0.4426,0.6218,0.377,Chicago Bears,Jacksonville Jaguars,Jacksonville Jaguars,Jacksonville Jaguars,Jacksonville Jaguars,Same,Same,Same,False,False,0.0103676150368998,5.469264768219677e-05
2026_13_CIN_CLE,2026,14,2026-12-06,13:00,Cincinnati Bengals,Cleveland Browns,Home,,,,,7,7,0,0,-4,3,FirstEnergy Stadium,41.5061,-81.6994,America/New_York,False,False,13,13,Sunday,-4,3,AFC North,Paycor Stadium,39.0955,-84.5165,America/New_York,AFC North,FirstEnergy Stadium,41.5061,-81.6994,America/New_York,New Orleans Saints,Las Vegas Raiders,Paycor Stadium,FirstEnergy Stadium,Kansas City Chiefs,Atlanta Falcons,Paycor Stadium,FirstEnergy Stadium,223,0,-223,223,0.0,0.0,America/New_York,America/New_York,0.0,0.0,0.0,0.0,0.0,0,1.31,-4.705,1.31,-4.705,Cincinnati Bengals,6.015000000000001,Cincinnati Bengals,6.015000000000001,1.31,-4.705,Cincinnati Bengals,6.015000000000001,0.0,0,No,No,No,No,No,1,No,-0.04,-6.94,-0.609,-7.475,-0.5178299999999999,-4.37217,-0.5178299999999999,-4.37217,-1.87668,-6.598319999999999,-2.44534,-7.133659999999999,Cincinnati Bengals,3.85434,Cincinnati Bengals,3.85434,-0.5178299999999999,-4.37217,Cincinnati Bengals,3.85434,Cincinnati Bengals,6.9,Cincinnati Bengals,6.866,-0.3245,-7.2075,Cincinnati Bengals,6.882999999999999,Cincinnati Bengals,4.721639999999999,Cincinnati Bengals,4.688319999999999,-2.16101,-6.865989999999999,Cincinnati Bengals,4.704979999999999,Same,Same,Same,Same,Same,Same,False,Away Team,Away Team,45.5,185.0,-227.0,Cincinnati Bengals,Cleveland Browns,4.5,-4.5,181,-224,181,-224,4.721639999999999,-4.721639999999999,4.688319999999999,-4.688319999999999,0.6942,0.3509,0.6914,0.3559,0.6914,0.3559,0.6643,0.3357,0.6602,0.3398,0.6602,0.3398,0.6643,0.3357,0.1643,-0.1643,,,182,14,2026-12-06,CIN @ CLE,10.0,60.0,0.0,Historical Avg,False,J.Burrow,S.Sanders,12.29,13.0,13.46,181.09,Med-High,4.0,21.0,45.01,44.0,12.663654789614494,29.0,61.0,0.1746,0.825,0.068,0.054,0.2574,0.7426,0.465,0.535,0.2975,0.7024,236,-236,,,,,,,,No Bet,,No Bet,,No Bet,,No Bet,,No Bet,,No Bet,,No Bet,,No Bet,,No Bet,,,,,,,,,,,,,,,,,,,,,,,,,,,,,14,0.08766,-0.14054,Cincinnati Bengals,Cleveland Browns,0,0,0,0,0,0,0,0,0,0,0,0,1,4.5,1.5,,,313.322184895511,0.9568699129414684,0.536537336725827,0.0001030657321415,0.0616200873083226,0.010840686374384,12.825600500343471,0.0214520940080527,6.481339888552316,0.0021331840272171,0.0810554722870825,3.459916627990857e-05,6.846656586161233e-05,0.0409342239989187,0.0206858633094038,0.0207543298752655,19.306940388895782,0.0322927803824368,0.0001030657321415,0.0616200873083226,205.0,170.0,0.6571,0.3429,0.6956,0.3041,0.805,0.194,Cincinnati Bengals,Cincinnati Bengals,Cincinnati Bengals,Cincinnati Bengals,Cincinnati Bengals,Same,Same,Same,False,False,0.0001030657321415,0.0616200873083226
2026_13_GB_NO,2026,14,2026-12-06,13:00,Green Bay Packers,New Orleans Saints,Home,,,,,11,7,4,-4,1,-7,Caesars Superdome,29.9507,-90.0813,America/Chicago,False,True,13,13,Sunday,1,-7,NFC North,Lambeau Field,44.5013,-88.0622,America/Chicago,NFC South,Caesars Superdome,29.9507,-90.0813,America/Chicago,Los Angeles Rams,Cincinnati Bengals,SoFi Stadium,Paycor Stadium,Buffalo Bills,Carolina Panthers,Lambeau Field,Bank of America Stadium,1011,0,-1011,1011,0.0,0.0,America/Los_Angeles,America/New_York,-2.0,1.0,0.0,0.0,0.0,0,3.535,-6.145,3.535,-6.145,Green Bay Packers,9.68,Green Bay Packers,9.68,3.535,-6.145,Green Bay Packers,9.68,0.0,0,No,No,No,No,No,0,No,5.09,-4.37,2.933,-4.865,3.5955,-7.773999999999999,3.5955,-7.773999999999999,5.150499999999999,-5.999,2.9935,-6.494,Green Bay Packers,11.3695,Green Bay Packers,11.3695,3.5955,-7.773999999999999,Green Bay Packers,11.3695,Green Bay Packers,9.46,Green Bay Packers,7.798,4.0115,-4.6175,Green Bay Packers,8.629,Green Bay Packers,11.1495,Green Bay Packers,9.4875,4.071999999999999,-6.246499999999999,Green Bay Packers,10.318499999999998,Same,Same,Same,Same,Same,Same,False,Away Team,Away Team,45.5,185.0,-227.0,Green Bay Packers,New Orleans Saints,4.5,-4.5,406,-567,327,-436,11.1495,-11.1495,9.4875,-9.4875,0.6942,0.3509,0.8501,0.1976,0.8134,0.2342,0.6643,0.3357,0.8114,0.1886,0.7765,0.2235,0.6643,0.3357,0.1643,-0.1643,,,183,14,2026-12-06,GB @ NO,0.0,70.0,0.0,Dome,True,J.Love,T.Shough,10.96,11.0,12.58,158.17,Low,3.0,20.0,49.33,49.0,13.426114693058086,33.0,67.0,0.1832,0.8166,0.0684,0.0716,0.2856,0.7144,0.5936,0.4064,0.2328,0.7672,330,-330,,,,,,,,No Bet,,No Bet,,No Bet,,No Bet,,No Bet,,No Bet,,No Bet,,No Bet,,No Bet,,,,,,,,,,,,,,,,,,,,,,,,,,,,,14,0.09,-0.0108599999999999,Green Bay Packers,New Orleans Saints,0,0,0,0,0,0,1,0,0,0,1,0,0,4.5,3.0,,,313.322184895511,0.8968092577917143,0.5591686046192781,1.1300123138979749e-06,0.0625489494281641,0.000118857246144,13.018933794556126,0.0002352006810053,6.57903970319508,0.0020721840232204,0.0839349814879589,3.7934513377555014e-07,7.506671801224247e-07,0.0415512671051294,0.0209976823230346,0.0209984329902148,19.597973497751205,0.0003540579271493,1.1300123138979749e-06,0.0625489494281641,205.0,170.0,0.6643,0.3357,0.7662,0.2335,0.8124,0.1862,Green Bay Packers,Green Bay Packers,Green Bay Packers,Green Bay Packers,Green Bay Packers,Same,Same,Same,False,False,1.1300123138979749e-06,0.0625489494281641
2026_13_SF_NYG,2026,14,2026-12-06,13:00,San Francisco 49ers,New York Giants,Home,,,,,7,7,0,0,2,3,MetLife Stadium,40.8136,-74.0744,America/New_York,False,False,13,13,Sunday,2,3,NFC West,Levi's Stadium,37.4031,-121.9702,America/Los_Angeles,NFC East,MetLife Stadium,40.8136,-74.0744,America/New_York,Seattle Seahawks,Indianapolis Colts,Levi's Stadium,Lucas Oil Stadium,Los Angeles Rams,Seattle Seahawks,Levi's Stadium,Lumen Field,2545,0,-2545,2545,-3.0,0.0,America/Los_Angeles,America/Indiana/Indianapolis,-3.0,0.0,-3.0,0.0,-3.0,0,3.325,-2.84,3.325,-2.84,San Francisco 49ers,6.165,San Francisco 49ers,6.165,3.325,-2.84,San Francisco 49ers,6.165,-0.4499999999999999,0,No,No,No,No,No,0,No,3.57,-3.53,2.606,-5.014,4.4095,-3.732,4.4095,-3.732,4.6545000000000005,-4.422,3.6905,-5.906,San Francisco 49ers,8.1415,San Francisco 49ers,8.1415,4.4095,-3.732,San Francisco 49ers,8.1415,San Francisco 49ers,7.1,San Francisco 49ers,7.62,3.088,-4.272,San Francisco 49ers,7.36,San Francisco 49ers,9.0765,San Francisco 49ers,9.5965,4.1725,-5.164,San Francisco 49ers,9.3365,Same,Same,Same,Same,Same,Same,False,Away Team,Away Team,47.5,140.0,-167.0,San Francisco 49ers,New York Giants,3.0,-3.0,314,-416,327,-436,9.0765,-9.0765,9.5965,-9.5965,0.6255,0.4167,0.8062,0.2415,0.8134,0.2342,0.6002,0.3998,0.7695,0.2305,0.7765,0.2235,0.6002,0.3998,0.1002,-0.1002,,,184,14,2026-12-06,SF @ NYG,15.0,38.0,0.0,Historical Avg,False,B.Purdy,J.Dart,13.04,13.0,12.66,160.34,Med-Low,5.0,21.0,54.01,54.0,12.936667711365816,37.0,71.0,0.1512,0.8484,0.0592,0.0664,0.1776,0.787,0.6718,0.3282,0.2512,0.7486,298,-298,,,,,,,,No Bet,,No Bet,,No Bet,,No Bet,,No Bet,,No Bet,,No Bet,,No Bet,,No Bet,,,,,,,,,,,,,,,,,,,,,,,,,,,,,14,0.02306,-0.0967,San Francisco 49ers,New York Giants,0,0,0,0,0,0,0,0,0,0,0,0,0,3.5,2.0,,,313.322184895511,0.7800355745296766,0.20439379591045,3.139899238743526e-05,0.011425828042736,0.0039332327591598,2.148695237035586,0.0059047681391889,1.4312701695548606,0.0018241551324005,0.0143335352504508,1.2553317156496617e-05,1.8845675230938647e-05,0.0068577819912501,0.0045680460514858,0.0045868917267167,3.5799654065904467,0.0098380008983487,3.139899238743526e-05,0.011425828042736,205.0,170.0,0.6002,0.3998,0.7512,0.2487,0.8588,0.141,San Francisco 49ers,San Francisco 49ers,San Francisco 49ers,San Francisco 49ers,San Francisco 49ers,Same,Same,Same,False,False,3.139899238743526e-05,0.011425828042736
2026_13_LAC_TB,2026,14,2026-12-06,13:00,Los Angeles Chargers,Tampa Bay Buccaneers,Home,,,,,7,6,1,-1,-20,7,Raymond James Stadium,27.9759,-82.5033,America/New_York,False,False,13,13,Sunday,-20,7,AFC West,SoFi Stadium,33.9535,-118.3395,America/Los_Angeles,NFC South,Raymond James Stadium,27.9759,-82.5033,America/New_York,New England Patriots,Carolina Panthers,SoFi Stadium,Raymond James Stadium,Las Vegas Raiders,Baltimore Ravens,Allegiant Stadium,M&T Bank Stadium,2150,0,-2150,2150,-3.0,0.0,America/Los_Angeles,America/New_York,-3.0,0.0,-3.0,0.0,-3.0,0,0.935,1.025,0.935,1.025,Tampa Bay Buccaneers,0.0899999999999998,Tampa Bay Buccaneers,0.0899999999999998,0.935,1.025,Tampa Bay Buccaneers,0.0899999999999998,-0.4499999999999999,0,No,No,No,No,No,0,Yes,1.12,-1.4,0.527,-2.096,-0.6554999999999999,-0.5915000000000001,-0.6554999999999999,-0.5915000000000001,-0.4704999999999998,-3.0165,-1.0635,-3.7125,Tampa Bay Buccaneers,0.0639999999999997,Tampa Bay Buccaneers,0.0639999999999997,-0.6554999999999999,-0.5915000000000001,Tampa Bay Buccaneers,0.0639999999999997,Los Angeles Chargers,2.52,Los Angeles Chargers,2.623,0.8235000000000001,-1.748,Los Angeles Chargers,2.5715000000000003,Los Angeles Chargers,2.546,Los Angeles Chargers,2.6490000000000005,-0.7669999999999999,-3.3645,Los Angeles Chargers,2.5975,Different,Different,Different,Different,Same,Same,False,Away Team,Away Team,46.5,120.0,-143.0,Los Angeles Chargers,Tampa Bay Buccaneers,2.0,-2.0,117,-142,117,-142,2.546,-2.546,2.6490000000000005,-2.6490000000000005,0.5885,0.4545,0.5868,0.4608,0.5868,0.4608,0.5642,0.4358,0.5601,0.4399,0.5601,0.4399,0.5642,0.4358,0.0642,-0.0642,,,185,14,2026-12-06,LAC @ TB,10.0,70.0,0.0,Historical Avg,False,J.Herbert,B.Mayfield,6.59,7.0,13.96,194.94,Med-High,-4.0,16.0,48.87,48.0,13.202987071625978,32.0,65.10000000000036,0.3162,0.6816,0.0654,0.0794,0.336,0.65,0.558,0.442,0.408,0.5915,145,-145,,,,,,,,No Bet,,No Bet,,No Bet,,No Bet,,No Bet,,No Bet,,No Bet,,No Bet,,No Bet,,,,,,,,,,,,,,,,,,,,,,,,,,,,,14,0.0982,-0.0279999999999999,Los Angeles Chargers,Tampa Bay Buccaneers,0,0,0,0,0,0,0,0,0,0,0,0,0,4.5,3.0,,,313.322184895511,0.7454167852087223,0.3356316153315784,0.0001395978544058,0.0050927932766826,0.01906150184969,0.9002855428259993,0.024677602899484,0.6953995738453924,0.0027991755757265,0.0133019476143499,6.083674495008026e-05,7.876110945579458e-05,0.0028733539667043,0.0022194393099783,0.0022982004194341,1.5956851166713917,0.0437391047491741,0.0001395978544058,0.0050927932766826,205.0,170.0,0.5642,0.4358,0.5909,0.4089,0.679,0.32,Los Angeles Chargers,Los Angeles Chargers,Los Angeles Chargers,Los Angeles Chargers,Los Angeles Chargers,Same,Same,Same,False,False,0.0001395978544058,0.0050927932766826
2026_13_WAS_TEN,2026,14,2026-12-06,13:00,Washington Commanders,Tennessee Titans,Home,,,,,7,7,0,0,9,5,Nissan Stadium,36.1664,-86.7716,America/Chicago,False,True,13,13,Sunday,9,5,NFC East,FedExField,38.9077,-76.8645,America/New_York,AFC South,Nissan Stadium,36.1664,-86.7716,America/Chicago,Arizona Cardinals,Jacksonville Jaguars,State Farm Stadium,TIAA Bank Field,Houston Texans,Detroit Lions,FedExField,Ford Field,574,0,-574,574,1.0,0.0,America/Denver,America/New_York,-1.0,1.0,1.0,0.0,1.0,0,1.45,-4.36,1.45,-4.36,Washington Commanders,5.8100000000000005,Washington Commanders,5.8100000000000005,1.45,-4.36,Washington Commanders,5.8100000000000005,0.0,0,No,No,No,No,No,0,No,-5.43,-8.19,-1.427,-8.36,2.528,-5.776,2.528,-5.776,-4.351999999999999,-9.606,-0.3490000000000001,-9.776,Washington Commanders,8.304,Washington Commanders,8.304,2.528,-5.776,Washington Commanders,8.304,Washington Commanders,2.76,Washington Commanders,6.933,-3.4285,-8.274999999999999,Washington Commanders,4.846499999999999,Washington Commanders,5.254,Washington Commanders,9.427,-2.3505,-9.691,Washington Commanders,7.340499999999999,Same,Same,Same,Same,Same,Same,False,Away Team,Away Team,46.5,105.0,-125.0,Washington Commanders,Tennessee Titans,1.5,-1.5,195,-244,327,-436,5.254,-5.254,9.427,-9.427,0.5556,0.4878,0.7093,0.339,0.8134,0.2342,0.5325,0.4675,0.6766,0.3234,0.7765,0.2235,0.5325,0.4675,0.0325,-0.0325,,,186,14,2026-12-06,WAS @ TEN,10.0,45.0,0.0,Historical Avg,False,J.Daniels,C.Ward,11.16,11.0,12.97,168.31,Med-Low,3.0,20.0,50.88,50.0,13.319366807263371,34.0,68.0,0.1904,0.8092,0.0612,0.0682,0.2096,0.7904,0.6232,0.3768,0.3012,0.6987,232,-232,,,,,,,,No Bet,,No Bet,,No Bet,,No Bet,,No Bet,,No Bet,,No Bet,,No Bet,,No Bet,,,,,,,,,,,,,,,,,,,,,,,,,,,,,14,-0.02328,-0.1130599999999999,Washington Commanders,Tennessee Titans,0,0,0,0,0,0,0,0,0,0,0,0,0,3.0,2.0,,,313.322184895511,0.9629047235490806,0.7879650433010188,0.0028364804450895,0.0138286512386227,0.4154823270941835,2.307228364779558,0.4732499233746582,2.0255948554637437,0.0056990619974595,0.0142435292565306,0.0013260546080793,0.0015104258370101,0.0073637567845666,0.0064648944540561,0.0079753202910663,4.332823220243301,0.8887322504688419,0.0028364804450895,0.0138286512386227,205.0,170.0,0.5325,0.4675,0.6958,0.3041,0.7974,0.2022,Washington Commanders,Washington Commanders,Washington Commanders,Washington Commanders,Washington Commanders,Same,Same,Same,False,False,0.0028364804450895,0.0138286512386227
2026_13_PHI_ARI,2026,14,2026-12-06,16:05,Philadelphia Eagles,Arizona Cardinals,Home,,,,,10,7,3,-3,-12,-6,State Farm Stadium,33.5277,-112.262608,America/Denver,False,True,13,13,Sunday,-12,-6,NFC East,Lincoln Financial Field,39.9008,-75.1675,America/New_York,NFC West,State Farm Stadium,33.5277,-112.262608,America/Denver,Dallas Cowboys,Washington Commanders,AT&T Stadium,State Farm Stadium,Indianapolis Colts,New York Jets,Lincoln Financial Field,State Farm Stadium,2084,0,-2084,2084,2.0,0.0,America/Chicago,America/Denver,1.0,0.0,2.0,0.0,2.0,0,4.905,0.075,4.905,0.075,Philadelphia Eagles,4.83,Philadelphia Eagles,4.83,4.905,0.075,Philadelphia Eagles,4.83,-0.15,0,No,No,No,No,No,0,No,5.52,-4.4,3.682,-3.837,3.1579999999999995,-1.3675,3.1579999999999995,-1.3675,3.773,-5.842499999999999,1.935,-5.2795000000000005,Philadelphia Eagles,4.525499999999999,Philadelphia Eagles,4.525499999999999,3.1579999999999995,-1.3675,Philadelphia Eagles,4.525499999999999,Philadelphia Eagles,9.92,Philadelphia Eagles,7.519,4.601,-4.1185,Philadelphia Eagles,8.7195,Philadelphia Eagles,9.6155,Philadelphia Eagles,7.2145,2.854,-5.561,Philadelphia Eagles,8.415,Same,Same,Same,Same,Same,Same,False,Away Team,Away Team,43.5,310.0,-400.0,Philadelphia Eagles,Arizona Cardinals,8.5,-8.5,327,-436,249,-319,9.6155,-9.6155,7.2145,-7.2145,0.8,0.2439,0.8134,0.2342,0.7613,0.2865,0.7664,0.2336,0.7765,0.2235,0.7266,0.2734,0.7664,0.2336,0.2664,-0.2664,,,187,14,2026-12-06,PHI @ ARI,0.0,70.0,0.0,Dome,True,J.Hurts,J.Brissett,10.17,10.0,12.52,156.63,Low,3.0,18.0,43.63,43.0,12.884747770329888,27.0,61.0,0.2026,0.7964,0.0682,0.0824,0.4286,0.5714,0.4818,0.5182,0.2333,0.7665,329,-328,,,,,,,,No Bet,,No Bet,,No Bet,,No Bet,,No Bet,,No Bet,,No Bet,,No Bet,,No Bet,,,,,,,,,,,,,,,,,,,,,,,,,,,,,14,0.06282,-0.12505,Philadelphia Eagles,Arizona Cardinals,0,0,0,0,1,0,0,0,0,0,1,0,0,4.0,2.0,,,313.322184895511,0.9995415342095876,0.645987985537414,0.0001896368928303,0.4343370578491435,0.013879915291788,104.29741090930683,0.0455375303066196,31.790025037074745,0.001031331820774,0.3125596418922701,4.429917816517466e-05,0.0001453377146651,0.3328759211355835,0.1014611367135599,0.1016064744282251,136.0874359463816,0.0594174455984076,0.0001896368928303,0.4343370578491435,205.0,170.0,0.7664,0.2336,0.7674,0.2324,0.8002,0.1992,Philadelphia Eagles,Philadelphia Eagles,Philadelphia Eagles,Philadelphia Eagles,Philadelphia Eagles,Same,Same,Same,False,False,0.0001896368928303,0.4343370578491435
2026_13_MIA_DEN,2026,14,2026-12-06,16:05,Miami Dolphins,Denver Broncos,Home,,,,,7,9,-2,2,-1,9,Empower Field at Mile High,39.7648,-105.0076,America/Denver,False,False,13,13,Sunday,-1,9,AFC East,Hard Rock Stadium,25.9602,-80.2384,America/New_York,AFC West,Empower Field at Mile High,39.7648,-105.0076,America/Denver,New York Jets,Pittsburgh Steelers,Hard Rock Stadium,Acrisure Stadium,Chicago Bears,New York Jets,Hard Rock Stadium,MetLife Stadium,1715,0,-1715,1715,2.0,0.0,America/New_York,America/New_York,2.0,2.0,2.0,0.0,2.0,0,0.66,2.05,0.66,2.05,Denver Broncos,1.3899999999999997,Denver Broncos,1.3899999999999997,0.66,2.05,Denver Broncos,1.3899999999999997,-0.15,0,No,No,No,No,No,0,No,-5.46,-0.48,-3.956,3.499,-0.6945000000000001,2.0695,-0.6945000000000001,2.0695,-6.814500000000001,-0.4604999999999999,-5.310499999999999,3.5185000000000004,Denver Broncos,2.764,Denver Broncos,2.764,-0.6945000000000001,2.0695,Denver Broncos,2.764,Denver Broncos,4.98,Denver Broncos,7.455,-4.708,1.5095,Denver Broncos,6.2175,Denver Broncos,6.354000000000001,Denver Broncos,8.829,-6.0625,1.529,Denver Broncos,7.5915,Same,Same,Same,Same,Same,Same,False,Home Team,Home Team,42.5,-455.0,350.0,Denver Broncos,Miami Dolphins,-9.5,9.5,-282,224,-416,314,-6.354000000000001,6.354000000000001,-8.829,8.829,0.2222,0.8198,0.3086,0.7382,0.2415,0.8062,0.2133,0.7867,0.2948,0.7052,0.2305,0.7695,0.2133,0.7867,-0.2867,0.2867,,,188,14,2026-12-06,MIA @ DEN,12.0,35.0,0.0,Historical Avg,False,M.Willis,B.Nix,-11.53,-12.0,13.5,182.31,Med-High,-21.0,-3.0,41.93,41.0,12.691243252379108,26.0,59.0,0.8018,0.1978,0.0618,0.0734,0.5884,0.4116,0.4666,0.5334,0.7658,0.2341,-327,327,,,,,,,,No Bet,,No Bet,,No Bet,,No Bet,,No Bet,,No Bet,,No Bet,,No Bet,,No Bet,,,,,,,,,,,,,,,,,,,,,,,,,,,,,14,-0.26822,0.04926,Denver Broncos,Miami Dolphins,0,0,0,0,0,0,0,1,0,0,0,1,0,0.0,4.0,,,313.322184895511,0.3488806966650776,0.9400491951072316,0.286577245996222,9.678928116061536e-05,70.63858666770325,0.0064685846558765,19.15242218917136,0.0238576443918333,0.2431035607071221,0.0006545652023844,0.2254503194252278,0.0611269265709941,2.064515367155925e-05,7.614412748905609e-05,0.0612030706984832,0.0303262290477099,89.79100885687461,0.286577245996222,9.678928116061536e-05,205.0,170.0,0.2133,0.7867,0.232,0.7678,0.1894,0.8098,Denver Broncos,Denver Broncos,Denver Broncos,Denver Broncos,Denver Broncos,Same,Same,Same,False,False,0.286577245996222,9.678928116061536e-05
2026_13_CAR_MIN,2026,14,2026-12-06,16:25,Carolina Panthers,Minnesota Vikings,Home,,,,,6,7,-1,1,10,1,U.S. Bank Stadium,44.9738,-93.2575,America/Chicago,False,True,13,13,Sunday,10,1,NFC South,Bank of America Stadium,35.2258,-80.8528,America/New_York,NFC North,U.S. Bank Stadium,44.9738,-93.2575,America/Chicago,Tampa Bay Buccaneers,Atlanta Falcons,Raymond James Stadium,U.S. Bank Stadium,New Orleans Saints,New England Patriots,Bank of America Stadium,Gillette Stadium,937,0,-937,937,1.0,0.0,America/New_York,America/Chicago,1.0,0.0,1.0,0.0,1.0,0,-5.25,0.27,-5.25,0.27,Minnesota Vikings,5.52,Minnesota Vikings,5.52,-5.25,0.27,Minnesota Vikings,5.52,0.0,0,No,No,No,No,Yes,0,No,-3.79,-0.75,-4.367,2.721,-3.1965,-1.015,-3.1965,-1.015,-1.7365,-2.035,-2.3135,1.4360000000000002,Minnesota Vikings,2.1815,Minnesota Vikings,2.1815,-3.1965,-1.015,Minnesota Vikings,2.1815,Minnesota Vikings,3.04,Minnesota Vikings,7.088,-4.0785,0.9855,Minnesota Vikings,5.064,Carolina Panthers,0.2985000000000002,Minnesota Vikings,3.7495,-2.025,-0.2995,Minnesota Vikings,1.7254999999999998,Different,Same,Different,Same,Different,Same,False,Away Team,Home Team,42.5,-192.0,160.0,Minnesota Vikings,Carolina Panthers,-3.5,3.5,-104,-116,-191,156,0.2985000000000002,-0.2985000000000002,-3.7495,3.7495,0.3846,0.6575,0.537,0.5098,0.3906,0.6564,0.3691,0.6309,0.513,0.487,0.3731,0.6269,0.3691,0.6309,-0.1309,0.1309,,,189,14,2026-12-06,CAR @ MIN,0.0,70.0,0.0,Dome,True,B.Young,K.Murray,-12.71,-13.0,13.31,177.13,Medium,-21.0,-4.0,46.82,46.0,12.789605926843596,31.0,64.0,0.829,0.1708,0.0646,0.0696,0.766,0.234,0.6298,0.3702,0.6435,0.3565,-181,181,,,,,,,,No Bet,,No Bet,,No Bet,,No Bet,,No Bet,,No Bet,,No Bet,,No Bet,,No Bet,,,,,,,,,,,,,,,,,,,,,,,,,,,,,14,-0.0559599999999999,0.0071999999999999,Minnesota Vikings,Carolina Panthers,0,0,0,0,0,0,0,0,0,0,0,0,0,2.5,3.5,,,313.322184895511,0.5456968005692385,0.9942062721452136,0.0499875424686638,0.0017924941495345,9.881285780439962,0.2072969624724897,5.7809202433989375,0.3543312208721046,0.0505675764485744,0.0022943151414731,0.03153714054348,0.0184504019251838,0.0006616095905932,0.0011308845589413,0.0195812864841251,0.5616281833445944,15.6622060238389,0.0499875424686638,0.0017924941495345,205.0,170.0,0.3691,0.6309,0.3574,0.6424,0.1744,0.8246,Minnesota Vikings,Minnesota Vikings,Minnesota Vikings,Minnesota Vikings,Minnesota Vikings,Same,Same,Same,False,False,0.0499875424686638,0.0017924941495345
2026_13_BUF_NE,2026,14,2026-12-06,16:25,Buffalo Bills,New England Patriots,Home,,,,,10,7,3,-3,11,8,Gillette Stadium,42.0628,-71.2687,America/New_York,False,False,13,13,Sunday,11,8,AFC East,Highmark Stadium,42.7725,-78.7877,America/New_York,AFC East,Gillette Stadium,42.0628,-71.2687,America/New_York,Kansas City Chiefs,Los Angeles Chargers,Highmark Stadium,SoFi Stadium,Green Bay Packers,Minnesota Vikings,Lambeau Field,Gillette Stadium,386,0,-386,386,0.0,0.0,America/New_York,America/Los_Angeles,0.0,-3.0,0.0,0.0,0.0,0,4.795,-1.995,4.795,-1.995,Buffalo Bills,6.79,Buffalo Bills,6.79,4.795,-1.995,Buffalo Bills,6.79,0.0,0,No,No,No,No,No,1,No,6.16,5.09,3.416,4.222,5.894479999999999,-1.7514800000000004,5.894479999999999,-1.7514800000000004,7.31668,5.27632,4.59144,4.38956,Buffalo Bills,7.645959999999999,Buffalo Bills,7.645959999999999,5.894479999999999,-1.7514800000000004,Buffalo Bills,7.645959999999999,Buffalo Bills,1.0700000000000005,New England Patriots,0.8060000000000005,4.788,4.656000000000001,Buffalo Bills,0.1319999999999996,Buffalo Bills,2.04036,Buffalo Bills,0.2018799999999991,5.95406,4.832940000000001,Buffalo Bills,1.1211199999999997,Same,Different,Same,Same,Same,Different,False,Away Team,Away Team,48.5,-122.0,102.0,New England Patriots,Buffalo Bills,-1.5,1.5,108,-131,-110,-110,2.04036,-2.04036,0.2018799999999991,-0.2018799999999991,0.495,0.5495,0.5671,0.4808,0.5238,0.5238,0.4739,0.5261,0.5412,0.4588,0.5,0.5,0.4739,0.5261,-0.0261,0.0261,,,190,14,2026-12-06,BUF @ NE,15.0,35.0,0.0,Historical Avg,False,J.Allen,D.Maye,1.56,2.0,14.51,210.65,High,-9.0,12.0,52.42,52.0,14.146029636293504,35.0,71.0,0.4646,0.5342,0.0874,0.083,0.4408,0.5592,0.597,0.403,0.4874,0.5123,105,-105,,,,,,,,No Bet,,No Bet,,No Bet,,No Bet,,No Bet,,No Bet,,No Bet,,No Bet,,No Bet,,,,,,,,,,,,,,,,,,,,,,,,,,,,,14,0.1377,0.1334,New England Patriots,Buffalo Bills,0,0,0,0,1,0,0,0,0,0,1,0,1,5.0,5.0,,,313.322184895511,0.283707408381329,0.2537141110238762,0.0019673384330018,3.649129235917306e-05,0.3242937093888286,0.0054183505549307,0.2921170668682111,0.0060151808967062,0.0061902348057578,0.0055209609671039,0.0010350167496022,0.0009323216833995,1.7293223449012113e-05,1.9198068910160945e-05,0.0009515197523097,0.0114335314516369,0.6164107762570398,0.0019673384330018,3.649129235917306e-05,205.0,170.0,0.4739,0.5261,0.5147,0.4852,0.5436,0.4558,New England Patriots,Buffalo Bills,Buffalo Bills,Buffalo Bills,Buffalo Bills,Same,Same,Same,False,False,0.0019673384330018,3.649129235917306e-05
2026_13_HOU_PIT,2026,14,2026-12-06,20:20,Houston Texans,Pittsburgh Steelers,Home,,,,,7,9,-2,2,8,-2,Acrisure Stadium,40.4468,-80.0158,America/New_York,False,False,13,13,Sunday,8,-2,AFC South,NRG Stadium,29.6847,-95.4093,America/Chicago,AFC North,Acrisure Stadium,40.4468,-80.0158,America/New_York,Baltimore Ravens,Denver Broncos,NRG Stadium,Acrisure Stadium,Washington Commanders,Jacksonville Jaguars,FedExField,TIAA Bank Field,1141,0,-1141,1141,-1.0,0.0,America/Chicago,America/New_York,-1.0,0.0,-1.0,0.0,-1.0,0,0.035,-0.565,0.035,-0.565,Houston Texans,0.6,Houston Texans,0.6,0.035,-0.565,Houston Texans,0.6,0.0,0,No,No,No,No,No,0,No,2.96,0.59,5.008,0.538,0.4535,0.6940000000000002,0.4535,0.6940000000000002,3.3785,1.849,5.4265,1.7970000000000002,Pittsburgh Steelers,0.2405000000000001,Pittsburgh Steelers,0.2405000000000001,0.4535,0.6940000000000002,Pittsburgh Steelers,0.2405000000000001,Houston Texans,2.37,Houston Texans,4.47,3.984,0.5640000000000001,Houston Texans,3.42,Houston Texans,1.5294999999999996,Houston Texans,3.6295,4.4025,1.823,Houston Texans,2.5794999999999995,Different,Different,Different,Different,Same,Same,False,Away Team,Away Team,41.5,105.0,-125.0,Houston Texans,Pittsburgh Steelers,1.5,-1.5,105,-128,156,-191,1.5294999999999996,-1.5294999999999996,3.6295,-3.6295,0.5556,0.4878,0.5614,0.4878,0.6564,0.3906,0.5325,0.4675,0.5351,0.4649,0.6269,0.3731,0.5325,0.4675,0.0325,-0.0325,,,191,14,2026-12-06,HOU @ PIT,12.0,35.0,0.0,Historical Avg,False,C.Stroud,A.Rodgers,0.3,1.0,13.46,181.26,Med-High,-9.0,10.0,42.99,42.0,12.707736334711642,27.0,60.0,0.4862,0.512,0.0938,0.087,0.5068,0.4932,0.5256,0.4744,0.4479,0.5516,123,-123,,,,,,,,No Bet,,No Bet,,No Bet,,No Bet,,No Bet,,No Bet,,No Bet,,No Bet,,No Bet,,,,,,,,,,,,,,,,,,,,,,,,,,,,,14,0.04668,-0.03414,Houston Texans,Pittsburgh Steelers,0,0,0,0,0,0,1,0,0,0,1,0,0,4.0,3.0,,,313.322184895511,0.6959875890450375,0.7565764987854415,0.0005242673944429,0.0074049679664148,0.0767937030695346,1.2354749452845375,0.0874709024267961,1.0846657970338431,0.0055505504476654,0.009163000132831,0.000245095006902,0.0002791723875408,0.0039431454421159,0.0034618225242989,0.0037409949118398,2.320140742318381,0.1642646054963308,0.0005242673944429,0.0074049679664148,205.0,170.0,0.5261,0.4739,0.5547,0.4452,0.5306,0.4688,Houston Texans,Houston Texans,Houston Texans,Houston Texans,Houston Texans,Same,Same,Same,False,False,0.0005242673944429,0.0074049679664148
2026_13_DAL_SEA,2026,14,2026-12-07,20:15,Dallas Cowboys,Seattle Seahawks,Home,,,,,11,8,3,-3,5,7,Lumen Field,47.5952,-122.3316,America/Los_Angeles,False,False,13,13,Monday,5,7,NFC East,AT&T Stadium,32.7369,-97.0826,America/Chicago,NFC West,Lumen Field,47.5952,-122.3316,America/Los_Angeles,Philadelphia Eagles,San Francisco 49ers,AT&T Stadium,Levi's Stadium,Los Angeles Rams,New York Giants,SoFi Stadium,Lumen Field,1668,0,-1668,1668,2.0,0.0,America/Chicago,America/Los_Angeles,2.0,0.0,2.0,0.0,2.0,0,-0.615,-0.13,-0.615,-0.13,Seattle Seahawks,0.485,Seattle Seahawks,0.485,-0.615,-0.13,Seattle Seahawks,0.485,-0.15,0,No,No,No,No,No,0,No,-1.01,10.42,-3.616,10.022,-0.13,0.023,-0.13,0.023,-0.525,10.573,-3.131,10.175,Seattle Seahawks,0.153,Seattle Seahawks,0.153,-0.13,0.023,Seattle Seahawks,0.153,Seattle Seahawks,11.43,Seattle Seahawks,13.638,-2.313,10.221,Seattle Seahawks,12.534,Seattle Seahawks,11.098,Seattle Seahawks,13.306,-1.828,10.374,Seattle Seahawks,12.202,Same,Same,Same,Same,Same,Same,False,Home Team,Home Team,48.5,-227.0,185.0,Seattle Seahawks,Dallas Cowboys,-4.5,4.5,-567,406,-819,539,-11.098,11.098,-13.306,13.306,0.3509,0.6942,0.1976,0.8501,0.1565,0.8912,0.3357,0.6643,0.1886,0.8114,0.1494,0.8506,0.3357,0.6643,-0.1643,0.1643,,,192,14,2026-12-07,DAL @ SEA,12.0,42.0,0.0,Historical Avg,False,D.Prescott,S.Darnold,-14.16,-14.0,12.86,165.34,Med-Low,-23.0,-6.0,58.87,59.0,13.891522260650328,41.0,77.0,0.8696,0.1302,0.06,0.0518,0.7856,0.2144,0.7768,0.2232,0.799,0.201,-398,398,,,,,,,,No Bet,,No Bet,,No Bet,,No Bet,,No Bet,,No Bet,,No Bet,,No Bet,,No Bet,,,,,,,,,,,,,,,,,,,,,,,,,,,,,14,0.023925,0.0708799999999999,Seattle Seahawks,Dallas Cowboys,0,0,0,0,0,1,0,0,0,0,0,1,0,3.5,4.0,,,313.322184895511,0.2495230355719846,0.1906007446921928,0.0323386261115557,3.619706705795201e-06,6.730959291918611,0.0003807289226927,3.4014496978730664,0.0007534054910479,0.0635220891596541,0.0028177151103773,0.0214825493259065,0.0108560767856492,1.215135541135449e-06,2.404571164659752e-06,0.0108584813568139,0.0011341344137406,10.132408989791678,0.0323386261115557,3.619706705795201e-06,205.0,170.0,0.3357,0.6643,0.2009,0.7989,0.13,0.8694,Seattle Seahawks,Seattle Seahawks,Seattle Seahawks,Seattle Seahawks,Seattle Seahawks,Same,Same,Same,False,False,0.0323386261115557,3.619706705795201e-06
2026_14_MIN_NE,2026,15,2026-12-10,20:15,Minnesota Vikings,New England Patriots,Home,,,,,4,4,0,0,1,8,Gillette Stadium,42.0628,-71.2687,America/New_York,False,False,14,14,Thursday,1,8,NFC North,U.S. Bank Stadium,44.9738,-93.2575,America/Chicago,AFC East,Gillette Stadium,42.0628,-71.2687,America/New_York,Carolina Panthers,Buffalo Bills,U.S. Bank Stadium,Gillette Stadium,Detroit Lions,Kansas City Chiefs,U.S. Bank Stadium,GEHA Field at Arrowhead Stadium,1116,0,-1116,1116,-1.0,0.0,America/Chicago,America/New_York,-1.0,0.0,-1.0,0.0,-1.0,0,0.27,-1.995,0.27,-1.995,Minnesota Vikings,2.265,Minnesota Vikings,2.265,0.27,-1.995,Minnesota Vikings,2.265,0.0,0,No,No,No,No,No,0,No,-0.75,5.09,2.721,4.222,1.6549999999999998,-1.6045000000000005,1.6549999999999998,-1.6045000000000005,0.635,5.4805,4.106,4.612500000000001,Minnesota Vikings,3.2595,Minnesota Vikings,3.2595,1.6549999999999998,-1.6045000000000005,Minnesota Vikings,3.2595,New England Patriots,5.84,New England Patriots,1.5010000000000003,0.9855,4.656000000000001,New England Patriots,3.670500000000001,New England Patriots,4.8455,New England Patriots,0.5065000000000008,2.3705,5.0465,New England Patriots,2.676,Different,Different,Different,Different,Same,Same,True,Home Team,Home Team,43.5,-217.0,180.0,New England Patriots,Minnesota Vikings,-4.5,4.5,-234,188,-116,-104,-4.8455,4.8455,-0.5065000000000008,0.5065000000000008,0.3571,0.6845,0.3472,0.7006,0.5098,0.537,0.3429,0.6571,0.3314,0.6686,0.487,0.513,0.3429,0.6571,-0.1571,0.1571,,,193,15,2026-12-10,MIN @ NE,15.0,35.0,0.0,Historical Avg,False,K.Murray,D.Maye,2.36,3.0,13.51,182.53,Med-High,-7.0,12.0,44.73,44.0,13.180750353298372,28.0,62.0,0.428,0.5714,0.0918,0.09,0.3238,0.6762,0.5194,0.4806,0.5667,0.4332,-131,131,,,,,,,,No Bet,,No Bet,,No Bet,,No Bet,,No Bet,,No Bet,,No Bet,,No Bet,,No Bet,,,,,,,,,,,,,,,,,,,,,,,,,,,,,15,0.048275,0.127475,New England Patriots,Minnesota Vikings,0,0,0,0,0,0,0,0,0,0,0,0,0,3.5,4.5,,,230.0532620413995,0.2822977621693553,0.5027446350891343,0.0232373677839608,0.0002234323267733,3.512746378017039,0.0176255179839977,1.8330858819388869,0.0337758176357098,0.0451907407470031,0.001944851672594,0.0152692743708406,0.0079680934131201,7.661494485057942e-05,0.0001468173819227,0.0081149107950429,0.0514013356197075,5.345832259955926,0.0232373677839608,0.0002234323267733,143.0,62.0,0.3429,0.6571,0.4334,0.5662,0.5722,0.426,New England Patriots,Minnesota Vikings,New England Patriots,Minnesota Vikings,New England Patriots,Same,Same,Same,False,False,0.0232373677839608,0.0002234323267733
2026_14_TB_BAL,2026,15,2026-12-13,13:00,Tampa Bay Buccaneers,Baltimore Ravens,Home,,,,,7,14,-7,7,0,-7,M&T Bank Stadium,39.2789,-76.6228,America/New_York,False,False,14,14,Sunday,0,-7,NFC South,Raymond James Stadium,27.9759,-82.5033,America/New_York,AFC North,M&T Bank Stadium,39.2789,-76.6228,America/New_York,Los Angeles Chargers,Houston Texans,Raymond James Stadium,NRG Stadium,New Orleans Saints,Pittsburgh Steelers,Raymond James Stadium,Acrisure Stadium,850,0,-850,850,0.0,0.0,America/New_York,America/Chicago,0.0,-1.0,0.0,0.0,0.0,0,1.025,6.69,1.025,6.69,Baltimore Ravens,5.665000000000001,Baltimore Ravens,5.665000000000001,1.025,6.69,Baltimore Ravens,5.665000000000001,0.0,0,No,No,No,No,No,0,No,-1.4,5.1,-2.096,2.881,2.3665,7.036500000000001,2.3665,7.036500000000001,-0.0584999999999997,5.4465,-0.7545,3.2275,Baltimore Ravens,4.670000000000002,Baltimore Ravens,4.670000000000002,2.3665,7.036500000000001,Baltimore Ravens,4.670000000000002,Baltimore Ravens,6.5,Baltimore Ravens,4.977,-1.748,3.9905,Baltimore Ravens,5.7385,Baltimore Ravens,5.505,Baltimore Ravens,3.9819999999999993,-0.4064999999999998,4.337,Baltimore Ravens,4.743499999999999,Same,Same,Same,Same,Same,Same,False,Home Team,Home Team,48.5,-256.0,210.0,Baltimore Ravens,Tampa Bay Buccaneers,-6.0,6.0,-244,195,-211,171,-5.505,5.505,-3.9819999999999993,3.9819999999999993,0.3226,0.7191,0.339,0.7093,0.369,0.6785,0.3097,0.6903,0.3234,0.6766,0.3523,0.6477,0.3097,0.6903,-0.1903,0.1903,,,194,15,2026-12-13,TB @ BAL,12.0,40.0,0.0,Historical Avg,False,B.Mayfield,L.Jackson,-7.45,-8.0,13.74,188.8,Med-High,-17.0,3.0,55.13,54.0,13.828908777759606,38.0,73.0,0.7082,0.2906,0.0736,0.0752,0.5534,0.4178,0.6736,0.3264,0.6807,0.319,-213,213,,,,,,,,No Bet,,No Bet,,No Bet,,No Bet,,No Bet,,No Bet,,No Bet,,No Bet,,No Bet,,,,,,,,,,,,,,,,,,,,,,,,,,,,,15,0.012575,0.116525,Baltimore Ravens,Tampa Bay Buccaneers,0,0,0,0,0,0,0,0,0,0,0,0,0,3.0,4.5,,,230.0532620413995,0.5956655259312633,0.7453339283012369,0.1306130037393683,1.900354123121155e-06,20.742098211206947,0.0001353954713684,9.305849364060249,0.0003017871936894,0.1448935092273522,0.0012694522469162,0.0901621564812859,0.0404508472580823,5.885396719306216e-07,1.3118144511905332e-06,0.0404521590725335,0.0004371826650578,30.047947575267195,0.1306130037393683,1.900354123121155e-06,143.0,62.0,0.3097,0.6903,0.3231,0.6768,0.307,0.6924,Baltimore Ravens,Baltimore Ravens,Baltimore Ravens,Baltimore Ravens,Baltimore Ravens,Same,Same,Same,False,False,0.1306130037393683,1.900354123121155e-06
2026_14_NO_CAR,2026,15,2026-12-13,13:00,New Orleans Saints,Carolina Panthers,Home,,,,,7,7,0,0,-7,10,Bank of America Stadium,35.2258,-80.8528,America/New_York,False,False,14,14,Sunday,-7,10,NFC South,Caesars Superdome,29.9507,-90.0813,America/Chicago,NFC South,Bank of America Stadium,35.2258,-80.8528,America/New_York,Green Bay Packers,Minnesota Vikings,Caesars Superdome,U.S. Bank Stadium,Tampa Bay Buccaneers,Cincinnati Bengals,Raymond James Stadium,Bank of America Stadium,648,0,-648,648,-1.0,0.0,America/Chicago,America/Chicago,-1.0,-1.0,-1.0,0.0,-1.0,0,-6.145,-5.25,-6.145,-5.25,Carolina Panthers,0.8949999999999996,Carolina Panthers,0.8949999999999996,-6.145,-5.25,Carolina Panthers,0.8949999999999996,0.0,0,No,No,No,No,No,1,No,-4.37,-3.79,-4.865,-4.367,-5.598624999999999,-6.345875,-5.598624999999999,-6.345875,-3.826775,-4.882725,-4.322595,-5.458905,New Orleans Saints,0.7472500000000011,New Orleans Saints,0.7472500000000011,-5.598624999999999,-6.345875,New Orleans Saints,0.7472500000000011,Carolina Panthers,0.5800000000000001,Carolina Panthers,0.4980000000000002,-4.6175,-4.0785,Carolina Panthers,0.5389999999999997,New Orleans Saints,1.0559499999999995,New Orleans Saints,1.13631,-4.074685,-5.170814999999999,New Orleans Saints,1.0961299999999996,Different,Different,Same,Same,Different,Different,False,Away Team,Away Team,43.5,-135.0,114.0,Carolina Panthers,New Orleans Saints,-2.5,2.5,101,-122,101,-122,1.0559499999999995,-1.0559499999999995,1.13631,-1.13631,0.4673,0.5745,0.5495,0.4975,0.5495,0.4975,0.4486,0.5514,0.5248,0.4752,0.5248,0.4752,0.4486,0.5514,-0.0514,0.0514,,,195,15,2026-12-13,NO @ CAR,8.0,48.0,0.0,Historical Avg,False,T.Shough,B.Young,4.07,5.0,13.29,176.69,Medium,-6.0,13.0,45.02,44.0,13.096230230461352,29.0,62.0,0.3794,0.619,0.096,0.092,0.3486,0.6514,0.5328,0.4672,0.4703,0.5293,113,-112,,,,,,,,No Bet,,No Bet,,No Bet,,No Bet,,No Bet,,No Bet,,No Bet,,No Bet,,No Bet,,,,,,,,,,,,,,,,,,,,,,,,,,,,,15,-0.0007249999999999,-0.0827999999999999,Carolina Panthers,New Orleans Saints,0,0,0,0,0,0,0,0,0,0,0,0,1,3.0,2.0,,,230.0532620413995,0.9933051896713856,0.8968087411407221,0.0625365667857875,0.0032656875316705,7.932849089927464,0.3370251363636722,6.453892096012804,0.4142569331050578,0.0504851167144786,0.0057078659637319,0.0344826629256832,0.0280539038601043,0.0014649874267073,0.0018007001049631,0.0298546039650674,0.7512820694687301,14.386741185940268,0.0625365667857875,0.0032656875316705,143.0,62.0,0.4486,0.5514,0.5289,0.4704,0.6174,0.38,Carolina Panthers,New Orleans Saints,New Orleans Saints,New Orleans Saints,New Orleans Saints,Same,Same,Same,False,False,0.0625365667857875,0.0032656875316705
2026_14_ATL_CLE,2026,15,2026-12-13,13:00,Atlanta Falcons,Cleveland Browns,Home,,,,,7,7,0,0,7,3,FirstEnergy Stadium,41.5061,-81.6994,America/New_York,False,False,14,14,Sunday,7,3,NFC South,Mercedes-Benz Stadium,33.7489,-84.388,America/New_York,AFC North,FirstEnergy Stadium,41.5061,-81.6994,America/New_York,Detroit Lions,Cincinnati Bengals,Mercedes-Benz Stadium,FirstEnergy Stadium,Washington Commanders,New York Giants,FedExField,MetLife Stadium,555,0,-555,555,0.0,0.0,America/New_York,America/New_York,0.0,0.0,0.0,0.0,0.0,0,-0.71,-4.705,-0.71,-4.705,Atlanta Falcons,3.995,Atlanta Falcons,3.995,-0.71,-4.705,Atlanta Falcons,3.995,0.0,0,No,No,No,No,No,0,No,-0.79,-6.94,-0.101,-7.475,0.334,-4.411499999999999,0.334,-4.411499999999999,0.2539999999999999,-6.6465,0.943,-7.181499999999999,Atlanta Falcons,4.745499999999999,Atlanta Falcons,4.745499999999999,0.334,-4.411499999999999,Atlanta Falcons,4.745499999999999,Atlanta Falcons,6.15,Atlanta Falcons,7.374,-0.4455,-7.2075,Atlanta Falcons,6.762,Atlanta Falcons,6.900499999999999,Atlanta Falcons,8.1245,0.5984999999999999,-6.914,Atlanta Falcons,7.512499999999999,Same,Same,Same,Same,Same,Same,False,Away Team,Away Team,40.5,-125.0,105.0,Cleveland Browns,Atlanta Falcons,-1.5,1.5,249,-319,282,-366,6.900499999999999,-6.900499999999999,8.1245,-8.1245,0.4878,0.5556,0.7613,0.2865,0.7854,0.2618,0.4675,0.5325,0.7266,0.2734,0.75,0.25,0.4675,0.5325,-0.0325,0.0325,,,196,15,2026-12-13,ATL @ CLE,10.0,60.0,0.0,Historical Avg,False,M.Penix,S.Sanders,15.84,17.0,13.26,175.91,Medium,7.0,24.0,41.46,41.0,12.174533900529376,26.0,58.0,0.1202,0.8794,0.05,0.0494,0.11,0.89,0.5054,0.4946,0.294,0.7059,240,-240,,,,,,,,No Bet,,No Bet,,No Bet,,No Bet,,No Bet,,No Bet,,No Bet,,No Bet,,No Bet,,,,,,,,,,,,,,,,,,,,,,,,,,,,,15,-0.045075,-0.1838,Cleveland Browns,Atlanta Falcons,0,0,0,0,0,0,0,0,0,0,0,0,0,2.5,1.0,,,230.0532620413995,0.9568227904348008,0.9952973649537784,0.0278605991409773,0.0020548090065571,3.4130170631361434,0.2209945031832731,2.996404651673516,0.2517210116472576,0.0278501161425179,0.008132032587148,0.0148357690425704,0.0130248300984069,0.0009606232105654,0.0010941857959917,0.0141190158943986,0.4727155148305308,6.40942171480966,0.0278605991409773,0.0020548090065571,143.0,62.0,0.4675,0.5325,0.7095,0.2904,0.894,0.1056,Cleveland Browns,Atlanta Falcons,Atlanta Falcons,Atlanta Falcons,Atlanta Falcons,Same,Same,Same,False,False,0.0278605991409773,0.0020548090065571
2026_14_TEN_DET,2026,15,2026-12-13,13:00,Tennessee Titans,Detroit Lions,Home,,,,,7,7,0,0,5,6,Ford Field,42.3395,-83.045,America/Detroit,False,False,14,14,Sunday,5,6,AFC South,Nissan Stadium,36.1664,-86.7716,America/Chicago,NFC North,Ford Field,42.3395,-83.045,America/Detroit,Washington Commanders,Atlanta Falcons,Nissan Stadium,Mercedes-Benz Stadium,Indianapolis Colts,Minnesota Vikings,Nissan Stadium,U.S. Bank Stadium,470,0,-470,470,-1.0,0.0,America/Chicago,America/New_York,-1.0,0.0,-1.0,0.0,-1.0,0,-4.36,4.305,-4.36,4.305,Detroit Lions,8.665,Detroit Lions,8.665,-4.36,4.305,Detroit Lions,8.665,0.0,0,No,No,No,No,No,0,No,-8.19,3.98,-8.36,3.658,-2.519000000000001,3.771,-2.519000000000001,3.771,-6.348999999999998,3.446,-6.518999999999998,3.124,Detroit Lions,6.29,Detroit Lions,6.29,-2.519000000000001,3.771,Detroit Lions,6.29,Detroit Lions,12.17,Detroit Lions,12.018,-8.274999999999999,3.819,Detroit Lions,12.093999999999998,Detroit Lions,9.794999999999998,Detroit Lions,9.643,-6.433999999999998,3.285,Detroit Lions,9.718999999999998,Same,Same,Same,Same,Same,Same,False,Home Team,Home Team,47.5,-357.0,285.0,Detroit Lions,Tennessee Titans,-7.5,7.5,-483,356,-436,327,-9.794999999999998,9.794999999999998,-9.643,9.643,0.2597,0.7812,0.2193,0.8285,0.2342,0.8134,0.2495,0.7505,0.2093,0.7907,0.2235,0.7765,0.2495,0.7505,-0.2505,0.2505,,,197,15,2026-12-13,TEN @ DET,0.0,70.0,0.0,Dome,True,C.Ward,J.Goff,-15.35,-15.0,13.1,171.73,Medium,-24.0,-7.0,55.04,54.0,13.555743713921697,38.0,73.0,0.8814,0.1182,0.0508,0.0598,0.721,0.279,0.6978,0.3022,0.7998,0.2001,-400,400,,,,,,,,No Bet,,No Bet,,No Bet,,No Bet,,No Bet,,No Bet,,No Bet,,No Bet,,No Bet,,,,,,,,,,,,,,,,,,,,,,,,,,,,,15,-0.0786999999999999,0.02325,Detroit Lions,Tennessee Titans,0,0,0,0,0,0,0,0,0,0,0,0,0,2.0,3.5,,,230.0532620413995,0.2352357470420574,0.9610986968776596,0.1955226635070233,8.416756156518723e-07,33.75796022038161,4.83107401298734e-05,11.222666322431998,0.0001453194808315,0.1196075230626203,0.001407335333157,0.1467397589620209,0.0487829045450023,2.0999806610514215e-07,6.316775495467301e-07,0.0487835362225518,0.0001936302209614,44.98062654281361,0.1955226635070233,8.416756156518723e-07,143.0,62.0,0.2495,0.7505,0.2001,0.7998,0.118,0.8814,Detroit Lions,Detroit Lions,Detroit Lions,Detroit Lions,Detroit Lions,Same,Same,Same,False,False,0.1955226635070233,8.416756156518723e-07
2026_14_CHI_MIA,2026,15,2026-12-13,13:00,Chicago Bears,Miami Dolphins,Home,,,,,7,7,0,0,11,-1,Hard Rock Stadium,25.9602,-80.2384,America/New_York,False,False,14,14,Sunday,11,-1,NFC North,Soldier Field,41.8623,-87.6167,America/Chicago,AFC East,Hard Rock Stadium,25.9602,-80.2384,America/New_York,Jacksonville Jaguars,Denver Broncos,Soldier Field,Empower Field at Mile High,Buffalo Bills,Green Bay Packers,Highmark Stadium,Lambeau Field,1175,0,-1175,1175,-1.0,0.0,America/Chicago,America/Denver,-1.0,-2.0,-1.0,0.0,-1.0,0,-1.575,0.66,-1.575,0.66,Miami Dolphins,2.235,Miami Dolphins,2.235,-1.575,0.66,Miami Dolphins,2.235,0.0,0,No,No,No,No,No,0,No,0.9,-5.46,1.647,-3.956,-1.2885,1.7645,-1.2885,1.7645,1.1865,-4.355499999999999,1.9335,-2.8515,Miami Dolphins,3.053,Miami Dolphins,3.053,-1.2885,1.7645,Miami Dolphins,3.053,Chicago Bears,6.36,Chicago Bears,5.603,1.2735,-4.708,Chicago Bears,5.9815000000000005,Chicago Bears,5.542,Chicago Bears,4.785,1.56,-3.6035,Chicago Bears,5.163499999999999,Different,Different,Different,Different,Same,Same,False,Away Team,Away Team,46.5,200.0,-244.0,Chicago Bears,Miami Dolphins,5.5,-5.5,195,-244,188,-234,5.542,-5.542,4.785,-4.785,0.7093,0.3333,0.7093,0.339,0.7006,0.3472,0.6803,0.3197,0.6766,0.3234,0.6686,0.3314,0.6803,0.3197,0.1803,-0.1803,,,198,15,2026-12-13,CHI @ MIA,10.0,70.0,0.0,Historical Avg,False,C.Williams,M.Willis,5.8,7.0,14.19,201.42,High,-5.0,16.0,46.5,46.0,13.160267266545365,30.0,64.0,0.3318,0.6676,0.0754,0.0762,0.4528,0.5472,0.4792,0.5208,0.3266,0.6733,206,-206,,,,,,,,No Bet,,No Bet,,No Bet,,No Bet,,No Bet,,No Bet,,No Bet,,No Bet,,No Bet,,,,,,,,,,,,,,,,,,,,,,,,,,,,,15,-0.027875,-0.2902,Chicago Bears,Miami Dolphins,0,0,0,0,1,0,0,0,0,0,1,0,0,3.0,0.0,,,230.0532620413995,0.9400210773374664,0.4729947791972091,0.0002531811344912,0.1572514784041214,0.0186209731368912,24.610679450706872,0.0396241727401535,11.565536116993952,0.0019511065452393,0.1553983068398254,8.094200869683938e-05,0.0001722391257943,0.1069781807583238,0.0502732976457976,0.0504455367715919,36.17621556770082,0.0582451458770448,0.0002531811344912,0.1572514784041214,143.0,62.0,0.6803,0.3197,0.6738,0.3259,0.6698,0.3292,Chicago Bears,Chicago Bears,Chicago Bears,Chicago Bears,Chicago Bears,Same,Same,Same,False,False,0.0002531811344912,0.1572514784041214
2026_14_DEN_NYJ,2026,15,2026-12-13,13:00,Denver Broncos,New York Jets,Home,,,,,7,14,-7,7,2,-3,MetLife Stadium,40.8136,-74.0744,America/New_York,False,False,14,14,Sunday,2,-3,AFC West,Empower Field at Mile High,39.7648,-105.0076,America/Denver,AFC East,MetLife Stadium,40.8136,-74.0744,America/New_York,Miami Dolphins,Miami Dolphins,Empower Field at Mile High,Hard Rock Stadium,Las Vegas Raiders,Arizona Cardinals,Allegiant Stadium,State Farm Stadium,1622,0,-1622,1622,-2.0,0.0,America/Denver,America/New_York,-2.0,0.0,-2.0,0.0,-2.0,0,2.05,-3.725,2.05,-3.725,Denver Broncos,5.775,Denver Broncos,5.775,2.05,-3.725,Denver Broncos,5.775,-0.3,0,No,No,No,No,No,0,No,-0.48,-9.26,3.499,-6.95,1.7554999999999998,-2.458,1.7554999999999998,-2.458,-0.7745,-7.992999999999999,3.2045000000000003,-5.683,Denver Broncos,4.2135,Denver Broncos,4.2135,1.7554999999999998,-2.458,Denver Broncos,4.2135,Denver Broncos,8.78,Denver Broncos,10.449,1.5095,-8.105,Denver Broncos,9.6145,Denver Broncos,7.2185,Denver Broncos,8.8875,1.2150000000000003,-6.837999999999999,Denver Broncos,8.052999999999999,Same,Same,Same,Same,Same,Same,False,Away Team,Away Team,39.5,190.0,-233.0,Denver Broncos,New York Jets,5.5,-5.5,249,-319,314,-416,7.2185,-7.2185,8.8875,-8.8875,0.6997,0.3448,0.7613,0.2865,0.8062,0.2415,0.6699,0.3301,0.7266,0.2734,0.7695,0.2305,0.6699,0.3301,0.1699,-0.1699,,,199,15,2026-12-13,DEN @ NYJ,15.0,38.0,0.0,Historical Avg,False,B.Nix,G.Smith,13.17,14.0,12.63,159.54,Low,6.0,21.0,40.48,40.0,12.164884086622784,25.0,57.0,0.1444,0.8548,0.0592,0.067,0.2488,0.7512,0.517,0.483,0.2446,0.7552,309,-308,,,,,,,,No Bet,,No Bet,,No Bet,,No Bet,,No Bet,,No Bet,,No Bet,,No Bet,,No Bet,,,,,,,,,,,,,,,,,,,,,,,,,,,,,15,0.0191,-0.1557,Denver Broncos,New York Jets,0,0,0,0,0,0,1,0,0,0,1,0,0,3.5,1.5,,,230.0532620413995,0.9354714425310434,0.0418275123681671,3.750169155804048e-05,0.0197176962484591,0.0028479002753967,3.038747017038471,0.0057794861996009,1.4973733248610226,0.0019431230621684,0.0300021327846397,1.2379308383309163e-05,2.512238317473132e-05,0.0132088847168427,0.0065088115316163,0.006533933914791,4.536120341899493,0.0086273864749976,3.750169155804048e-05,0.0197176962484591,143.0,62.0,0.6699,0.3301,0.7546,0.2452,0.8524,0.1468,Denver Broncos,Denver Broncos,Denver Broncos,Denver Broncos,Denver Broncos,Same,Same,Same,False,False,3.750169155804048e-05,0.0197176962484591
2026_14_IND_PHI,2026,15,2026-12-13,13:00,Indianapolis Colts,Philadelphia Eagles,Home,,,,,14,7,7,-7,-6,-19,Lincoln Financial Field,39.9008,-75.1675,America/New_York,False,False,14,14,Sunday,-6,-19,AFC South,Lucas Oil Stadium,39.7601,-86.1638,America/Indiana/Indianapolis,NFC East,Lincoln Financial Field,39.9008,-75.1675,America/New_York,New York Giants,Arizona Cardinals,Lucas Oil Stadium,State Farm Stadium,Tennessee Titans,Seattle Seahawks,Nissan Stadium,Lincoln Financial Field,583,0,-583,583,0.0,0.0,America/Indiana/Indianapolis,America/Denver,0.0,-2.0,0.0,0.0,0.0,0,-2.265,4.905,-2.265,4.905,Philadelphia Eagles,7.17,Philadelphia Eagles,7.17,-2.265,4.905,Philadelphia Eagles,7.17,0.0,0,No,No,No,No,No,0,No,0.93,5.52,0.288,3.682,-1.3785,4.802,-1.3785,4.802,1.8165,5.416999999999999,1.1745,3.579,Philadelphia Eagles,6.180499999999999,Philadelphia Eagles,6.180499999999999,-1.3785,4.802,Philadelphia Eagles,6.180499999999999,Philadelphia Eagles,4.59,Philadelphia Eagles,3.394,0.609,4.601,Philadelphia Eagles,3.992,Philadelphia Eagles,3.600499999999999,Philadelphia Eagles,2.4045,1.4954999999999998,4.497999999999999,Philadelphia Eagles,3.0024999999999995,Same,Same,Same,Same,Same,Same,False,Home Team,Home Team,46.5,-244.0,200.0,Philadelphia Eagles,Indianapolis Colts,-5.5,5.5,-191,156,-142,117,-3.600499999999999,3.600499999999999,-2.4045,2.4045,0.3333,0.7093,0.3906,0.6564,0.4608,0.5868,0.3197,0.6803,0.3731,0.6269,0.4399,0.5601,0.3197,0.6803,-0.1803,0.1803,,,200,15,2026-12-13,IND @ PHI,15.0,40.0,0.0,Historical Avg,False,D.Jones,J.Hurts,-2.29,-3.0,13.54,183.38,Med-High,-11.0,7.0,48.35,48.0,13.354515752291269,32.0,66.0,0.5662,0.4328,0.0906,0.0842,0.435,0.565,0.5498,0.4502,0.6084,0.3914,-155,155,,,,,,,,No Bet,,No Bet,,No Bet,,No Bet,,No Bet,,No Bet,,No Bet,,No Bet,,No Bet,,,,,,,,,,,,,,,,,,,,,,,,,,,,,15,0.019375,0.03345,Philadelphia Eagles,Indianapolis Colts,0,0,0,0,0,1,0,0,0,0,0,1,0,3.5,3.5,,,230.0532620413995,0.192625968481825,0.6150285375944212,0.0699455202922708,2.066905946732033e-05,10.946840032258002,0.0015201685618449,5.144355076161816,0.0032348159919397,0.078403193677668,0.001989719129699,0.0475839374548318,0.0223615828374389,6.607898311702311e-06,1.4061161155618025e-05,0.0223756439985946,0.0047549845537847,16.091195108419818,0.0699455202922708,2.066905946732033e-05,143.0,62.0,0.3197,0.6803,0.3868,0.613,0.4146,0.5848,Philadelphia Eagles,Philadelphia Eagles,Philadelphia Eagles,Philadelphia Eagles,Philadelphia Eagles,Same,Same,Same,False,False,0.0699455202922708,2.066905946732033e-05
2026_14_HOU_WAS,2026,15,2026-12-13,13:00,Houston Texans,Washington Commanders,Home,,,,,7,7,0,0,8,9,FedExField,38.9077,-76.8645,America/New_York,False,True,14,14,Sunday,8,9,AFC South,NRG Stadium,29.6847,-95.4093,America/Chicago,NFC East,FedExField,38.9077,-76.8645,America/New_York,Pittsburgh Steelers,Tennessee Titans,Acrisure Stadium,Nissan Stadium,Jacksonville Jaguars,Atlanta Falcons,NRG Stadium,FedExField,1231,0,-1231,1231,-1.0,0.0,America/New_York,America/Chicago,0.0,-1.0,0.0,0.0,0.0,0,0.035,1.45,0.035,1.45,Washington Commanders,1.415,Washington Commanders,1.415,0.035,1.45,Washington Commanders,1.415,0.0,0,No,No,No,No,No,0,No,2.96,-5.43,5.008,-1.427,0.6785000000000001,1.347,0.6785000000000001,1.347,3.6035,-5.533,5.6515,-1.5300000000000002,Washington Commanders,0.6684999999999999,Washington Commanders,0.6684999999999999,0.6785000000000001,1.347,Washington Commanders,0.6684999999999999,Houston Texans,8.39,Houston Texans,6.4350000000000005,3.984,-3.4285,Houston Texans,7.4125,Houston Texans,9.1365,Houston Texans,7.181500000000001,4.6275,-3.5315,Houston Texans,8.159,Different,Different,Different,Different,Same,Same,False,Away Team,Away Team,44.5,102.0,-122.0,Houston Texans,Washington Commanders,1.5,-1.5,314,-416,249,-319,9.1365,-9.1365,7.181500000000001,-7.181500000000001,0.5495,0.495,0.8062,0.2415,0.7613,0.2865,0.5261,0.4739,0.7695,0.2305,0.7266,0.2734,0.5261,0.4739,0.0261,-0.0261,,,201,15,2026-12-13,HOU @ WAS,12.0,42.0,0.0,Historical Avg,False,C.Stroud,J.Daniels,4.93,6.0,13.58,184.36,Med-High,-5.0,14.0,47.36,47.0,13.088945721486509,31.0,65.0,0.3418,0.6572,0.0802,0.0824,0.3636,0.6364,0.5612,0.4388,0.3299,0.6698,203,-203,,,,,,,,No Bet,,No Bet,,No Bet,,No Bet,,No Bet,,No Bet,,No Bet,,No Bet,,No Bet,,,,,,,,,,,,,,,,,,,,,,,,,,,,,15,0.0518249999999999,-0.0225749999999999,Houston Texans,Washington Commanders,0,0,0,0,0,0,1,0,0,0,1,0,0,3.5,3.0,,,230.0532620413995,0.777935938109003,0.7512061122309479,0.0041056593735052,0.0157155986000611,0.4476081851953416,1.902074946705756,0.4969121465103803,1.71334977617156,0.0088505362248583,0.0143307031908433,0.0019456719771041,0.002159987396401,0.0082679764234921,0.0074476221765689,0.00960760957297,3.615424722877316,0.944520331705722,0.0041056593735052,0.0157155986000611,143.0,62.0,0.5261,0.4739,0.6694,0.3303,0.6556,0.3434,Houston Texans,Houston Texans,Houston Texans,Houston Texans,Houston Texans,Same,Same,Same,False,False,0.0041056593735052,0.0157155986000611
2026_14_LAC_LV,2026,15,2026-12-13,16:05,Los Angeles Chargers,Las Vegas Raiders,Home,,,,,7,14,-7,7,-27,-13,Allegiant Stadium,36.108,-115.1578,America/Los_Angeles,False,True,14,14,Sunday,-27,-13,AFC West,SoFi Stadium,33.9535,-118.3395,America/Los_Angeles,AFC West,Allegiant Stadium,36.108,-115.1578,America/Los_Angeles,Tampa Bay Buccaneers,Cleveland Browns,Raymond James Stadium,FirstEnergy Stadium,San Francisco 49ers,Denver Broncos,SoFi Stadium,Allegiant Stadium,233,0,-233,233,0.0,0.0,America/New_York,America/New_York,3.0,3.0,0.0,0.0,0.0,0,0.935,-2.35,0.935,-2.35,Los Angeles Chargers,3.285,Los Angeles Chargers,3.285,0.935,-2.35,Los Angeles Chargers,3.285,0.0,0,No,No,No,No,No,1,No,1.12,-8.15,0.527,-7.588,-0.94566,-2.43134,-0.94566,-2.43134,-0.8205100000000001,-8.17149,-1.40196,-7.62104,Los Angeles Chargers,1.48568,Los Angeles Chargers,1.48568,-0.94566,-2.43134,Los Angeles Chargers,1.48568,Los Angeles Chargers,9.27,Los Angeles Chargers,8.115,0.8235000000000001,-7.869,Los Angeles Chargers,8.692499999999999,Los Angeles Chargers,7.35098,Los Angeles Chargers,6.21908,-1.1112350000000002,-7.896265,Los Angeles Chargers,6.785029999999999,Same,Same,Same,Same,Same,Same,False,Away Team,Away Team,43.5,190.0,-233.0,Los Angeles Chargers,Las Vegas Raiders,5.5,-5.5,268,-346,208,-261,7.35098,-7.35098,6.21908,-6.21908,0.6997,0.3448,0.7758,0.2717,0.723,0.3247,0.6699,0.3301,0.7406,0.2594,0.6901,0.3099,0.6699,0.3301,0.1699,-0.1699,,,202,15,2026-12-13,LAC @ LV,0.0,70.0,0.0,Dome,True,J.Herbert,K.Cousins,10.56,11.0,13.0,169.06,Med-Low,3.0,20.0,39.35,39.0,11.782136087575854,25.0,55.0,0.2096,0.7898,0.0662,0.0656,0.3162,0.6838,0.3302,0.6698,0.2772,0.7226,261,-260,,,,,,,,No Bet,,No Bet,,No Bet,,No Bet,,No Bet,,No Bet,,No Bet,,No Bet,,No Bet,,,,,,,,,,,,,,,,,,,,,,,,,,,,,15,0.0802749999999999,-0.082425,Los Angeles Chargers,Las Vegas Raiders,0,0,0,0,0,0,0,0,0,0,0,0,1,4.0,2.0,,,230.0532620413995,0.914707442999048,0.3317182365999002,3.049312222108519e-06,0.047549518019514,0.0002315665442363,7.327983666180398,0.0004699376794424,3.6109380627051033,0.0020273019477592,0.0630105685048104,1.0065779645180222e-06,2.042734257590497e-06,0.0318534221212724,0.0156960958982415,0.0156981386324991,10.938921728885502,0.0007015042236787,3.049312222108519e-06,0.047549518019514,143.0,62.0,0.6699,0.3301,0.7255,0.2742,0.8014,0.1974,Los Angeles Chargers,Los Angeles Chargers,Los Angeles Chargers,Los Angeles Chargers,Los Angeles Chargers,Same,Same,Same,False,False,3.049312222108519e-06,0.047549518019514
2026_14_KC_CIN,2026,15,2026-12-13,16:25,Kansas City Chiefs,Cincinnati Bengals,Home,,,,,10,7,3,-3,5,-7,Paycor Stadium,39.0955,-84.5165,America/New_York,False,True,14,14,Sunday,5,-7,AFC West,GEHA Field at Arrowhead Stadium,39.0489,-94.4839,America/Chicago,AFC North,Paycor Stadium,39.0955,-84.5165,America/New_York,Los Angeles Rams,Cleveland Browns,SoFi Stadium,FirstEnergy Stadium,New England Patriots,Carolina Panthers,GEHA Field at Arrowhead Stadium,Bank of America Stadium,534,0,-534,534,-1.0,0.0,America/Los_Angeles,America/New_York,-3.0,0.0,-1.0,0.0,-1.0,0,4.395,1.31,4.395,1.31,Kansas City Chiefs,3.0849999999999995,Kansas City Chiefs,3.0849999999999995,4.395,1.31,Kansas City Chiefs,3.0849999999999995,0.0,0,No,No,No,No,No,0,No,-2.17,-0.04,0.625,-0.609,6.983499999999999,2.3235,6.983499999999999,2.3235,0.4184999999999998,0.9735,3.2135,0.4045000000000001,Kansas City Chiefs,4.659999999999999,Kansas City Chiefs,4.659999999999999,6.983499999999999,2.3235,Kansas City Chiefs,4.659999999999999,Cincinnati Bengals,2.13,Kansas City Chiefs,1.234,-0.7725,-0.3245,Cincinnati Bengals,0.4479999999999999,Cincinnati Bengals,0.5550000000000002,Kansas City Chiefs,2.809,1.816,0.6890000000000001,Kansas City Chiefs,1.1269999999999998,Different,Same,Different,Same,Same,Same,False,Home Team,Away Team,48.5,-125.0,105.0,Cincinnati Bengals,Kansas City Chiefs,-1.5,1.5,-116,-104,135,-164,-0.5550000000000002,0.5550000000000002,2.809,-2.809,0.4878,0.5556,0.5098,0.537,0.6212,0.4255,0.4675,0.5325,0.487,0.513,0.5935,0.4065,0.4675,0.5325,-0.0325,0.0325,,,203,15,2026-12-13,KC @ CIN,12.0,38.0,0.0,Historical Avg,False,P.Mahomes,J.Burrow,-0.75,-2.0,13.25,175.51,Medium,-10.0,9.0,49.11,48.0,12.986815084277078,33.0,67.0,0.529,0.4698,0.09,0.086,0.5048,0.4952,0.4976,0.5024,0.4952,0.5045,102,-102,,,,,,,,No Bet,,No Bet,,No Bet,,No Bet,,No Bet,,No Bet,,No Bet,,No Bet,,No Bet,,,,,,,,,,,,,,,,,,,,,,,,,,,,,15,0.09365,0.10145,Cincinnati Bengals,Kansas City Chiefs,0,0,0,0,0,0,0,0,0,0,0,0,0,4.0,4.0,,,230.0532620413995,0.4807867666772467,0.0774230728348204,0.0045940828408419,0.0002621792815387,0.56279059347984,0.0281973555127082,0.4940931501442728,0.0321178434449564,0.0092312286367795,0.0035315101435409,0.0024463491127483,0.0021477337280936,0.0001225688141193,0.0001396104674193,0.002287344195513,0.0603151989576647,1.0568837436241127,0.0045940828408419,0.0002621792815387,143.0,62.0,0.4675,0.5325,0.4999,0.4997,0.4516,0.5468,Cincinnati Bengals,Cincinnati Bengals,Kansas City Chiefs,Cincinnati Bengals,Kansas City Chiefs,Same,Same,Same,False,False,0.0045940828408419,0.0002621792815387
2026_14_NYG_SEA,2026,15,2026-12-13,16:25,New York Giants,Seattle Seahawks,Home,,,,,7,6,1,-1,4,6,Lumen Field,47.5952,-122.3316,America/Los_Angeles,False,False,14,14,Sunday,4,6,NFC East,MetLife Stadium,40.8136,-74.0744,America/New_York,NFC West,Lumen Field,47.5952,-122.3316,America/Los_Angeles,San Francisco 49ers,Dallas Cowboys,MetLife Stadium,Lumen Field,Cleveland Browns,Philadelphia Eagles,MetLife Stadium,Lincoln Financial Field,2394,0,-2394,2394,3.0,0.0,America/New_York,America/Los_Angeles,3.0,0.0,3.0,0.0,3.0,0,-2.84,-0.13,-2.84,-0.13,Seattle Seahawks,2.71,Seattle Seahawks,2.71,-2.84,-0.13,Seattle Seahawks,2.71,-0.2249999999999999,0,No,No,No,No,No,0,Yes,-3.53,10.42,-5.014,10.022,-1.5229999999999997,0.098,-1.5229999999999997,0.098,-2.212999999999999,10.648,-3.697,10.250000000000002,Seattle Seahawks,1.6209999999999996,Seattle Seahawks,1.6209999999999996,-1.5229999999999997,0.098,Seattle Seahawks,1.6209999999999996,Seattle Seahawks,13.95,Seattle Seahawks,15.036,-4.272,10.221,Seattle Seahawks,14.493,Seattle Seahawks,12.861,Seattle Seahawks,13.947000000000005,-2.955,10.449000000000002,Seattle Seahawks,13.404000000000002,Same,Same,Same,Same,Same,Same,False,Home Team,Home Team,45.5,-370.0,295.0,Seattle Seahawks,New York Giants,-7.5,7.5,-729,494,-890,573,-12.861,12.861,-13.947000000000005,13.947000000000005,0.2532,0.7872,0.1684,0.8794,0.1486,0.899,0.2433,0.7567,0.1607,0.8393,0.1418,0.8582,0.2433,0.7567,-0.2567,0.2567,,,204,15,2026-12-13,NYG @ SEA,12.0,42.0,0.0,Historical Avg,False,J.Dart,S.Darnold,-16.4,-17.0,12.85,165.01,Med-Low,-25.0,-8.0,48.28,48.0,12.609053168432627,33.0,65.0,0.8978,0.1018,0.0448,0.045,0.7586,0.2414,0.5742,0.4258,0.838,0.1619,-517,518,,,,,,,,No Bet,,No Bet,,No Bet,,No Bet,,No Bet,,No Bet,,No Bet,,No Bet,,No Bet,,,,,,,,,,,,,,,,,,,,,,,,,,,,,15,-0.0567,0.024425,Seattle Seahawks,New York Giants,0,0,0,0,0,1,0,0,0,0,0,1,0,2.5,3.5,,,230.0532620413995,0.2202647706285066,0.7800184774769147,0.1871045410800061,2.908125820584125e-07,32.57140238078288,1.6277349819232016e-05,10.472607637431576,5.062503332598796e-05,0.1471043450181671,0.000783719430533,0.1415820062352406,0.0455225348447654,7.075470121481175e-08,2.2005788084360078e-07,0.0455227549026463,6.690238314521997e-05,43.04401001821446,0.1871045410800061,2.908125820584125e-07,143.0,62.0,0.2433,0.7567,0.1604,0.8394,0.0956,0.9034,Seattle Seahawks,Seattle Seahawks,Seattle Seahawks,Seattle Seahawks,Seattle Seahawks,Same,Same,Same,False,False,0.1871045410800061,2.908125820584125e-07
2026_14_LA_SF,2026,15,2026-12-13,16:25,Los Angeles Rams,San Francisco 49ers,Home,,,,,10,7,3,-3,-1,-1,Levi's Stadium,37.4031,-121.9702,America/Los_Angeles,False,False,14,14,Sunday,-1,-1,NFC West,SoFi Stadium,33.9535,-118.3395,America/Los_Angeles,NFC West,Levi's Stadium,37.4031,-121.9702,America/Los_Angeles,Kansas City Chiefs,New York Giants,SoFi Stadium,MetLife Stadium,Dallas Cowboys,Los Angeles Chargers,SoFi Stadium,SoFi Stadium,313,0,-313,313,0.0,0.0,America/Los_Angeles,America/New_York,0.0,3.0,0.0,0.0,0.0,0,1.29,3.325,1.29,3.325,San Francisco 49ers,2.035,San Francisco 49ers,2.035,1.29,3.325,San Francisco 49ers,2.035,0.0,0,No,No,No,No,No,1,No,8.12,3.57,7.087,2.606,2.1691350000000003,1.3983650000000003,2.1691350000000003,1.3983650000000003,8.933284999999998,1.709215,7.900974999999999,0.744525,Los Angeles Rams,0.77077,Los Angeles Rams,0.77077,2.1691350000000003,1.3983650000000003,Los Angeles Rams,0.77077,Los Angeles Rams,4.549999999999999,Los Angeles Rams,4.481,7.603499999999999,3.088,Los Angeles Rams,4.515499999999999,Los Angeles Rams,7.224069999999997,Los Angeles Rams,7.156449999999999,8.417129999999998,1.22687,Los Angeles Rams,7.190259999999999,Different,Different,Same,Same,Same,Same,False,Away Team,Away Team,49.5,110.0,-130.0,Los Angeles Rams,San Francisco 49ers,1.5,-1.5,249,-319,249,-319,7.224069999999997,-7.224069999999997,7.156449999999999,-7.156449999999999,0.5652,0.4762,0.7613,0.2865,0.7613,0.2865,0.5427,0.4573,0.7266,0.2734,0.7266,0.2734,0.5427,0.4573,0.0427,-0.0427,,,205,15,2026-12-13,LA @ SF,8.0,55.0,0.0,Historical Avg,False,M.Stafford,B.Purdy,4.3,5.0,13.05,170.38,Medium,-5.0,13.0,65.16,65.0,14.540029169491028,47.0,84.0,0.3678,0.6312,0.1014,0.0902,0.3946,0.6054,0.8656,0.1344,0.343,0.6568,192,-191,,,,,,,,No Bet,,No Bet,,No Bet,,No Bet,,No Bet,,No Bet,,No Bet,,No Bet,,No Bet,,,,,,,,,,,,,,,,,,,,,,,,,,,,,15,0.0937,0.0395,Los Angeles Rams,San Francisco 49ers,0,0,0,0,0,0,1,0,0,0,1,0,1,4.0,3.5,,,230.0532620413995,0.1950538056057313,0.0,0.0003033847459547,0.0,0.0319170936555836,0.0,0.0378775568049098,0.0,0.0039462085728581,0.0072185953119274,0.0001387378443251,0.0001646469016296,0.0,0.0,0.0001646469016296,0.0,0.0697946504604935,0.0003033847459547,0.0,143.0,62.0,0.5427,0.4573,0.657,0.3429,0.632,0.3674,Los Angeles Rams,Los Angeles Rams,Los Angeles Rams,Los Angeles Rams,Los Angeles Rams,Same,Same,Same,False,False,0.0003033847459547,0.0
2026_14_BUF_GB,2026,15,2026-12-13,20:20,Buffalo Bills,Green Bay Packers,Home,,,,,7,7,0,0,11,1,Lambeau Field,44.5013,-88.0622,America/Chicago,False,True,14,14,Sunday,11,1,AFC East,Highmark Stadium,42.7725,-78.7877,America/New_York,NFC North,Lambeau Field,44.5013,-88.0622,America/Chicago,New England Patriots,New Orleans Saints,Gillette Stadium,Caesars Superdome,Chicago Bears,Miami Dolphins,Highmark Stadium,Lambeau Field,478,0,-478,478,1.0,0.0,America/New_York,America/Chicago,1.0,0.0,1.0,0.0,1.0,0,4.795,3.535,4.795,3.535,Buffalo Bills,1.2599999999999998,Buffalo Bills,1.2599999999999998,4.795,3.535,Buffalo Bills,1.2599999999999998,0.0,0,No,No,No,No,No,0,No,6.16,5.09,3.416,2.933,5.8225,3.8745,5.8225,3.8745,7.1875,5.4295,4.4435,3.2724999999999995,Buffalo Bills,1.948,Buffalo Bills,1.948,5.8225,3.8745,Buffalo Bills,1.948,Buffalo Bills,1.0700000000000005,Buffalo Bills,0.4830000000000001,4.788,4.0115,Buffalo Bills,0.7765000000000004,Buffalo Bills,1.758,Buffalo Bills,1.1710000000000007,5.8155,4.351,Buffalo Bills,1.4645,Same,Same,Same,Same,Same,Same,False,Away Team,Away Team,49.5,-125.0,105.0,Green Bay Packers,Buffalo Bills,-1.5,1.5,108,-131,101,-122,1.758,-1.758,1.1710000000000007,-1.1710000000000007,0.4878,0.5556,0.5671,0.4808,0.5495,0.4975,0.4675,0.5325,0.5412,0.4588,0.5248,0.4752,0.4675,0.5325,-0.0325,0.0325,,,206,15,2026-12-13,BUF @ GB,15.0,25.0,0.0,Historical Avg,False,J.Allen,J.Love,-0.9,-2.0,13.59,184.76,Med-High,-10.0,9.0,52.97,52.0,14.185683124937771,35.0,71.0,0.5288,0.4704,0.0996,0.0956,0.5062,0.4938,0.5842,0.4158,0.4988,0.501,100,-100,,,,,,,,No Bet,,No Bet,,No Bet,,No Bet,,No Bet,,No Bet,,No Bet,,No Bet,,No Bet,,,,,,,,,,,,,,,,,,,,,,,,,,,,,15,0.18025,0.104375,Green Bay Packers,Buffalo Bills,0,0,0,0,1,0,0,1,0,0,1,1,0,5.0,4.0,,,230.0532620413995,0.5025776496420202,0.2536905584321553,0.0052461468443013,0.0001758883392709,0.6426706261669458,0.0189167733005232,0.5642225685127646,0.0215469129038044,0.010621820856931,0.0053034308744883,0.0027935731945904,0.0024525736497108,8.22277986091717e-05,9.366054066178378e-05,0.0025462341903726,0.0404636862043277,1.2068931946797106,0.0052461468443013,0.0001758883392709,143.0,62.0,0.4675,0.5325,0.5034,0.4964,0.48,0.519,Green Bay Packers,Green Bay Packers,Buffalo Bills,Green Bay Packers,Buffalo Bills,Same,Same,Same,False,False,0.0052461468443013,0.0001758883392709
2026_14_PIT_JAX,2026,15,2026-12-14,20:15,Pittsburgh Steelers,Jacksonville Jaguars,Home,,,,,8,8,0,0,-2,-2,TIAA Bank Field,30.3239,-81.6554,America/New_York,False,False,14,14,Monday,-2,-2,AFC North,Acrisure Stadium,40.4468,-80.0158,America/New_York,AFC South,TIAA Bank Field,30.3239,-81.6554,America/New_York,Houston Texans,Chicago Bears,Acrisure Stadium,Soldier Field,Baltimore Ravens,Houston Texans,Acrisure Stadium,NRG Stadium,705,0,-705,705,0.0,0.0,America/New_York,America/Chicago,0.0,-1.0,0.0,0.0,0.0,0,-0.565,-1.825,-0.565,-1.825,Pittsburgh Steelers,1.26,Pittsburgh Steelers,1.26,-0.565,-1.825,Pittsburgh Steelers,1.26,0.0,0,No,No,No,No,No,0,No,0.59,5.41,0.538,3.85,-1.874,-2.782,-1.874,-2.782,-0.7190000000000001,4.453,-0.771,2.893,Pittsburgh Steelers,0.908,Pittsburgh Steelers,0.908,-1.874,-2.782,Pittsburgh Steelers,0.908,Jacksonville Jaguars,4.82,Jacksonville Jaguars,3.3120000000000003,0.5640000000000001,4.63,Jacksonville Jaguars,4.066,Jacksonville Jaguars,5.172000000000001,Jacksonville Jaguars,3.664,-0.7450000000000001,3.673,Jacksonville Jaguars,4.418,Different,Different,Different,Different,Same,Same,False,Home Team,Home Team,44.5,-161.0,136.0,Jacksonville Jaguars,Pittsburgh Steelers,-3.0,3.0,-234,188,-191,156,-5.172000000000001,5.172000000000001,-3.664,3.664,0.4237,0.6169,0.3472,0.7006,0.3906,0.6564,0.4072,0.5928,0.3314,0.6686,0.3731,0.6269,0.4072,0.5928,-0.0928,0.0928,,,207,15,2026-12-14,PIT @ JAX,10.0,60.0,0.0,Historical Avg,False,A.Rodgers,T.Lawrence,0.11,-1.0,13.69,187.54,Med-High,-10.0,10.0,51.29,51.0,13.530865948144683,34.0,69.0,0.5028,0.4954,0.0912,0.0834,0.4174,0.5332,0.6844,0.3156,0.5978,0.4018,-149,149,,,,,,,,No Bet,,No Bet,,No Bet,,No Bet,,No Bet,,No Bet,,No Bet,,No Bet,,No Bet,,,,,,,,,,,,,,,,,,,,,,,,,,,,,15,-0.019475,-0.0222999999999999,Jacksonville Jaguars,Pittsburgh Steelers,0,0,0,0,0,0,0,0,0,0,0,0,0,3.0,3.0,,,230.0532620413995,0.4757885971934014,0.6956537806808869,0.0423499576328037,4.678443517269047e-05,5.775499769959602,0.0043826577355512,3.9672461307819673,0.0063802541886905,0.0456405707222662,0.002223334827477,0.025105054884726,0.0172449027480776,1.905062200231956e-05,2.773381317037091e-05,0.017272636561248,0.0107629119242418,9.74274590074157,0.0423499576328037,4.678443517269047e-05,143.0,62.0,0.4072,0.5928,0.4006,0.5991,0.4906,0.5082,Jacksonville Jaguars,Jacksonville Jaguars,Jacksonville Jaguars,Jacksonville Jaguars,Jacksonville Jaguars,Same,Same,Same,False,False,0.0423499576328037,4.678443517269047e-05
2026_15_SF_LAC,2026,16,2026-12-17,20:15,San Francisco 49ers,Los Angeles Chargers,Home,,,,,4,4,0,0,-1,-27,SoFi Stadium,33.9535,-118.3395,America/Los_Angeles,False,False,15,15,Thursday,-1,-27,NFC West,Levi's Stadium,37.4031,-121.9702,America/Los_Angeles,AFC West,SoFi Stadium,33.9535,-118.3395,America/Los_Angeles,Los Angeles Rams,Las Vegas Raiders,Levi's Stadium,Allegiant Stadium,Kansas City Chiefs,Miami Dolphins,GEHA Field at Arrowhead Stadium,Hard Rock Stadium,313,0,-313,313,0.0,0.0,America/Los_Angeles,America/Los_Angeles,0.0,0.0,0.0,0.0,0.0,0,3.325,0.935,3.325,0.935,San Francisco 49ers,2.39,San Francisco 49ers,2.39,3.325,0.935,San Francisco 49ers,2.39,0.0,0,No,No,No,No,No,0,No,3.57,1.12,2.606,0.527,4.9345,-0.4245,4.9345,-0.4245,5.1795,-0.2395,4.2155000000000005,-0.8325,San Francisco 49ers,5.359,San Francisco 49ers,5.359,4.9345,-0.4245,San Francisco 49ers,5.359,San Francisco 49ers,2.45,San Francisco 49ers,2.079,3.088,0.8235000000000001,San Francisco 49ers,2.2645,San Francisco 49ers,5.419,San Francisco 49ers,5.048,4.6975,-0.536,San Francisco 49ers,5.233499999999999,Same,Same,Same,Same,Same,Same,True,Away Team,Away Team,47.5,-143.0,120.0,Los Angeles Chargers,San Francisco 49ers,-2.5,2.5,195,-244,188,-234,5.419,-5.419,5.048,-5.048,0.4545,0.5885,0.7093,0.339,0.7006,0.3472,0.4358,0.5642,0.6766,0.3234,0.6686,0.3314,0.4358,0.5642,-0.0642,0.0642,,,208,16,2026-12-17,SF @ LAC,0.0,70.0,0.0,Dome,True,B.Purdy,J.Herbert,-0.44,-1.0,13.35,178.15,Medium,-10.0,9.0,53.21,53.0,13.398041362171876,36.0,71.0,0.5106,0.4886,0.0928,0.087,0.4694,0.5306,0.647,0.353,0.4324,0.5674,131,-131,,,,,,,,No Bet,,No Bet,,No Bet,,No Bet,,No Bet,,No Bet,,No Bet,,No Bet,,No Bet,,,,,,,,,,,,,,,,,,,,,,,,,,,,,16,0.0740666666666666,0.0856333333333333,Los Angeles Chargers,San Francisco 49ers,0,0,0,0,0,0,0,0,0,0,0,0,0,3.5,4.0,,,157.86744726095833,0.2852996506702304,0.1948516290695971,0.0067036097967126,8.968791224521521e-05,0.5970825724000959,0.0061704058054029,0.4611991936404852,0.007988395950914,0.0118295648913285,0.0021364198208109,0.0037821766473052,0.0029214331494073,3.908599215646479e-05,5.060192008875042e-05,0.0029720350694961,0.0141588017563169,1.0582817660405812,0.0067036097967126,8.968791224521521e-05,138.0,5.0,0.4358,0.5642,0.5689,0.431,0.4946,0.505,Los Angeles Chargers,Los Angeles Chargers,San Francisco 49ers,Los Angeles Chargers,San Francisco 49ers,Same,Same,Same,False,False,0.0067036097967126,8.968791224521521e-05
2026_15_SEA_PHI,2026,16,2026-12-19,17:00,Seattle Seahawks,Philadelphia Eagles,Home,,,,,6,6,0,0,6,-19,Lincoln Financial Field,39.9008,-75.1675,America/New_York,False,False,15,15,Saturday,6,-19,NFC West,Lumen Field,47.5952,-122.3316,America/Los_Angeles,NFC East,Lincoln Financial Field,39.9008,-75.1675,America/New_York,New York Giants,Indianapolis Colts,Lumen Field,Lincoln Financial Field,Los Angeles Rams,Houston Texans,Lumen Field,Lincoln Financial Field,2373,0,-2373,2373,-3.0,0.0,America/Los_Angeles,America/New_York,-3.0,0.0,-3.0,0.0,-3.0,0,-0.13,4.905,-0.13,4.905,Philadelphia Eagles,5.035,Philadelphia Eagles,5.035,-0.13,4.905,Philadelphia Eagles,5.035,-0.4499999999999999,0,No,No,No,No,No,0,No,10.42,5.52,10.022,3.682,-0.5329999999999999,5.327,-0.5329999999999999,5.327,10.017,5.941999999999999,9.619000000000002,4.104,Philadelphia Eagles,5.859999999999999,Philadelphia Eagles,5.859999999999999,-0.5329999999999999,5.327,Philadelphia Eagles,5.859999999999999,Seattle Seahawks,4.9,Seattle Seahawks,6.34,10.221,4.601,Seattle Seahawks,5.62,Seattle Seahawks,4.075000000000002,Seattle Seahawks,5.5150000000000015,9.818,5.023,Seattle Seahawks,4.795000000000002,Different,Different,Different,Different,Same,Same,False,Away Team,Away Team,43.5,-125.0,105.0,Philadelphia Eagles,Seattle Seahawks,-1.5,1.5,171,-211,195,-244,4.075000000000002,-4.075000000000002,5.5150000000000015,-5.5150000000000015,0.4878,0.5556,0.6785,0.369,0.7093,0.339,0.4675,0.5325,0.6477,0.3523,0.6766,0.3234,0.4675,0.5325,-0.0325,0.0325,,,209,16,2026-12-19,SEA @ PHI,15.0,40.0,0.0,Historical Avg,False,S.Darnold,J.Hurts,4.02,5.0,13.05,170.2,Medium,-6.0,13.0,42.36,42.0,12.73936549780472,26.0,59.0,0.3798,0.6192,0.0984,0.0874,0.3568,0.6432,0.4436,0.5564,0.397,0.6028,152,-152,,,,,,,,No Bet,,No Bet,,No Bet,,No Bet,,No Bet,,No Bet,,No Bet,,No Bet,,No Bet,,,,,,,,,,,,,,,,,,,,,,,,,,,,,16,0.0433999999999999,0.0337666666666666,Philadelphia Eagles,Seattle Seahawks,0,0,0,0,1,1,0,0,0,0,1,1,0,3.5,3.5,,,157.86744726095833,0.1232839969595856,0.0139435628943901,0.0004168738977151,0.0001092526091309,0.0350442606180208,0.0080631737634746,0.0307665574439901,0.0091842567466315,0.0056598049584933,0.0023269128828207,0.0002219853505332,0.0001948885471818,5.107559476873064e-05,5.817701436224399e-05,0.000253065561544,0.0172474305101062,0.065810818062011,0.0004168738977151,0.0001092526091309,138.0,5.0,0.4675,0.5325,0.6036,0.3961,0.6226,0.3762,Philadelphia Eagles,Seattle Seahawks,Seattle Seahawks,Seattle Seahawks,Seattle Seahawks,Same,Same,Same,False,False,0.0004168738977151,0.0001092526091309
2026_15_CHI_BUF,2026,16,2026-12-19,20:20,Chicago Bears,Buffalo Bills,Home,,,,,6,6,0,0,11,11,Highmark Stadium,42.7725,-78.7877,America/New_York,False,True,15,15,Saturday,11,11,NFC North,Soldier Field,41.8623,-87.6167,America/Chicago,AFC East,Highmark Stadium,42.7725,-78.7877,America/New_York,Miami Dolphins,Green Bay Packers,Hard Rock Stadium,Lambeau Field,Green Bay Packers,Denver Broncos,Soldier Field,Empower Field at Mile High,455,0,-455,455,-1.0,0.0,America/New_York,America/Chicago,0.0,-1.0,0.0,0.0,0.0,0,-1.575,4.795,-1.575,4.795,Buffalo Bills,6.37,Buffalo Bills,6.37,-1.575,4.795,Buffalo Bills,6.37,0.0,0,No,No,No,No,No,0,No,0.9,6.16,1.647,3.416,-1.2134999999999998,4.9425,-1.2134999999999998,4.9425,1.2615000000000005,6.3075,2.0085,3.5635000000000003,Buffalo Bills,6.156,Buffalo Bills,6.156,-1.2134999999999998,4.9425,Buffalo Bills,6.156,Buffalo Bills,5.26,Buffalo Bills,1.769,1.2735,4.788,Buffalo Bills,3.5145,Buffalo Bills,5.045999999999999,Buffalo Bills,1.5550000000000002,1.6350000000000002,4.9355,Buffalo Bills,3.3005,Same,Same,Same,Same,Same,Same,False,Home Team,Home Team,51.5,-185.0,154.0,Buffalo Bills,Chicago Bears,-3.5,3.5,-234,188,-128,105,-5.045999999999999,5.045999999999999,-1.5550000000000002,1.5550000000000002,0.3937,0.6491,0.3472,0.7006,0.4878,0.5614,0.3775,0.6225,0.3314,0.6686,0.4649,0.5351,0.3775,0.6225,-0.1225,0.1225,,,210,16,2026-12-19,CHI @ BUF,20.0,30.0,0.0,Historical Avg,False,C.Williams,J.Allen,-8.61,-9.0,13.96,194.75,Med-High,-18.0,2.0,45.34,44.0,13.093499867787738,29.0,63.0,0.7314,0.267,0.0698,0.0738,0.6628,0.3372,0.3038,0.6962,0.6394,0.3602,-177,178,,,,,,,,No Bet,,No Bet,,No Bet,,No Bet,,No Bet,,No Bet,,No Bet,,No Bet,,No Bet,,,,,,,,,,,,,,,,,,,,,,,,,,,,,16,0.0036666666666666,0.1995,Buffalo Bills,Chicago Bears,0,0,0,0,1,1,0,0,0,0,1,1,0,3.0,5.0,,,157.86744726095833,0.2535707314910809,0.3171001987899839,0.0084784116796326,0.0001612509772213,0.8331945924102057,0.009609745753704,0.5052706162808877,0.0158465343885583,0.0209065427179991,0.0022866167724172,0.0052778112705712,0.0032006004090613,6.087224390104263e-05,0.0001003787333202,0.0033009791423815,0.0254562801422623,1.338465208691093,0.0084784116796326,0.0001612509772213,138.0,5.0,0.3775,0.6225,0.3612,0.6387,0.271,0.7284,Buffalo Bills,Buffalo Bills,Buffalo Bills,Buffalo Bills,Buffalo Bills,Same,Same,Same,False,False,0.0084784116796326,0.0001612509772213
2026_15_CIN_CAR,2026,16,2026-12-20,13:00,Cincinnati Bengals,Carolina Panthers,Home,,,,,7,7,0,0,-7,10,Bank of America Stadium,35.2258,-80.8528,America/New_York,False,False,15,15,Sunday,-7,10,AFC North,Paycor Stadium,39.0955,-84.5165,America/New_York,NFC South,Bank of America Stadium,35.2258,-80.8528,America/New_York,Kansas City Chiefs,New Orleans Saints,Paycor Stadium,Bank of America Stadium,Indianapolis Colts,Pittsburgh Steelers,Lucas Oil Stadium,Acrisure Stadium,335,0,-335,335,0.0,0.0,America/New_York,America/New_York,0.0,0.0,0.0,0.0,0.0,0,1.31,-5.25,1.31,-5.25,Cincinnati Bengals,6.5600000000000005,Cincinnati Bengals,6.5600000000000005,1.31,-5.25,Cincinnati Bengals,6.5600000000000005,0.0,0,No,No,No,No,No,0,No,-0.04,-3.79,-0.609,-4.367,-0.6285000000000001,-6.3535,-0.6285000000000001,-6.3535,-1.9785,-4.8935,-2.5475000000000003,-5.4705,Cincinnati Bengals,5.7250000000000005,Cincinnati Bengals,5.7250000000000005,-0.6285000000000001,-6.3535,Cincinnati Bengals,5.7250000000000005,Cincinnati Bengals,3.75,Cincinnati Bengals,3.758,-0.3245,-4.0785,Cincinnati Bengals,3.754,Cincinnati Bengals,2.915,Cincinnati Bengals,2.922999999999999,-2.263,-5.182,Cincinnati Bengals,2.919,Same,Same,Same,Same,Same,Same,False,Away Team,Away Team,47.5,124.0,-147.0,Cincinnati Bengals,Carolina Panthers,2.5,-2.5,135,-164,135,-164,2.915,-2.915,2.922999999999999,-2.922999999999999,0.5951,0.4464,0.6212,0.4255,0.6212,0.4255,0.5714,0.4286,0.5935,0.4065,0.5935,0.4065,0.5714,0.4286,0.0714,-0.0714,,,211,16,2026-12-20,CIN @ CAR,8.0,48.0,0.0,Historical Avg,False,J.Burrow,B.Young,7.83,9.0,13.91,193.39,Med-High,-2.0,17.0,52.85,52.0,13.55482935487452,36.0,71.0,0.276,0.7234,0.0732,0.0722,0.3062,0.6938,0.6392,0.3608,0.3794,0.6204,164,-163,,,,,,,,No Bet,,No Bet,,No Bet,,No Bet,,No Bet,,No Bet,,No Bet,,No Bet,,No Bet,,,,,,,,,,,,,,,,,,,,,,,,,,,,,16,0.1114666666666666,-0.0866,Cincinnati Bengals,Carolina Panthers,0,0,0,0,0,0,0,0,0,0,0,0,0,4.0,2.0,,,157.86744726095833,0.9430551271818448,0.4772218101061207,3.3883166756816764e-05,0.0087017089195215,0.0022926024189794,0.7849416503451937,0.0030564466220365,0.5887749235875919,0.0027043809507543,0.0238266112522878,1.4522325271971664e-05,1.93608414848451e-05,0.0049721564766146,0.0037295524429069,0.0037489132843917,1.3737165739327857,0.005349049041016,3.3883166756816764e-05,0.0087017089195215,138.0,5.0,0.5714,0.4286,0.6181,0.3818,0.714,0.2858,Cincinnati Bengals,Cincinnati Bengals,Cincinnati Bengals,Cincinnati Bengals,Cincinnati Bengals,Same,Same,Same,False,False,3.3883166756816764e-05,0.0087017089195215
2026_15_MIA_GB,2026,16,2026-12-20,13:00,Miami Dolphins,Green Bay Packers,Home,,,,,7,7,0,0,-1,1,Lambeau Field,44.5013,-88.0622,America/Chicago,False,False,15,15,Sunday,-1,1,AFC East,Hard Rock Stadium,25.9602,-80.2384,America/New_York,NFC North,Lambeau Field,44.5013,-88.0622,America/Chicago,Chicago Bears,Buffalo Bills,Hard Rock Stadium,Lambeau Field,Los Angeles Chargers,Chicago Bears,Hard Rock Stadium,Soldier Field,1352,0,-1352,1352,1.0,0.0,America/New_York,America/Chicago,1.0,0.0,1.0,0.0,1.0,0,0.66,3.535,0.66,3.535,Green Bay Packers,2.875,Green Bay Packers,2.875,0.66,3.535,Green Bay Packers,2.875,0.0,0,No,No,No,No,No,0,No,-5.46,5.09,-3.956,2.933,-0.4695000000000001,3.8745,-0.4695000000000001,3.8745,-6.589499999999999,5.4295,-5.0855,3.2724999999999995,Green Bay Packers,4.344,Green Bay Packers,4.344,-0.4695000000000001,3.8745,Green Bay Packers,4.344,Green Bay Packers,10.55,Green Bay Packers,6.888999999999999,-4.708,4.0115,Green Bay Packers,8.7195,Green Bay Packers,12.018999999999998,Green Bay Packers,8.357999999999999,-5.8375,4.351,Green Bay Packers,10.1885,Same,Same,Same,Same,Same,Same,False,Home Team,Home Team,45.5,-667.0,470.0,Green Bay Packers,Miami Dolphins,-10.5,10.5,-660,458,-397,302,-12.018999999999998,12.018999999999998,-8.357999999999999,8.357999999999999,0.1754,0.8696,0.1792,0.8684,0.2488,0.7988,0.1679,0.8321,0.1711,0.8289,0.2375,0.7625,0.1679,0.8321,-0.3321,0.3321,,,212,16,2026-12-20,MIA @ GB,15.0,25.0,0.0,Historical Avg,False,M.Willis,J.Love,-14.02,-14.0,12.51,156.48,Low,-22.0,-6.0,46.63,47.0,13.098084285970696,30.0,64.0,0.869,0.1302,0.0534,0.0598,0.6228,0.3772,0.5222,0.4778,0.8231,0.1767,-465,466,,,,,,,,No Bet,,No Bet,,No Bet,,No Bet,,No Bet,,No Bet,,No Bet,,No Bet,,No Bet,,,,,,,,,,,,,,,,,,,,,,,,,,,,,16,-0.2762333333333333,0.0284666666666666,Green Bay Packers,Miami Dolphins,0,0,0,0,0,0,0,1,0,0,0,1,0,0.0,3.0,,,157.86744726095833,0.4985066987441788,0.9399031241212716,0.4372432939757629,0.0001730592025261,57.43693621466799,0.0045870975992201,11.589546437258454,0.022733316928595,0.3428643126201621,0.0006123141455829,0.3638301449172322,0.0734131490585306,2.9056640104134923e-05,0.0001440025624219,0.0735571516209526,0.0273204145278151,69.02648265192644,0.4372432939757629,0.0001730592025261,138.0,5.0,0.1679,0.8321,0.1781,0.8218,0.1358,0.8636,Green Bay Packers,Green Bay Packers,Green Bay Packers,Green Bay Packers,Green Bay Packers,Same,Same,Same,False,False,0.4372432939757629,0.0001730592025261
2026_15_JAX_HOU,2026,16,2026-12-20,13:00,Jacksonville Jaguars,Houston Texans,Home,,,,,6,7,-1,1,-3,9,NRG Stadium,29.6847,-95.4093,America/Chicago,False,False,15,15,Sunday,-3,9,AFC South,TIAA Bank Field,30.3239,-81.6554,America/New_York,AFC South,NRG Stadium,29.6847,-95.4093,America/Chicago,Pittsburgh Steelers,Washington Commanders,TIAA Bank Field,FedExField,Dallas Cowboys,Philadelphia Eagles,AT&T Stadium,Lincoln Financial Field,823,0,-823,823,1.0,0.0,America/New_York,America/New_York,1.0,1.0,1.0,0.0,1.0,0,-1.825,0.035,-1.825,0.035,Houston Texans,1.86,Houston Texans,1.86,-1.825,0.035,Houston Texans,1.86,0.0,0,No,No,No,No,Yes,1,No,5.41,2.96,3.85,5.008,-1.153155,0.301655,-1.153155,0.301655,6.0387450000000005,3.2697550000000004,4.514825000000001,5.281675,Houston Texans,1.45481,Houston Texans,1.45481,-1.153155,0.301655,Houston Texans,1.45481,Jacksonville Jaguars,2.45,Houston Texans,1.158,4.63,3.984,Jacksonville Jaguars,0.6459999999999999,Jacksonville Jaguars,2.76899,Houston Texans,0.7668499999999989,5.276785,4.275715,Jacksonville Jaguars,1.0010700000000003,Different,Same,Different,Same,Same,Same,False,Away Team,Home Team,43.5,-161.0,136.0,Houston Texans,Jacksonville Jaguars,-3.0,3.0,135,-164,-122,101,2.76899,-2.76899,-0.7668499999999989,0.7668499999999989,0.4237,0.6169,0.6212,0.4255,0.4975,0.5495,0.4072,0.5928,0.5935,0.4065,0.4752,0.5248,0.4072,0.5928,-0.0928,0.0928,,,213,16,2026-12-20,JAX @ HOU,0.0,70.0,0.0,Dome,True,T.Lawrence,C.Stroud,-0.83,-2.0,13.65,186.27,Med-High,-10.0,9.0,48.23,47.0,13.518598024148352,32.0,67.0,0.5274,0.4718,0.0918,0.0882,0.4398,0.5116,0.613,0.387,0.5129,0.4869,-105,105,,,,,,,,No Bet,,No Bet,,No Bet,,No Bet,,No Bet,,No Bet,,No Bet,,No Bet,,No Bet,,,,,,,,,,,,,,,,,,,,,,,,,,,,,16,0.0012,0.0381666666666666,Houston Texans,Jacksonville Jaguars,0,0,0,0,0,0,0,1,0,0,0,1,1,3.0,3.5,,,157.86744726095833,0.7391575551679989,0.4392041089397047,0.0361863496120697,0.0003941342744746,3.386456927569576,0.0253363797126315,2.3261897113804517,0.0368845920767386,0.0651061028541416,0.002126903446979,0.0214512680500349,0.0147350815620348,0.000160491476566,0.0002336427979085,0.0149687243599434,0.0622209717893701,5.7126466389500274,0.0361863496120697,0.0003941342744746,138.0,5.0,0.4072,0.5928,0.4867,0.5132,0.4708,0.5288,Houston Texans,Houston Texans,Houston Texans,Houston Texans,Houston Texans,Same,Same,Same,False,False,0.0361863496120697,0.0003941342744746
2026_15_CLE_NYG,2026,16,2026-12-20,13:00,Cleveland Browns,New York Giants,Home,,,,,7,7,0,0,3,4,MetLife Stadium,40.8136,-74.0744,America/New_York,False,False,15,15,Sunday,3,4,AFC North,FirstEnergy Stadium,41.5061,-81.6994,America/New_York,NFC East,MetLife Stadium,40.8136,-74.0744,America/New_York,Atlanta Falcons,Seattle Seahawks,FirstEnergy Stadium,Lumen Field,Baltimore Ravens,Detroit Lions,M&T Bank Stadium,Ford Field,399,0,-399,399,0.0,0.0,America/New_York,America/Los_Angeles,0.0,-3.0,0.0,0.0,0.0,0,-4.705,-2.84,-4.705,-2.84,New York Giants,1.865,New York Giants,1.865,-4.705,-2.84,New York Giants,1.865,0.0,0,No,No,No,No,No,0,No,-6.94,-3.53,-7.475,-5.014,-4.6985,-3.682,-4.6985,-3.682,-6.9335,-4.372,-7.4685,-5.856,New York Giants,1.0165000000000006,New York Giants,1.0165000000000006,-4.6985,-3.682,New York Giants,1.0165000000000006,New York Giants,3.4100000000000006,New York Giants,2.4609999999999994,-7.2075,-4.272,New York Giants,2.9354999999999998,New York Giants,2.561500000000001,New York Giants,1.6124999999999998,-7.2010000000000005,-5.114,New York Giants,2.0870000000000006,Same,Same,Same,Same,Same,Same,False,Home Team,Home Team,40.5,-217.0,180.0,New York Giants,Cleveland Browns,-4.5,4.5,-142,117,-128,105,-2.561500000000001,2.561500000000001,-1.6124999999999998,1.6124999999999998,0.3571,0.6845,0.4608,0.5868,0.4878,0.5614,0.3429,0.6571,0.4399,0.5601,0.4649,0.5351,0.3429,0.6571,-0.1571,0.1571,,,214,16,2026-12-20,CLE @ NYG,15.0,38.0,0.0,Historical Avg,False,S.Sanders,J.Dart,-3.2,-4.0,13.58,184.43,Med-High,-13.0,7.0,38.83,39.0,12.286460998382443,23.0,55.0,0.5912,0.4066,0.0842,0.0894,0.4932,0.5068,0.4258,0.5742,0.5859,0.4136,-141,142,,,,,,,,No Bet,,No Bet,,No Bet,,No Bet,,No Bet,,No Bet,,No Bet,,No Bet,,No Bet,,,,,,,,,,,,,,,,,,,,,,,,,,,,,16,-0.1927,-0.1279666666666666,New York Giants,Cleveland Browns,0,0,0,0,0,0,0,0,0,0,0,0,0,1.0,1.5,,,157.86744726095833,0.780018374369212,0.9352032791146846,0.2205882955063715,0.0007799563600309,22.8826605685653,0.0422211808278771,11.941050538671496,0.0809085387051563,0.1546447756001637,0.0019842112056779,0.1449485689772367,0.0756397265291347,0.0002674470358546,0.0005125093241763,0.0761522358533111,0.1231297195330335,34.8237111072368,0.2205882955063715,0.0007799563600309,138.0,5.0,0.3429,0.6571,0.4143,0.5852,0.4094,0.5886,New York Giants,New York Giants,New York Giants,New York Giants,New York Giants,Same,Same,Same,False,False,0.2205882955063715,0.0007799563600309
2026_15_BAL_PIT,2026,16,2026-12-20,13:00,Baltimore Ravens,Pittsburgh Steelers,Home,,,,,7,6,1,-1,-6,-3,Acrisure Stadium,40.4468,-80.0158,America/New_York,False,False,15,15,Sunday,-6,-3,AFC North,M&T Bank Stadium,39.2789,-76.6228,America/New_York,AFC North,Acrisure Stadium,40.4468,-80.0158,America/New_York,Tampa Bay Buccaneers,Jacksonville Jaguars,M&T Bank Stadium,TIAA Bank Field,Cleveland Browns,Carolina Panthers,M&T Bank Stadium,Acrisure Stadium,197,0,-197,197,0.0,0.0,America/New_York,America/New_York,0.0,0.0,0.0,0.0,0.0,0,6.69,-0.565,6.69,-0.565,Baltimore Ravens,7.255000000000001,Baltimore Ravens,7.255000000000001,6.69,-0.565,Baltimore Ravens,7.255000000000001,0.0,0,No,No,No,No,No,1,Yes,5.1,0.59,2.881,0.538,6.234505,0.4529950000000001,6.234505,0.4529950000000001,4.671955,1.580545,2.474625,1.5068750000000002,Baltimore Ravens,5.78151,Baltimore Ravens,5.78151,6.234505,0.4529950000000001,Baltimore Ravens,5.78151,Baltimore Ravens,4.51,Baltimore Ravens,2.343,3.9905,0.5640000000000001,Baltimore Ravens,3.4265,Baltimore Ravens,3.09141,Baltimore Ravens,0.9677499999999994,3.57329,1.54371,Baltimore Ravens,2.02958,Same,Same,Same,Same,Same,Same,False,Away Team,Away Team,46.0,124.0,-147.0,Baltimore Ravens,Pittsburgh Steelers,2.5,-2.5,135,-164,101,-122,3.09141,-3.09141,0.9677499999999994,-0.9677499999999994,0.5951,0.4464,0.6212,0.4255,0.5495,0.4975,0.5714,0.4286,0.5935,0.4065,0.5248,0.4752,0.5714,0.4286,0.0714,-0.0714,,,215,16,2026-12-20,BAL @ PIT,12.0,35.0,0.0,Historical Avg,False,L.Jackson,A.Rodgers,4.62,6.0,13.58,184.31,Med-High,-5.0,14.0,50.37,50.0,13.866720305335551,33.0,68.0,0.3672,0.6308,0.079,0.089,0.4068,0.5932,0.5998,0.3668,0.4194,0.5801,138,-138,,,,,,,,No Bet,,No Bet,,No Bet,,No Bet,,No Bet,,No Bet,,No Bet,,No Bet,,No Bet,,,,,,,,,,,,,,,,,,,,,,,,,,,,,16,0.1315666666666666,-0.0021666666666666,Baltimore Ravens,Pittsburgh Steelers,0,0,0,0,0,0,0,0,0,0,0,0,1,4.5,3.0,,,157.86744726095833,0.6956260190504078,0.4642761953815661,4.38354512983358e-05,0.0053257186044586,0.0029659937751657,0.4804088931634468,0.0039541970208345,0.3603487077526308,0.0021559183420497,0.0195725467292339,1.878787442646672e-05,2.504757687186908e-05,0.0030431156105876,0.0022826029938709,0.0023076505707428,0.8407576009160777,0.0069201907960003,4.38354512983358e-05,0.0053257186044586,138.0,5.0,0.5714,0.4286,0.5786,0.4212,0.6248,0.3744,Baltimore Ravens,Baltimore Ravens,Baltimore Ravens,Baltimore Ravens,Baltimore Ravens,Same,Same,Same,False,False,4.38354512983358e-05,0.0053257186044586
2026_15_NO_TB,2026,16,2026-12-20,13:00,New Orleans Saints,Tampa Bay Buccaneers,Home,,,,,7,7,0,0,-7,0,Raymond James Stadium,27.9759,-82.5033,America/New_York,False,True,15,15,Sunday,-7,0,NFC South,Caesars Superdome,29.9507,-90.0813,America/Chicago,NFC South,Raymond James Stadium,27.9759,-82.5033,America/New_York,Carolina Panthers,Baltimore Ravens,Bank of America Stadium,M&T Bank Stadium,Arizona Cardinals,Atlanta Falcons,Caesars Superdome,Mercedes-Benz Stadium,478,0,-478,478,-1.0,0.0,America/New_York,America/New_York,0.0,0.0,0.0,0.0,0.0,0,-6.145,1.025,-6.145,1.025,Tampa Bay Buccaneers,7.17,Tampa Bay Buccaneers,7.17,-6.145,1.025,Tampa Bay Buccaneers,7.17,0.0,0,No,No,No,No,No,1,No,-4.37,-1.4,-4.865,-2.096,-5.469255,-0.8882450000000002,-5.469255,-0.8882450000000002,-3.736255,-3.2712449999999995,-4.233264999999999,-3.965235,Tampa Bay Buccaneers,4.581009999999999,Tampa Bay Buccaneers,4.581009999999999,-5.469255,-0.8882450000000002,Tampa Bay Buccaneers,4.581009999999999,Tampa Bay Buccaneers,2.97,Tampa Bay Buccaneers,2.769,-4.6175,-1.748,Tampa Bay Buccaneers,2.8694999999999995,Tampa Bay Buccaneers,0.4650100000000003,Tampa Bay Buccaneers,0.2680299999999991,-3.98476,-3.61824,Tampa Bay Buccaneers,0.3665199999999995,Same,Same,Same,Same,Same,Same,False,Home Team,Home Team,45.5,-196.0,164.0,Tampa Bay Buccaneers,New Orleans Saints,-3.5,3.5,-116,-104,-116,-104,-0.4650100000000003,0.4650100000000003,-0.2680299999999991,0.2680299999999991,0.3788,0.6622,0.5098,0.537,0.5098,0.537,0.3639,0.6361,0.487,0.513,0.487,0.513,0.3639,0.6361,-0.1361,0.1361,,,216,16,2026-12-20,NO @ TB,10.0,70.0,0.0,Historical Avg,False,T.Shough,B.Mayfield,-1.66,-3.0,13.86,192.2,Med-High,-11.0,8.0,49.58,49.0,13.425660673237,33.0,67.0,0.5444,0.4548,0.092,0.0924,0.4576,0.5424,0.6096,0.3904,0.5516,0.4482,-123,123,,,,,,,,No Bet,,No Bet,,No Bet,,No Bet,,No Bet,,No Bet,,No Bet,,No Bet,,No Bet,,,,,,,,,,,,,,,,,,,,,,,,,,,,,16,0.0443999999999999,-0.0286,Tampa Bay Buccaneers,New Orleans Saints,0,0,0,0,0,0,0,0,0,0,0,0,1,3.5,2.5,,,157.86744726095833,0.7453330706483533,0.8946738796337352,0.1206591918265809,0.0001673158259264,12.116533686880176,0.0096119535542013,6.931624915352453,0.0168017687711664,0.0981664951192626,0.0022646509443315,0.0767513119208881,0.0439078799056928,6.088622905463561e-05,0.0001064295968718,0.0440143095025646,0.0264137223253677,19.048158602232625,0.1206591918265809,0.0001673158259264,138.0,5.0,0.3639,0.6361,0.4483,0.5514,0.4554,0.5434,Tampa Bay Buccaneers,Tampa Bay Buccaneers,Tampa Bay Buccaneers,Tampa Bay Buccaneers,Tampa Bay Buccaneers,Same,Same,Same,False,False,0.1206591918265809,0.0001673158259264
2026_15_IND_TEN,2026,16,2026-12-20,13:00,Indianapolis Colts,Tennessee Titans,Home,,,,,7,7,0,0,-6,5,Nissan Stadium,36.1664,-86.7716,America/Chicago,False,True,15,15,Sunday,-6,5,AFC South,Lucas Oil Stadium,39.7601,-86.1638,America/Indiana/Indianapolis,AFC South,Nissan Stadium,36.1664,-86.7716,America/Chicago,Philadelphia Eagles,Detroit Lions,Lincoln Financial Field,Ford Field,Cincinnati Bengals,Las Vegas Raiders,Lucas Oil Stadium,Allegiant Stadium,250,0,-250,250,1.0,0.0,America/New_York,America/Detroit,1.0,1.0,1.0,0.0,1.0,0,-2.265,-4.36,-2.265,-4.36,Indianapolis Colts,2.095,Indianapolis Colts,2.095,-2.265,-4.36,Indianapolis Colts,2.095,0.0,0,No,No,No,No,No,1,No,0.93,-8.19,0.288,-8.36,-1.867975,-5.736524999999999,-1.867975,-5.736524999999999,1.256775,-9.496275,0.6194949999999999,-9.670995,Indianapolis Colts,3.868549999999999,Indianapolis Colts,3.868549999999999,-1.867975,-5.736524999999999,Indianapolis Colts,3.868549999999999,Indianapolis Colts,9.12,Indianapolis Colts,8.648,0.609,-8.274999999999999,Indianapolis Colts,8.883999999999999,Indianapolis Colts,10.75305,Indianapolis Colts,10.29049,0.938135,-9.583635,Indianapolis Colts,10.52177,Same,Same,Same,Same,Same,Same,False,Away Team,Away Team,47.5,105.0,-125.0,Indianapolis Colts,Tennessee Titans,1.5,-1.5,406,-567,389,-538,10.75305,-10.75305,10.29049,-10.29049,0.5556,0.4878,0.8501,0.1976,0.8433,0.2045,0.5325,0.4675,0.8114,0.1886,0.8048,0.1952,0.5325,0.4675,0.0325,-0.0325,,,217,16,2026-12-20,IND @ TEN,10.0,45.0,0.0,Historical Avg,False,D.Jones,C.Ward,15.69,16.0,13.62,185.41,Med-High,7.0,25.0,54.63,54.0,13.533354650552075,37.0,72.0,0.123,0.8764,0.0442,0.0538,0.1334,0.8666,0.68,0.32,0.2436,0.7563,311,-310,,,,,,,,No Bet,,No Bet,,No Bet,,No Bet,,No Bet,,No Bet,,No Bet,,No Bet,,No Bet,,,,,,,,,,,,,,,,,,,,,,,,,,,,,16,0.015,-0.0941,Indianapolis Colts,Tennessee Titans,0,0,0,0,0,0,0,0,0,0,0,0,1,3.0,2.0,,,157.86744726095833,0.961098390856748,0.6150189081959085,0.0026512928784076,0.0028653597485072,0.1956734520713839,0.2408747929324569,0.2228793865839827,0.2114722360486829,0.0050050989642799,0.0091912599168711,0.0012394794206555,0.001411813457752,0.0015258040660801,0.0013395556824271,0.0027513691401791,0.4523470289811399,0.4185528386553666,0.0026512928784076,0.0028653597485072,138.0,5.0,0.5325,0.4675,0.7568,0.2432,0.8784,0.1216,Indianapolis Colts,Indianapolis Colts,Indianapolis Colts,Indianapolis Colts,Indianapolis Colts,Same,Same,Same,False,False,0.0026512928784076,0.0028653597485072
2026_15_ATL_WAS,2026,16,2026-12-20,13:00,Atlanta Falcons,Washington Commanders,Home,,,,,7,7,0,0,7,9,FedExField,38.9077,-76.8645,America/New_York,False,True,15,15,Sunday,7,9,NFC South,Mercedes-Benz Stadium,33.7489,-84.388,America/New_York,NFC East,FedExField,38.9077,-76.8645,America/New_York,Cleveland Browns,Houston Texans,FirstEnergy Stadium,FedExField,Tampa Bay Buccaneers,Minnesota Vikings,Mercedes-Benz Stadium,U.S. Bank Stadium,549,0,-549,549,0.0,0.0,America/New_York,America/New_York,0.0,0.0,0.0,0.0,0.0,0,-0.71,1.45,-0.71,1.45,Washington Commanders,2.16,Washington Commanders,2.16,-0.71,1.45,Washington Commanders,2.16,0.0,0,No,No,No,No,No,0,No,-0.79,-5.43,-0.101,-1.427,0.334,1.347,0.334,1.347,0.2539999999999999,-5.533,0.943,-1.5300000000000002,Washington Commanders,1.013,Washington Commanders,1.013,0.334,1.347,Washington Commanders,1.013,Atlanta Falcons,4.64,Atlanta Falcons,1.326,-0.4455,-3.4285,Atlanta Falcons,2.983,Atlanta Falcons,5.786999999999999,Atlanta Falcons,2.4730000000000003,0.5984999999999999,-3.5315,Atlanta Falcons,4.13,Different,Different,Different,Different,Same,Same,False,Away Team,Away Team,46.5,-185.0,154.0,Washington Commanders,Atlanta Falcons,-3.5,3.5,208,-261,117,-142,5.786999999999999,-5.786999999999999,2.4730000000000003,-2.4730000000000003,0.3937,0.6491,0.723,0.3247,0.5868,0.4608,0.3775,0.6225,0.6901,0.3099,0.5601,0.4399,0.3775,0.6225,-0.1225,0.1225,,,218,16,2026-12-20,ATL @ WAS,12.0,42.0,0.0,Historical Avg,False,M.Penix,J.Daniels,5.5,7.0,13.16,173.12,Medium,-4.0,14.0,49.06,49.0,13.648940534544913,32.0,67.0,0.3274,0.6718,0.0854,0.0864,0.2562,0.7438,0.5664,0.4336,0.4249,0.5749,135,-135,,,,,,,,No Bet,,No Bet,,No Bet,,No Bet,,No Bet,,No Bet,,No Bet,,No Bet,,No Bet,,,,,,,,,,,,,,,,,,,,,,,,,,,,,16,-0.0192666666666666,-0.0709333333333333,Washington Commanders,Atlanta Falcons,0,0,0,0,0,0,0,0,0,0,0,0,0,2.5,2.0,,,157.86744726095833,0.775100596225914,0.9938974911544766,0.1143440343115017,0.0005635729080062,11.236872501906936,0.0335861056654762,6.814328304369266,0.0553837106669111,0.0963516390326221,0.0022939165687624,0.0711791613589098,0.0431648729525918,0.0002127487727723,0.0003508241352339,0.0435156970878258,0.0889698163323873,18.051200806276203,0.1143440343115017,0.0005635729080062,138.0,5.0,0.3775,0.6225,0.5733,0.4261,0.6654,0.3322,Washington Commanders,Atlanta Falcons,Atlanta Falcons,Atlanta Falcons,Atlanta Falcons,Same,Same,Same,False,False,0.1143440343115017,0.0005635729080062
2026_15_NYJ_ARI,2026,16,2026-12-20,16:05,New York Jets,Arizona Cardinals,Home,,,,,7,14,-7,7,-10,1,State Farm Stadium,33.5277,-112.262608,America/Denver,False,False,15,15,Sunday,-10,1,AFC East,MetLife Stadium,40.8136,-74.0744,America/New_York,NFC West,State Farm Stadium,33.5277,-112.262608,America/Denver,Denver Broncos,Philadelphia Eagles,MetLife Stadium,State Farm Stadium,New England Patriots,New Orleans Saints,MetLife Stadium,Caesars Superdome,2142,0,-2142,2142,2.0,0.0,America/New_York,America/Denver,2.0,0.0,2.0,0.0,2.0,0,-3.725,0.075,-3.725,0.075,Arizona Cardinals,3.8,Arizona Cardinals,3.8,-3.725,0.075,Arizona Cardinals,3.8,-0.15,0,No,No,No,No,No,0,No,-9.26,-4.4,-6.95,-3.837,-5.642,-0.2674999999999999,-5.642,-0.2674999999999999,-11.177,-4.742500000000001,-8.867,-4.179500000000001,Arizona Cardinals,5.3745,Arizona Cardinals,5.3745,-5.642,-0.2674999999999999,Arizona Cardinals,5.3745,Arizona Cardinals,4.859999999999999,Arizona Cardinals,3.113,-8.105,-4.1185,Arizona Cardinals,3.9865,Arizona Cardinals,6.434499999999999,Arizona Cardinals,4.6875,-10.022,-4.461,Arizona Cardinals,5.561,Same,Same,Same,Same,Same,Same,False,Home Team,Home Team,41.5,-110.0,-110.0,Arizona Cardinals,New York Jets,-1.5,1.5,-282,224,-224,181,-6.434499999999999,6.434499999999999,-4.6875,4.6875,0.5238,0.5238,0.3086,0.7382,0.3559,0.6914,0.5,0.5,0.2948,0.7052,0.3398,0.6602,0.5,0.5,0.0,0.0,,,219,16,2026-12-20,NYJ @ ARI,0.0,70.0,0.0,Dome,True,G.Smith,J.Brissett,-4.91,-6.0,12.83,164.62,Med-Low,-14.0,4.0,46.67,46.0,12.830220744510616,30.0,64.0,0.6524,0.347,0.0962,0.0924,0.6304,0.3696,0.6366,0.3634,0.6295,0.3704,-170,170,,,,,,,,No Bet,,No Bet,,No Bet,,No Bet,,No Bet,,No Bet,,No Bet,,No Bet,,No Bet,,,,,,,,,,,,,,,,,,,,,,,,,,,,,16,-0.2076,-0.1667333333333333,Arizona Cardinals,New York Jets,0,0,0,0,0,0,0,0,0,0,0,0,0,0.5,1.0,,,157.86744726095833,0.9994812007234694,0.9354534027114048,0.0041736848321368,0.0042148599941243,0.3294444850606135,0.3326945939173749,0.3294444850606135,0.3326945939173749,0.010788857844403,0.0089242175971883,0.0020868424160684,0.0020868424160684,0.0021074299970621,0.0021074299970621,0.0041942724131306,0.6653891878347498,0.658888970121227,0.0041736848321368,0.0042148599941243,138.0,5.0,0.5,0.5,0.3697,0.6301,0.3442,0.655,Arizona Cardinals,Arizona Cardinals,Arizona Cardinals,Arizona Cardinals,Arizona Cardinals,Same,Same,Same,False,False,0.0041736848321368,0.0042148599941243
2026_15_DAL_LA,2026,16,2026-12-20,16:25,Dallas Cowboys,Los Angeles Rams,Home,,,,,13,7,6,-6,11,-7,SoFi Stadium,33.9535,-118.3395,America/Los_Angeles,False,False,15,15,Sunday,11,-7,NFC East,AT&T Stadium,32.7369,-97.0826,America/Chicago,NFC West,SoFi Stadium,33.9535,-118.3395,America/Los_Angeles,Seattle Seahawks,San Francisco 49ers,Lumen Field,Levi's Stadium,Jacksonville Jaguars,Seattle Seahawks,AT&T Stadium,Lumen Field,1227,0,-1227,1227,2.0,0.0,America/Los_Angeles,America/Los_Angeles,0.0,0.0,0.0,0.0,0.0,0,-0.615,1.29,-0.615,1.29,Los Angeles Rams,1.905,Los Angeles Rams,1.905,-0.615,1.29,Los Angeles Rams,1.905,0.0,0,No,No,No,No,No,0,No,-1.01,8.12,-3.616,7.087,0.395,-0.2219999999999999,0.395,-0.2219999999999999,-8.673617379884035e-18,6.608,-2.6060000000000008,5.575,Dallas Cowboys,0.617,Dallas Cowboys,0.617,0.395,-0.2219999999999999,Dallas Cowboys,0.617,Los Angeles Rams,9.13,Los Angeles Rams,10.703,-2.313,7.603499999999999,Los Angeles Rams,9.9165,Los Angeles Rams,6.608,Los Angeles Rams,8.181000000000001,-1.3030000000000004,6.0915,Los Angeles Rams,7.394500000000001,Different,Different,Different,Different,Same,Same,False,Home Team,Home Team,52.5,-244.0,200.0,Los Angeles Rams,Dallas Cowboys,-6.0,6.0,-282,224,-366,282,-6.608,6.608,-8.181000000000001,8.181000000000001,0.3333,0.7093,0.3086,0.7382,0.2618,0.7854,0.3197,0.6803,0.2948,0.7052,0.25,0.75,0.3197,0.6803,-0.1803,0.1803,,,220,16,2026-12-20,DAL @ LA,0.0,70.0,0.0,Dome,True,D.Prescott,M.Stafford,-12.14,-12.0,12.8,163.87,Med-Low,-21.0,-4.0,64.82,64.0,14.21344582317862,47.0,83.10000000000036,0.8306,0.169,0.069,0.0678,0.6894,0.29,0.8104,0.1896,0.7415,0.2584,-287,287,,,,,,,,No Bet,,No Bet,,No Bet,,No Bet,,No Bet,,No Bet,,No Bet,,No Bet,,No Bet,,,,,,,,,,,,,,,,,,,,,,,,,,,,,16,0.0919999999999999,0.0648333333333333,Los Angeles Rams,Dallas Cowboys,0,0,0,0,0,0,0,1,0,0,0,1,0,4.0,3.5,,,157.86744726095833,0.0,0.1905990897322965,0.0,9.085047366878423e-05,0.0,0.0045852436556645,0.0,0.0097570887048752,0.0403794981517534,0.0023041406892348,0.0,0.0,2.904489643191032e-05,6.180557723687392e-05,6.180557723687392e-05,0.0143423323605398,0.0,0.0,9.085047366878423e-05,138.0,5.0,0.3197,0.6803,0.2605,0.7394,0.1776,0.822,Los Angeles Rams,Los Angeles Rams,Los Angeles Rams,Los Angeles Rams,Los Angeles Rams,Same,Same,Same,False,False,0.0,9.085047366878423e-05
2026_15_DEN_LV,2026,16,2026-12-20,16:25,Denver Broncos,Las Vegas Raiders,Home,,,,,7,7,0,0,2,-13,Allegiant Stadium,36.108,-115.1578,America/Los_Angeles,False,True,15,15,Sunday,2,-13,AFC West,Empower Field at Mile High,39.7648,-105.0076,America/Denver,AFC West,Allegiant Stadium,36.108,-115.1578,America/Los_Angeles,New York Jets,Los Angeles Chargers,MetLife Stadium,Allegiant Stadium,Buffalo Bills,Tennessee Titans,Empower Field at Mile High,Allegiant Stadium,607,0,-607,607,1.0,0.0,America/New_York,America/Los_Angeles,3.0,0.0,1.0,0.0,1.0,0,2.05,-2.35,2.05,-2.35,Denver Broncos,4.4,Denver Broncos,4.4,2.05,-2.35,Denver Broncos,4.4,0.0,0,No,No,No,No,No,1,No,-0.48,-8.15,3.499,-7.588,2.74773,-2.91373,2.74773,-2.91373,0.18503,-8.681030000000002,4.12986,-8.08486,Denver Broncos,5.66146,Denver Broncos,5.66146,2.74773,-2.91373,Denver Broncos,5.66146,Denver Broncos,7.67,Denver Broncos,11.087,1.5095,-7.869,Denver Broncos,9.3785,Denver Broncos,8.866060000000001,Denver Broncos,12.21472,2.157445,-8.382945000000001,Denver Broncos,10.540390000000002,Same,Same,Same,Same,Same,Same,False,Away Team,Away Team,41.5,170.0,-204.0,Denver Broncos,Las Vegas Raiders,4.5,-4.5,314,-416,458,-660,8.866060000000001,-8.866060000000001,12.21472,-12.21472,0.6711,0.3704,0.8062,0.2415,0.8684,0.1792,0.6444,0.3556,0.7695,0.2305,0.8289,0.1711,0.6444,0.3556,0.1444,-0.1444,,,221,16,2026-12-20,DEN @ LV,0.0,70.0,0.0,Dome,True,B.Nix,K.Cousins,10.9,12.0,12.43,154.44,Low,3.0,19.0,38.55,38.0,11.789516297919429,23.0,54.0,0.1936,0.8054,0.0762,0.067,0.2886,0.7114,0.3906,0.6094,0.2377,0.762,321,-320,,,,,,,,No Bet,,No Bet,,No Bet,,No Bet,,No Bet,,No Bet,,No Bet,,No Bet,,No Bet,,,,,,,,,,,,,,,,,,,,,,,,,,,,,16,-0.0226666666666666,-0.0617666666666666,Denver Broncos,Las Vegas Raiders,0,0,0,0,0,0,1,0,0,0,1,0,1,2.5,2.5,,,157.86744726095833,0.9147059761574142,0.0225787877592531,3.718188567750054e-05,0.0225787877592531,0.0020873042141965,2.296935179489688,0.0037825051620592,1.2675204063105725,0.0020278676213951,0.0439449390226368,1.3221878546919192e-05,2.3960007130581347e-05,0.0145497708320626,0.0080290169271904,0.0080529769343209,3.5644555858002605,0.0058698093762557,3.718188567750054e-05,0.0225787877592531,138.0,5.0,0.6444,0.3556,0.7655,0.2342,0.8192,0.1798,Denver Broncos,Denver Broncos,Denver Broncos,Denver Broncos,Denver Broncos,Same,Same,Same,False,False,3.718188567750054e-05,0.0225787877592531
2026_15_DET_MIN,2026,16,2026-12-20,20:20,Detroit Lions,Minnesota Vikings,Home,,,,,7,10,-3,3,3,4,U.S. Bank Stadium,44.9738,-93.2575,America/Chicago,False,False,15,15,Sunday,3,4,NFC North,Ford Field,42.3395,-83.045,America/Detroit,NFC North,U.S. Bank Stadium,44.9738,-93.2575,America/Chicago,Tennessee Titans,New England Patriots,Ford Field,Gillette Stadium,New York Giants,Washington Commanders,Ford Field,U.S. Bank Stadium,541,0,-541,541,1.0,0.0,America/Detroit,America/New_York,1.0,1.0,1.0,0.0,1.0,0,4.305,0.27,4.305,0.27,Detroit Lions,4.035,Detroit Lions,4.035,4.305,0.27,Detroit Lions,4.035,0.0,0,No,No,No,No,No,1,No,3.98,-0.75,3.658,2.721,5.08046,-0.6564599999999998,5.08046,-0.6564599999999998,4.74851,-1.6695099999999998,4.46444,1.7635600000000005,Detroit Lions,5.7369200000000005,Detroit Lions,5.7369200000000005,5.08046,-0.6564599999999998,Detroit Lions,5.7369200000000005,Detroit Lions,4.73,Detroit Lions,0.9369999999999998,3.819,0.9855,Detroit Lions,2.8335,Detroit Lions,6.418019999999999,Detroit Lions,2.7008799999999997,4.606475,0.0470250000000003,Detroit Lions,4.559449999999999,Same,Same,Same,Same,Same,Same,False,Away Team,Away Team,46.5,102.0,-122.0,Detroit Lions,Minnesota Vikings,1.5,-1.5,224,-282,117,-142,6.418019999999999,-6.418019999999999,2.7008799999999997,-2.7008799999999997,0.5495,0.495,0.7382,0.3086,0.5868,0.4608,0.5261,0.4739,0.7052,0.2948,0.5601,0.4399,0.5261,0.4739,0.0261,-0.0261,,,222,16,2026-12-20,DET @ MIN,0.0,70.0,0.0,Dome,True,J.Goff,K.Murray,-1.67,-3.0,13.3,176.97,Medium,-10.0,7.0,52.78,52.0,13.803390695004463,35.900000000000034,71.0,0.5576,0.4418,0.1006,0.0864,0.5792,0.4208,0.665,0.335,0.4416,0.5583,126,-126,,,,,,,,No Bet,,No Bet,,No Bet,,No Bet,,No Bet,,No Bet,,No Bet,,No Bet,,No Bet,,,,,,,,,,,,,,,,,,,,,,,,,,,,,16,0.0223,0.0730666666666666,Detroit Lions,Minnesota Vikings,0,0,0,0,0,0,0,0,0,0,0,0,1,3.0,3.5,,,157.86744726095833,0.5026329875120701,0.0213983739414525,0.0002897858530211,0.000797332943735,0.0216798600845155,0.06622174134146,0.0240678927842659,0.0596511751030562,0.0046741427118705,0.0040093517258986,0.0001373295157467,0.0001524563372744,0.000419476861699,0.000377856082036,0.0005303124193104,0.1258729164445162,0.0457477528687814,0.0002897858530211,0.000797332943735,138.0,5.0,0.5325,0.4675,0.5619,0.4379,0.4498,0.5496,Detroit Lions,Minnesota Vikings,Detroit Lions,Minnesota Vikings,Detroit Lions,Same,Same,Same,False,False,0.0002897858530211,0.000797332943735
2026_15_NE_KC,2026,16,2026-12-21,20:15,New England Patriots,Kansas City Chiefs,Home,,,,,11,8,3,-3,11,2,GEHA Field at Arrowhead Stadium,39.0489,-94.4839,America/Chicago,False,False,15,15,Monday,11,2,AFC East,Gillette Stadium,42.0628,-71.2687,America/New_York,AFC West,GEHA Field at Arrowhead Stadium,39.0489,-94.4839,America/Chicago,Minnesota Vikings,Cincinnati Bengals,Gillette Stadium,Paycor Stadium,New York Jets,San Francisco 49ers,MetLife Stadium,GEHA Field at Arrowhead Stadium,1232,0,-1232,1232,1.0,0.0,America/New_York,America/New_York,1.0,1.0,1.0,0.0,1.0,0,-1.995,4.395,-1.995,4.395,Kansas City Chiefs,6.39,Kansas City Chiefs,6.39,-1.995,4.395,Kansas City Chiefs,6.39,0.0,0,No,No,No,No,No,0,No,5.09,-2.17,4.222,0.625,-1.1355000000000002,2.0815,-1.1355000000000002,2.0815,5.9495,-4.483499999999999,5.0815,-1.6885,Kansas City Chiefs,3.217,Kansas City Chiefs,3.217,-1.1355000000000002,2.0815,Kansas City Chiefs,3.217,New England Patriots,7.26,New England Patriots,3.5970000000000004,4.656000000000001,-0.7725,New England Patriots,5.4285000000000005,New England Patriots,10.433,New England Patriots,6.77,5.515499999999999,-3.0859999999999994,New England Patriots,8.601499999999998,Different,Different,Different,Different,Same,Same,False,Away Team,Away Team,45.5,-143.0,120.0,Kansas City Chiefs,New England Patriots,-2.5,2.5,389,-538,249,-319,10.433,-10.433,6.77,-6.77,0.4545,0.5885,0.8433,0.2045,0.7613,0.2865,0.4358,0.5642,0.8048,0.1952,0.7266,0.2734,0.4358,0.5642,-0.0642,0.0642,,,223,16,2026-12-21,NE @ KC,10.0,60.0,0.0,Historical Avg,False,D.Maye,P.Mahomes,5.41,6.0,13.17,173.43,Medium,-4.0,14.0,46.62,46.0,13.19590032385329,30.0,64.0,0.3436,0.6554,0.092,0.0862,0.305,0.695,0.5176,0.4824,0.3441,0.6557,191,-190,,,,,,,,No Bet,,No Bet,,No Bet,,No Bet,,No Bet,,No Bet,,No Bet,,No Bet,,No Bet,,,,,,,,,,,,,,,,,,,,,,,,,,,,,16,0.1913666666666666,0.1034666666666666,Kansas City Chiefs,New England Patriots,0,0,0,0,0,0,0,0,0,0,0,0,0,5.0,4.0,,,157.86744726095833,0.0772444587126444,0.2600465226708767,0.0010690590170468,6.836779647699733e-05,0.0952198184713691,0.0047036109741396,0.0735497995211319,0.0060894385305406,0.0075482105681888,0.0013817743303964,0.0006031630974178,0.000465895919629,2.979468570467544e-05,3.8573110772321896e-05,0.0005044690304013,0.0107930495046803,0.1687696179925011,0.0010690590170468,6.836779647699733e-05,138.0,5.0,0.4358,0.5642,0.6529,0.3468,0.6444,0.3542,Kansas City Chiefs,New England Patriots,New England Patriots,New England Patriots,New England Patriots,Same,Same,Same,False,False,0.0010690590170468,6.836779647699733e-05
2026_16_HOU_PHI,2026,17,2026-12-24,20:15,Houston Texans,Philadelphia Eagles,Home,,,,,4,5,-1,1,8,-18,Lincoln Financial Field,39.9008,-75.1675,America/New_York,False,False,Christmas,16,Thursday,8,-18,AFC South,NRG Stadium,29.6847,-95.4093,America/Chicago,NFC East,Lincoln Financial Field,39.9008,-75.1675,America/New_York,Jacksonville Jaguars,Seattle Seahawks,NRG Stadium,Lincoln Financial Field,Green Bay Packers,San Francisco 49ers,Lambeau Field,Levi's Stadium,1342,0,-1342,1342,-1.0,0.0,America/Chicago,America/New_York,-1.0,0.0,-1.0,0.0,-1.0,0,0.035,4.905,0.035,4.905,Philadelphia Eagles,4.87,Philadelphia Eagles,4.87,0.035,4.905,Philadelphia Eagles,4.87,0.0,0,No,No,No,No,Yes,0,No,2.96,5.52,5.008,3.682,0.4785,5.452,0.4785,5.452,3.4035,6.066999999999999,5.4515,4.229,Philadelphia Eagles,4.9735,Philadelphia Eagles,4.9735,0.4785,5.452,Philadelphia Eagles,4.9735,Philadelphia Eagles,2.56,Houston Texans,1.326,3.984,4.601,Philadelphia Eagles,0.617,Philadelphia Eagles,2.6634999999999995,Houston Texans,1.2225,4.4275,5.148,Philadelphia Eagles,0.7204999999999995,Same,Different,Same,Different,Same,Same,True,Home Team,Away Team,37.5,-135.0,114.0,Philadelphia Eagles,Houston Texans,-2.5,2.5,-142,117,101,-122,-2.6634999999999995,2.6634999999999995,1.2225,-1.2225,0.4673,0.5745,0.4608,0.5868,0.5495,0.4975,0.4486,0.5514,0.4399,0.5601,0.5248,0.4752,0.4486,0.5514,-0.0514,0.0514,,,224,17,2026-12-24,HOU @ PHI,15.0,40.0,0.0,Historical Avg,False,C.Stroud,J.Hurts,-3.31,-4.0,13.31,177.12,Medium,-13.0,6.0,41.13,40.0,12.552942974277508,26.0,57.0,0.6024,0.3964,0.0908,0.0848,0.5656,0.4344,0.5818,0.4182,0.5473,0.4524,-121,121,,,,,,,,No Bet,,No Bet,,No Bet,,No Bet,,No Bet,,No Bet,,No Bet,,No Bet,,No Bet,,,,,,,,,,,,,,,,,,,,,,,,,,,,,17,0.08295,0.02495,Philadelphia Eagles,Houston Texans,0,0,0,0,0,1,1,0,0,0,0,0,0,1.5,0.5,,,113.52469658961594,0.1229753041229538,0.709327421027131,0.1229753041229538,0.322083102495953,7.69794877643975,16.402783778290363,6.262785312134334,20.161602709204875,0.2634814581946805,0.0645862412021551,0.0678085826933967,0.0551667214295571,0.1444864797796845,0.1775966227162685,0.2327633441458256,36.56438648749524,13.960734088574084,0.1229753041229538,0.2766420883104871,72.0,66.0,0.4513,0.5487,0.4552,0.5447,0.4048,0.5946,Philadelphia Eagles,Philadelphia Eagles,Philadelphia Eagles,Philadelphia Eagles,Philadelphia Eagles,Same,Same,Same,False,False,0.1229753041229538,0.322083102495953
2026_16_GB_CHI,2026,17,2026-12-25,13:00,Green Bay Packers,Chicago Bears,Home,,,,,5,6,-1,1,0,12,Soldier Field,41.8623,-87.6167,America/Chicago,False,False,Christmas,16,Friday,0,12,NFC North,Lambeau Field,44.5013,-88.0622,America/Chicago,NFC North,Soldier Field,41.8623,-87.6167,America/Chicago,Miami Dolphins,Buffalo Bills,Lambeau Field,Highmark Stadium,Houston Texans,Detroit Lions,Lambeau Field,Soldier Field,184,0,-184,184,0.0,0.0,America/Chicago,America/New_York,0.0,1.0,0.0,0.0,0.0,0,3.535,-1.575,3.535,-1.575,Green Bay Packers,5.11,Green Bay Packers,5.11,3.535,-1.575,Green Bay Packers,5.11,0.0,0,No,No,No,No,Yes,1,No,5.09,0.9,2.933,1.647,3.08218,-0.6731799999999999,3.08218,-0.6731799999999999,4.64638,1.79262,2.51842,2.51058,Green Bay Packers,3.75536,Green Bay Packers,3.75536,3.08218,-0.6731799999999999,Green Bay Packers,3.75536,Green Bay Packers,4.19,Green Bay Packers,1.2859999999999998,4.0115,1.2735,Green Bay Packers,2.7379999999999995,Green Bay Packers,2.8537599999999994,Green Bay Packers,0.0078399999999998,3.5824,2.1516,Green Bay Packers,1.4307999999999996,Same,Same,Same,Same,Same,Same,False,Away Team,Away Team,47.5,-118.0,-102.0,Chicago Bears,Green Bay Packers,-1.5,1.5,135,-164,-110,-110,2.8537599999999994,-2.8537599999999994,0.0078399999999998,-0.0078399999999998,0.505,0.5413,0.6212,0.4255,0.5238,0.5238,0.4826,0.5174,0.5935,0.4065,0.5,0.5,0.4826,0.5174,-0.0174,0.0174,,,225,17,2026-12-25,GB @ CHI,18.0,32.0,0.0,Historical Avg,False,J.Love,C.Williams,8.07,9.0,12.71,161.62,Med-Low,-1.0,17.0,42.54,42.0,12.994359603932134,26.0,60.0,0.261,0.7374,0.079,0.0802,0.2442,0.7558,0.3262,0.6738,0.4212,0.5784,137,-137,,,,,,,,No Bet,,No Bet,,No Bet,,No Bet,,No Bet,,No Bet,,No Bet,,No Bet,,No Bet,,,,,,,,,,,,,,,,,,,,,,,,,,,,,17,0.0514,-0.0031999999999999,Chicago Bears,Green Bay Packers,0,0,0,0,0,1,1,0,0,0,0,0,1,1.0,0.0,,,113.52469658961594,0.3170155498453719,0.0,0.3170155498453719,0.0,18.620757292713776,0.0,17.368336817672343,0.0,0.2231086770328205,0.0922563649510255,0.1640238454899954,0.1529917043553765,0.0,0.0,0.1529917043553765,0.0,35.98909411038612,0.3170155498453719,0.0,72.0,66.0,0.4814,0.5186,0.577,0.4228,0.733,0.2662,Chicago Bears,Green Bay Packers,Green Bay Packers,Green Bay Packers,Green Bay Packers,Same,Same,Same,False,False,0.3170155498453719,0.0
2026_16_BUF_DEN,2026,17,2026-12-25,16:30,Buffalo Bills,Denver Broncos,Home,,,,,6,5,1,-1,12,1,Empower Field at Mile High,39.7648,-105.0076,America/Denver,False,False,Christmas,16,Friday,12,1,AFC East,Highmark Stadium,42.7725,-78.7877,America/New_York,AFC West,Empower Field at Mile High,39.7648,-105.0076,America/Denver,Chicago Bears,Las Vegas Raiders,Highmark Stadium,Allegiant Stadium,Miami Dolphins,New England Patriots,Hard Rock Stadium,Gillette Stadium,1371,0,-1371,1371,2.0,0.0,America/New_York,America/Los_Angeles,2.0,-1.0,2.0,0.0,2.0,0,4.795,2.05,4.795,2.05,Buffalo Bills,2.745,Buffalo Bills,2.745,4.795,2.05,Buffalo Bills,2.745,-0.15,0,No,No,No,No,No,0,Yes,6.16,-0.48,3.416,3.499,5.8725000000000005,1.4195,5.8725000000000005,1.4195,7.237500000000001,-1.1105,4.4935,2.8685,Buffalo Bills,4.453,Buffalo Bills,4.453,5.8725000000000005,1.4195,Buffalo Bills,4.453,Buffalo Bills,6.640000000000001,Denver Broncos,0.0830000000000001,4.788,1.5095,Buffalo Bills,3.2785,Buffalo Bills,8.348,Buffalo Bills,1.625,5.865500000000001,0.879,Buffalo Bills,4.986500000000001,Same,Different,Same,Same,Same,Different,False,Away Team,Away Team,46.5,110.0,-130.0,Buffalo Bills,Denver Broncos,1.5,-1.5,302,-397,105,-128,8.348,-8.348,1.625,-1.625,0.5652,0.4762,0.7988,0.2488,0.5614,0.4878,0.5427,0.4573,0.7625,0.2375,0.5351,0.4649,0.5427,0.4573,0.0427,-0.0427,,,226,17,2026-12-25,BUF @ DEN,12.0,35.0,0.0,Historical Avg,False,J.Allen,B.Nix,3.8,5.0,14.05,197.38,High,-7.0,13.0,47.02,47.0,13.305775541942474,30.0,64.0,0.3886,0.611,0.0798,0.0852,0.407,0.593,0.5022,0.4978,0.3871,0.6128,158,-158,,,,,,,,No Bet,,No Bet,,No Bet,,No Bet,,No Bet,,No Bet,,No Bet,,No Bet,,No Bet,,,,,,,,,,,,,,,,,,,,,,,,,,,,,17,0.2779,-0.01265,Buffalo Bills,Denver Broncos,0,0,0,0,1,0,0,1,0,0,0,0,0,5.0,0.0,,,113.52469658961594,0.0023458759040208,0.2462314069437345,0.0023458759040208,0.2217076304612776,0.1217857810151454,13.65937448604363,0.1445290692257149,11.50991699367561,0.038613759921981,0.1497014057382463,0.0010727690509087,0.0012731068531121,0.1203207310513353,0.1013868994099422,0.1026600062630544,25.16929147971924,0.2663148502408603,0.0023458759040208,0.2188298986994602,72.0,66.0,0.5447,0.4553,0.612,0.3879,0.6056,0.394,Buffalo Bills,Buffalo Bills,Buffalo Bills,Buffalo Bills,Buffalo Bills,Same,Same,Same,False,False,0.0023458759040208,0.2217076304612776
2026_16_LA_SEA,2026,17,2026-12-25,20:15,Los Angeles Rams,Seattle Seahawks,Home,,,,,5,6,-1,1,-8,7,Lumen Field,47.5952,-122.3316,America/Los_Angeles,False,False,Christmas,16,Friday,-8,7,NFC West,SoFi Stadium,33.9535,-118.3395,America/Los_Angeles,NFC West,Lumen Field,47.5952,-122.3316,America/Los_Angeles,Dallas Cowboys,Philadelphia Eagles,SoFi Stadium,Lincoln Financial Field,Tampa Bay Buccaneers,Carolina Panthers,Raymond James Stadium,Bank of America Stadium,964,0,-964,964,0.0,0.0,America/Los_Angeles,America/New_York,0.0,3.0,0.0,0.0,0.0,0,1.29,-0.13,1.29,-0.13,Los Angeles Rams,1.42,Los Angeles Rams,1.42,1.29,-0.13,Los Angeles Rams,1.42,0.0,0,No,No,No,No,Yes,1,No,8.12,10.42,7.087,10.022,1.4654599999999998,0.33454,1.4654599999999998,0.33454,8.33266,10.84734,7.306009999999999,10.44299,Los Angeles Rams,1.1309199999999997,Los Angeles Rams,1.1309199999999997,1.4654599999999998,0.33454,Los Angeles Rams,1.1309199999999997,Seattle Seahawks,2.3000000000000007,Seattle Seahawks,2.9350000000000005,7.603499999999999,10.221,Seattle Seahawks,2.6175000000000006,Seattle Seahawks,2.5146799999999985,Seattle Seahawks,3.136980000000001,7.819335,10.645165,Seattle Seahawks,2.825829999999999,Different,Different,Different,Different,Same,Same,False,Home Team,Home Team,47.5,-130.0,110.0,Seattle Seahawks,Los Angeles Rams,-1.5,1.5,-142,117,-164,135,-2.5146799999999985,2.5146799999999985,-3.136980000000001,3.136980000000001,0.4762,0.5652,0.4608,0.5868,0.4255,0.6212,0.4573,0.5427,0.4399,0.5601,0.4065,0.5935,0.4573,0.5427,-0.0427,0.0427,,,227,17,2026-12-25,LA @ SEA,12.0,42.0,0.0,Historical Avg,False,M.Stafford,S.Darnold,-0.62,-1.0,13.09,171.38,Medium,-10.0,8.0,53.68,53.0,14.129601342105069,36.0,72.0,0.5272,0.4722,0.1038,0.095,0.4966,0.5034,0.6544,0.3456,0.5559,0.444,-125,125,,,,,,,,No Bet,,No Bet,,No Bet,,No Bet,,No Bet,,No Bet,,No Bet,,No Bet,,No Bet,,,,,,,,,,,,,,,,,,,,,,,,,,,,,17,0.1186,0.04375,Seattle Seahawks,Los Angeles Rams,0,0,0,0,0,1,1,0,0,0,0,0,1,2.5,1.0,,,113.52469658961594,0.0138725371704226,0.0,0.0138725371704226,0.0,0.8546849735758578,0.0,0.7201905996245437,0.0,0.1409503921974515,0.0273017007616393,0.0075286259223883,0.0063439112480342,0.0,0.0,0.0063439112480342,0.0,1.5748755732004014,0.0138725371704226,0.0,72.0,66.0,0.4889,0.5111,0.4546,0.5452,0.4832,0.516,Seattle Seahawks,Seattle Seahawks,Seattle Seahawks,Seattle Seahawks,Seattle Seahawks,Same,Same,Same,False,False,0.0138725371704226,0.0
2026_16_TB_ATL,2026,18,2026-12-27,13:00,Tampa Bay Buccaneers,Atlanta Falcons,Home,,,,,7,7,0,0,0,7,Mercedes-Benz Stadium,33.7489,-84.388,America/New_York,False,False,16,16,Sunday,0,7,NFC South,Raymond James Stadium,27.9759,-82.5033,America/New_York,NFC South,Mercedes-Benz Stadium,33.7489,-84.388,America/New_York,New Orleans Saints,Washington Commanders,Raymond James Stadium,FedExField,Los Angeles Rams,New Orleans Saints,Raymond James Stadium,Mercedes-Benz Stadium,414,0,-414,414,0.0,0.0,America/New_York,America/New_York,0.0,0.0,0.0,0.0,0.0,0,1.025,-0.71,1.025,-0.71,Tampa Bay Buccaneers,1.735,Tampa Bay Buccaneers,1.735,1.025,-0.71,Tampa Bay Buccaneers,1.735,0.0,0,No,No,No,No,No,1,No,-1.4,-0.79,-2.096,-0.101,2.852045,-1.0145449999999998,2.852045,-1.0145449999999998,0.4504950000000001,-1.117995,-0.231655,-0.4428449999999999,Tampa Bay Buccaneers,3.86659,Tampa Bay Buccaneers,3.86659,2.852045,-1.0145449999999998,Tampa Bay Buccaneers,3.86659,Atlanta Falcons,0.6099999999999999,Atlanta Falcons,1.995,-1.748,-0.4455,Atlanta Falcons,1.3025,Tampa Bay Buccaneers,1.56849,Tampa Bay Buccaneers,0.2111899999999999,0.10942,-0.7804199999999999,Tampa Bay Buccaneers,0.88984,Different,Different,Same,Same,Different,Different,False,Away Team,Away Team,45.5,105.0,-125.0,Tampa Bay Buccaneers,Atlanta Falcons,1.5,-1.5,105,-128,-110,-110,1.56849,-1.56849,0.2111899999999999,-0.2111899999999999,0.5556,0.4878,0.5614,0.4878,0.5238,0.5238,0.5325,0.4675,0.5351,0.4649,0.5,0.5,0.5325,0.4675,0.0325,-0.0325,,,228,18,2026-12-27,TB @ ATL,0.0,70.0,0.0,Dome,True,B.Mayfield,M.Penix,-4.78,-6.0,13.53,183.04,Med-High,-14.0,5.0,50.19,50.0,13.376691972891786,33.0,68.0,0.643,0.3566,0.0822,0.0816,0.663,0.337,0.626,0.374,0.5188,0.481,-108,108,,,,,,,,No Bet,,No Bet,,No Bet,,No Bet,,No Bet,,No Bet,,No Bet,,No Bet,,No Bet,,,,,,,,,,,,,,,,,,,,,,,,,,,,,18,-0.05915,-0.01265,Tampa Bay Buccaneers,Atlanta Falcons,0,0,0,0,0,0,0,0,0,0,0,0,1,2.5,3.0,,,57.35733508807853,0.9936016427032196,0.6386026934628443,0.0041035526288934,0.0098097771473341,0.1100349341899263,0.299617874426329,0.1253339089970818,0.2630448005526926,0.009236092523258,0.0114286121558401,0.0019184108540076,0.0021851417748857,0.0052237063309554,0.0045860708163787,0.0067712125912645,0.5626626749790216,0.2353688431870081,0.0041035526288934,0.0098097771473341,19.0,53.0,0.5325,0.4675,0.4791,0.5208,0.3488,0.6508,Tampa Bay Buccaneers,Atlanta Falcons,Atlanta Falcons,Atlanta Falcons,Atlanta Falcons,Same,Same,Same,False,False,0.0041035526288934,0.0098097771473341
2026_16_CLE_BAL,2026,18,2026-12-27,13:00,Cleveland Browns,Baltimore Ravens,Home,,,,,7,7,0,0,3,-6,M&T Bank Stadium,39.2789,-76.6228,America/New_York,False,True,16,16,Sunday,3,-6,AFC North,FirstEnergy Stadium,41.5061,-81.6994,America/New_York,AFC North,M&T Bank Stadium,39.2789,-76.6228,America/New_York,New York Giants,Pittsburgh Steelers,MetLife Stadium,Acrisure Stadium,Indianapolis Colts,Cincinnati Bengals,FirstEnergy Stadium,Paycor Stadium,308,0,-308,308,0.0,0.0,America/New_York,America/New_York,0.0,0.0,0.0,0.0,0.0,0,-4.705,6.69,-4.705,6.69,Baltimore Ravens,11.395,Baltimore Ravens,11.395,-4.705,6.69,Baltimore Ravens,11.395,0.0,0,No,No,No,No,No,1,No,-6.94,5.1,-7.475,2.881,-4.5859000000000005,6.448900000000001,-4.5859000000000005,6.448900000000001,-6.814450000000001,4.85245,-7.366289999999999,2.65029,Baltimore Ravens,11.0348,Baltimore Ravens,11.0348,-4.5859000000000005,6.448900000000001,Baltimore Ravens,11.0348,Baltimore Ravens,12.04,Baltimore Ravens,10.356,-7.2075,3.9905,Baltimore Ravens,11.198,Baltimore Ravens,11.666900000000002,Baltimore Ravens,10.01658,-7.09037,3.75137,Baltimore Ravens,10.84174,Same,Same,Same,Same,Same,Same,False,Home Team,Home Team,43.5,-417.0,330.0,Baltimore Ravens,Cleveland Browns,-9.75,9.75,-646,450,-483,356,-11.666900000000002,11.666900000000002,-10.01658,10.01658,0.2326,0.8066,0.1818,0.866,0.2193,0.8285,0.2238,0.7762,0.1735,0.8265,0.2093,0.7907,0.2238,0.7762,-0.2762,0.2762,,,229,18,2026-12-27,CLE @ BAL,12.0,40.0,0.0,Historical Avg,False,S.Sanders,L.Jackson,-16.77,-17.0,13.21,174.6,Medium,-25.0,-8.0,45.64,45.0,12.853962254072703,29.0,62.0,0.8926,0.1066,0.0422,0.0452,0.7238,0.2762,0.5456,0.4544,0.8215,0.1783,-460,461,,,,,,,,No Bet,,No Bet,,No Bet,,No Bet,,No Bet,,No Bet,,No Bet,,No Bet,,No Bet,,,,,,,,,,,,,,,,,,,,,,,,,,,,,18,-0.15095,0.05925,Baltimore Ravens,Cleveland Browns,0,0,0,0,0,0,0,0,0,0,0,0,1,1.5,3.5,,,57.35733508807853,0.4600444387013427,0.9348313672567696,0.3413544670089675,0.0,15.197361493793146,0.0,4.381821054252649,0.0,0.3188337542407602,0.0008452839574264,0.2649593372923605,0.0763951297166069,0.0,0.0,0.0763951297166069,0.0,19.5791825480458,0.3413544670089675,0.0,19.0,53.0,0.2238,0.7762,0.1778,0.8222,0.1044,0.8952,Baltimore Ravens,Baltimore Ravens,Baltimore Ravens,Baltimore Ravens,Baltimore Ravens,Same,Same,Same,False,False,0.3413544670089675,0.0
2026_16_CIN_IND,2026,18,2026-12-27,13:00,Cincinnati Bengals,Indianapolis Colts,Home,,,,,7,7,0,0,-7,-6,Lucas Oil Stadium,39.7601,-86.1638,America/Indiana/Indianapolis,False,True,16,16,Sunday,-7,-6,AFC North,Paycor Stadium,39.0955,-84.5165,America/New_York,AFC South,Lucas Oil Stadium,39.7601,-86.1638,America/Indiana/Indianapolis,Carolina Panthers,Tennessee Titans,Bank of America Stadium,Nissan Stadium,Baltimore Ravens,Cleveland Browns,Paycor Stadium,FirstEnergy Stadium,99,0,-99,99,0.0,0.0,America/New_York,America/Chicago,0.0,-1.0,0.0,0.0,0.0,0,1.31,-2.265,1.31,-2.265,Cincinnati Bengals,3.575,Cincinnati Bengals,3.575,1.31,-2.265,Cincinnati Bengals,3.575,0.0,0,No,No,No,No,No,0,No,-0.04,0.93,-0.609,0.288,-0.6285000000000001,-3.2265000000000006,-0.6285000000000001,-3.2265000000000006,-1.9785,-0.0314999999999999,-2.5475000000000003,-0.6735,Cincinnati Bengals,2.5980000000000008,Cincinnati Bengals,2.5980000000000008,-0.6285000000000001,-3.2265000000000006,Cincinnati Bengals,2.5980000000000008,Indianapolis Colts,0.97,Indianapolis Colts,0.897,-0.3245,0.609,Indianapolis Colts,0.9335,Indianapolis Colts,1.947,Indianapolis Colts,1.8740000000000003,-2.263,-0.3525,Indianapolis Colts,1.9105,Different,Different,Different,Different,Same,Same,False,Home Team,Home Team,52.5,105.0,-125.0,Cincinnati Bengals,Indianapolis Colts,1.5,-1.5,-131,108,-131,108,-1.947,1.947,-1.8740000000000003,1.8740000000000003,0.5556,0.4878,0.4808,0.5671,0.4808,0.5671,0.5325,0.4675,0.4588,0.5412,0.4588,0.5412,0.5325,0.4675,0.0325,-0.0325,,,230,18,2026-12-27,CIN @ IND,0.0,70.0,0.0,Dome,True,J.Burrow,D.Jones,-2.33,-3.0,13.32,177.41,Medium,-11.0,7.0,59.87,60.0,14.103579383627622,42.0,78.0,0.5696,0.43,0.1034,0.085,0.591,0.409,0.697,0.303,0.5299,0.47,-113,113,,,,,,,,No Bet,,No Bet,,No Bet,,No Bet,,No Bet,,No Bet,,No Bet,,No Bet,,No Bet,,,,,,,,,,,,,,,,,,,,,,,,,,,,,18,0.15095,0.03875,Cincinnati Bengals,Indianapolis Colts,0,0,0,0,0,0,0,0,0,0,0,0,0,4.5,3.5,,,57.35733508807853,0.612897125005391,0.470307529126514,0.000731976454576,0.0042843779759518,0.0196276222804461,0.1308568179596718,0.0223565965012568,0.1148836852509795,0.0049010152659615,0.00808725746027,0.0003421989925143,0.0003897774620617,0.0022814312721943,0.0020029467037574,0.0023927241658192,0.2457405032106514,0.041984218781703,0.000731976454576,0.0042843779759518,19.0,53.0,0.5325,0.4675,0.4718,0.528,0.4372,0.5622,Cincinnati Bengals,Indianapolis Colts,Indianapolis Colts,Indianapolis Colts,Indianapolis Colts,Same,Same,Same,False,False,0.000731976454576,0.0042843779759518
2026_16_LAC_MIA,2026,18,2026-12-27,13:00,Los Angeles Chargers,Miami Dolphins,Home,,,,,10,7,3,-3,-24,-4,Hard Rock Stadium,25.9602,-80.2384,America/New_York,False,False,16,16,Sunday,-24,-4,AFC West,SoFi Stadium,33.9535,-118.3395,America/Los_Angeles,AFC East,Hard Rock Stadium,25.9602,-80.2384,America/New_York,San Francisco 49ers,Green Bay Packers,SoFi Stadium,Lambeau Field,Kansas City Chiefs,Buffalo Bills,SoFi Stadium,Hard Rock Stadium,2331,0,-2331,2331,-3.0,0.0,America/Los_Angeles,America/Chicago,-3.0,-1.0,-3.0,0.0,-3.0,0,0.935,0.66,0.935,0.66,Los Angeles Chargers,0.275,Los Angeles Chargers,0.275,0.935,0.66,Los Angeles Chargers,0.275,-0.4499999999999999,0,No,No,No,No,No,0,No,1.12,-5.46,0.527,-3.956,-0.7055000000000001,1.3895000000000002,-0.7055000000000001,1.3895000000000002,-0.5205000000000001,-4.730499999999999,-1.1135000000000002,-3.2265,Miami Dolphins,2.095,Miami Dolphins,2.095,-0.7055000000000001,1.3895000000000002,Miami Dolphins,2.095,Los Angeles Chargers,6.58,Los Angeles Chargers,4.483,0.8235000000000001,-4.708,Los Angeles Chargers,5.5315,Los Angeles Chargers,4.209999999999999,Los Angeles Chargers,2.113,-0.8170000000000002,-3.9785,Los Angeles Chargers,3.1614999999999998,Different,Different,Different,Different,Same,Same,False,Away Team,Away Team,45.5,285.0,-357.0,Los Angeles Chargers,Miami Dolphins,7.0,-7.0,171,-211,108,-131,4.209999999999999,-4.209999999999999,2.113,-2.113,0.7812,0.2597,0.6785,0.369,0.5671,0.4808,0.7505,0.2495,0.6477,0.3523,0.5412,0.4588,0.7505,0.2495,0.2505,-0.2505,,,231,18,2026-12-27,LAC @ MIA,10.0,70.0,0.0,Historical Avg,False,J.Herbert,M.Willis,10.94,12.0,14.15,200.24,High,3.0,20.0,42.3,42.0,12.590165078001888,26.0,59.0,0.2126,0.7864,0.0592,0.062,0.3408,0.617,0.3856,0.6144,0.3183,0.6814,214,-214,,,,,,,,No Bet,,No Bet,,No Bet,,No Bet,,No Bet,,No Bet,,No Bet,,No Bet,,No Bet,,,,,,,,,,,,,,,,,,,,,,,,,,,,,18,0.0031999999999999,-0.2891,Los Angeles Chargers,Miami Dolphins,0,0,0,0,0,0,0,0,0,0,0,0,0,3.0,0.0,,,57.35733508807853,0.939862717956472,0.2800401556851127,0.0001023084854813,0.213242781415012,0.0014641014499843,9.179393770385415,0.0044040406341212,3.051643898349316,0.001086442843115,0.1382432716769943,2.5525967127587887e-05,7.678251835372629e-05,0.1600387074519665,0.0532040739630455,0.0532808564813992,12.231037668734732,0.0058681420841055,0.0001023084854813,0.213242781415012,19.0,53.0,0.7505,0.2495,0.68,0.3198,0.7808,0.2184,Los Angeles Chargers,Los Angeles Chargers,Los Angeles Chargers,Los Angeles Chargers,Los Angeles Chargers,Same,Same,Same,False,False,0.0001023084854813,0.213242781415012
2026_16_WAS_MIN,2026,18,2026-12-27,13:00,Washington Commanders,Minnesota Vikings,Home,,,,,7,7,0,0,9,4,U.S. Bank Stadium,44.9738,-93.2575,America/Chicago,False,False,16,16,Sunday,9,4,NFC East,FedExField,38.9077,-76.8645,America/New_York,NFC North,U.S. Bank Stadium,44.9738,-93.2575,America/Chicago,Atlanta Falcons,Detroit Lions,FedExField,U.S. Bank Stadium,Jacksonville Jaguars,New York Jets,TIAA Bank Field,MetLife Stadium,938,0,-938,938,1.0,0.0,America/New_York,America/Chicago,1.0,0.0,1.0,0.0,1.0,0,1.45,0.27,1.45,0.27,Washington Commanders,1.18,Washington Commanders,1.18,1.45,0.27,Washington Commanders,1.18,0.0,0,No,No,No,No,No,0,No,-5.43,-0.75,-1.427,2.721,2.528,-0.94,2.528,-0.94,-4.351999999999999,-1.96,-0.3490000000000001,1.5110000000000003,Washington Commanders,3.468,Washington Commanders,3.468,2.528,-0.94,Washington Commanders,3.468,Minnesota Vikings,4.68,Minnesota Vikings,4.148,-3.4285,0.9855,Minnesota Vikings,4.414,Minnesota Vikings,2.3919999999999995,Minnesota Vikings,1.8600000000000003,-2.3505,-0.2244999999999998,Minnesota Vikings,2.126,Different,Different,Different,Different,Same,Same,False,Home Team,Home Team,46.5,-143.0,120.0,Minnesota Vikings,Washington Commanders,-2.5,2.5,-142,117,-131,108,-2.3919999999999995,2.3919999999999995,-1.8600000000000003,1.8600000000000003,0.4545,0.5885,0.4608,0.5868,0.4808,0.5671,0.4358,0.5642,0.4399,0.5601,0.4588,0.5412,0.4358,0.5642,-0.0642,0.0642,,,232,18,2026-12-27,WAS @ MIN,0.0,70.0,0.0,Dome,True,J.Daniels,K.Murray,-7.69,-8.0,13.22,174.73,Medium,-17.0,2.0,49.13,49.0,13.318062364962532,33.0,67.0,0.7262,0.2736,0.0812,0.0882,0.6938,0.3062,0.5688,0.4312,0.5979,0.402,-149,149,,,,,,,,No Bet,,No Bet,,No Bet,,No Bet,,No Bet,,No Bet,,No Bet,,No Bet,,No Bet,,,,,,,,,,,,,,,,,,,,,,,,,,,,,18,-0.0743,0.0775,Minnesota Vikings,Washington Commanders,0,0,0,0,0,0,0,0,0,0,0,0,0,2.5,4.0,,,57.35733508807853,0.5024420170824121,0.6761188518172284,0.0092023629547881,0.0003451910701361,0.297797745401467,0.0086285087393612,0.230025270198439,0.0111707311398523,0.0138881160460432,0.002151117202269,0.0051919731790914,0.0040103897756966,0.0001504342683653,0.0001947568017708,0.0042051465774675,0.0197992398792136,0.5278230155999061,0.0092023629547881,0.0003451910701361,19.0,53.0,0.4486,0.5514,0.4032,0.5966,0.2654,0.7336,Minnesota Vikings,Minnesota Vikings,Minnesota Vikings,Minnesota Vikings,Minnesota Vikings,Same,Same,Same,False,False,0.0092023629547881,0.0003451910701361
2026_16_ARI_NO,2026,18,2026-12-27,13:00,Arizona Cardinals,New Orleans Saints,Home,,,,,7,7,0,0,1,-7,Caesars Superdome,29.9507,-90.0813,America/Chicago,False,False,16,16,Sunday,1,-7,NFC West,State Farm Stadium,33.5277,-112.262608,America/Denver,NFC South,Caesars Superdome,29.9507,-90.0813,America/Chicago,New York Jets,Tampa Bay Buccaneers,State Farm Stadium,Raymond James Stadium,Las Vegas Raiders,Atlanta Falcons,State Farm Stadium,Mercedes-Benz Stadium,1323,0,-1323,1323,-1.0,0.0,America/Denver,America/New_York,-1.0,1.0,-1.0,0.0,-1.0,0,0.075,-6.145,0.075,-6.145,Arizona Cardinals,6.22,Arizona Cardinals,6.22,0.075,-6.145,Arizona Cardinals,6.22,0.0,0,No,No,No,No,No,0,No,-4.4,-4.37,-3.837,-4.865,0.9675,-7.473999999999999,0.9675,-7.473999999999999,-3.5075000000000007,-5.699,-2.944500000000001,-6.194,Arizona Cardinals,8.4415,Arizona Cardinals,8.4415,0.9675,-7.473999999999999,Arizona Cardinals,8.4415,New Orleans Saints,0.0300000000000002,Arizona Cardinals,1.028,-4.1185,-4.6175,Arizona Cardinals,0.4989999999999996,Arizona Cardinals,2.191499999999999,Arizona Cardinals,3.2494999999999994,-3.226000000000001,-5.9465,Arizona Cardinals,2.7204999999999995,Different,Same,Same,Same,Different,Same,False,Away Team,Away Team,44.5,-250.0,205.0,New Orleans Saints,Arizona Cardinals,-5.5,5.5,108,-131,135,-164,2.191499999999999,-2.191499999999999,3.2494999999999994,-3.2494999999999994,0.3279,0.7143,0.5671,0.4808,0.6212,0.4255,0.3146,0.6854,0.5412,0.4588,0.5935,0.4065,0.3146,0.6854,-0.1854,0.1854,,,233,18,2026-12-27,ARI @ NO,0.0,70.0,0.0,Dome,True,J.Brissett,T.Shough,-0.62,-2.0,13.44,180.52,Med-High,-10.0,9.0,45.61,45.0,12.96180338955278,29.0,63.0,0.5212,0.4782,0.0918,0.094,0.3898,0.6102,0.5092,0.4908,0.518,0.4819,-107,108,,,,,,,,No Bet,,No Bet,,No Bet,,No Bet,,No Bet,,No Bet,,No Bet,,No Bet,,No Bet,,,,,,,,,,,,,,,,,,,,,,,,,,,,,18,-0.1574,-0.0261,New Orleans Saints,Arizona Cardinals,0,0,0,0,0,0,0,0,0,0,0,0,0,1.5,3.0,,,57.35733508807853,0.8945892112413683,0.9965792375827834,0.2133573623307615,1.1790265969543696e-06,8.387657705319025,2.1275084104329928e-05,3.849952019395048,4.635073949493876e-05,0.2392905217180415,0.0018765243201956,0.1462351361415039,0.0671222261892575,3.7092176740184476e-07,8.081048295525249e-07,0.0671230342940871,6.762582359926868e-05,12.237609724714074,0.2133573623307615,1.1790265969543696e-06,19.0,53.0,0.3146,0.6854,0.4768,0.5227,0.458,0.5402,New Orleans Saints,New Orleans Saints,New Orleans Saints,New Orleans Saints,New Orleans Saints,Same,Same,Same,False,False,0.2133573623307615,1.1790265969543696e-06
2026_16_NE_NYJ,2026,18,2026-12-27,13:00,New England Patriots,New York Jets,Home,,,,,6,7,-1,1,10,-9,MetLife Stadium,40.8136,-74.0744,America/New_York,False,True,16,16,Sunday,10,-9,AFC East,Gillette Stadium,42.0628,-71.2687,America/New_York,AFC East,MetLife Stadium,40.8136,-74.0744,America/New_York,Kansas City Chiefs,Arizona Cardinals,GEHA Field at Arrowhead Stadium,State Farm Stadium,Denver Broncos,Minnesota Vikings,Gillette Stadium,MetLife Stadium,169,0,-169,169,0.0,0.0,America/Chicago,America/Denver,-1.0,-2.0,0.0,0.0,0.0,0,-1.995,-3.725,-1.995,-3.725,New England Patriots,1.73,New England Patriots,1.73,-1.995,-3.725,New England Patriots,1.73,0.0,0,No,No,No,No,Yes,1,No,5.09,-9.26,4.222,-6.95,-1.626475,-3.192025,-1.626475,-3.192025,5.332325,-8.600825,4.496105000000001,-6.322605,New England Patriots,1.5655499999999996,New England Patriots,1.5655499999999996,-1.626475,-3.192025,New England Patriots,1.5655499999999996,New England Patriots,14.35,New England Patriots,11.172,4.656000000000001,-8.105,New England Patriots,12.761,New England Patriots,13.93315,New England Patriots,10.81871,4.914215,-7.461715,New England Patriots,12.37593,Same,Same,Same,Same,Same,Same,False,Away Team,Away Team,40.5,225.0,-278.0,New England Patriots,New York Jets,6.5,-6.5,573,-890,406,-567,13.93315,-13.93315,10.81871,-10.81871,0.7354,0.3077,0.899,0.1486,0.8501,0.1976,0.705,0.295,0.8582,0.1418,0.8114,0.1886,0.705,0.295,0.205,-0.205,,,234,18,2026-12-27,NE @ NYJ,15.0,38.0,0.0,Historical Avg,False,D.Maye,G.Smith,14.71,14.0,12.55,157.43,Low,7.0,23.0,44.95,44.0,12.836109659169963,29.0,61.0,0.119,0.8806,0.0526,0.0604,0.2358,0.7642,0.6208,0.3792,0.1861,0.8138,437,-437,,,,,,,,No Bet,,No Bet,,No Bet,,No Bet,,No Bet,,No Bet,,No Bet,,No Bet,,No Bet,,,,,,,,,,,,,,,,,,,,,,,,,,,,,18,0.18455,-0.2089,New England Patriots,New York Jets,0,0,0,0,0,0,0,0,0,0,0,0,1,5.0,1.0,,,57.35733508807853,0.9325228104798304,0.2600050901798379,0.0,0.0503337201882793,0.0,2.035340678823447,0.0,0.8516673762452723,0.0016487801140149,0.069253809711739,0.0,0.0,0.0354852727327369,0.0148484474555423,0.0148484474555423,2.887008055068719,0.0,0.0,0.0503337201882793,19.0,53.0,0.7002,0.2998,0.8117,0.1881,0.877,0.1222,New England Patriots,New England Patriots,New England Patriots,New England Patriots,New England Patriots,Same,Same,Same,False,False,0.0,0.0503337201882793
2026_16_CAR_PIT,2026,18,2026-12-27,13:00,Carolina Panthers,Pittsburgh Steelers,Home,,,,,7,7,0,0,10,-3,Acrisure Stadium,40.4468,-80.0158,America/New_York,False,False,16,16,Sunday,10,-3,NFC South,Bank of America Stadium,35.2258,-80.8528,America/New_York,AFC North,Acrisure Stadium,40.4468,-80.0158,America/New_York,Cincinnati Bengals,Baltimore Ravens,Bank of America Stadium,Acrisure Stadium,Seattle Seahawks,Tennessee Titans,Bank of America Stadium,Nissan Stadium,363,0,-363,363,0.0,0.0,America/New_York,America/New_York,0.0,0.0,0.0,0.0,0.0,0,-5.25,-0.565,-5.25,-0.565,Pittsburgh Steelers,4.6850000000000005,Pittsburgh Steelers,4.6850000000000005,-5.25,-0.565,Pittsburgh Steelers,4.6850000000000005,0.0,0,No,No,No,No,No,0,No,-3.79,0.59,-4.367,0.538,-3.1465,0.4940000000000001,-3.1465,0.4940000000000001,-1.6865,1.649,-2.2635,1.597,Pittsburgh Steelers,3.6405,Pittsburgh Steelers,3.6405,-3.1465,0.4940000000000001,Pittsburgh Steelers,3.6405,Pittsburgh Steelers,4.38,Pittsburgh Steelers,4.905,-4.0785,0.5640000000000001,Pittsburgh Steelers,4.6425,Pittsburgh Steelers,3.3355,Pittsburgh Steelers,3.8605,-1.975,1.623,Pittsburgh Steelers,3.598,Same,Same,Same,Same,Same,Same,False,Home Team,Home Team,41.5,-192.0,160.0,Pittsburgh Steelers,Carolina Panthers,-3.5,3.5,-191,156,-211,171,-3.3355,3.3355,-3.8605,3.8605,0.3846,0.6575,0.3906,0.6564,0.369,0.6785,0.3691,0.6309,0.3731,0.6269,0.3523,0.6477,0.3691,0.6309,-0.1309,0.1309,,,235,18,2026-12-27,CAR @ PIT,12.0,35.0,0.0,Historical Avg,False,B.Young,A.Rodgers,-8.73,-9.0,13.52,182.75,Med-High,-18.0,1.0,45.67,45.5,13.079097415259188,29.0,63.0,0.7408,0.2588,0.076,0.0842,0.6728,0.3272,0.6174,0.3826,0.6616,0.3383,-196,196,,,,,,,,No Bet,,No Bet,,No Bet,,No Bet,,No Bet,,No Bet,,No Bet,,No Bet,,No Bet,,,,,,,,,,,,,,,,,,,,,,,,,,,,,18,-0.06445,-0.0687,Pittsburgh Steelers,Carolina Panthers,0,0,0,0,0,0,0,0,0,0,0,0,0,2.5,2.5,,,57.35733508807853,0.6955998926315381,0.9430349324357864,0.1008825788872742,0.0001044843097792,3.65061192581936,0.0022119947325474,2.1357439559675475,0.0037809468349071,0.0601928846788189,0.0025510300503056,0.0636468190199813,0.0372357598672929,3.856515873951834e-05,6.591915103972397e-05,0.0373016790183326,0.0059929415674546,5.786355881786907,0.1008825788872742,0.0001044843097792,19.0,53.0,0.3691,0.6309,0.3344,0.6654,0.243,0.756,Pittsburgh Steelers,Pittsburgh Steelers,Pittsburgh Steelers,Pittsburgh Steelers,Pittsburgh Steelers,Same,Same,Same,False,False,0.1008825788872742,0.0001044843097792
2026_16_TEN_LV,2026,18,2026-12-27,16:05,Tennessee Titans,Las Vegas Raiders,Home,,,,,7,7,0,0,5,-13,Allegiant Stadium,36.108,-115.1578,America/Los_Angeles,False,False,16,16,Sunday,5,-13,AFC South,Nissan Stadium,36.1664,-86.7716,America/Chicago,AFC West,Allegiant Stadium,36.108,-115.1578,America/Los_Angeles,Indianapolis Colts,Denver Broncos,Nissan Stadium,Allegiant Stadium,Pittsburgh Steelers,Arizona Cardinals,Nissan Stadium,State Farm Stadium,1577,0,-1577,1577,2.0,0.0,America/Chicago,America/Los_Angeles,2.0,0.0,2.0,0.0,2.0,0,-4.36,-2.35,-4.36,-2.35,Las Vegas Raiders,2.01,Las Vegas Raiders,2.01,-4.36,-2.35,Las Vegas Raiders,2.01,-0.15,0,No,No,No,No,No,0,No,-8.19,-8.15,-8.36,-7.588,-2.4440000000000004,-2.9715,-2.4440000000000004,-2.9715,-6.273999999999999,-8.771500000000001,-6.443999999999999,-8.2095,Tennessee Titans,0.5274999999999994,Tennessee Titans,0.5274999999999994,-2.4440000000000004,-2.9715,Tennessee Titans,0.5274999999999994,Las Vegas Raiders,0.0399999999999991,Las Vegas Raiders,0.7719999999999994,-8.274999999999999,-7.869,Las Vegas Raiders,0.4059999999999988,Tennessee Titans,2.4975000000000023,Tennessee Titans,1.7655000000000012,-6.358999999999999,-8.4905,Tennessee Titans,2.1315000000000017,Different,Different,Same,Same,Different,Different,False,Away Team,Away Team,42.5,-125.0,105.0,Las Vegas Raiders,Tennessee Titans,-1.5,1.5,117,-142,108,-131,2.4975000000000023,-2.4975000000000023,1.7655000000000012,-1.7655000000000012,0.4878,0.5556,0.5868,0.4608,0.5671,0.4808,0.4675,0.5325,0.5601,0.4399,0.5412,0.4588,0.4675,0.5325,-0.0325,0.0325,,,236,18,2026-12-27,TEN @ LV,0.0,70.0,0.0,Dome,True,C.Ward,K.Cousins,-4.14,-5.0,12.22,149.28,Low,-13.0,5.0,40.56,40.0,11.842754161309989,26.0,56.0,0.6468,0.3512,0.0946,0.0914,0.627,0.373,0.4296,0.5704,0.5195,0.48,-108,108,,,,,,,,No Bet,,No Bet,,No Bet,,No Bet,,No Bet,,No Bet,,No Bet,,No Bet,,No Bet,,,,,,,,,,,,,,,,,,,,,,,,,,,,,18,-0.1249,-0.1089,Las Vegas Raiders,Tennessee Titans,0,0,0,0,0,0,0,0,0,0,0,0,0,1.5,2.0,,,57.35733508807853,0.9146875898126196,0.9593747707287088,0.0115679818667878,0.0060988242819043,0.3533183360104347,0.1635372539808836,0.3101902762157338,0.1862750539996161,0.0217348164212734,0.0066454095454692,0.0061599503440645,0.0054080315227233,0.0028512003517903,0.003247623930114,0.0086556554528374,0.3498123079804997,0.6635086122261685,0.0115679818667878,0.0060988242819043,19.0,53.0,0.4675,0.5325,0.4788,0.521,0.3464,0.6526,Las Vegas Raiders,Las Vegas Raiders,Las Vegas Raiders,Las Vegas Raiders,Las Vegas Raiders,Same,Same,Same,False,False,0.0115679818667878,0.0060988242819043
2026_16_SF_KC,2026,18,2026-12-27,16:25,San Francisco 49ers,Kansas City Chiefs,Home,,,,,10,6,4,-4,3,-2,GEHA Field at Arrowhead Stadium,39.0489,-94.4839,America/Chicago,False,True,16,16,Sunday,3,-2,NFC West,Levi's Stadium,37.4031,-121.9702,America/Los_Angeles,AFC West,GEHA Field at Arrowhead Stadium,39.0489,-94.4839,America/Chicago,Los Angeles Chargers,New England Patriots,SoFi Stadium,GEHA Field at Arrowhead Stadium,Philadelphia Eagles,Los Angeles Chargers,Levi's Stadium,SoFi Stadium,1490,0,-1490,1490,-2.0,0.0,America/Los_Angeles,America/Chicago,-2.0,0.0,-2.0,0.0,-2.0,0,3.325,4.395,3.325,4.395,Kansas City Chiefs,1.0699999999999994,Kansas City Chiefs,1.0699999999999994,3.325,4.395,Kansas City Chiefs,1.0699999999999994,-0.3,0,No,No,No,No,No,0,Yes,3.57,-2.17,2.606,0.625,4.984500000000001,1.7814999999999994,4.984500000000001,1.7814999999999994,5.2295,-4.7835,4.265499999999999,-1.9885,San Francisco 49ers,3.203000000000001,San Francisco 49ers,3.203000000000001,4.984500000000001,1.7814999999999994,San Francisco 49ers,3.203000000000001,San Francisco 49ers,5.74,San Francisco 49ers,1.981,3.088,-0.7725,San Francisco 49ers,3.8605,San Francisco 49ers,10.013,San Francisco 49ers,6.254,4.7475,-3.386,San Francisco 49ers,8.1335,Different,Different,Same,Same,Same,Same,False,Away Team,Away Team,46.5,-154.0,130.0,Kansas City Chiefs,San Francisco 49ers,-2.75,2.75,356,-483,224,-282,10.013,-10.013,6.254,-6.254,0.4348,0.6063,0.8285,0.2193,0.7382,0.3086,0.4176,0.5824,0.7907,0.2093,0.7052,0.2948,0.4176,0.5824,-0.0824,0.0824,,,237,18,2026-12-27,SF @ KC,10.0,60.0,0.0,Historical Avg,False,B.Purdy,P.Mahomes,6.62,7.0,12.42,154.38,Low,-3.0,14.0,56.04,55.0,13.563577717110542,39.0,74.0,0.293,0.7056,0.0916,0.0908,0.2532,0.7468,0.751,0.249,0.3449,0.6548,190,-190,,,,,,,,No Bet,,No Bet,,No Bet,,No Bet,,No Bet,,No Bet,,No Bet,,No Bet,,No Bet,,,,,,,,,,,,,,,,,,,,,,,,,,,,,18,0.1523,0.114,Kansas City Chiefs,San Francisco 49ers,0,0,0,0,0,0,0,0,0,0,0,0,0,4.5,4.5,,,57.35733508807853,0.0764057000871484,0.194797276087464,0.0028733291164569,1.3095954613621e-06,0.095983306153834,3.136798462331535e-05,0.0688231947971172,4.374692108385742e-05,0.011747900930354,0.003296220153576,0.0016734268774245,0.0011999022390324,5.46887064664813e-07,7.627083966972869e-07,0.0012006649474291,7.511490570717277e-05,0.1648065009509512,0.0028733291164569,1.3095954613621e-06,19.0,53.0,0.4072,0.5928,0.6553,0.3442,0.718,0.28,Kansas City Chiefs,San Francisco 49ers,San Francisco 49ers,San Francisco 49ers,San Francisco 49ers,Same,Same,Same,False,False,0.0028733291164569,1.3095954613621e-06
2026_16_JAX_DAL,2026,18,2026-12-27,20:20,Jacksonville Jaguars,Dallas Cowboys,Home,,,,,7,7,0,0,-3,11,AT&T Stadium,32.7369,-97.0826,America/Chicago,False,True,16,16,Sunday,-3,11,AFC South,TIAA Bank Field,30.3239,-81.6554,America/New_York,NFC East,AT&T Stadium,32.7369,-97.0826,America/Chicago,Houston Texans,Los Angeles Rams,NRG Stadium,SoFi Stadium,Washington Commanders,New York Giants,TIAA Bank Field,AT&T Stadium,922,0,-922,922,1.0,0.0,America/Chicago,America/Los_Angeles,0.0,-2.0,0.0,0.0,0.0,0,-1.825,-0.615,-1.825,-0.615,Dallas Cowboys,1.21,Dallas Cowboys,1.21,-1.825,-0.615,Dallas Cowboys,1.21,0.0,0,No,No,No,No,No,0,No,5.41,-1.01,3.85,-3.616,-1.118,-0.0749999999999999,-1.118,-0.0749999999999999,6.117,-0.47,4.557,-3.076,Dallas Cowboys,1.043,Dallas Cowboys,1.043,-1.118,-0.0749999999999999,Dallas Cowboys,1.043,Jacksonville Jaguars,6.42,Jacksonville Jaguars,7.466,4.63,-2.313,Jacksonville Jaguars,6.943,Jacksonville Jaguars,6.587,Jacksonville Jaguars,7.633,5.337,-1.7729999999999997,Jacksonville Jaguars,7.109999999999999,Different,Different,Different,Different,Same,Same,False,Away Team,Away Team,51.5,-161.0,136.0,Dallas Cowboys,Jacksonville Jaguars,-3.0,3.0,224,-282,268,-346,6.587,-6.587,7.633,-7.633,0.4237,0.6169,0.7382,0.3086,0.7758,0.2717,0.4072,0.5928,0.7052,0.2948,0.7406,0.2594,0.4072,0.5928,-0.0928,0.0928,,,238,18,2026-12-27,JAX @ DAL,0.0,70.0,0.0,Dome,True,T.Lawrence,D.Prescott,7.39,8.0,13.15,172.98,Medium,-3.0,16.0,61.93,61.0,14.17087176433801,44.0,81.0,0.2872,0.712,0.0802,0.0796,0.2188,0.7482,0.7604,0.2396,0.3586,0.6413,179,-179,,,,,,,,No Bet,,No Bet,,No Bet,,No Bet,,No Bet,,No Bet,,No Bet,,No Bet,,No Bet,,,,,,,,,,,,,,,,,,,,,,,,,,,,,18,0.0482,0.0916,Dallas Cowboys,Jacksonville Jaguars,0,0,0,0,0,0,0,0,0,0,0,0,0,3.5,4.0,,,57.35733508807853,0.190558699898248,0.4389809294864777,0.010734811306099,2.6036373433819514e-05,0.3649989162965528,0.0006081031125765,0.2507212528946631,0.0008852738829454,0.0335418836434757,0.0015040009140823,0.0063635961422555,0.0043712151638435,1.0602011262251309e-05,1.543436217156821e-05,0.004386649526015,0.0014933769955219,0.6157201691912159,0.010734811306099,2.6036373433819514e-05,19.0,53.0,0.4072,0.5928,0.6422,0.3576,0.716,0.2834,Dallas Cowboys,Jacksonville Jaguars,Jacksonville Jaguars,Jacksonville Jaguars,Jacksonville Jaguars,Same,Same,Same,False,False,0.010734811306099,2.6036373433819514e-05
2026_16_NYG_DET,2026,18,2026-12-28,20:15,New York Giants,Detroit Lions,Home,,,,,8,8,0,0,4,3,Ford Field,42.3395,-83.045,America/Detroit,False,False,16,16,Monday,4,3,NFC East,MetLife Stadium,40.8136,-74.0744,America/New_York,NFC North,Ford Field,42.3395,-83.045,America/Detroit,Cleveland Browns,Minnesota Vikings,MetLife Stadium,U.S. Bank Stadium,Dallas Cowboys,Chicago Bears,AT&T Stadium,Soldier Field,475,0,-475,475,0.0,0.0,America/New_York,America/Chicago,0.0,-1.0,0.0,0.0,0.0,0,-2.84,4.305,-2.84,4.305,Detroit Lions,7.145,Detroit Lions,7.145,-2.84,4.305,Detroit Lions,7.145,0.0,0,No,No,No,No,No,0,No,-3.53,3.98,-5.014,3.658,-1.5979999999999996,3.621,-1.5979999999999996,3.621,-2.288,3.296,-3.772,2.974,Detroit Lions,5.218999999999999,Detroit Lions,5.218999999999999,-1.5979999999999996,3.621,Detroit Lions,5.218999999999999,Detroit Lions,7.51,Detroit Lions,8.672,-4.272,3.819,Detroit Lions,8.091000000000001,Detroit Lions,5.584,Detroit Lions,6.746,-3.03,3.135,Detroit Lions,6.164999999999999,Same,Same,Same,Same,Same,Same,False,Home Team,Home Team,49.5,-204.0,170.0,Detroit Lions,New York Giants,-4.5,4.5,-244,195,-282,224,-5.584,5.584,-6.746,6.746,0.3704,0.6711,0.339,0.7093,0.3086,0.7382,0.3556,0.6444,0.3234,0.6766,0.2948,0.7052,0.3556,0.6444,-0.1444,0.1444,,,239,18,2026-12-28,NYG @ DET,0.0,70.0,0.0,Dome,True,J.Dart,J.Goff,-9.37,-10.0,13.38,179.12,Medium,-18.0,-1.0,54.56,54.0,13.734885218828545,37.0,72.0,0.7576,0.2414,0.0764,0.08,0.6614,0.3386,0.6356,0.3644,0.696,0.3038,-229,229,,,,,,,,No Bet,,No Bet,,No Bet,,No Bet,,No Bet,,No Bet,,No Bet,,No Bet,,No Bet,,,,,,,,,,,,,,,,,,,,,,,,,,,,,18,-0.11975,-0.03875,Detroit Lions,New York Giants,0,0,0,0,0,0,0,0,0,0,0,0,0,2.0,2.5,,,57.35733508807853,0.0208150494021159,0.5784528890080438,0.0208150494021159,2.653817390855773e-05,0.7693464299556287,0.0005412797167521,0.4245493334764457,0.0009808792167466,0.0359677402093155,0.0020475142173996,0.0134132178347235,0.0074018315673924,9.43697464188313e-06,1.71011992666746e-05,0.0074189327666591,0.0015221589334988,1.1938957634320744,0.0208150494021159,2.653817390855773e-05,19.0,53.0,0.3556,0.6444,0.3056,0.6942,0.2486,0.7504,Detroit Lions,Detroit Lions,Detroit Lions,Detroit Lions,Detroit Lions,Same,Same,Same,False,False,0.0208150494021159,2.653817390855773e-05
2026_17_BAL_CIN,2026,19,2026-12-31,20:15,Baltimore Ravens,Cincinnati Bengals,Home,,,,,4,4,0,0,-6,-7,Paycor Stadium,39.0955,-84.5165,America/New_York,False,False,17,17,Thursday,-6,-7,AFC North,M&T Bank Stadium,39.2789,-76.6228,America/New_York,AFC North,Paycor Stadium,39.0955,-84.5165,America/New_York,Cleveland Browns,Indianapolis Colts,M&T Bank Stadium,Lucas Oil Stadium,Pittsburgh Steelers,Cleveland Browns,M&T Bank Stadium,Paycor Stadium,422,0,-422,422,0.0,0.0,America/New_York,America/Indiana/Indianapolis,0.0,0.0,0.0,0.0,0.0,0,6.69,1.31,6.69,1.31,Baltimore Ravens,5.380000000000001,Baltimore Ravens,5.380000000000001,6.69,1.31,Baltimore Ravens,5.380000000000001,0.0,0,No,No,No,No,No,1,No,5.1,-0.04,2.881,-0.609,6.181800000000001,2.5852,6.181800000000001,2.5852,4.5942,1.2328,2.3917,0.6473,Baltimore Ravens,3.596600000000001,Baltimore Ravens,3.596600000000001,6.181800000000001,2.5852,Baltimore Ravens,3.596600000000001,Baltimore Ravens,5.14,Baltimore Ravens,3.49,3.9905,-0.3245,Baltimore Ravens,4.315,Baltimore Ravens,3.3614,Baltimore Ravens,1.7443999999999995,3.49295,0.94005,Baltimore Ravens,2.5528999999999997,Same,Same,Same,Same,Same,Same,True,Away Team,Away Team,51.5,-135.0,114.0,Cincinnati Bengals,Baltimore Ravens,-2.5,2.5,156,-191,105,-128,3.3614,-3.3614,1.7443999999999995,-1.7443999999999995,0.4673,0.5745,0.6564,0.3906,0.5614,0.4878,0.4486,0.5514,0.6269,0.3731,0.5351,0.4649,0.4486,0.5514,-0.0514,0.0514,,,240,19,2026-12-31,BAL @ CIN,12.0,38.0,0.0,Historical Avg,False,L.Jackson,J.Burrow,5.07,6.0,13.69,187.44,Med-High,-5.0,14.0,55.93,55.0,13.775187657487638,39.0,74.0,0.3638,0.6358,0.0856,0.079,0.3258,0.6742,0.6084,0.3916,0.4383,0.5616,128,-128,,,,,,,,No Bet,,No Bet,,No Bet,,No Bet,,No Bet,,No Bet,,No Bet,,No Bet,,No Bet,,,,,,,,,,,,,,,,,,,,,,,,,,,,,19,0.1699,0.2505,Cincinnati Bengals,Baltimore Ravens,0,0,0,0,0,0,0,0,0,0,0,0,1,4.0,4.5,,,41.06899144161552,0.4671212610111721,0.0899997660582851,0.0301300682814794,0.000253692223118,0.6823087101359956,0.0046739112457814,0.555102806251374,0.0057449724942574,0.0256160197729111,0.0045627789338185,0.0166137196504077,0.0135163486310716,0.0001138063312907,0.0001398858918272,0.0136562345228989,0.0104188837400388,1.2374115163873696,0.0301293048124478,0.0002535354273994,8.0,11.0,0.4486,0.5514,0.5616,0.4382,0.6358,0.3634,Cincinnati Bengals,Baltimore Ravens,Baltimore Ravens,Baltimore Ravens,Baltimore Ravens,Same,Same,Same,False,False,0.0301300682814794,0.000253692223118
2026_17_NO_ATL,2026,19,2027-01-03,13:00,New Orleans Saints,Atlanta Falcons,Home,,,,,7,7,0,0,-7,7,Mercedes-Benz Stadium,33.7489,-84.388,America/New_York,False,False,17,17,Sunday,-7,7,NFC South,Caesars Superdome,29.9507,-90.0813,America/Chicago,NFC South,Mercedes-Benz Stadium,33.7489,-84.388,America/New_York,Arizona Cardinals,Tampa Bay Buccaneers,Caesars Superdome,Mercedes-Benz Stadium,Tampa Bay Buccaneers,Carolina Panthers,Caesars Superdome,Bank of America Stadium,424,0,-424,424,-1.0,0.0,America/Chicago,America/New_York,-1.0,0.0,-1.0,0.0,-1.0,0,-6.145,-0.71,-6.145,-0.71,Atlanta Falcons,5.435,Atlanta Falcons,5.435,-6.145,-0.71,Atlanta Falcons,5.435,0.0,0,No,No,No,No,No,1,No,-4.37,-0.79,-4.865,-0.101,-5.545629999999999,-1.0993699999999995,-5.545629999999999,-1.0993699999999995,-3.78918,-1.16082,-4.27234,-0.48366,Atlanta Falcons,4.44626,Atlanta Falcons,4.44626,-5.545629999999999,-1.0993699999999995,Atlanta Falcons,4.44626,Atlanta Falcons,3.58,Atlanta Falcons,4.764,-4.6175,-0.4455,Atlanta Falcons,4.172,Atlanta Falcons,2.62836,Atlanta Falcons,3.78868,-4.03076,-0.82224,Atlanta Falcons,3.20852,Same,Same,Same,Same,Same,Same,False,Home Team,Home Team,44.5,-122.0,102.0,Atlanta Falcons,New Orleans Saints,-1.5,1.5,-142,117,-211,171,-2.62836,2.62836,-3.78868,3.78868,0.495,0.5495,0.4608,0.5868,0.369,0.6785,0.4739,0.5261,0.4399,0.5601,0.3523,0.6477,0.4739,0.5261,-0.0261,0.0261,,,241,19,2027-01-03,NO @ ATL,0.0,70.0,0.0,Dome,True,T.Shough,M.Penix,-7.27,-7.0,12.82,164.37,Med-Low,-16.0,2.0,44.62,44.0,13.22903312655512,28.900000000000038,62.0,0.7188,0.2802,0.08,0.0864,0.6994,0.3006,0.4782,0.5218,0.6132,0.3866,-159,159,,,,,,,,No Bet,,No Bet,,No Bet,,No Bet,,No Bet,,No Bet,,No Bet,,No Bet,,No Bet,,,,,,,,,,,,,,,,,,,,,,,,,,,,,19,-0.0261,-0.0514,Atlanta Falcons,New Orleans Saints,0,0,0,0,0,0,0,0,0,0,0,0,1,2.5,2.0,,,41.06899144161552,0.9909223722773473,0.6903558611908056,0.1614555746359961,0.0054712681433451,3.488473146160811,0.1064850762520573,3.1423444667660294,0.1182143883017669,0.0320126000318099,0.0138999786262259,0.0849417778159975,0.0765137968199985,0.0025928339731312,0.0028784341702138,0.0793922309902124,0.2246994645538243,6.63081761292684,0.1614541254712915,0.0054700715787788,8.0,11.0,0.4739,0.5261,0.3853,0.6144,0.275,0.7236,Atlanta Falcons,Atlanta Falcons,Atlanta Falcons,Atlanta Falcons,Atlanta Falcons,Same,Same,Same,False,False,0.1614555746359961,0.0054712681433451
2026_17_SEA_CAR,2026,19,2027-01-03,13:00,Seattle Seahawks,Carolina Panthers,Home,,,,,9,7,2,-2,9,8,Bank of America Stadium,35.2258,-80.8528,America/New_York,False,False,17,17,Sunday,9,8,NFC West,Lumen Field,47.5952,-122.3316,America/Los_Angeles,NFC South,Bank of America Stadium,35.2258,-80.8528,America/New_York,Los Angeles Rams,Pittsburgh Steelers,Lumen Field,Acrisure Stadium,Los Angeles Rams,Atlanta Falcons,SoFi Stadium,Bank of America Stadium,2279,0,-2279,2279,-3.0,0.0,America/Los_Angeles,America/New_York,-3.0,0.0,-3.0,0.0,-3.0,0,-0.13,-5.25,-0.13,-5.25,Seattle Seahawks,5.12,Seattle Seahawks,5.12,-0.13,-5.25,Seattle Seahawks,5.12,-0.4499999999999999,0,No,No,No,No,No,0,No,10.42,-3.79,10.022,-4.367,-0.2329999999999999,-6.6035,-0.2329999999999999,-6.6035,10.317,-5.1435,9.919,-5.7205,Seattle Seahawks,6.370500000000001,Seattle Seahawks,6.370500000000001,-0.2329999999999999,-6.6035,Seattle Seahawks,6.370500000000001,Seattle Seahawks,14.21,Seattle Seahawks,14.389,10.221,-4.0785,Seattle Seahawks,14.2995,Seattle Seahawks,15.4605,Seattle Seahawks,15.6395,10.118,-5.432,Seattle Seahawks,15.55,Same,Same,Same,Same,Same,Same,False,Away Team,Away Team,42.5,200.0,-244.0,Seattle Seahawks,Carolina Panthers,5.5,-5.5,702,-1197,702,-1197,15.4605,-15.4605,15.6395,-15.6395,0.7093,0.3333,0.9229,0.1247,0.9229,0.1247,0.6803,0.3197,0.881,0.119,0.881,0.119,0.6803,0.3197,0.1803,-0.1803,,,242,19,2027-01-03,SEA @ CAR,8.0,45.0,0.0,Historical Avg,False,S.Darnold,B.Young,17.06,17.0,13.13,172.44,Medium,8.0,26.0,48.33,48.0,13.155210073214873,32.0,66.0,0.0984,0.901,0.042,0.054,0.1708,0.8292,0.6656,0.3344,0.164,0.8358,510,-509,,,,,,,,No Bet,,No Bet,,No Bet,,No Bet,,No Bet,,No Bet,,No Bet,,No Bet,,No Bet,,,,,,,,,,,,,,,,,,,,,,,,,,,,,19,-0.0928,0.0514,Seattle Seahawks,Carolina Panthers,0,0,0,0,0,0,0,0,0,0,0,0,0,2.0,3.0,,,41.06899144161552,0.9429810719767172,0.0,0.0019413352522688,0.0,0.0254892592711767,0.0,0.0542394215895575,0.0,0.0041951462414113,0.1097442890471,0.0006206448801503,0.0013206903721184,0.0,0.0,0.0013206903721184,0.0,0.0797286808607342,0.0019396911580435,0.0,8.0,11.0,0.6803,0.3197,0.8373,0.1627,0.9068,0.0932,Seattle Seahawks,Seattle Seahawks,Seattle Seahawks,Seattle Seahawks,Seattle Seahawks,Same,Same,Same,False,False,0.0019413352522688,0.0
2026_17_IND_CLE,2026,19,2027-01-03,13:00,Indianapolis Colts,Cleveland Browns,Home,,,,,7,7,0,0,-6,3,FirstEnergy Stadium,41.5061,-81.6994,America/New_York,False,False,17,17,Sunday,-6,3,AFC South,Lucas Oil Stadium,39.7601,-86.1638,America/Indiana/Indianapolis,AFC North,FirstEnergy Stadium,41.5061,-81.6994,America/New_York,Cincinnati Bengals,Baltimore Ravens,Lucas Oil Stadium,M&T Bank Stadium,Jacksonville Jaguars,Cincinnati Bengals,Lucas Oil Stadium,Paycor Stadium,263,0,-263,263,0.0,0.0,America/Indiana/Indianapolis,America/New_York,0.0,0.0,0.0,0.0,0.0,0,-2.265,-4.705,-2.265,-4.705,Indianapolis Colts,2.44,Indianapolis Colts,2.44,-2.265,-4.705,Indianapolis Colts,2.44,0.0,0,No,No,No,No,No,0,No,0.93,-6.94,0.288,-7.475,-1.9035000000000004,-4.411499999999999,-1.9035000000000004,-4.411499999999999,1.2915,-6.6465,0.6495,-7.181499999999999,Indianapolis Colts,2.507999999999999,Indianapolis Colts,2.507999999999999,-1.9035000000000004,-4.411499999999999,Indianapolis Colts,2.507999999999999,Indianapolis Colts,7.87,Indianapolis Colts,7.763,0.609,-7.2075,Indianapolis Colts,7.8165,Indianapolis Colts,7.938,Indianapolis Colts,7.830999999999999,0.9705,-6.914,Indianapolis Colts,7.8845,Same,Same,Same,Same,Same,Same,False,Away Team,Away Team,43.5,114.0,-135.0,Indianapolis Colts,Cleveland Browns,2.5,-2.5,282,-366,282,-366,7.938,-7.938,7.830999999999999,-7.830999999999999,0.5745,0.4673,0.7854,0.2618,0.7854,0.2618,0.5514,0.4486,0.75,0.25,0.75,0.25,0.5514,0.4486,0.0514,-0.0514,,,243,19,2027-01-03,IND @ CLE,10.0,60.0,0.0,Historical Avg,False,D.Jones,S.Sanders,14.31,14.0,13.6,184.92,Med-High,6.0,23.0,47.65,47.0,13.072722104161876,32.0,65.0,0.1438,0.8552,0.0496,0.0508,0.1692,0.8308,0.5976,0.4024,0.2731,0.7266,266,-266,,,,,,,,No Bet,,No Bet,,No Bet,,No Bet,,No Bet,,No Bet,,No Bet,,No Bet,,No Bet,,,,,,,,,,,,,,,,,,,,,,,,,,,,,19,0.0261,-0.2505,Indianapolis Colts,Cleveland Browns,0,0,0,0,0,0,0,0,0,0,0,0,0,2.5,0.5,,,41.06899144161552,0.9348313672567696,0.612419206712502,0.0092486124793919,0.0881425258101222,0.1703922703818675,1.99602644546945,0.2094389163811006,1.623898192668834,0.0069072046552367,0.0633488005782183,0.0041489275582552,0.0050996849211367,0.0486017887317013,0.0395407370784208,0.0446404219995575,3.619924638138284,0.3798311867629681,0.0092469953901206,0.0881416098442709,8.0,11.0,0.5514,0.4486,0.7282,0.2716,0.8612,0.138,Indianapolis Colts,Indianapolis Colts,Indianapolis Colts,Indianapolis Colts,Indianapolis Colts,Same,Same,Same,False,False,0.0092486124793919,0.0881425258101222
2026_17_NYG_DAL,2026,19,2027-01-03,13:00,New York Giants,Dallas Cowboys,Home,,,,,6,7,-1,1,3,12,AT&T Stadium,32.7369,-97.0826,America/Chicago,False,True,17,17,Sunday,3,12,NFC East,MetLife Stadium,40.8136,-74.0744,America/New_York,NFC East,AT&T Stadium,32.7369,-97.0826,America/Chicago,Detroit Lions,Jacksonville Jaguars,Ford Field,AT&T Stadium,Philadelphia Eagles,Washington Commanders,MetLife Stadium,FedExField,1384,0,-1384,1384,1.0,0.0,America/Detroit,America/Chicago,1.0,0.0,1.0,0.0,1.0,0,-2.84,-0.615,-2.84,-0.615,Dallas Cowboys,2.225,Dallas Cowboys,2.225,-2.84,-0.615,Dallas Cowboys,2.225,0.0,0,No,No,No,No,Yes,1,No,-3.53,-1.01,-5.014,-3.616,-1.6805199999999998,0.03252,-1.6805199999999998,0.03252,-2.36757,-0.36543,-3.86279,-2.96021,Dallas Cowboys,1.71304,Dallas Cowboys,1.71304,-1.6805199999999998,0.03252,Dallas Cowboys,1.71304,Dallas Cowboys,2.52,Dallas Cowboys,1.398,-4.272,-2.313,Dallas Cowboys,1.959,Dallas Cowboys,2.00214,Dallas Cowboys,0.9025800000000004,-3.11518,-1.6628199999999995,Dallas Cowboys,1.45236,Same,Same,Same,Same,Same,Same,False,Home Team,Home Team,49.5,-217.0,180.0,Dallas Cowboys,New York Giants,-4.5,4.5,-131,108,-122,101,-2.00214,2.00214,-0.9025800000000004,0.9025800000000004,0.3571,0.6845,0.4808,0.5671,0.4975,0.5495,0.3429,0.6571,0.4588,0.5412,0.4752,0.5248,0.3429,0.6571,-0.1571,0.1571,,,244,19,2027-01-03,NYG @ DAL,0.0,70.0,0.0,Dome,True,J.Dart,D.Prescott,-2.58,-3.0,13.14,172.58,Medium,-12.0,7.0,57.01,57.0,13.917883594022022,39.0,75.0,0.5764,0.4224,0.09,0.089,0.4674,0.5326,0.6952,0.3048,0.5749,0.4248,-135,135,,,,,,,,No Bet,,No Bet,,No Bet,,No Bet,,No Bet,,No Bet,,No Bet,,No Bet,,No Bet,,,,,,,,,,,,,,,,,,,,,,,,,,,,,19,-0.0824,0.0261,Dallas Cowboys,New York Giants,0,0,0,0,0,0,0,0,0,0,0,0,1,2.0,2.5,,,41.06899144161552,0.1816712423911544,0.5784397092415642,0.1376428485247496,0.0001968207545613,3.7144896853138847,0.0027717395274331,1.9383632827486392,0.005311490357178,0.1157842830788233,0.0031552031607449,0.090445115765613,0.0471977327591366,6.748983673907675e-05,0.0001293309178222,0.0473270636769588,0.0080832298846111,5.652852968062524,0.1376427716025695,0.0001958105041365,8.0,11.0,0.3429,0.6571,0.4215,0.5783,0.4092,0.59,Dallas Cowboys,Dallas Cowboys,Dallas Cowboys,Dallas Cowboys,Dallas Cowboys,Same,Same,Same,False,False,0.1376428485247496,0.0001968207545613
2026_17_WAS_JAX,2026,19,2027-01-03,13:00,Washington Commanders,Jacksonville Jaguars,Home,,,,,7,7,0,0,9,-3,TIAA Bank Field,30.3239,-81.6554,America/New_York,False,True,17,17,Sunday,9,-3,NFC East,FedExField,38.9077,-76.8645,America/New_York,AFC South,TIAA Bank Field,30.3239,-81.6554,America/New_York,Minnesota Vikings,Dallas Cowboys,U.S. Bank Stadium,AT&T Stadium,Dallas Cowboys,Indianapolis Colts,FedExField,Lucas Oil Stadium,652,0,-652,652,0.0,0.0,America/Chicago,America/Chicago,-1.0,-1.0,0.0,0.0,0.0,0,1.45,-1.825,1.45,-1.825,Washington Commanders,3.275,Washington Commanders,3.275,1.45,-1.825,Washington Commanders,3.275,0.0,0,No,No,No,No,No,0,No,-5.43,5.41,-1.427,3.85,2.453,-2.832,2.453,-2.832,-4.427,4.403,-0.424,2.843,Washington Commanders,5.285,Washington Commanders,5.285,2.453,-2.832,Washington Commanders,5.285,Jacksonville Jaguars,10.84,Jacksonville Jaguars,5.277,-3.4285,4.63,Jacksonville Jaguars,8.058499999999999,Jacksonville Jaguars,8.829999999999998,Jacksonville Jaguars,3.267,-2.4255,3.623,Jacksonville Jaguars,6.0485,Different,Different,Different,Different,Same,Same,False,Home Team,Home Team,48.5,-185.0,154.0,Jacksonville Jaguars,Washington Commanders,-3.5,3.5,-416,314,-191,156,-8.829999999999998,8.829999999999998,-3.267,3.267,0.3937,0.6491,0.2415,0.8062,0.3906,0.6564,0.3775,0.6225,0.2305,0.7695,0.3731,0.6269,0.3775,0.6225,-0.1225,0.1225,,,245,19,2027-01-03,WAS @ JAX,10.0,60.0,0.0,Historical Avg,False,J.Daniels,T.Lawrence,-4.15,-5.0,13.59,184.56,Med-High,-13.0,5.0,54.16,54.0,14.006362541299852,37.0,72.0,0.6272,0.3718,0.093,0.0808,0.5366,0.4634,0.6498,0.3502,0.6615,0.3382,-195,196,,,,,,,,No Bet,,No Bet,,No Bet,,No Bet,,No Bet,,No Bet,,No Bet,,No Bet,,No Bet,,,,,,,,,,,,,,,,,,,,,,,,,,,,,19,-0.0261,-0.0261,Jacksonville Jaguars,Washington Commanders,0,0,0,0,0,0,0,0,0,0,0,0,0,2.5,2.5,,,41.06899144161552,0.4389661226190279,0.6759087539200929,0.1454196208466524,0.0003528192028288,3.7177176345863536,0.0054699481300845,2.2545195294077884,0.0090199806913314,0.0998707217254873,0.0034371900051966,0.0905237139770411,0.0548959068696112,0.0001331892490678,0.0002196299537609,0.0551155368233722,0.0144899288214159,5.972237163994143,0.1454191079904046,0.0003516389363982,8.0,11.0,0.3775,0.6225,0.3389,0.6611,0.3744,0.6256,Jacksonville Jaguars,Jacksonville Jaguars,Jacksonville Jaguars,Jacksonville Jaguars,Jacksonville Jaguars,Same,Same,Same,False,False,0.1454196208466524,0.0003528192028288
2026_17_KC_LAC,2026,19,2027-01-03,13:00,Kansas City Chiefs,Los Angeles Chargers,Home,,,,,7,7,0,0,-2,-24,SoFi Stadium,33.9535,-118.3395,America/Los_Angeles,False,False,17,17,Sunday,-2,-24,AFC West,GEHA Field at Arrowhead Stadium,39.0489,-94.4839,America/Chicago,AFC West,SoFi Stadium,33.9535,-118.3395,America/Los_Angeles,San Francisco 49ers,Miami Dolphins,GEHA Field at Arrowhead Stadium,Hard Rock Stadium,Las Vegas Raiders,Denver Broncos,GEHA Field at Arrowhead Stadium,Empower Field at Mile High,1366,0,-1366,1366,2.0,0.0,America/Chicago,America/New_York,2.0,3.0,2.0,0.0,2.0,0,4.395,0.935,4.395,0.935,Kansas City Chiefs,3.4599999999999995,Kansas City Chiefs,3.4599999999999995,4.395,0.935,Kansas City Chiefs,3.4599999999999995,-0.15,0,No,No,No,No,No,1,No,-2.17,1.12,0.625,0.527,6.415919999999999,-0.2069200000000001,6.415919999999999,-0.2069200000000001,-0.0815800000000001,-0.08942,2.67954,-0.6485400000000001,Kansas City Chiefs,6.622839999999999,Kansas City Chiefs,6.622839999999999,6.415919999999999,-0.2069200000000001,Kansas City Chiefs,6.622839999999999,Los Angeles Chargers,3.29,Kansas City Chiefs,0.0979999999999999,-0.7725,0.8235000000000001,Los Angeles Chargers,1.596,Kansas City Chiefs,0.0078399999999999,Kansas City Chiefs,3.32808,1.2989799999999998,-0.3689800000000001,Kansas City Chiefs,1.66796,Different,Same,Same,Same,Different,Same,False,Away Team,Away Team,45.5,-125.0,105.0,Los Angeles Chargers,Kansas City Chiefs,-1.5,1.5,-110,-110,156,-191,0.0078399999999999,-0.0078399999999999,3.32808,-3.32808,0.4878,0.5556,0.5238,0.5238,0.6564,0.3906,0.4675,0.5325,0.5,0.5,0.6269,0.3731,0.4675,0.5325,-0.0325,0.0325,,,246,19,2027-01-03,KC @ LAC,0.0,70.0,0.0,Dome,True,P.Mahomes,J.Herbert,-4.93,-6.0,12.87,165.64,Med-Low,-14.0,5.0,43.18,43.0,12.552458876442056,27.0,60.0,0.656,0.3434,0.0848,0.0802,0.6376,0.3624,0.4182,0.5818,0.5154,0.4844,-106,106,,,,,,,,No Bet,,No Bet,,No Bet,,No Bet,,No Bet,,No Bet,,No Bet,,No Bet,,No Bet,,,,,,,,,,,,,,,,,,,,,,,,,,,,,19,0.2605,-0.0261,Los Angeles Chargers,Kansas City Chiefs,0,0,0,0,0,0,0,0,0,0,0,0,1,4.5,2.5,,,41.06899144161552,0.05652860967028,0.0740685765595282,0.0045509464972498,0.000813333058536,0.0995257318126734,0.0156157942364444,0.0873770509341311,0.0177869741837575,0.0161625190986458,0.0067271937458162,0.0024233790097855,0.0021275674874643,0.0003802332048656,0.0004330998536704,0.0025606673411347,0.0334027684202019,0.1869027827468045,0.00455085568687,0.000813205074012,8.0,11.0,0.4675,0.5325,0.4852,0.5144,0.3464,0.6518,Los Angeles Chargers,Los Angeles Chargers,Los Angeles Chargers,Los Angeles Chargers,Los Angeles Chargers,Same,Same,Same,False,False,0.0045509464972498,0.000813333058536
2026_17_BUF_MIA,2026,19,2027-01-03,13:00,Buffalo Bills,Miami Dolphins,Home,,,,,9,7,2,-2,14,-6,Hard Rock Stadium,25.9602,-80.2384,America/New_York,False,True,17,17,Sunday,14,-6,AFC East,Highmark Stadium,42.7725,-78.7877,America/New_York,AFC East,Hard Rock Stadium,25.9602,-80.2384,America/New_York,Denver Broncos,Los Angeles Chargers,Empower Field at Mile High,Hard Rock Stadium,New York Jets,New England Patriots,Highmark Stadium,Gillette Stadium,1164,0,-1164,1164,0.0,0.0,America/Denver,America/New_York,-2.0,0.0,0.0,0.0,0.0,0,4.795,0.66,4.795,0.66,Buffalo Bills,4.135,Buffalo Bills,4.135,4.795,0.66,Buffalo Bills,4.135,0.0,0,No,No,No,No,No,1,No,6.16,-5.46,3.416,-3.956,6.00067,1.41133,6.00067,1.41133,7.290820000000001,-4.63382,4.5893,-3.1722999999999995,Buffalo Bills,4.58934,Buffalo Bills,4.58934,6.00067,1.41133,Buffalo Bills,4.58934,Buffalo Bills,11.62,Buffalo Bills,7.372,4.788,-4.708,Buffalo Bills,9.496,Buffalo Bills,11.92464,Buffalo Bills,7.7616,5.940060000000001,-3.90306,Buffalo Bills,9.84312,Same,Same,Same,Same,Same,Same,False,Away Team,Away Team,47.5,300.0,-385.0,Buffalo Bills,Miami Dolphins,7.5,-7.5,458,-660,282,-366,11.92464,-11.92464,7.7616,-7.7616,0.7938,0.25,0.8684,0.1792,0.7854,0.2618,0.7605,0.2395,0.8289,0.1711,0.75,0.25,0.7605,0.2395,0.2605,-0.2605,,,247,19,2027-01-03,BUF @ MIA,10.0,68.0,0.0,Historical Avg,False,J.Allen,M.Willis,15.63,16.0,14.48,209.67,High,7.0,25.0,51.31,50.0,13.018050613219849,35.0,68.0,0.143,0.8568,0.0464,0.0478,0.274,0.726,0.5894,0.4106,0.2009,0.799,398,-398,,,,,,,,No Bet,,No Bet,,No Bet,,No Bet,,No Bet,,No Bet,,No Bet,,No Bet,,No Bet,,,,,,,,,,,,,,,,,,,,,,,,,,,,,19,0.2953,-0.3177,Buffalo Bills,Miami Dolphins,0,0,0,0,0,0,0,0,0,0,0,0,1,5.0,0.0,,,41.06899144161552,0.9398270681535772,0.0080861990977258,0.0004534775500451,0.001785373516633,0.0044604158164135,0.0557625138976029,0.014163449805355,0.0175609757770886,0.0020147114350268,0.1275524144251854,0.0001086078732358,0.0003448696768093,0.0013577765593994,0.0004275969572336,0.0007724666340429,0.0733234896746916,0.0186238656217686,0.0004518363667502,0.0017853625084359,8.0,11.0,0.7605,0.2395,0.7988,0.2012,0.8556,0.1444,Buffalo Bills,Buffalo Bills,Buffalo Bills,Buffalo Bills,Buffalo Bills,Same,Same,Same,False,False,0.0004534775500451,0.001785373516633
2026_17_DEN_NE,2026,19,2027-01-03,13:00,Denver Broncos,New England Patriots,Home,,,,,9,7,2,-2,3,8,Gillette Stadium,42.0628,-71.2687,America/New_York,False,False,17,17,Sunday,3,8,AFC West,Empower Field at Mile High,39.7648,-105.0076,America/Denver,AFC East,Gillette Stadium,42.0628,-71.2687,America/New_York,Buffalo Bills,New York Jets,Empower Field at Mile High,MetLife Stadium,Los Angeles Chargers,Miami Dolphins,Empower Field at Mile High,Gillette Stadium,1756,0,-1756,1756,-2.0,0.0,America/Denver,America/New_York,-2.0,0.0,-2.0,0.0,-2.0,0,2.05,-1.995,2.05,-1.995,Denver Broncos,4.045,Denver Broncos,4.045,2.05,-1.995,Denver Broncos,4.045,-0.3,0,No,No,No,No,No,0,No,-0.48,5.09,3.499,4.222,2.4805,-1.7545000000000002,2.4805,-1.7545000000000002,-0.0494999999999999,5.3305,3.9295,4.4625,Denver Broncos,4.235,Denver Broncos,4.235,2.4805,-1.7545000000000002,Denver Broncos,4.235,New England Patriots,5.57,New England Patriots,0.7230000000000003,1.5095,4.656000000000001,New England Patriots,3.1465000000000005,New England Patriots,5.38,New England Patriots,0.5330000000000004,1.94,4.8965,New England Patriots,2.9565,Different,Different,Different,Different,Same,Same,False,Home Team,Home Team,42.5,-135.0,114.0,New England Patriots,Denver Broncos,-2.5,2.5,-244,195,-116,-104,-5.38,5.38,-0.5330000000000004,0.5330000000000004,0.4673,0.5745,0.339,0.7093,0.5098,0.537,0.4486,0.5514,0.3234,0.6766,0.487,0.513,0.4486,0.5514,-0.0514,0.0514,,,248,19,2027-01-03,DEN @ NE,15.0,30.0,0.0,Historical Avg,False,B.Nix,D.Maye,-0.08,0.0,13.45,180.95,Med-High,-10.0,10.0,41.8,41.0,12.972341975575045,26.0,59.0,0.4992,0.4996,0.0966,0.096,0.4634,0.5366,0.4718,0.5282,0.5601,0.4396,-127,127,,,,,,,,No Bet,,No Bet,,No Bet,,No Bet,,No Bet,,No Bet,,No Bet,,No Bet,,No Bet,,,,,,,,,,,,,,,,,,,,,,,,,,,,,19,0.0261,0.3177,New England Patriots,Denver Broncos,0,0,0,0,0,0,0,0,0,0,0,0,0,2.5,5.0,,,41.06899144161552,0.2104460285282529,0.0002225941855076,0.019844068859718,0.0002225941855076,0.4493777080434577,0.0041009750086257,0.3655981861231323,0.0050407436909412,0.0251028580273049,0.0067172425526879,0.0109420195692485,0.0089020492904695,9.98557516187316e-05,0.0001227384338889,0.0090247877243584,0.009141718699567,0.81497589416659,0.0198437358582846,0.0002225941855076,8.0,11.0,0.4486,0.5514,0.4415,0.5582,0.507,0.492,New England Patriots,Denver Broncos,New England Patriots,Denver Broncos,New England Patriots,Same,Same,Same,False,False,0.019844068859718,0.0002225941855076
2026_17_MIN_NYJ,2026,19,2027-01-03,13:00,Minnesota Vikings,New York Jets,Home,,,,,7,7,0,0,4,-9,MetLife Stadium,40.8136,-74.0744,America/New_York,False,False,17,17,Sunday,4,-9,NFC North,U.S. Bank Stadium,44.9738,-93.2575,America/Chicago,AFC East,MetLife Stadium,40.8136,-74.0744,America/New_York,Washington Commanders,New England Patriots,U.S. Bank Stadium,MetLife Stadium,Chicago Bears,Buffalo Bills,U.S. Bank Stadium,Highmark Stadium,1009,0,-1009,1009,-1.0,0.0,America/Chicago,America/New_York,-1.0,0.0,-1.0,0.0,-1.0,0,0.27,-3.725,0.27,-3.725,Minnesota Vikings,3.995,Minnesota Vikings,3.995,0.27,-3.725,Minnesota Vikings,3.995,0.0,0,No,No,No,No,No,0,No,-0.75,-9.26,2.721,-6.95,1.805,-3.283,1.805,-3.283,0.7849999999999999,-8.818,4.256,-6.508,Minnesota Vikings,5.088,Minnesota Vikings,5.088,1.805,-3.283,Minnesota Vikings,5.088,Minnesota Vikings,8.51,Minnesota Vikings,9.671,0.9855,-8.105,Minnesota Vikings,9.0905,Minnesota Vikings,9.603,Minnesota Vikings,10.764,2.5205,-7.663,Minnesota Vikings,10.1835,Same,Same,Same,Same,Same,Same,False,Away Team,Away Team,39.5,154.0,-185.0,Minnesota Vikings,New York Jets,3.5,-3.5,327,-436,406,-567,9.603,-9.603,10.764,-10.764,0.6491,0.3937,0.8134,0.2342,0.8501,0.1976,0.6225,0.3775,0.7765,0.2235,0.8114,0.1886,0.6225,0.3775,0.1225,-0.1225,,,249,19,2027-01-03,MIN @ NYJ,15.0,34.0,0.0,Historical Avg,False,K.Murray,G.Smith,16.62,17.0,12.31,151.62,Low,8.0,25.0,44.04,43.0,12.372494371119862,29.0,60.0,0.0852,0.914,0.0476,0.0538,0.1362,0.8638,0.637,0.363,0.2187,0.7811,357,-357,,,,,,,,No Bet,,No Bet,,No Bet,,No Bet,,No Bet,,No Bet,,No Bet,,No Bet,,No Bet,,,,,,,,,,,,,,,,,,,,,,,,,,,,,19,0.0325,-0.2953,Minnesota Vikings,New York Jets,0,0,0,0,0,0,0,0,0,0,0,0,0,3.0,0.0,,,41.06899144161552,0.9325228104798304,0.4951908590931825,0.0025278153371211,0.1768353605103399,0.039190096983445,4.520875067340406,0.0646247294627669,2.74157484003374,0.0035993189916324,0.0950299919151349,0.0009542502897632,0.0015735650473579,0.1100800119176866,0.0667553485926533,0.0683289136400112,7.262449907374147,0.1038148264462119,0.0025261905392072,0.1768348043101962,8.0,11.0,0.6225,0.3775,0.7779,0.2219,0.9012,0.098,Minnesota Vikings,Minnesota Vikings,Minnesota Vikings,Minnesota Vikings,Minnesota Vikings,Same,Same,Same,False,False,0.0025278153371211,0.1768353605103399
2026_17_LA_TB,2026,19,2027-01-03,13:00,Los Angeles Rams,Tampa Bay Buccaneers,Home,,,,,9,7,2,-2,-6,-2,Raymond James Stadium,27.9759,-82.5033,America/New_York,False,True,17,17,Sunday,-6,-2,NFC West,SoFi Stadium,33.9535,-118.3395,America/Los_Angeles,NFC South,Raymond James Stadium,27.9759,-82.5033,America/New_York,Seattle Seahawks,Atlanta Falcons,Lumen Field,Mercedes-Benz Stadium,Seattle Seahawks,New Orleans Saints,SoFi Stadium,Caesars Superdome,2150,0,-2150,2150,-3.0,0.0,America/Los_Angeles,America/New_York,-3.0,0.0,-3.0,0.0,-3.0,0,1.29,1.025,1.29,1.025,Los Angeles Rams,0.2650000000000001,Los Angeles Rams,0.2650000000000001,1.29,1.025,Los Angeles Rams,0.2650000000000001,-0.4499999999999999,0,No,No,No,No,No,0,No,8.12,-1.4,7.087,-2.096,1.177,-1.0915,1.177,-1.0915,8.007,-3.5165,6.974,-4.2125,Los Angeles Rams,2.2685000000000004,Los Angeles Rams,2.2685000000000004,1.177,-1.0915,Los Angeles Rams,2.2685000000000004,Los Angeles Rams,9.52,Los Angeles Rams,9.183,7.603499999999999,-1.748,Los Angeles Rams,9.3515,Los Angeles Rams,11.5235,Los Angeles Rams,11.1865,7.4905,-3.8645,Los Angeles Rams,11.355,Same,Same,Same,Same,Same,Same,False,Away Team,Away Team,48.5,170.0,-204.0,Los Angeles Rams,Tampa Bay Buccaneers,4.5,-4.5,450,-646,406,-567,11.5235,-11.5235,11.1865,-11.1865,0.6711,0.3704,0.866,0.1818,0.8501,0.1976,0.6444,0.3556,0.8265,0.1735,0.8114,0.1886,0.6444,0.3556,0.1444,-0.1444,,,250,19,2027-01-03,LA @ TB,10.0,68.0,0.0,Historical Avg,False,M.Stafford,B.Mayfield,12.39,12.0,13.08,170.99,Medium,5.0,21.0,58.62,58.0,13.915759103630892,40.0,77.0,0.159,0.8404,0.059,0.068,0.2478,0.7522,0.7664,0.2336,0.2192,0.7807,356,-356,,,,,,,,No Bet,,No Bet,,No Bet,,No Bet,,No Bet,,No Bet,,No Bet,,No Bet,,No Bet,,,,,,,,,,,,,,,,,,,,,,,,,,,,,19,0.0928,0.0261,Los Angeles Rams,Tampa Bay Buccaneers,0,0,0,0,0,0,0,0,0,0,0,0,0,3.0,2.5,,,41.06899144161552,0.6313072166588358,0.0,0.0004025888636971,0.0,0.0058794614533309,0.0,0.0106544571443377,0.0,0.0035257681868901,0.0633385340496175,0.0001431605999307,0.0002594282637664,0.0,0.0,0.0002594282637664,0.0,0.0165339185976687,0.0004014866077404,0.0,8.0,11.0,0.6571,0.3429,0.7818,0.2181,0.8322,0.1674,Los Angeles Rams,Los Angeles Rams,Los Angeles Rams,Los Angeles Rams,Los Angeles Rams,Same,Same,Same,False,False,0.0004025888636971,0.0
2026_17_PIT_TEN,2026,19,2027-01-03,13:00,Pittsburgh Steelers,Tennessee Titans,Home,,,,,7,7,0,0,-3,5,Nissan Stadium,36.1664,-86.7716,America/Chicago,False,False,17,17,Sunday,-3,5,AFC North,Acrisure Stadium,40.4468,-80.0158,America/New_York,AFC South,Nissan Stadium,36.1664,-86.7716,America/Chicago,Carolina Panthers,Las Vegas Raiders,Acrisure Stadium,Allegiant Stadium,Baltimore Ravens,Houston Texans,M&T Bank Stadium,NRG Stadium,470,0,-470,470,1.0,0.0,America/New_York,America/Los_Angeles,1.0,-2.0,1.0,0.0,1.0,0,-0.565,-4.36,-0.565,-4.36,Pittsburgh Steelers,3.795,Pittsburgh Steelers,3.795,-0.565,-4.36,Pittsburgh Steelers,3.795,0.0,0,No,No,No,No,No,0,No,0.59,-8.19,0.538,-8.36,-1.849,-5.776,-1.849,-5.776,-0.6940000000000002,-9.606,-0.7460000000000001,-9.776,Pittsburgh Steelers,3.927,Pittsburgh Steelers,3.927,-1.849,-5.776,Pittsburgh Steelers,3.927,Pittsburgh Steelers,8.78,Pittsburgh Steelers,8.898,0.5640000000000001,-8.274999999999999,Pittsburgh Steelers,8.838999999999999,Pittsburgh Steelers,8.911999999999999,Pittsburgh Steelers,9.03,-0.7200000000000002,-9.691,Pittsburgh Steelers,8.970999999999998,Same,Same,Same,Same,Same,Same,False,Away Team,Away Team,42.5,105.0,-125.0,Pittsburgh Steelers,Tennessee Titans,1.5,-1.5,314,-416,314,-416,8.911999999999999,-8.911999999999999,9.03,-9.03,0.5556,0.4878,0.8062,0.2415,0.8062,0.2415,0.5325,0.4675,0.7695,0.2305,0.7695,0.2305,0.5325,0.4675,0.0325,-0.0325,,,251,19,2027-01-03,PIT @ TEN,10.0,40.0,0.0,Historical Avg,False,A.Rodgers,C.Ward,14.11,14.0,12.94,167.35,Med-Low,6.0,23.0,47.95,47.0,12.859957765978416,32.0,64.0,0.1356,0.8636,0.0552,0.052,0.1482,0.8518,0.6634,0.3366,0.266,0.7338,276,-276,,,,,,,,No Bet,,No Bet,,No Bet,,No Bet,,No Bet,,No Bet,,No Bet,,No Bet,,No Bet,,,,,,,,,,,,,,,,,,,,,,,,,,,,,19,-0.1699,-0.2173,Pittsburgh Steelers,Tennessee Titans,0,0,0,0,0,0,0,0,0,0,0,0,0,1.0,1.0,,,41.06899144161552,0.9553927578221254,0.6067101537391394,0.0061300202817843,0.0581776159453397,0.1176948783538553,1.2723001260453404,0.1340588721356747,1.1169958853074118,0.0132350041746603,0.0193594104111941,0.0028657844817341,0.0032642358000501,0.0309795804908934,0.0271980354544463,0.0304622712544964,2.389296011352752,0.2517537504895301,0.0061283618211219,0.0581766576019854,8.0,11.0,0.5325,0.4675,0.7325,0.2674,0.8586,0.141,Pittsburgh Steelers,Pittsburgh Steelers,Pittsburgh Steelers,Pittsburgh Steelers,Pittsburgh Steelers,Same,Same,Same,False,False,0.0061300202817843,0.0581776159453397
2026_17_LV_ARI,2026,19,2027-01-03,16:05,Las Vegas Raiders,Arizona Cardinals,Home,,,,,7,7,0,0,-13,1,State Farm Stadium,33.5277,-112.262608,America/Denver,False,False,17,17,Sunday,-13,1,AFC West,Allegiant Stadium,36.108,-115.1578,America/Los_Angeles,NFC West,State Farm Stadium,33.5277,-112.262608,America/Denver,Tennessee Titans,New Orleans Saints,Allegiant Stadium,Caesars Superdome,Kansas City Chiefs,San Francisco 49ers,GEHA Field at Arrowhead Stadium,State Farm Stadium,242,0,-242,242,-1.0,0.0,America/Los_Angeles,America/Chicago,-1.0,1.0,-1.0,0.0,-1.0,0,-2.35,0.075,-2.35,0.075,Arizona Cardinals,2.4250000000000003,Arizona Cardinals,2.4250000000000003,-2.35,0.075,Arizona Cardinals,2.4250000000000003,0.0,0,No,No,No,No,No,0,No,-8.15,-4.4,-7.588,-3.837,-3.1035000000000004,-0.7925,-3.1035000000000004,-0.7925,-8.9035,-5.2675,-8.3415,-4.7045,Arizona Cardinals,2.3110000000000004,Arizona Cardinals,2.3110000000000004,-3.1035000000000004,-0.7925,Arizona Cardinals,2.3110000000000004,Arizona Cardinals,3.75,Arizona Cardinals,3.751,-7.869,-4.1185,Arizona Cardinals,3.7505,Arizona Cardinals,3.6359999999999992,Arizona Cardinals,3.637,-8.622499999999999,-4.986000000000001,Arizona Cardinals,3.636499999999998,Same,Same,Same,Same,Same,Same,False,Home Team,Home Team,42.5,110.0,-130.0,Las Vegas Raiders,Arizona Cardinals,1.5,-1.5,-191,156,-191,156,-3.6359999999999992,3.6359999999999992,-3.637,3.637,0.5652,0.4762,0.3906,0.6564,0.3906,0.6564,0.5427,0.4573,0.3731,0.6269,0.3731,0.6269,0.5427,0.4573,0.0427,-0.0427,,,252,19,2027-01-03,LV @ ARI,0.0,70.0,0.0,Dome,True,K.Cousins,J.Brissett,-0.62,-1.0,12.6,158.8,Low,-10.0,9.0,41.29,41.0,12.304805768845023,26.0,57.0,0.5096,0.4888,0.0952,0.0986,0.534,0.466,0.4526,0.5474,0.5552,0.4444,-125,125,,,,,,,,No Bet,,No Bet,,No Bet,,No Bet,,No Bet,,No Bet,,No Bet,,No Bet,,No Bet,,,,,,,,,,,,,,,,,,,,,,,,,,,,,19,-0.2605,-0.2721,Las Vegas Raiders,Arizona Cardinals,0,0,0,0,0,0,0,0,0,0,0,0,0,0.5,0.5,,,41.06899144161552,0.9965787195499964,0.9060845459196932,0.0103930157640843,0.1305237715158351,0.1951896678914045,2.909132308937395,0.2316410075763508,2.4513473463738173,0.0103025508329569,0.0577461918496637,0.0047527261089157,0.0056402896551685,0.0708352508016437,0.0596885207141914,0.0653288103693599,5.360479655311212,0.4268306754677554,0.0103912927951624,0.1305224165305557,8.0,11.0,0.5427,0.4573,0.443,0.5567,0.4832,0.5158,Las Vegas Raiders,Arizona Cardinals,Arizona Cardinals,Arizona Cardinals,Arizona Cardinals,Same,Same,Same,False,False,0.0103930157640843,0.1305237715158351
2026_17_DET_CHI,2026,19,2027-01-03,16:25,Detroit Lions,Chicago Bears,Home,,,,,6,9,-3,3,0,15,Soldier Field,41.8623,-87.6167,America/Chicago,False,False,17,17,Sunday,0,15,NFC North,Ford Field,42.3395,-83.045,America/Detroit,NFC North,Soldier Field,41.8623,-87.6167,America/Chicago,New York Giants,Green Bay Packers,Ford Field,Soldier Field,Green Bay Packers,Minnesota Vikings,Lambeau Field,U.S. Bank Stadium,236,0,-236,236,1.0,0.0,America/Detroit,America/Chicago,1.0,0.0,1.0,0.0,1.0,0,4.305,-1.575,4.305,-1.575,Detroit Lions,5.88,Detroit Lions,5.88,4.305,-1.575,Detroit Lions,5.88,0.0,0,No,No,No,No,Yes,1,No,3.98,0.9,3.658,1.647,4.885495,-0.357995,4.885495,-0.357995,4.588495,2.089005,4.277185,2.825315,Detroit Lions,5.24349,Detroit Lions,5.24349,4.885495,-0.357995,Detroit Lions,5.24349,Detroit Lions,3.08,Detroit Lions,2.011,3.819,1.2735,Detroit Lions,2.5455,Detroit Lions,2.49949,Detroit Lions,1.4518700000000004,4.432840000000001,2.45716,Detroit Lions,1.9756800000000003,Same,Same,Same,Same,Same,Same,False,Away Team,Away Team,49.5,-122.0,102.0,Chicago Bears,Detroit Lions,-1.5,1.5,117,-142,105,-128,2.49949,-2.49949,1.4518700000000004,-1.4518700000000004,0.495,0.5495,0.5868,0.4608,0.5614,0.4878,0.4739,0.5261,0.5601,0.4399,0.5351,0.4649,0.4739,0.5261,-0.0261,0.0261,,,253,19,2027-01-03,DET @ CHI,18.0,26.0,0.0,Historical Avg,False,J.Goff,C.Williams,4.66,6.0,14.01,196.15,High,-6.0,14.0,46.02,46.0,13.46619923157046,29.0,64.0,0.367,0.6326,0.0846,0.0876,0.3516,0.6484,0.388,0.612,0.4495,0.5504,122,-122,,,,,,,,No Bet,,No Bet,,No Bet,,No Bet,,No Bet,,No Bet,,No Bet,,No Bet,,No Bet,,,,,,,,,,,,,,,,,,,,,,,,,,,,,19,-0.0514,-0.0325,Chicago Bears,Detroit Lions,0,0,0,0,0,0,0,0,0,0,0,0,1,2.0,2.0,,,41.06899144161552,0.0,0.0020820247294905,0.0,0.0017192000915235,0.0,0.0334600951812419,0.0,0.0371457186639615,0.0098550755054562,0.0058152741116132,0.0,0.0,0.0008147289233729,0.0009044711681505,0.0009044711681505,0.0706058138452034,0.0,0.0,0.0017191994576311,8.0,11.0,0.4739,0.5261,0.5521,0.4478,0.6394,0.3604,Chicago Bears,Detroit Lions,Detroit Lions,Detroit Lions,Detroit Lions,Same,Same,Same,False,False,0.0,0.0017192000915235
2026_17_PHI_SF,2026,19,2027-01-03,20:20,Philadelphia Eagles,San Francisco 49ers,Home,,,,,10,7,3,-3,-15,0,Levi's Stadium,37.4031,-121.9702,America/Los_Angeles,False,False,17,17,Sunday,-15,0,NFC East,Lincoln Financial Field,39.9008,-75.1675,America/New_York,NFC West,Levi's Stadium,37.4031,-121.9702,America/Los_Angeles,Houston Texans,Kansas City Chiefs,Lincoln Financial Field,GEHA Field at Arrowhead Stadium,New York Giants,Arizona Cardinals,MetLife Stadium,State Farm Stadium,2501,0,-2501,2501,3.0,0.0,America/New_York,America/Chicago,3.0,2.0,3.0,0.0,3.0,0,4.905,3.325,4.905,3.325,Philadelphia Eagles,1.58,Philadelphia Eagles,1.58,4.905,3.325,Philadelphia Eagles,1.58,-0.2249999999999999,0,No,No,No,No,No,0,No,5.52,3.57,3.682,2.606,3.008,1.4405,3.008,1.4405,3.6229999999999993,1.6854999999999998,1.785,0.7214999999999998,Philadelphia Eagles,1.5675,Philadelphia Eagles,1.5675,3.008,1.4405,Philadelphia Eagles,1.5675,Philadelphia Eagles,1.95,Philadelphia Eagles,1.076,4.601,3.088,Philadelphia Eagles,1.513,Philadelphia Eagles,1.9375,Philadelphia Eagles,1.0635,2.704,1.2034999999999998,Philadelphia Eagles,1.5005,Same,Same,Same,Same,Same,Same,False,Away Team,Away Team,45.5,-125.0,105.0,San Francisco 49ers,Philadelphia Eagles,-1.5,1.5,108,-131,101,-122,1.9375,-1.9375,1.0635,-1.0635,0.4878,0.5556,0.5671,0.4808,0.5495,0.4975,0.4675,0.5325,0.5412,0.4588,0.5248,0.4752,0.4675,0.5325,-0.0325,0.0325,,,254,19,2027-01-03,PHI @ SF,8.0,55.0,0.0,Historical Avg,False,J.Hurts,B.Purdy,1.3,2.0,13.49,182.07,Med-High,-8.0,10.0,53.15,53.0,13.504068682222956,36.0,71.0,0.4676,0.5316,0.0986,0.0906,0.4474,0.5526,0.7036,0.2964,0.4835,0.5163,107,-107,,,,,,,,No Bet,,No Bet,,No Bet,,No Bet,,No Bet,,No Bet,,No Bet,,No Bet,,No Bet,,,,,,,,,,,,,,,,,,,,,,,,,,,,,19,0.0824,0.2721,San Francisco 49ers,Philadelphia Eagles,0,0,0,0,0,0,0,0,0,0,0,0,0,3.0,4.5,,,41.06899144161552,0.1947965122999073,0.0,0.0051058615068637,0.0,0.111661300195874,0.0,0.0980312823315889,0.0,0.0108609287087546,0.0056337899805573,0.0027188712524049,0.0023869902544588,0.0,0.0,0.0023869902544588,0.0,0.2096925825274629,0.0051055300975817,0.0,8.0,11.0,0.4675,0.5325,0.5146,0.4851,0.525,0.4738,San Francisco 49ers,Philadelphia Eagles,Philadelphia Eagles,Philadelphia Eagles,Philadelphia Eagles,Same,Same,Same,False,False,0.0051058615068637,0.0
2026_17_HOU_GB,2026,19,2027-01-04,20:15,Houston Texans,Green Bay Packers,Home,,,,,11,10,1,-1,9,-1,Lambeau Field,44.5013,-88.0622,America/Chicago,False,True,17,17,Monday,9,-1,AFC South,NRG Stadium,29.6847,-95.4093,America/Chicago,NFC North,Lambeau Field,44.5013,-88.0622,America/Chicago,Philadelphia Eagles,Chicago Bears,Lincoln Financial Field,Soldier Field,Tennessee Titans,Detroit Lions,NRG Stadium,Lambeau Field,1099,0,-1099,1099,0.0,0.0,America/New_York,America/Chicago,1.0,0.0,0.0,0.0,0.0,0,0.035,3.535,0.035,3.535,Green Bay Packers,3.5,Green Bay Packers,3.5,0.035,3.535,Green Bay Packers,3.5,0.0,0,No,No,No,No,No,0,No,2.96,5.09,5.008,2.933,0.8035000000000001,3.6995,0.8035000000000001,3.6995,3.7285,5.2545,5.7765,3.0975,Green Bay Packers,2.896,Green Bay Packers,2.896,0.8035000000000001,3.6995,Green Bay Packers,2.896,Green Bay Packers,2.13,Houston Texans,2.075,3.984,4.0115,Green Bay Packers,0.0274999999999998,Green Bay Packers,1.5259999999999998,Houston Texans,2.6790000000000007,4.7525,4.176,Houston Texans,0.5765000000000002,Same,Different,Same,Different,Same,Same,False,Home Team,Away Team,42.5,-135.0,114.0,Green Bay Packers,Houston Texans,-2.5,2.5,-128,105,117,-142,-1.5259999999999998,1.5259999999999998,2.6790000000000007,-2.6790000000000007,0.4673,0.5745,0.4878,0.5614,0.5868,0.4608,0.4486,0.5514,0.4649,0.5351,0.5601,0.4399,0.4486,0.5514,-0.0514,0.0514,,,255,19,2027-01-04,HOU @ GB,15.0,20.0,0.0,Historical Avg,False,C.Stroud,J.Love,-3.9,-5.0,12.88,165.89,Med-Low,-13.0,5.0,46.79,46.0,13.65029303201847,30.0,65.0,0.6322,0.3668,0.0946,0.0988,0.5928,0.4072,0.616,0.384,0.5396,0.4601,-117,117,,,,,,,,No Bet,,No Bet,,No Bet,,No Bet,,No Bet,,No Bet,,No Bet,,No Bet,,No Bet,,,,,,,,,,,,,,,,,,,,,,,,,,,,,19,0.2173,0.0514,Green Bay Packers,Houston Texans,0,0,0,0,0,0,0,0,0,0,0,0,0,4.0,3.0,,,41.06899144161552,0.0,0.4233520744894636,0.0,0.000259770361207,0.0,0.0047858921241006,0.0,0.0058826146170956,0.0302662132356716,0.0046207929045448,0.0,0.0,0.0001165329840374,0.0001432373771695,0.0001432373771695,0.0106685067411963,0.0,0.0,0.0002590311749783,8.0,11.0,0.4486,0.5514,0.4633,0.5363,0.3796,0.6188,Green Bay Packers,Green Bay Packers,Green Bay Packers,Green Bay Packers,Green Bay Packers,Same,Same,Same,False,False,0.0,0.000259770361207
2026_18_SF_ARI,2026,20,2027-01-10,13:00,San Francisco 49ers,Arizona Cardinals,Home,,,,,7,7,0,0,0,1,State Farm Stadium,33.5277,-112.262608,America/Denver,False,False,18,18,Sunday,0,1,NFC West,Levi's Stadium,37.4031,-121.9702,America/Los_Angeles,NFC West,State Farm Stadium,33.5277,-112.262608,America/Denver,Philadelphia Eagles,Las Vegas Raiders,Levi's Stadium,State Farm Stadium,Playoffs?,Playoffs?,Playoffs?,Playoffs?,608,0,-608,608,-1.0,0.0,America/Los_Angeles,America/Denver,-1.0,0.0,-1.0,0.0,-1.0,0,3.325,0.075,3.325,0.075,San Francisco 49ers,3.25,San Francisco 49ers,3.25,3.325,0.075,San Francisco 49ers,3.25,0.0,0,No,No,No,No,No,1,No,3.57,-4.4,2.606,-3.837,4.85248,-0.73548,4.85248,-0.73548,5.05028,-5.16328,4.1015500000000005,-4.615550000000001,San Francisco 49ers,5.58796,San Francisco 49ers,5.58796,4.85248,-0.73548,San Francisco 49ers,5.58796,San Francisco 49ers,7.970000000000001,San Francisco 49ers,6.443,3.088,-4.1185,San Francisco 49ers,7.2065,San Francisco 49ers,10.21356,San Francisco 49ers,8.717100000000002,4.575915,-4.8894150000000005,San Francisco 49ers,9.465330000000002,Same,Same,Same,Same,Same,Same,False,Away Team,Away Team,44.5,320.0,-417.0,San Francisco 49ers,Arizona Cardinals,8.5,-8.5,356,-483,302,-397,10.21356,-10.21356,8.717100000000002,-8.717100000000002,0.8066,0.2381,0.8285,0.2193,0.7988,0.2488,0.7721,0.2279,0.7907,0.2093,0.7625,0.2375,0.7721,0.2279,0.2721,-0.2721,,,256,20,2027-01-10,SF @ ARI,0.0,70.0,0.0,Dome,True,B.Purdy,J.Brissett,10.51,10.0,12.16,147.8,Low,3.0,19.0,55.65,55.0,13.51856806383351,39.0,73.0,0.1936,0.8058,0.0688,0.0758,0.423,0.577,0.7854,0.2146,0.2171,0.7828,361,-360,,,,,,,,No Bet,,No Bet,,No Bet,,No Bet,,No Bet,,No Bet,,No Bet,,No Bet,,No Bet,,,,,,,,,,,,,,,,,,,,,,,,,,,,,20,0.0,0.0,San Francisco 49ers,Arizona Cardinals,0,0,0,0,0,0,0,0,0,0,0,0,1,0.0,0.0,,,23.75330985979651,0.9883613524107004,0.1900956389961466,0.0,0.1900956389961466,0.0,3.4863408156687967,0.0,1.0290598004026923,0.0022195270719938,0.1122614018118984,0.0,0.0,0.1467728428689248,0.0433227961272218,0.0433227961272218,4.515400616071489,0.0,0.0,0.1900956389961466,4.0,4.0,0.7721,0.2279,0.7833,0.2165,0.808,0.1912,San Francisco 49ers,San Francisco 49ers,San Francisco 49ers,San Francisco 49ers,San Francisco 49ers,Same,Same,Same,False,False,0.0,0.1900956389961466
2026_18_PIT_BAL,2026,20,2027-01-10,13:00,Pittsburgh Steelers,Baltimore Ravens,Home,,,,,7,10,-3,3,-6,-3,M&T Bank Stadium,39.2789,-76.6228,America/New_York,False,True,18,18,Sunday,-6,-3,AFC North,Acrisure Stadium,40.4468,-80.0158,America/New_York,AFC North,M&T Bank Stadium,39.2789,-76.6228,America/New_York,Tennessee Titans,Cincinnati Bengals,Nissan Stadium,Paycor Stadium,Playoffs?,Playoffs?,Playoffs?,Playoffs?,197,0,-197,197,0.0,0.0,America/Chicago,America/New_York,-1.0,0.0,0.0,0.0,0.0,0,-0.565,6.69,-0.565,6.69,Baltimore Ravens,7.255000000000001,Baltimore Ravens,7.255000000000001,-0.565,6.69,Baltimore Ravens,7.255000000000001,0.0,0,No,No,No,No,No,1,No,0.59,5.1,0.538,2.881,-2.206645,6.844144999999999,-2.206645,6.844144999999999,-1.079095,5.281594999999999,-1.1527650000000005,3.084265,Baltimore Ravens,9.05079,Baltimore Ravens,9.05079,-2.206645,6.844144999999999,Baltimore Ravens,9.05079,Baltimore Ravens,4.51,Baltimore Ravens,2.343,0.5640000000000001,3.9905,Baltimore Ravens,3.4265,Baltimore Ravens,6.36069,Baltimore Ravens,4.23703,-1.11593,4.18293,Baltimore Ravens,5.29886,Same,Same,Same,Same,Same,Same,False,Home Team,Home Team,43.5,-233.0,190.0,Baltimore Ravens,Pittsburgh Steelers,-5.5,5.5,-282,224,-211,171,-6.36069,6.36069,-4.23703,4.23703,0.3448,0.6997,0.3086,0.7382,0.369,0.6785,0.3301,0.6699,0.2948,0.7052,0.3523,0.6477,0.3301,0.6699,-0.1699,0.1699,,,257,20,2027-01-10,PIT @ BAL,12.0,35.0,0.0,Historical Avg,False,A.Rodgers,L.Jackson,-5.79,-7.0,13.4,179.53,Medium,-15.0,4.0,50.34,50.0,13.391110742928904,33.0,68.0,0.6706,0.329,0.0784,0.0846,0.541,0.459,0.6772,0.3228,0.6734,0.3266,-206,206,,,,,,,,No Bet,,No Bet,,No Bet,,No Bet,,No Bet,,No Bet,,No Bet,,No Bet,,No Bet,,,,,,,,,,,,,,,,,,,,,,,,,,,,,20,0.0,0.0,Baltimore Ravens,Pittsburgh Steelers,0,0,0,0,0,0,0,0,0,0,0,0,1,0.0,0.0,,,23.75330985979651,0.089802997217506,0.5531470868000445,0.0431548943706338,9.967250382890814e-07,0.6866954500703489,7.81528871610232e-06,0.338376127882105,1.586022996339577e-05,0.0466654055560558,0.0044803852674128,0.0289094637388876,0.0142454306317462,3.2901893513922577e-07,6.677061031498557e-07,0.0142460983378493,2.367551867949809e-05,1.025071577952454,0.0431548943706338,9.967250382890814e-07,4.0,4.0,0.3301,0.6699,0.328,0.6717,0.335,0.664,Baltimore Ravens,Baltimore Ravens,Baltimore Ravens,Baltimore Ravens,Baltimore Ravens,Same,Same,Same,False,False,0.0431548943706338,9.967250382890814e-07
2026_18_NYJ_BUF,2026,20,2027-01-10,13:00,New York Jets,Buffalo Bills,Home,,,,,7,7,0,0,-9,14,Highmark Stadium,42.7725,-78.7877,America/New_York,False,False,18,18,Sunday,-9,14,AFC East,MetLife Stadium,40.8136,-74.0744,America/New_York,AFC East,Highmark Stadium,42.7725,-78.7877,America/New_York,Minnesota Vikings,Miami Dolphins,MetLife Stadium,Hard Rock Stadium,Playoffs?,Playoffs?,Playoffs?,Playoffs?,278,0,-278,278,0.0,0.0,America/New_York,America/New_York,0.0,0.0,0.0,0.0,0.0,0,-3.725,4.795,-3.725,4.795,Buffalo Bills,8.52,Buffalo Bills,8.52,-3.725,4.795,Buffalo Bills,8.52,0.0,0,No,No,No,No,No,1,No,-9.26,6.16,-6.95,3.416,-4.9654050000000005,4.990905000000001,-4.9654050000000005,4.990905000000001,-10.431404999999998,6.286905000000001,-8.171945,3.593445,Buffalo Bills,9.956310000000002,Buffalo Bills,9.956310000000002,-4.9654050000000005,4.990905000000001,Buffalo Bills,9.956310000000002,Buffalo Bills,15.42,Buffalo Bills,10.366,-8.105,4.788,Buffalo Bills,12.893,Buffalo Bills,16.71831,Buffalo Bills,11.76539,-9.301675,4.940175,Buffalo Bills,14.24185,Same,Same,Same,Same,Same,Same,False,Home Team,Home Team,43.5,-476.0,370.0,Buffalo Bills,New York Jets,-10.0,10.0,-1267,728,-660,458,-16.71831,16.71831,-11.76539,11.76539,0.2128,0.8264,0.1208,0.9268,0.1792,0.8684,0.2047,0.7953,0.1153,0.8847,0.1711,0.8289,0.2047,0.7953,-0.2953,0.2953,,,258,20,2027-01-10,NYJ @ BUF,20.0,25.0,0.0,Historical Avg,False,G.Smith,J.Allen,-14.77,-15.0,13.27,176.15,Medium,-23.0,-7.0,42.17,42.0,12.525746998385904,26.0,59.0,0.8686,0.1312,0.0528,0.0538,0.6334,0.3236,0.4408,0.5592,0.8444,0.1556,-543,543,,,,,,,,No Bet,,No Bet,,No Bet,,No Bet,,No Bet,,No Bet,,No Bet,,No Bet,,No Bet,,,,,,,,,,,,,,,,,,,,,,,,,,,,,20,0.0,0.0,Buffalo Bills,New York Jets,0,0,0,0,0,0,0,0,0,0,0,0,1,0.0,0.0,,,23.75330985979651,0.0057386309387309,0.9308729310645084,0.0057386309387309,3.5209173539504166e-05,0.1084085191363165,0.0001711976535204,0.0279029597223739,0.0006651367554706,0.0815312449551,0.0045308305609698,0.0045639331855727,0.0011746977531582,7.207317823536503e-06,2.8001855715967664e-05,0.0012026996088741,0.0008363344089911,0.1363114788586905,0.0057386309387309,3.5209173539504166e-05,4.0,4.0,0.2083,0.7917,0.1568,0.8429,0.1326,0.8662,Buffalo Bills,Buffalo Bills,Buffalo Bills,Buffalo Bills,Buffalo Bills,Same,Same,Same,False,False,0.0057386309387309,3.5209173539504166e-05
2026_18_ATL_CAR,2026,20,2027-01-10,13:00,Atlanta Falcons,Carolina Panthers,Home,,,,,7,7,0,0,7,8,Bank of America Stadium,35.2258,-80.8528,America/New_York,False,False,18,18,Sunday,7,8,NFC South,Mercedes-Benz Stadium,33.7489,-84.388,America/New_York,NFC South,Bank of America Stadium,35.2258,-80.8528,America/New_York,New Orleans Saints,Seattle Seahawks,Mercedes-Benz Stadium,Bank of America Stadium,Playoffs?,Playoffs?,Playoffs?,Playoffs?,226,0,-226,226,0.0,0.0,America/New_York,America/New_York,0.0,0.0,0.0,0.0,0.0,0,-0.71,-5.25,-0.71,-5.25,Atlanta Falcons,4.54,Atlanta Falcons,4.54,-0.71,-5.25,Atlanta Falcons,4.54,0.0,0,No,No,No,No,No,1,No,-0.79,-3.79,-0.101,-4.367,0.266125,-6.385625,0.266125,-6.385625,0.2015249999999999,-4.941025,0.8778649999999999,-5.505365,Atlanta Falcons,6.65175,Atlanta Falcons,6.65175,0.266125,-6.385625,Atlanta Falcons,6.65175,Atlanta Falcons,3.0,Atlanta Falcons,4.266,-0.4455,-4.0785,Atlanta Falcons,3.633,Atlanta Falcons,5.14255,Atlanta Falcons,6.38323,0.5396949999999999,-5.2231950000000005,Atlanta Falcons,5.7628900000000005,Same,Same,Same,Same,Same,Same,False,Away Team,Away Team,41.5,-135.0,114.0,Carolina Panthers,Atlanta Falcons,-2.5,2.5,188,-234,224,-282,5.14255,-5.14255,6.38323,-6.38323,0.4673,0.5745,0.7006,0.3472,0.7382,0.3086,0.4486,0.5514,0.6686,0.3314,0.7052,0.2948,0.4486,0.5514,-0.0514,0.0514,,,259,20,2027-01-10,ATL @ CAR,8.0,45.0,0.0,Historical Avg,False,M.Penix,B.Young,10.78,11.0,13.34,177.98,Medium,3.0,20.0,46.96,47.0,12.920161429110353,30.0,64.0,0.2092,0.7902,0.0682,0.0744,0.1808,0.8192,0.6456,0.3544,0.3467,0.6532,188,-188,,,,,,,,No Bet,,No Bet,,No Bet,,No Bet,,No Bet,,No Bet,,No Bet,,No Bet,,No Bet,,,,,,,,,,,,,,,,,,,,,,,,,,,,,20,0.0,0.0,Carolina Panthers,Atlanta Falcons,0,0,0,0,0,0,0,0,0,0,0,0,1,0.0,0.0,,,23.75330985979651,0.9419079895548728,0.8440597595824653,0.1095049109346022,0.0013324648556029,1.4342487900423024,0.0141983921357619,1.1668552905567229,0.0174520584566633,0.0428989518775729,0.005921970454858,0.0603810078893396,0.0491239030452625,0.0005977437342234,0.0007347211213794,0.049858624166642,0.0316504505924253,2.601104080599025,0.1095049109346022,0.0013324648556029,4.0,4.0,0.4486,0.5514,0.655,0.3449,0.7978,0.202,Carolina Panthers,Atlanta Falcons,Atlanta Falcons,Atlanta Falcons,Atlanta Falcons,Same,Same,Same,False,False,0.1095049109346022,0.0013324648556029
2026_18_CLE_CIN,2026,20,2027-01-10,13:00,Cleveland Browns,Cincinnati Bengals,Home,,,,,7,10,-3,3,0,-4,Paycor Stadium,39.0955,-84.5165,America/New_York,False,False,18,18,Sunday,0,-4,AFC North,FirstEnergy Stadium,41.5061,-81.6994,America/New_York,AFC North,Paycor Stadium,39.0955,-84.5165,America/New_York,Indianapolis Colts,Baltimore Ravens,FirstEnergy Stadium,Paycor Stadium,Playoffs?,Playoffs?,Playoffs?,Playoffs?,223,0,-223,223,0.0,0.0,America/New_York,America/New_York,0.0,0.0,0.0,0.0,0.0,0,-4.705,1.31,-4.705,1.31,Cincinnati Bengals,6.015000000000001,Cincinnati Bengals,6.015000000000001,-4.705,1.31,Cincinnati Bengals,6.015000000000001,0.0,0,No,No,No,No,No,1,No,-6.94,-0.04,-7.475,-0.609,-4.99353,2.8435300000000003,-4.99353,2.8435300000000003,-7.21968,1.48468,-7.75502,0.91602,Cincinnati Bengals,7.83706,Cincinnati Bengals,7.83706,-4.99353,2.8435300000000003,Cincinnati Bengals,7.83706,Cincinnati Bengals,6.9,Cincinnati Bengals,6.866,-7.2075,-0.3245,Cincinnati Bengals,6.882999999999999,Cincinnati Bengals,8.704360000000001,Cincinnati Bengals,8.67104,-7.48735,1.20035,Cincinnati Bengals,8.6877,Same,Same,Same,Same,Same,Same,False,Home Team,Home Team,43.5,-357.0,285.0,Cincinnati Bengals,Cleveland Browns,-7.5,7.5,-397,302,-397,302,-8.704360000000001,8.704360000000001,-8.67104,8.67104,0.2597,0.7812,0.2488,0.7988,0.2488,0.7988,0.2495,0.7505,0.2375,0.7625,0.2375,0.7625,0.2495,0.7505,-0.2505,0.2505,,,260,20,2027-01-10,CLE @ CIN,12.0,34.0,0.0,Historical Avg,False,S.Sanders,J.Burrow,-12.51,-13.0,13.54,183.27,Med-High,-21.0,-4.0,44.0,43.0,12.352801726818916,29.0,60.0,0.8246,0.1752,0.065,0.0536,0.6572,0.3428,0.4932,0.5068,0.775,0.2249,-344,345,,,,,,,,No Bet,,No Bet,,No Bet,,No Bet,,No Bet,,No Bet,,No Bet,,No Bet,,No Bet,,,,,,,,,,,,,,,,,,,,,,,,,,,,,20,0.0,0.0,Cincinnati Bengals,Cleveland Browns,0,0,0,0,0,0,0,0,0,0,0,0,1,0.0,0.0,,,23.75330985979651,0.438396476374281,0.9276579555769824,0.2449763311096259,3.5209173539504166e-05,4.367158525222871,0.0002086654350433,1.451840175940182,0.0006276689739478,0.1431487812126662,0.0035310212770025,0.1838547364977742,0.0611215946118516,8.78468879810629e-06,2.642448474139788e-05,0.061148019096593,0.0008363344089911,5.818998701163053,0.2449763311096259,3.5209173539504166e-05,4.0,4.0,0.2495,0.7505,0.2248,0.7749,0.1746,0.8242,Cincinnati Bengals,Cincinnati Bengals,Cincinnati Bengals,Cincinnati Bengals,Cincinnati Bengals,Same,Same,Same,False,False,0.2449763311096259,3.5209173539504166e-05
2026_18_LAC_DEN,2026,20,2027-01-10,13:00,Los Angeles Chargers,Denver Broncos,Home,,,,,7,7,0,0,-24,3,Empower Field at Mile High,39.7648,-105.0076,America/Denver,False,False,18,18,Sunday,-24,3,AFC West,SoFi Stadium,33.9535,-118.3395,America/Los_Angeles,AFC West,Empower Field at Mile High,39.7648,-105.0076,America/Denver,Kansas City Chiefs,New England Patriots,SoFi Stadium,Gillette Stadium,Playoffs?,Playoffs?,Playoffs?,Playoffs?,837,0,-837,837,-1.0,0.0,America/Los_Angeles,America/New_York,-1.0,2.0,-1.0,0.0,-1.0,0,0.935,2.05,0.935,2.05,Denver Broncos,1.1149999999999998,Denver Broncos,1.1149999999999998,0.935,2.05,Denver Broncos,1.1149999999999998,0.0,0,No,No,No,No,No,1,No,1.12,-0.48,0.527,3.499,-0.311,1.5999999999999996,-0.311,1.5999999999999996,-0.15315,-0.90285,-0.7004300000000002,3.0304300000000004,Denver Broncos,1.911,Denver Broncos,1.911,-0.311,1.5999999999999996,Denver Broncos,1.911,Los Angeles Chargers,1.6,Denver Broncos,2.972,0.8235000000000001,1.5095,Denver Broncos,0.6859999999999999,Los Angeles Chargers,0.7496999999999999,Denver Broncos,3.7308600000000007,-0.4267900000000001,1.0637900000000002,Denver Broncos,1.4905800000000005,Different,Same,Different,Same,Same,Same,False,Away Team,Home Team,41.5,-122.0,102.0,Denver Broncos,Los Angeles Chargers,-1.5,1.5,-104,-116,-191,156,0.7496999999999999,-0.7496999999999999,-3.7308600000000007,3.7308600000000007,0.495,0.5495,0.537,0.5098,0.3906,0.6564,0.4739,0.5261,0.513,0.487,0.3731,0.6269,0.4739,0.5261,-0.0261,0.0261,,,261,20,2027-01-10,LAC @ DEN,12.0,35.0,0.0,Historical Avg,False,J.Herbert,B.Nix,-0.68,-1.0,13.36,178.47,Medium,-10.0,9.0,39.97,39.0,12.468410815081876,25.0,57.0,0.5096,0.4892,0.091,0.0902,0.489,0.511,0.4326,0.5674,0.5374,0.4623,-116,116,,,,,,,,No Bet,,No Bet,,No Bet,,No Bet,,No Bet,,No Bet,,No Bet,,No Bet,,No Bet,,,,,,,,,,,,,,,,,,,,,,,,,,,,,20,0.0,0.0,Denver Broncos,Los Angeles Chargers,0,0,0,0,0,0,0,0,0,0,0,0,1,0.0,0.0,,,23.75330985979651,4.994561430518268e-05,0.0523386364665405,4.994561430518268e-05,0.0001264152605392,0.0006241511787006,0.0014230178469928,0.0005622224740282,0.0015797630076027,0.012818946651673,0.0063066416073055,2.6276387685956607e-05,2.3669226619226077e-05,5.990819196954775e-05,6.65070685696963e-05,9.017629518892238e-05,0.0030027808545955,0.0011863736527288,4.994561430518268e-05,0.0001264152605392,4.0,4.0,0.4739,0.5261,0.454,0.5458,0.4558,0.5432,Denver Broncos,Denver Broncos,Denver Broncos,Denver Broncos,Denver Broncos,Same,Same,Same,False,False,4.994561430518268e-05,0.0001264152605392
2026_18_DET_GB,2026,20,2027-01-10,13:00,Detroit Lions,Green Bay Packers,Home,,,,,7,6,1,-1,1,-2,Lambeau Field,44.5013,-88.0622,America/Chicago,False,True,18,18,Sunday,1,-2,NFC North,Ford Field,42.3395,-83.045,America/Detroit,NFC North,Lambeau Field,44.5013,-88.0622,America/Chicago,Chicago Bears,Houston Texans,Soldier Field,Lambeau Field,Playoffs?,Playoffs?,Playoffs?,Playoffs?,292,0,-292,292,1.0,0.0,America/Chicago,America/Chicago,0.0,0.0,0.0,0.0,0.0,0,4.305,3.535,4.305,3.535,Detroit Lions,0.7699999999999996,Detroit Lions,0.7699999999999996,4.305,3.535,Detroit Lions,0.7699999999999996,0.0,0,No,No,No,No,No,1,Yes,3.98,5.09,3.658,2.933,5.247604999999999,3.640895,5.247604999999999,3.640895,4.941405,5.177095,4.601055,3.0384449999999994,Detroit Lions,1.6067099999999992,Detroit Lions,1.6067099999999992,5.247604999999999,3.640895,Detroit Lions,1.6067099999999992,Green Bay Packers,1.11,Detroit Lions,0.7250000000000001,3.819,4.0115,Green Bay Packers,0.1924999999999999,Green Bay Packers,0.2356899999999999,Detroit Lions,1.5626100000000005,4.771229999999999,4.10777,Detroit Lions,0.6634599999999997,Different,Same,Different,Same,Same,Same,False,Home Team,Away Team,47.5,-135.0,114.0,Green Bay Packers,Detroit Lions,-2.5,2.5,-110,-110,105,-128,-0.2356899999999999,0.2356899999999999,1.5626100000000005,-1.5626100000000005,0.4673,0.5745,0.5238,0.5238,0.5614,0.4878,0.4486,0.5514,0.5,0.5,0.5351,0.4649,0.4486,0.5514,-0.0514,0.0514,,,262,20,2027-01-10,DET @ GB,15.0,20.0,0.0,Historical Avg,False,J.Goff,J.Love,-3.0,-3.0,13.18,173.76,Medium,-12.0,6.0,56.72,56.0,14.664275059906863,39.0,76.0,0.6024,0.3958,0.106,0.098,0.5546,0.4454,0.7204,0.2796,0.5297,0.4699,-113,113,,,,,,,,No Bet,,No Bet,,No Bet,,No Bet,,No Bet,,No Bet,,No Bet,,No Bet,,No Bet,,,,,,,,,,,,,,,,,,,,,,,,,,,,,20,0.0,0.0,Green Bay Packers,Detroit Lions,0,0,0,0,0,0,0,0,0,0,0,0,1,0.0,0.0,,,23.75330985979651,0.0,0.0006733749295789,0.0,7.92954750124337e-05,0.0,0.0008449515528187,0.0,0.0010385784356313,0.0172820041755426,0.0073793740705398,0.0,0.0,3.557195009057776e-05,4.372352492185594e-05,4.372352492185594e-05,0.00188352998845,0.0,0.0,7.92954750124337e-05,4.0,4.0,0.4486,0.5514,0.4708,0.5288,0.3996,0.5988,Green Bay Packers,Green Bay Packers,Green Bay Packers,Green Bay Packers,Green Bay Packers,Same,Same,Same,False,False,0.0,7.92954750124337e-05
2026_18_TEN_HOU,2026,20,2027-01-10,13:00,Tennessee Titans,Houston Texans,Home,,,,,7,6,1,-1,6,8,NRG Stadium,29.6847,-95.4093,America/Chicago,False,False,18,18,Sunday,6,8,AFC South,Nissan Stadium,36.1664,-86.7716,America/Chicago,AFC South,NRG Stadium,29.6847,-95.4093,America/Chicago,Pittsburgh Steelers,Green Bay Packers,Nissan Stadium,Lambeau Field,Playoffs?,Playoffs?,Playoffs?,Playoffs?,671,0,-671,671,0.0,0.0,America/Chicago,America/Chicago,0.0,0.0,0.0,0.0,0.0,0,-4.36,0.035,-4.36,0.035,Houston Texans,4.3950000000000005,Houston Texans,4.3950000000000005,-4.36,0.035,Houston Texans,4.3950000000000005,0.0,0,No,No,No,No,No,1,Yes,-8.19,2.96,-8.36,5.008,-2.2948950000000004,0.067395,-2.2948950000000004,0.067395,-6.057345000000001,2.924845,-6.205165000000001,4.950665,Houston Texans,2.36229,Houston Texans,2.36229,-2.2948950000000004,0.067395,Houston Texans,2.36229,Houston Texans,11.15,Houston Texans,13.368,-8.274999999999999,3.984,Houston Texans,12.259,Houston Texans,8.982190000000001,Houston Texans,11.155830000000002,-6.131255000000001,3.937755,Houston Texans,10.069010000000002,Same,Same,Same,Same,Same,Same,False,Home Team,Home Team,39.5,-294.0,240.0,Houston Texans,Tennessee Titans,-7.0,7.0,-416,314,-567,406,-8.982190000000001,8.982190000000001,-11.155830000000002,11.155830000000002,0.2941,0.7462,0.2415,0.8062,0.1976,0.8501,0.2827,0.7173,0.2305,0.7695,0.1886,0.8114,0.2827,0.7173,-0.2173,0.2173,,,263,20,2027-01-10,TEN @ HOU,0.0,70.0,0.0,Dome,True,C.Ward,C.Stroud,-12.97,-13.0,12.68,160.89,Med-Low,-21.0,-5.0,44.71,44.0,12.331861129601808,29.0,61.0,0.854,0.1454,0.0618,0.0546,0.6708,0.2886,0.6578,0.3422,0.788,0.2118,-372,372,,,,,,,,No Bet,,No Bet,,No Bet,,No Bet,,No Bet,,No Bet,,No Bet,,No Bet,,No Bet,,,,,,,,,,,,,,,,,,,,,,,,,,,,,20,0.0,0.0,Houston Texans,Tennessee Titans,0,0,0,0,0,0,0,0,0,0,0,0,1,0.0,0.0,,,23.75330985979651,0.4231505913213347,0.9504378745217118,0.130866439973859,3.5209173539504166e-05,2.2297350112750656,0.0002364317374218,0.8787760876724674,0.0005999026715693,0.1134608120053637,0.0083498709862303,0.093870497393249,0.0369959425806099,9.953633359617829e-06,2.5255540179886337e-05,0.0370211981207898,0.0008363344089911,3.108511098947533,0.130866439973859,3.5209173539504166e-05,4.0,4.0,0.2827,0.7173,0.2126,0.7874,0.1484,0.8512,Houston Texans,Houston Texans,Houston Texans,Houston Texans,Houston Texans,Same,Same,Same,False,False,0.130866439973859,3.5209173539504166e-05
2026_18_JAX_IND,2026,20,2027-01-10,13:00,Jacksonville Jaguars,Indianapolis Colts,Home,,,,,7,7,0,0,-3,-6,Lucas Oil Stadium,39.7601,-86.1638,America/Indiana/Indianapolis,False,False,18,18,Sunday,-3,-6,AFC South,TIAA Bank Field,30.3239,-81.6554,America/New_York,AFC South,Lucas Oil Stadium,39.7601,-86.1638,America/Indiana/Indianapolis,Washington Commanders,Cleveland Browns,TIAA Bank Field,FirstEnergy Stadium,Playoffs?,Playoffs?,Playoffs?,Playoffs?,699,0,-699,699,0.0,0.0,America/New_York,America/New_York,0.0,0.0,0.0,0.0,0.0,0,-1.825,-2.265,-1.825,-2.265,Jacksonville Jaguars,0.4400000000000001,Jacksonville Jaguars,0.4400000000000001,-1.825,-2.265,Jacksonville Jaguars,0.4400000000000001,0.0,0,No,No,No,No,No,1,No,5.41,0.93,3.85,0.288,-1.139085,-3.205415000000001,-1.139085,-3.205415000000001,6.055515,0.029985,4.504695000000001,-0.6211949999999999,Jacksonville Jaguars,2.0663300000000007,Jacksonville Jaguars,2.0663300000000007,-1.139085,-3.205415000000001,Jacksonville Jaguars,2.0663300000000007,Jacksonville Jaguars,4.48,Jacksonville Jaguars,3.5620000000000003,4.63,0.609,Jacksonville Jaguars,4.021,Jacksonville Jaguars,6.02553,Jacksonville Jaguars,5.125890000000001,5.280105000000001,-0.2956049999999999,Jacksonville Jaguars,5.575710000000001,Same,Same,Same,Same,Same,Same,False,Away Team,Away Team,46.5,-122.0,102.0,Indianapolis Colts,Jacksonville Jaguars,-1.5,1.5,208,-261,188,-234,6.02553,-6.02553,5.125890000000001,-5.125890000000001,0.495,0.5495,0.723,0.3247,0.7006,0.3472,0.4739,0.5261,0.6901,0.3099,0.6686,0.3314,0.4739,0.5261,-0.0261,0.0261,,,264,20,2027-01-10,JAX @ IND,0.0,70.0,0.0,Dome,True,T.Lawrence,D.Jones,-0.55,-1.0,13.85,191.72,Med-High,-10.0,9.0,55.56,55.0,14.179943200091866,38.0,74.0,0.5094,0.4898,0.0854,0.0918,0.4836,0.5164,0.7328,0.2672,0.4192,0.5806,139,-138,,,,,,,,No Bet,,No Bet,,No Bet,,No Bet,,No Bet,,No Bet,,No Bet,,No Bet,,No Bet,,,,,,,,,,,,,,,,,,,,,,,,,,,,,20,0.0,0.0,Indianapolis Colts,Jacksonville Jaguars,0,0,0,0,0,0,0,0,0,0,0,0,1,0.0,0.0,,,23.75330985979651,0.5283876987984067,0.2824524554067481,0.0031874410276245,0.000119950791085,0.0398322275560503,0.001350249295432,0.0358800468329447,0.0014989790131394,0.0157400159127812,0.0067452016532164,0.0016769127246332,0.0015105283029912,5.684467989521772e-05,6.310611118985871e-05,0.0015736344141811,0.0028492283085715,0.075712274388995,0.0031874410276245,0.000119950791085,4.0,4.0,0.4675,0.5325,0.5765,0.4234,0.4798,0.5198,Indianapolis Colts,Indianapolis Colts,Jacksonville Jaguars,Indianapolis Colts,Jacksonville Jaguars,Same,Same,Same,False,False,0.0031874410276245,0.000119950791085
2026_18_LV_KC,2026,20,2027-01-10,13:00,Las Vegas Raiders,Kansas City Chiefs,Home,,,,,7,7,0,0,-13,-2,GEHA Field at Arrowhead Stadium,39.0489,-94.4839,America/Chicago,False,True,18,18,Sunday,-13,-2,AFC West,Allegiant Stadium,36.108,-115.1578,America/Los_Angeles,AFC West,GEHA Field at Arrowhead Stadium,39.0489,-94.4839,America/Chicago,Arizona Cardinals,Los Angeles Chargers,State Farm Stadium,SoFi Stadium,Playoffs?,Playoffs?,Playoffs?,Playoffs?,1147,0,-1147,1147,-2.0,0.0,America/Denver,America/Los_Angeles,-1.0,-2.0,-2.0,0.0,-2.0,0,-2.35,4.395,-2.35,4.395,Kansas City Chiefs,6.744999999999999,Kansas City Chiefs,6.744999999999999,-2.35,4.395,Kansas City Chiefs,6.744999999999999,-0.3,0,No,No,No,No,No,1,No,-8.15,-2.17,-7.588,0.625,-3.42265,2.05065,-3.42265,2.05065,-9.230300000000002,-4.5067,-8.64597,-1.73403,Kansas City Chiefs,5.4733,Kansas City Chiefs,5.4733,-3.42265,2.05065,Kansas City Chiefs,5.4733,Kansas City Chiefs,5.98,Kansas City Chiefs,8.213000000000001,-7.869,-0.7725,Kansas City Chiefs,7.0965,Kansas City Chiefs,4.723600000000002,Kansas City Chiefs,6.91194,-8.938135,-3.120365,Kansas City Chiefs,5.817770000000001,Same,Same,Same,Same,Same,Same,False,Home Team,Home Team,40.5,-385.0,300.0,Kansas City Chiefs,Las Vegas Raiders,-8.5,8.5,-224,181,-319,249,-4.723600000000002,4.723600000000002,-6.91194,6.91194,0.25,0.7938,0.3559,0.6914,0.2865,0.7613,0.2395,0.7605,0.3398,0.6602,0.2734,0.7266,0.2395,0.7605,-0.2605,0.2605,,,265,20,2027-01-10,LV @ KC,10.0,60.0,0.0,Historical Avg,False,K.Cousins,P.Mahomes,-5.21,-6.0,12.55,157.6,Low,-14.0,4.0,41.36,41.0,12.170344590745634,26.0,57.0,0.6676,0.3314,0.092,0.0822,0.413,0.587,0.5048,0.4952,0.7037,0.296,-237,238,,,,,,,,No Bet,,No Bet,,No Bet,,No Bet,,No Bet,,No Bet,,No Bet,,No Bet,,No Bet,,,,,,,,,,,,,,,,,,,,,,,,,,,,,20,0.0,0.0,Kansas City Chiefs,Las Vegas Raiders,0,0,0,0,0,0,0,0,0,0,0,0,1,0.0,0.0,,,23.75330985979651,0.0734111610528634,0.7836118325964345,0.0664324506445295,0.0,1.2000618398203662,0.0,0.3779287450847834,0.0,0.0738855148021294,0.0019696483853388,0.0505218787151647,0.0159105719293648,0.0,0.0,0.0159105719293648,0.0,1.5779905849051497,0.0664324506445295,0.0,4.0,4.0,0.2336,0.7664,0.2957,0.7039,0.336,0.6624,Kansas City Chiefs,Kansas City Chiefs,Kansas City Chiefs,Kansas City Chiefs,Kansas City Chiefs,Same,Same,Same,False,False,0.0664324506445295,0.0
2026_18_SEA_LA,2026,20,2027-01-10,13:00,Seattle Seahawks,Los Angeles Rams,Home,,,,,7,7,0,0,9,-6,SoFi Stadium,33.9535,-118.3395,America/Los_Angeles,False,True,18,18,Sunday,9,-6,NFC West,Lumen Field,47.5952,-122.3316,America/Los_Angeles,NFC West,SoFi Stadium,33.9535,-118.3395,America/Los_Angeles,Carolina Panthers,Tampa Bay Buccaneers,Bank of America Stadium,Raymond James Stadium,Playoffs?,Playoffs?,Playoffs?,Playoffs?,964,0,-964,964,0.0,0.0,America/New_York,America/New_York,3.0,3.0,0.0,0.0,0.0,0,-0.13,1.29,-0.13,1.29,Los Angeles Rams,1.42,Los Angeles Rams,1.42,-0.13,1.29,Los Angeles Rams,1.42,0.0,0,No,No,No,No,No,1,No,10.42,8.12,10.022,7.087,0.29186,0.27814,0.29186,0.27814,10.804659999999998,7.14534,10.40031,6.11869,Seattle Seahawks,0.01372,Seattle Seahawks,0.01372,0.29186,0.27814,Seattle Seahawks,0.01372,Seattle Seahawks,2.3000000000000007,Seattle Seahawks,2.9350000000000005,10.221,7.603499999999999,Seattle Seahawks,2.6175000000000006,Seattle Seahawks,3.6593199999999984,Seattle Seahawks,4.281619999999999,10.602484999999998,6.632015,Seattle Seahawks,3.970469999999998,Different,Different,Same,Same,Same,Same,False,Away Team,Away Team,44.5,-161.0,136.0,Los Angeles Rams,Seattle Seahawks,-3.0,3.0,156,-191,181,-224,3.6593199999999984,-3.6593199999999984,4.281619999999999,-4.281619999999999,0.4237,0.6169,0.6564,0.3906,0.6914,0.3559,0.4072,0.5928,0.6269,0.3731,0.6602,0.3398,0.4072,0.5928,-0.0928,0.0928,,,266,20,2027-01-10,SEA @ LA,0.0,70.0,0.0,Dome,True,S.Darnold,M.Stafford,1.33,2.0,12.89,166.08,Med-Low,-7.0,10.0,54.29,54.0,13.849349787549867,37.0,72.0,0.4646,0.534,0.103,0.0936,0.3678,0.5774,0.749,0.251,0.4426,0.5571,126,-126,,,,,,,,No Bet,,No Bet,,No Bet,,No Bet,,No Bet,,No Bet,,No Bet,,No Bet,,No Bet,,,,,,,,,,,,,,,,,,,,,,,,,,,,,20,0.0,0.0,Los Angeles Rams,Seattle Seahawks,0,0,0,0,0,0,0,0,0,0,0,0,1,0.0,0.0,,,23.75330985979651,0.0,0.0,0.0,0.0,0.0,0.0,0.0,0.0,0.0347365561496231,0.0070808261211964,0.0,0.0,0.0,0.0,0.0,0.0,0.0,0.0,0.0,4.0,4.0,0.4176,0.5824,0.5584,0.4416,0.5288,0.471,Los Angeles Rams,Seattle Seahawks,Seattle Seahawks,Seattle Seahawks,Seattle Seahawks,Same,Same,Same,False,False,0.0,0.0
2026_18_CHI_MIN,2026,20,2027-01-10,13:00,Chicago Bears,Minnesota Vikings,Home,,,,,7,7,0,0,15,4,U.S. Bank Stadium,44.9738,-93.2575,America/Chicago,False,False,18,18,Sunday,15,4,NFC North,Soldier Field,41.8623,-87.6167,America/Chicago,NFC North,U.S. Bank Stadium,44.9738,-93.2575,America/Chicago,Detroit Lions,New York Jets,Soldier Field,MetLife Stadium,Playoffs?,Playoffs?,Playoffs?,Playoffs?,355,0,-355,355,0.0,0.0,America/Chicago,America/New_York,0.0,1.0,0.0,0.0,0.0,0,-1.575,0.27,-1.575,0.27,Minnesota Vikings,1.845,Minnesota Vikings,1.845,-1.575,0.27,Minnesota Vikings,1.845,0.0,0,No,No,No,No,No,1,No,0.9,-0.75,1.647,2.721,-1.012765,-0.940735,-1.012765,-0.940735,1.427285,-1.925785,2.201525,1.5179750000000003,Minnesota Vikings,0.0720300000000001,Minnesota Vikings,0.0720300000000001,-1.012765,-0.940735,Minnesota Vikings,0.0720300000000001,Chicago Bears,1.65,Minnesota Vikings,1.074,1.2735,0.9855,Chicago Bears,0.288,Chicago Bears,3.35307,Chicago Bears,0.6835499999999999,1.814405,-0.2039049999999997,Chicago Bears,2.01831,Different,Different,Different,Different,Same,Different,False,Away Team,Away Team,43.5,-125.0,105.0,Minnesota Vikings,Chicago Bears,-1.5,1.5,156,-191,-104,-116,3.35307,-3.35307,0.6835499999999999,-0.6835499999999999,0.4878,0.5556,0.6564,0.3906,0.537,0.5098,0.4675,0.5325,0.6269,0.3731,0.513,0.487,0.4675,0.5325,-0.0325,0.0325,,,267,20,2027-01-10,CHI @ MIN,0.0,70.0,0.0,Dome,True,C.Williams,K.Murray,-6.48,-7.0,13.32,177.46,Medium,-16.0,3.0,49.03,49.0,13.323229237968755,33.0,67.0,0.6926,0.306,0.0832,0.087,0.671,0.329,0.6418,0.3582,0.5213,0.4784,-109,109,,,,,,,,No Bet,,No Bet,,No Bet,,No Bet,,No Bet,,No Bet,,No Bet,,No Bet,,No Bet,,,,,,,,,,,,,,,,,,,,,,,,,,,,,20,0.0,0.0,Minnesota Vikings,Chicago Bears,0,0,0,0,0,0,0,0,0,0,0,0,1,0.0,0.0,,,23.75330985979651,0.3048647490047447,0.0,0.0036932144660457,0.0,0.0467141309920303,0.0,0.041011936598637,0.0,0.0150426832938396,0.0068483699906046,0.0019666367031693,0.0017265777628763,0.0,0.0,0.0017265777628763,0.0,0.0877260675906674,0.0036932144660457,0.0,4.0,4.0,0.4739,0.5261,0.4782,0.5217,0.2992,0.7006,Minnesota Vikings,Minnesota Vikings,Minnesota Vikings,Minnesota Vikings,Minnesota Vikings,Same,Same,Same,False,False,0.0036932144660457,0.0
2026_18_MIA_NE,2026,20,2027-01-10,13:00,Miami Dolphins,New England Patriots,Home,,,,,7,7,0,0,-6,8,Gillette Stadium,42.0628,-71.2687,America/New_York,False,False,18,18,Sunday,-6,8,AFC East,Hard Rock Stadium,25.9602,-80.2384,America/New_York,AFC East,Gillette Stadium,42.0628,-71.2687,America/New_York,Buffalo Bills,Denver Broncos,Hard Rock Stadium,Gillette Stadium,Playoffs?,Playoffs?,Playoffs?,Playoffs?,1223,0,-1223,1223,0.0,0.0,America/New_York,America/New_York,0.0,0.0,0.0,0.0,0.0,0,0.66,-1.995,0.66,-1.995,Miami Dolphins,2.655,Miami Dolphins,2.655,0.66,-1.995,Miami Dolphins,2.655,0.0,0,No,No,No,No,No,1,No,-5.46,5.09,-3.956,4.222,-0.8026000000000001,-1.5964000000000005,-0.8026000000000001,-1.5964000000000005,-6.7905500000000005,5.35655,-5.310270000000001,4.512270000000001,Miami Dolphins,0.7938000000000002,Miami Dolphins,0.7938000000000002,-0.8026000000000001,-1.5964000000000005,Miami Dolphins,0.7938000000000002,New England Patriots,10.55,New England Patriots,8.178,-4.708,4.656000000000001,New England Patriots,9.364,New England Patriots,12.147100000000002,New England Patriots,9.822540000000002,-6.050410000000001,4.934410000000001,New England Patriots,10.984820000000004,Different,Different,Different,Different,Same,Same,False,Home Team,Home Team,42.5,-588.0,425.0,New England Patriots,Miami Dolphins,-10.5,10.5,-660,458,-483,356,-12.147100000000002,12.147100000000002,-9.822540000000002,9.822540000000002,0.1905,0.8547,0.1792,0.8684,0.2193,0.8285,0.1823,0.8177,0.1711,0.8289,0.2093,0.7907,0.1823,0.8177,-0.3177,0.3177,,,268,20,2027-01-10,MIA @ NE,15.0,30.0,0.0,Historical Avg,False,M.Willis,D.Maye,-13.33,-14.0,13.99,195.6,High,-23.0,-5.0,45.55,45.0,13.342523705347707,29.0,63.0,0.8288,0.1706,0.055,0.0604,0.588,0.412,0.5778,0.4222,0.8165,0.1833,-445,446,,,,,,,,No Bet,,No Bet,,No Bet,,No Bet,,No Bet,,No Bet,,No Bet,,No Bet,,No Bet,,,,,,,,,,,,,,,,,,,,,,,,,,,,,20,0.0,0.0,New England Patriots,Miami Dolphins,0,0,0,0,0,0,0,0,0,0,0,0,1,0.0,0.0,,,23.75330985979651,0.1915274984077812,0.93963928734144,0.1915274984077812,3.5209173539504166e-05,3.720054205770793,0.000152463762759,0.8293578105809167,0.000683870646232,0.1374713702136497,0.0016261318839241,0.1566120354480427,0.0349154629597385,6.418632336251609e-06,2.879054120325256e-05,0.0349442535009417,0.0008363344089911,4.5494120163517096,0.1915274984077812,3.5209173539504166e-05,4.0,4.0,0.1823,0.8177,0.1825,0.8174,0.1674,0.8324,New England Patriots,New England Patriots,New England Patriots,New England Patriots,New England Patriots,Same,Same,Same,False,False,0.1915274984077812,3.5209173539504166e-05
2026_18_TB_NO,2026,20,2027-01-10,13:00,Tampa Bay Buccaneers,New Orleans Saints,Home,,,,,7,7,0,0,-2,-7,Caesars Superdome,29.9507,-90.0813,America/Chicago,False,False,18,18,Sunday,-2,-7,NFC South,Raymond James Stadium,27.9759,-82.5033,America/New_York,NFC South,Caesars Superdome,29.9507,-90.0813,America/Chicago,Los Angeles Rams,Atlanta Falcons,Raymond James Stadium,Mercedes-Benz Stadium,Playoffs?,Playoffs?,Playoffs?,Playoffs?,478,0,-478,478,1.0,0.0,America/New_York,America/New_York,1.0,1.0,1.0,0.0,1.0,0,1.025,-6.145,1.025,-6.145,Tampa Bay Buccaneers,7.17,Tampa Bay Buccaneers,7.17,1.025,-6.145,Tampa Bay Buccaneers,7.17,0.0,0,No,No,No,No,No,1,No,-1.4,-4.37,-2.096,-4.865,2.763095,-7.370594999999999,2.763095,-7.370594999999999,0.380095,-5.637595,-0.3138949999999999,-6.134605,Tampa Bay Buccaneers,10.133689999999998,Tampa Bay Buccaneers,10.133689999999998,2.763095,-7.370594999999999,Tampa Bay Buccaneers,10.133689999999998,Tampa Bay Buccaneers,2.97,Tampa Bay Buccaneers,2.769,-1.748,-4.6175,Tampa Bay Buccaneers,2.8694999999999995,Tampa Bay Buccaneers,6.01769,Tampa Bay Buccaneers,5.82071,0.0331,-5.8861,Tampa Bay Buccaneers,5.9192,Same,Same,Same,Same,Same,Same,False,Away Team,Away Team,43.5,102.0,-122.0,Tampa Bay Buccaneers,New Orleans Saints,1.5,-1.5,208,-261,208,-261,6.01769,-6.01769,5.82071,-5.82071,0.5495,0.495,0.723,0.3247,0.723,0.3247,0.5261,0.4739,0.6901,0.3099,0.6901,0.3099,0.5261,0.4739,0.0261,-0.0261,,,269,20,2027-01-10,TB @ NO,0.0,70.0,0.0,Dome,True,B.Mayfield,T.Shough,4.1,5.0,13.56,183.89,Med-High,-6.0,14.0,50.07,50.0,13.69210464413405,33.0,68.0,0.3826,0.6166,0.0846,0.088,0.4032,0.5968,0.6686,0.3314,0.3691,0.6307,171,-171,,,,,,,,No Bet,,No Bet,,No Bet,,No Bet,,No Bet,,No Bet,,No Bet,,No Bet,,No Bet,,,,,,,,,,,,,,,,,,,,,,,,,,,,,20,0.0,0.0,Tampa Bay Buccaneers,New Orleans Saints,0,0,0,0,0,0,0,0,0,0,0,0,1,0.0,0.0,,,23.75330985979651,0.6858729037890547,0.6310596948823747,0.0004243588198283,0.006660437097747,0.0047768771868895,0.0832329269156487,0.0053030493522316,0.0749744992688195,0.0099729115206371,0.0195656069701338,0.0002011036447166,0.0002232551751117,0.0035040559571246,0.0031563811406223,0.003379636315734,0.1582074261844682,0.0100799265391212,0.0004243588198283,0.006660437097747,4.0,4.0,0.5261,0.4739,0.6285,0.3713,0.6078,0.3916,Tampa Bay Buccaneers,Tampa Bay Buccaneers,Tampa Bay Buccaneers,Tampa Bay Buccaneers,Tampa Bay Buccaneers,Same,Same,Same,False,False,0.0004243588198283,0.006660437097747
2026_18_PHI_NYG,2026,20,2027-01-10,13:00,Philadelphia Eagles,New York Giants,Home,,,,,7,7,0,0,-15,3,MetLife Stadium,40.8136,-74.0744,America/New_York,False,True,18,18,Sunday,-15,3,NFC East,Lincoln Financial Field,39.9008,-75.1675,America/New_York,NFC East,MetLife Stadium,40.8136,-74.0744,America/New_York,San Francisco 49ers,Dallas Cowboys,Levi's Stadium,AT&T Stadium,Playoffs?,Playoffs?,Playoffs?,Playoffs?,85,0,-85,85,0.0,0.0,America/Los_Angeles,America/Chicago,-3.0,-1.0,0.0,0.0,0.0,0,4.905,-2.84,4.905,-2.84,Philadelphia Eagles,7.745,Philadelphia Eagles,7.745,4.905,-2.84,Philadelphia Eagles,7.745,0.0,0,No,No,No,No,No,1,No,5.52,-3.53,3.682,-5.014,2.7178500000000003,-3.66685,2.7178500000000003,-3.66685,3.3198,-4.3438,1.48534,-5.83134,Philadelphia Eagles,6.3847000000000005,Philadelphia Eagles,6.3847000000000005,2.7178500000000003,-3.66685,Philadelphia Eagles,6.3847000000000005,Philadelphia Eagles,9.05,Philadelphia Eagles,8.696,4.601,-4.272,Philadelphia Eagles,8.873000000000001,Philadelphia Eagles,7.6636,Philadelphia Eagles,7.31668,2.40257,-5.08757,Philadelphia Eagles,7.490139999999999,Same,Same,Same,Same,Same,Same,False,Away Team,Away Team,41.5,130.0,-154.0,Philadelphia Eagles,New York Giants,3.0,-3.0,268,-346,268,-346,7.6636,-7.6636,7.31668,-7.31668,0.6063,0.4348,0.7758,0.2717,0.7758,0.2717,0.5824,0.4176,0.7406,0.2594,0.7406,0.2594,0.5824,0.4176,0.0824,-0.0824,,,270,20,2027-01-10,PHI @ NYG,15.0,34.0,0.0,Historical Avg,False,J.Hurts,J.Dart,9.91,10.0,13.34,178.08,Medium,2.0,19.0,44.78,44.0,12.922833432524964,29.0,61.0,0.227,0.7716,0.068,0.0766,0.259,0.7036,0.583,0.417,0.2909,0.7088,244,-243,,,,,,,,No Bet,,No Bet,,No Bet,,No Bet,,No Bet,,No Bet,,No Bet,,No Bet,,No Bet,,,,,,,,,,,,,,,,,,,,,,,,,,,,,20,0.0,0.0,Philadelphia Eagles,New York Giants,0,0,0,0,0,0,0,0,0,0,0,0,1,0.0,0.0,,,23.75330985979651,0.578323020681368,0.0,5.827977927571539e-05,0.0,0.0005780994050189,0.0,0.0008062382506777,0.0,0.0035344385508057,0.0305622200212582,2.433763582553875e-05,3.3942143450176645e-05,0.0,0.0,3.3942143450176645e-05,0.0,0.0013843376556966,5.827977927571539e-05,0.0,4.0,4.0,0.5824,0.4176,0.7093,0.2904,0.7736,0.225,Philadelphia Eagles,Philadelphia Eagles,Philadelphia Eagles,Philadelphia Eagles,Philadelphia Eagles,Same,Same,Same,False,False,5.827977927571539e-05,0.0
2026_18_DAL_WAS,2026,20,2027-01-10,13:00,Dallas Cowboys,Washington Commanders,Home,,,,,7,7,0,0,12,9,FedExField,38.9077,-76.8645,America/New_York,False,False,18,18,Sunday,12,9,NFC East,AT&T Stadium,32.7369,-97.0826,America/Chicago,NFC East,FedExField,38.9077,-76.8645,America/New_York,New York Giants,Jacksonville Jaguars,AT&T Stadium,TIAA Bank Field,Playoffs?,Playoffs?,Playoffs?,Playoffs?,1206,0,-1206,1206,-1.0,0.0,America/Chicago,America/New_York,-1.0,0.0,-1.0,0.0,-1.0,0,-0.615,1.45,-0.615,1.45,Washington Commanders,2.065,Washington Commanders,2.065,-0.615,1.45,Washington Commanders,2.065,0.0,0,No,No,No,No,No,1,No,-1.01,-5.43,-3.616,-1.427,-0.0657299999999998,1.33273,-0.0657299999999998,1.33273,-0.5255799999999998,-5.482419999999999,-3.0654900000000005,-1.5455100000000002,Washington Commanders,1.3984599999999998,Washington Commanders,1.3984599999999998,-0.0657299999999998,1.33273,Washington Commanders,1.3984599999999998,Dallas Cowboys,4.42,Washington Commanders,2.189,-2.313,-3.4285,Dallas Cowboys,1.1154999999999995,Dallas Cowboys,4.95684,Washington Commanders,1.5199800000000003,-1.795535,-3.513965,Dallas Cowboys,1.7184299999999997,Different,Same,Different,Same,Same,Same,False,Away Team,Home Team,49.5,102.0,-122.0,Dallas Cowboys,Washington Commanders,1.5,-1.5,188,-234,-128,105,4.95684,-4.95684,-1.5199800000000003,1.5199800000000003,0.5495,0.495,0.7006,0.3472,0.4878,0.5614,0.5261,0.4739,0.6686,0.3314,0.4649,0.5351,0.5261,0.4739,0.0261,-0.0261,,,271,20,2027-01-10,DAL @ WAS,12.0,38.0,0.0,Historical Avg,False,D.Prescott,J.Daniels,-1.85,-3.0,13.7,187.7,Med-High,-11.0,8.0,61.42,61.0,14.596740184191844,43.0,81.0,0.5594,0.4402,0.089,0.083,0.581,0.419,0.7958,0.2042,0.475,0.525,111,-111,,,,,,,,No Bet,,No Bet,,No Bet,,No Bet,,No Bet,,No Bet,,No Bet,,No Bet,,No Bet,,,,,,,,,,,,,,,,,,,,,,,,,,,,,20,0.0,0.0,Dallas Cowboys,Washington Commanders,0,0,0,0,0,0,0,0,0,0,0,0,1,0.0,0.0,,,23.75330985979651,0.6756784724072271,0.0252934698938227,0.0006470722714228,0.0011824957464048,0.0072838942592937,0.0147771956395888,0.0080862139054957,0.0133109922326576,0.0093334934576375,0.0130978415310377,0.0003066475494272,0.0003404247219955,0.0006221110121836,0.0005603847342212,0.0009008094562168,0.0280881878722464,0.0153701081647895,0.0006470722714228,0.0011824957464048,4.0,4.0,0.5261,0.4739,0.5288,0.471,0.4556,0.5438,Dallas Cowboys,Washington Commanders,Dallas Cowboys,Washington Commanders,Dallas Cowboys,Same,Same,Same,False,False,0.0006470722714228,0.0011824957464048
